ISO-10303-21;
HEADER;
/* Generated by software containing ST-Developer
 * from STEP Tools, Inc. (www.steptools.com) 
 */
/* OPTION: using custom renumber hook */

FILE_DESCRIPTION(
/* description */ ('STEP AP242 Edition 2',
'CAx-IF Rec.Pracs.---Representation and Presentation of Product Manufa
cturing Information (PMI)---4.0---2014-10-13',
'CAx-IF Rec.Pracs.---3D Tessellated Geometry---0.4---2014-09-14','2;1',
'CAx-IF Rec.Pracs.---User Defined Attributes---1.5---2016-08-15'),
/* implementation_level */ '2;1');

FILE_NAME(
/* name */ 'bottom+ phone attachment',
/* time_stamp */ '2026-10-02T09:27:22Z',
/* author */ (''),
/* organization */ (''),
/* preprocessor_version */ 'ST-DEVELOPER v20',
/* originating_system */ 'ONSHAPE BY PTC INC, 1.221',
/* authorisation */ '  ');

FILE_SCHEMA (('AP242_MANAGED_MODEL_BASED_3D_ENGINEERING_MIM_LF { 1 0 10303 442 3 1 4 }'));
ENDSEC;

DATA;
#10=SHAPE_REPRESENTATION_RELATIONSHIP('','',#2367,#11);
#11=ADVANCED_BREP_SHAPE_REPRESENTATION('',(#2365),#3909);
#12=TOROIDAL_SURFACE('',#2504,0.002,0.001);
#13=TOROIDAL_SURFACE('',#2510,0.002,0.001);
#14=ELLIPSE('',#2478,0.00141421356237309,0.001);
#15=ELLIPSE('',#2480,0.00141421356237309,0.001);
#16=ELLIPSE('',#2483,0.00141421356237309,0.001);
#17=ELLIPSE('',#2484,0.00141421356237309,0.001);
#18=ELLIPSE('',#2486,0.00141421356237309,0.001);
#19=ELLIPSE('',#2488,0.00141421356237309,0.001);
#20=ELLIPSE('',#2493,0.00141421356237309,0.001);
#21=ELLIPSE('',#2494,0.00141421356237309,0.001);
#22=ELLIPSE('',#2496,0.00141421356237309,0.001);
#23=ELLIPSE('',#2498,0.00141421356237309,0.001);
#24=ELLIPSE('',#2538,0.00282842712474619,0.002);
#25=ELLIPSE('',#2539,0.00282842712474619,0.002);
#26=ELLIPSE('',#2541,0.00282842712474619,0.002);
#27=ELLIPSE('',#2542,0.00282842712474619,0.002);
#28=ELLIPSE('',#2544,0.00282842712474619,0.002);
#29=ELLIPSE('',#2545,0.00282842712474619,0.002);
#30=ELLIPSE('',#2547,0.00282842712474619,0.002);
#31=ELLIPSE('',#2549,0.00282842712474619,0.002);
#32=ELLIPSE('',#2551,0.00282842712474619,0.002);
#33=ELLIPSE('',#2552,0.00282842712474619,0.002);
#34=ELLIPSE('',#2554,0.00282842712474619,0.002);
#35=ELLIPSE('',#2556,0.00282842712474619,0.002);
#36=CYLINDRICAL_SURFACE('',#2469,0.001);
#37=CYLINDRICAL_SURFACE('',#2470,0.001);
#38=CYLINDRICAL_SURFACE('',#2471,0.001);
#39=CYLINDRICAL_SURFACE('',#2472,0.001);
#40=CYLINDRICAL_SURFACE('',#2473,0.001);
#41=CYLINDRICAL_SURFACE('',#2474,0.001);
#42=CYLINDRICAL_SURFACE('',#2475,0.001);
#43=CYLINDRICAL_SURFACE('',#2476,0.001);
#44=CYLINDRICAL_SURFACE('',#2477,0.001);
#45=CYLINDRICAL_SURFACE('',#2479,0.001);
#46=CYLINDRICAL_SURFACE('',#2481,0.001);
#47=CYLINDRICAL_SURFACE('',#2482,0.001);
#48=CYLINDRICAL_SURFACE('',#2485,0.001);
#49=CYLINDRICAL_SURFACE('',#2487,0.001);
#50=CYLINDRICAL_SURFACE('',#2489,0.001);
#51=CYLINDRICAL_SURFACE('',#2490,0.001);
#52=CYLINDRICAL_SURFACE('',#2491,0.001);
#53=CYLINDRICAL_SURFACE('',#2492,0.001);
#54=CYLINDRICAL_SURFACE('',#2495,0.001);
#55=CYLINDRICAL_SURFACE('',#2497,0.001);
#56=CYLINDRICAL_SURFACE('',#2499,0.001);
#57=CYLINDRICAL_SURFACE('',#2500,0.001);
#58=CYLINDRICAL_SURFACE('',#2501,0.001);
#59=CYLINDRICAL_SURFACE('',#2502,0.001);
#60=CYLINDRICAL_SURFACE('',#2506,0.001);
#61=CYLINDRICAL_SURFACE('',#2508,0.001);
#62=CYLINDRICAL_SURFACE('',#2511,0.001);
#63=CYLINDRICAL_SURFACE('',#2512,0.001);
#64=CYLINDRICAL_SURFACE('',#2535,0.0005);
#65=CYLINDRICAL_SURFACE('',#2536,0.0005);
#66=CYLINDRICAL_SURFACE('',#2543,0.002);
#67=CYLINDRICAL_SURFACE('',#2546,0.002);
#68=CYLINDRICAL_SURFACE('',#2548,0.002);
#69=CYLINDRICAL_SURFACE('',#2550,0.002);
#70=CYLINDRICAL_SURFACE('',#2553,0.002);
#71=CYLINDRICAL_SURFACE('',#2555,0.002);
#72=CYLINDRICAL_SURFACE('',#2557,0.002);
#73=CYLINDRICAL_SURFACE('',#2558,0.002);
#74=CYLINDRICAL_SURFACE('',#2559,0.002);
#75=CYLINDRICAL_SURFACE('',#2560,0.002);
#76=B_SPLINE_CURVE_WITH_KNOTS('',3,(#3699,#3700,#3701,#3702,#3703),
 .UNSPECIFIED.,.F.,.F.,(4,1,4),(0.,0.00102374211662993,0.00204748423325987),
 .UNSPECIFIED.);
#77=B_SPLINE_CURVE_WITH_KNOTS('',3,(#3715,#3716,#3717,#3718,#3719),
 .UNSPECIFIED.,.F.,.F.,(4,1,4),(0.,0.00102374211662993,0.00204748423325987),
 .UNSPECIFIED.);
#78=CIRCLE('',#2372,0.001);
#79=CIRCLE('',#2374,0.001);
#80=CIRCLE('',#2376,0.001);
#81=CIRCLE('',#2378,0.001);
#82=CIRCLE('',#2380,0.001);
#83=CIRCLE('',#2383,0.001);
#84=CIRCLE('',#2385,0.001);
#85=CIRCLE('',#2387,0.001);
#86=CIRCLE('',#2389,0.001);
#87=CIRCLE('',#2390,0.001);
#88=CIRCLE('',#2391,0.002);
#89=CIRCLE('',#2392,0.002);
#90=CIRCLE('',#2393,0.001);
#91=CIRCLE('',#2394,0.001);
#92=CIRCLE('',#2396,0.001);
#93=CIRCLE('',#2397,0.001);
#94=CIRCLE('',#2398,0.001);
#95=CIRCLE('',#2400,0.001);
#96=CIRCLE('',#2401,0.001);
#97=CIRCLE('',#2402,0.001);
#98=CIRCLE('',#2421,0.001);
#99=CIRCLE('',#2422,0.001);
#100=CIRCLE('',#2423,0.001);
#101=CIRCLE('',#2424,0.001);
#102=CIRCLE('',#2426,0.001);
#103=CIRCLE('',#2427,0.001);
#104=CIRCLE('',#2428,0.001);
#105=CIRCLE('',#2430,0.001);
#106=CIRCLE('',#2431,0.001);
#107=CIRCLE('',#2432,0.001);
#108=CIRCLE('',#2445,0.001);
#109=CIRCLE('',#2448,0.001);
#110=CIRCLE('',#2464,0.001);
#111=CIRCLE('',#2465,0.001);
#112=CIRCLE('',#2503,0.001);
#113=CIRCLE('',#2505,0.001);
#114=CIRCLE('',#2507,0.001);
#115=CIRCLE('',#2509,0.001);
#116=CIRCLE('',#2516,0.002);
#117=CIRCLE('',#2517,0.0005);
#118=CIRCLE('',#2518,0.0005);
#119=CIRCLE('',#2519,0.002);
#120=CIRCLE('',#2522,0.002);
#121=CIRCLE('',#2523,0.0005);
#122=CIRCLE('',#2524,0.0005);
#123=CIRCLE('',#2525,0.002);
#124=ORIENTED_EDGE('',*,*,#804,.F.);
#125=ORIENTED_EDGE('',*,*,#805,.T.);
#126=ORIENTED_EDGE('',*,*,#806,.T.);
#127=ORIENTED_EDGE('',*,*,#807,.F.);
#128=ORIENTED_EDGE('',*,*,#808,.T.);
#129=ORIENTED_EDGE('',*,*,#809,.T.);
#130=ORIENTED_EDGE('',*,*,#810,.F.);
#131=ORIENTED_EDGE('',*,*,#811,.T.);
#132=ORIENTED_EDGE('',*,*,#812,.T.);
#133=ORIENTED_EDGE('',*,*,#813,.T.);
#134=ORIENTED_EDGE('',*,*,#814,.T.);
#135=ORIENTED_EDGE('',*,*,#815,.F.);
#136=ORIENTED_EDGE('',*,*,#816,.T.);
#137=ORIENTED_EDGE('',*,*,#817,.T.);
#138=ORIENTED_EDGE('',*,*,#818,.T.);
#139=ORIENTED_EDGE('',*,*,#819,.T.);
#140=ORIENTED_EDGE('',*,*,#820,.F.);
#141=ORIENTED_EDGE('',*,*,#821,.F.);
#142=ORIENTED_EDGE('',*,*,#822,.T.);
#143=ORIENTED_EDGE('',*,*,#823,.T.);
#144=ORIENTED_EDGE('',*,*,#824,.T.);
#145=ORIENTED_EDGE('',*,*,#825,.F.);
#146=ORIENTED_EDGE('',*,*,#826,.T.);
#147=ORIENTED_EDGE('',*,*,#827,.T.);
#148=ORIENTED_EDGE('',*,*,#828,.T.);
#149=ORIENTED_EDGE('',*,*,#829,.T.);
#150=ORIENTED_EDGE('',*,*,#830,.F.);
#151=ORIENTED_EDGE('',*,*,#831,.F.);
#152=ORIENTED_EDGE('',*,*,#832,.T.);
#153=ORIENTED_EDGE('',*,*,#833,.T.);
#154=ORIENTED_EDGE('',*,*,#834,.F.);
#155=ORIENTED_EDGE('',*,*,#835,.T.);
#156=ORIENTED_EDGE('',*,*,#836,.T.);
#157=ORIENTED_EDGE('',*,*,#837,.F.);
#158=ORIENTED_EDGE('',*,*,#838,.T.);
#159=ORIENTED_EDGE('',*,*,#839,.F.);
#160=ORIENTED_EDGE('',*,*,#840,.F.);
#161=ORIENTED_EDGE('',*,*,#841,.T.);
#162=ORIENTED_EDGE('',*,*,#842,.F.);
#163=ORIENTED_EDGE('',*,*,#843,.F.);
#164=ORIENTED_EDGE('',*,*,#844,.T.);
#165=ORIENTED_EDGE('',*,*,#831,.T.);
#166=ORIENTED_EDGE('',*,*,#845,.T.);
#167=ORIENTED_EDGE('',*,*,#846,.T.);
#168=ORIENTED_EDGE('',*,*,#847,.F.);
#169=ORIENTED_EDGE('',*,*,#816,.F.);
#170=ORIENTED_EDGE('',*,*,#848,.T.);
#171=ORIENTED_EDGE('',*,*,#835,.F.);
#172=ORIENTED_EDGE('',*,*,#849,.T.);
#173=ORIENTED_EDGE('',*,*,#850,.T.);
#174=ORIENTED_EDGE('',*,*,#851,.F.);
#175=ORIENTED_EDGE('',*,*,#826,.F.);
#176=ORIENTED_EDGE('',*,*,#852,.F.);
#177=ORIENTED_EDGE('',*,*,#853,.F.);
#178=ORIENTED_EDGE('',*,*,#854,.F.);
#179=ORIENTED_EDGE('',*,*,#821,.T.);
#180=ORIENTED_EDGE('',*,*,#855,.F.);
#181=ORIENTED_EDGE('',*,*,#856,.T.);
#182=ORIENTED_EDGE('',*,*,#857,.F.);
#183=ORIENTED_EDGE('',*,*,#858,.F.);
#184=ORIENTED_EDGE('',*,*,#859,.T.);
#185=ORIENTED_EDGE('',*,*,#860,.T.);
#186=ORIENTED_EDGE('',*,*,#861,.T.);
#187=ORIENTED_EDGE('',*,*,#862,.F.);
#188=ORIENTED_EDGE('',*,*,#863,.T.);
#189=ORIENTED_EDGE('',*,*,#864,.F.);
#190=ORIENTED_EDGE('',*,*,#865,.T.);
#191=ORIENTED_EDGE('',*,*,#866,.F.);
#192=ORIENTED_EDGE('',*,*,#867,.F.);
#193=ORIENTED_EDGE('',*,*,#868,.T.);
#194=ORIENTED_EDGE('',*,*,#869,.T.);
#195=ORIENTED_EDGE('',*,*,#870,.F.);
#196=ORIENTED_EDGE('',*,*,#856,.F.);
#197=ORIENTED_EDGE('',*,*,#871,.T.);
#198=ORIENTED_EDGE('',*,*,#872,.F.);
#199=ORIENTED_EDGE('',*,*,#873,.T.);
#200=ORIENTED_EDGE('',*,*,#874,.F.);
#201=ORIENTED_EDGE('',*,*,#843,.T.);
#202=ORIENTED_EDGE('',*,*,#875,.T.);
#203=ORIENTED_EDGE('',*,*,#876,.T.);
#204=ORIENTED_EDGE('',*,*,#877,.T.);
#205=ORIENTED_EDGE('',*,*,#878,.F.);
#206=ORIENTED_EDGE('',*,*,#879,.T.);
#207=ORIENTED_EDGE('',*,*,#858,.T.);
#208=ORIENTED_EDGE('',*,*,#880,.T.);
#209=ORIENTED_EDGE('',*,*,#881,.T.);
#210=ORIENTED_EDGE('',*,*,#882,.T.);
#211=ORIENTED_EDGE('',*,*,#883,.F.);
#212=ORIENTED_EDGE('',*,*,#884,.F.);
#213=ORIENTED_EDGE('',*,*,#885,.T.);
#214=ORIENTED_EDGE('',*,*,#886,.F.);
#215=ORIENTED_EDGE('',*,*,#887,.T.);
#216=ORIENTED_EDGE('',*,*,#860,.F.);
#217=ORIENTED_EDGE('',*,*,#888,.F.);
#218=ORIENTED_EDGE('',*,*,#889,.T.);
#219=ORIENTED_EDGE('',*,*,#890,.T.);
#220=ORIENTED_EDGE('',*,*,#891,.T.);
#221=ORIENTED_EDGE('',*,*,#892,.F.);
#222=ORIENTED_EDGE('',*,*,#841,.F.);
#223=ORIENTED_EDGE('',*,*,#893,.F.);
#224=ORIENTED_EDGE('',*,*,#894,.T.);
#225=ORIENTED_EDGE('',*,*,#895,.T.);
#226=ORIENTED_EDGE('',*,*,#896,.F.);
#227=ORIENTED_EDGE('',*,*,#897,.T.);
#228=ORIENTED_EDGE('',*,*,#898,.F.);
#229=ORIENTED_EDGE('',*,*,#899,.T.);
#230=ORIENTED_EDGE('',*,*,#900,.F.);
#231=ORIENTED_EDGE('',*,*,#901,.T.);
#232=ORIENTED_EDGE('',*,*,#811,.F.);
#233=ORIENTED_EDGE('',*,*,#902,.F.);
#234=ORIENTED_EDGE('',*,*,#864,.T.);
#235=ORIENTED_EDGE('',*,*,#903,.T.);
#236=ORIENTED_EDGE('',*,*,#904,.T.);
#237=ORIENTED_EDGE('',*,*,#905,.F.);
#238=ORIENTED_EDGE('',*,*,#906,.T.);
#239=ORIENTED_EDGE('',*,*,#907,.T.);
#240=ORIENTED_EDGE('',*,*,#908,.F.);
#241=ORIENTED_EDGE('',*,*,#909,.F.);
#242=ORIENTED_EDGE('',*,*,#910,.T.);
#243=ORIENTED_EDGE('',*,*,#911,.F.);
#244=ORIENTED_EDGE('',*,*,#912,.T.);
#245=ORIENTED_EDGE('',*,*,#913,.F.);
#246=ORIENTED_EDGE('',*,*,#914,.T.);
#247=ORIENTED_EDGE('',*,*,#862,.T.);
#248=ORIENTED_EDGE('',*,*,#915,.F.);
#249=ORIENTED_EDGE('',*,*,#916,.T.);
#250=ORIENTED_EDGE('',*,*,#917,.T.);
#251=ORIENTED_EDGE('',*,*,#918,.T.);
#252=ORIENTED_EDGE('',*,*,#919,.T.);
#253=ORIENTED_EDGE('',*,*,#920,.F.);
#254=ORIENTED_EDGE('',*,*,#921,.T.);
#255=ORIENTED_EDGE('',*,*,#922,.F.);
#256=ORIENTED_EDGE('',*,*,#923,.T.);
#257=ORIENTED_EDGE('',*,*,#924,.T.);
#258=ORIENTED_EDGE('',*,*,#925,.F.);
#259=ORIENTED_EDGE('',*,*,#926,.F.);
#260=ORIENTED_EDGE('',*,*,#927,.T.);
#261=ORIENTED_EDGE('',*,*,#928,.T.);
#262=ORIENTED_EDGE('',*,*,#905,.T.);
#263=ORIENTED_EDGE('',*,*,#929,.T.);
#264=ORIENTED_EDGE('',*,*,#922,.T.);
#265=ORIENTED_EDGE('',*,*,#930,.T.);
#266=ORIENTED_EDGE('',*,*,#880,.F.);
#267=ORIENTED_EDGE('',*,*,#931,.T.);
#268=ORIENTED_EDGE('',*,*,#900,.T.);
#269=ORIENTED_EDGE('',*,*,#932,.T.);
#270=ORIENTED_EDGE('',*,*,#933,.T.);
#271=ORIENTED_EDGE('',*,*,#934,.F.);
#272=ORIENTED_EDGE('',*,*,#935,.T.);
#273=ORIENTED_EDGE('',*,*,#865,.F.);
#274=ORIENTED_EDGE('',*,*,#912,.F.);
#275=ORIENTED_EDGE('',*,*,#936,.T.);
#276=ORIENTED_EDGE('',*,*,#911,.T.);
#277=ORIENTED_EDGE('',*,*,#937,.T.);
#278=ORIENTED_EDGE('',*,*,#938,.F.);
#279=ORIENTED_EDGE('',*,*,#936,.F.);
#280=ORIENTED_EDGE('',*,*,#939,.F.);
#281=ORIENTED_EDGE('',*,*,#940,.T.);
#282=ORIENTED_EDGE('',*,*,#909,.T.);
#283=ORIENTED_EDGE('',*,*,#941,.T.);
#284=ORIENTED_EDGE('',*,*,#942,.F.);
#285=ORIENTED_EDGE('',*,*,#941,.F.);
#286=ORIENTED_EDGE('',*,*,#908,.T.);
#287=ORIENTED_EDGE('',*,*,#943,.T.);
#288=ORIENTED_EDGE('',*,*,#907,.F.);
#289=ORIENTED_EDGE('',*,*,#944,.T.);
#290=ORIENTED_EDGE('',*,*,#945,.T.);
#291=ORIENTED_EDGE('',*,*,#943,.F.);
#292=ORIENTED_EDGE('',*,*,#946,.T.);
#293=ORIENTED_EDGE('',*,*,#947,.T.);
#294=ORIENTED_EDGE('',*,*,#948,.T.);
#295=ORIENTED_EDGE('',*,*,#949,.F.);
#296=ORIENTED_EDGE('',*,*,#929,.F.);
#297=ORIENTED_EDGE('',*,*,#904,.F.);
#298=ORIENTED_EDGE('',*,*,#950,.T.);
#299=ORIENTED_EDGE('',*,*,#913,.T.);
#300=ORIENTED_EDGE('',*,*,#931,.F.);
#301=ORIENTED_EDGE('',*,*,#902,.T.);
#302=ORIENTED_EDGE('',*,*,#810,.T.);
#303=ORIENTED_EDGE('',*,*,#951,.T.);
#304=ORIENTED_EDGE('',*,*,#948,.F.);
#305=ORIENTED_EDGE('',*,*,#952,.T.);
#306=ORIENTED_EDGE('',*,*,#953,.T.);
#307=ORIENTED_EDGE('',*,*,#954,.F.);
#308=ORIENTED_EDGE('',*,*,#953,.F.);
#309=ORIENTED_EDGE('',*,*,#955,.T.);
#310=ORIENTED_EDGE('',*,*,#956,.T.);
#311=ORIENTED_EDGE('',*,*,#957,.T.);
#312=ORIENTED_EDGE('',*,*,#808,.F.);
#313=ORIENTED_EDGE('',*,*,#901,.F.);
#314=ORIENTED_EDGE('',*,*,#934,.T.);
#315=ORIENTED_EDGE('',*,*,#958,.F.);
#316=ORIENTED_EDGE('',*,*,#959,.T.);
#317=ORIENTED_EDGE('',*,*,#960,.T.);
#318=ORIENTED_EDGE('',*,*,#926,.T.);
#319=ORIENTED_EDGE('',*,*,#961,.T.);
#320=ORIENTED_EDGE('',*,*,#962,.F.);
#321=ORIENTED_EDGE('',*,*,#963,.T.);
#322=ORIENTED_EDGE('',*,*,#964,.T.);
#323=ORIENTED_EDGE('',*,*,#965,.T.);
#324=ORIENTED_EDGE('',*,*,#966,.T.);
#325=ORIENTED_EDGE('',*,*,#965,.F.);
#326=ORIENTED_EDGE('',*,*,#967,.F.);
#327=ORIENTED_EDGE('',*,*,#968,.T.);
#328=ORIENTED_EDGE('',*,*,#969,.T.);
#329=ORIENTED_EDGE('',*,*,#970,.T.);
#330=ORIENTED_EDGE('',*,*,#971,.F.);
#331=ORIENTED_EDGE('',*,*,#968,.F.);
#332=ORIENTED_EDGE('',*,*,#972,.T.);
#333=ORIENTED_EDGE('',*,*,#973,.T.);
#334=ORIENTED_EDGE('',*,*,#974,.F.);
#335=ORIENTED_EDGE('',*,*,#975,.T.);
#336=ORIENTED_EDGE('',*,*,#976,.F.);
#337=ORIENTED_EDGE('',*,*,#975,.F.);
#338=ORIENTED_EDGE('',*,*,#977,.T.);
#339=ORIENTED_EDGE('',*,*,#867,.T.);
#340=ORIENTED_EDGE('',*,*,#945,.F.);
#341=ORIENTED_EDGE('',*,*,#978,.T.);
#342=ORIENTED_EDGE('',*,*,#927,.F.);
#343=ORIENTED_EDGE('',*,*,#949,.T.);
#344=ORIENTED_EDGE('',*,*,#954,.T.);
#345=ORIENTED_EDGE('',*,*,#961,.F.);
#346=ORIENTED_EDGE('',*,*,#925,.T.);
#347=ORIENTED_EDGE('',*,*,#979,.T.);
#348=ORIENTED_EDGE('',*,*,#962,.T.);
#349=ORIENTED_EDGE('',*,*,#966,.F.);
#350=ORIENTED_EDGE('',*,*,#971,.T.);
#351=ORIENTED_EDGE('',*,*,#980,.T.);
#352=ORIENTED_EDGE('',*,*,#972,.F.);
#353=ORIENTED_EDGE('',*,*,#976,.T.);
#354=ORIENTED_EDGE('',*,*,#866,.T.);
#355=ORIENTED_EDGE('',*,*,#935,.F.);
#356=ORIENTED_EDGE('',*,*,#938,.T.);
#357=ORIENTED_EDGE('',*,*,#981,.T.);
#358=ORIENTED_EDGE('',*,*,#939,.T.);
#359=ORIENTED_EDGE('',*,*,#942,.T.);
#360=ORIENTED_EDGE('',*,*,#960,.F.);
#361=ORIENTED_EDGE('',*,*,#982,.T.);
#362=ORIENTED_EDGE('',*,*,#837,.T.);
#363=ORIENTED_EDGE('',*,*,#977,.F.);
#364=ORIENTED_EDGE('',*,*,#974,.T.);
#365=ORIENTED_EDGE('',*,*,#983,.T.);
#366=ORIENTED_EDGE('',*,*,#969,.F.);
#367=ORIENTED_EDGE('',*,*,#967,.T.);
#368=ORIENTED_EDGE('',*,*,#964,.F.);
#369=ORIENTED_EDGE('',*,*,#984,.T.);
#370=ORIENTED_EDGE('',*,*,#923,.F.);
#371=ORIENTED_EDGE('',*,*,#839,.T.);
#372=ORIENTED_EDGE('',*,*,#985,.T.);
#373=ORIENTED_EDGE('',*,*,#958,.T.);
#374=ORIENTED_EDGE('',*,*,#933,.F.);
#375=ORIENTED_EDGE('',*,*,#986,.T.);
#376=ORIENTED_EDGE('',*,*,#987,.T.);
#377=ORIENTED_EDGE('',*,*,#988,.F.);
#378=ORIENTED_EDGE('',*,*,#989,.T.);
#379=ORIENTED_EDGE('',*,*,#990,.T.);
#380=ORIENTED_EDGE('',*,*,#991,.F.);
#381=ORIENTED_EDGE('',*,*,#992,.T.);
#382=ORIENTED_EDGE('',*,*,#915,.T.);
#383=ORIENTED_EDGE('',*,*,#861,.F.);
#384=ORIENTED_EDGE('',*,*,#887,.F.);
#385=ORIENTED_EDGE('',*,*,#993,.T.);
#386=ORIENTED_EDGE('',*,*,#886,.T.);
#387=ORIENTED_EDGE('',*,*,#994,.T.);
#388=ORIENTED_EDGE('',*,*,#916,.F.);
#389=ORIENTED_EDGE('',*,*,#993,.F.);
#390=ORIENTED_EDGE('',*,*,#918,.F.);
#391=ORIENTED_EDGE('',*,*,#995,.T.);
#392=ORIENTED_EDGE('',*,*,#884,.T.);
#393=ORIENTED_EDGE('',*,*,#996,.T.);
#394=ORIENTED_EDGE('',*,*,#919,.F.);
#395=ORIENTED_EDGE('',*,*,#996,.F.);
#396=ORIENTED_EDGE('',*,*,#883,.T.);
#397=ORIENTED_EDGE('',*,*,#997,.T.);
#398=ORIENTED_EDGE('',*,*,#882,.F.);
#399=ORIENTED_EDGE('',*,*,#998,.T.);
#400=ORIENTED_EDGE('',*,*,#920,.T.);
#401=ORIENTED_EDGE('',*,*,#997,.F.);
#402=ORIENTED_EDGE('',*,*,#987,.F.);
#403=ORIENTED_EDGE('',*,*,#999,.T.);
#404=ORIENTED_EDGE('',*,*,#898,.T.);
#405=ORIENTED_EDGE('',*,*,#1000,.T.);
#406=ORIENTED_EDGE('',*,*,#988,.T.);
#407=ORIENTED_EDGE('',*,*,#1000,.F.);
#408=ORIENTED_EDGE('',*,*,#897,.F.);
#409=ORIENTED_EDGE('',*,*,#1001,.T.);
#410=ORIENTED_EDGE('',*,*,#896,.T.);
#411=ORIENTED_EDGE('',*,*,#1002,.T.);
#412=ORIENTED_EDGE('',*,*,#989,.F.);
#413=ORIENTED_EDGE('',*,*,#1001,.F.);
#414=ORIENTED_EDGE('',*,*,#991,.T.);
#415=ORIENTED_EDGE('',*,*,#1003,.T.);
#416=ORIENTED_EDGE('',*,*,#894,.F.);
#417=ORIENTED_EDGE('',*,*,#1004,.T.);
#418=ORIENTED_EDGE('',*,*,#992,.F.);
#419=ORIENTED_EDGE('',*,*,#1004,.F.);
#420=ORIENTED_EDGE('',*,*,#893,.T.);
#421=ORIENTED_EDGE('',*,*,#840,.T.);
#422=ORIENTED_EDGE('',*,*,#1005,.T.);
#423=ORIENTED_EDGE('',*,*,#1006,.T.);
#424=ORIENTED_EDGE('',*,*,#812,.F.);
#425=ORIENTED_EDGE('',*,*,#847,.T.);
#426=ORIENTED_EDGE('',*,*,#1007,.T.);
#427=ORIENTED_EDGE('',*,*,#1008,.T.);
#428=ORIENTED_EDGE('',*,*,#1009,.F.);
#429=ORIENTED_EDGE('',*,*,#853,.T.);
#430=ORIENTED_EDGE('',*,*,#1010,.T.);
#431=ORIENTED_EDGE('',*,*,#1009,.T.);
#432=ORIENTED_EDGE('',*,*,#1011,.T.);
#433=ORIENTED_EDGE('',*,*,#817,.F.);
#434=ORIENTED_EDGE('',*,*,#854,.T.);
#435=ORIENTED_EDGE('',*,*,#1012,.T.);
#436=ORIENTED_EDGE('',*,*,#1013,.T.);
#437=ORIENTED_EDGE('',*,*,#1005,.F.);
#438=ORIENTED_EDGE('',*,*,#846,.F.);
#439=ORIENTED_EDGE('',*,*,#1014,.T.);
#440=ORIENTED_EDGE('',*,*,#1015,.T.);
#441=ORIENTED_EDGE('',*,*,#1016,.T.);
#442=ORIENTED_EDGE('',*,*,#1017,.T.);
#443=ORIENTED_EDGE('',*,*,#1018,.T.);
#444=ORIENTED_EDGE('',*,*,#830,.T.);
#445=ORIENTED_EDGE('',*,*,#1019,.T.);
#446=ORIENTED_EDGE('',*,*,#1014,.F.);
#447=ORIENTED_EDGE('',*,*,#845,.F.);
#448=ORIENTED_EDGE('',*,*,#820,.T.);
#449=ORIENTED_EDGE('',*,*,#1020,.T.);
#450=ORIENTED_EDGE('',*,*,#871,.F.);
#451=ORIENTED_EDGE('',*,*,#855,.T.);
#452=ORIENTED_EDGE('',*,*,#1021,.T.);
#453=ORIENTED_EDGE('',*,*,#1022,.T.);
#454=ORIENTED_EDGE('',*,*,#1023,.F.);
#455=ORIENTED_EDGE('',*,*,#1024,.T.);
#456=ORIENTED_EDGE('',*,*,#1025,.F.);
#457=ORIENTED_EDGE('',*,*,#1026,.T.);
#458=ORIENTED_EDGE('',*,*,#1027,.T.);
#459=ORIENTED_EDGE('',*,*,#1028,.T.);
#460=ORIENTED_EDGE('',*,*,#815,.T.);
#461=ORIENTED_EDGE('',*,*,#1029,.T.);
#462=ORIENTED_EDGE('',*,*,#836,.F.);
#463=ORIENTED_EDGE('',*,*,#848,.F.);
#464=ORIENTED_EDGE('',*,*,#825,.T.);
#465=ORIENTED_EDGE('',*,*,#1030,.T.);
#466=ORIENTED_EDGE('',*,*,#1010,.F.);
#467=ORIENTED_EDGE('',*,*,#852,.T.);
#468=ORIENTED_EDGE('',*,*,#834,.T.);
#469=ORIENTED_EDGE('',*,*,#1031,.T.);
#470=ORIENTED_EDGE('',*,*,#1032,.F.);
#471=ORIENTED_EDGE('',*,*,#849,.F.);
#472=ORIENTED_EDGE('',*,*,#1032,.T.);
#473=ORIENTED_EDGE('',*,*,#1033,.T.);
#474=ORIENTED_EDGE('',*,*,#1034,.F.);
#475=ORIENTED_EDGE('',*,*,#850,.F.);
#476=ORIENTED_EDGE('',*,*,#1034,.T.);
#477=ORIENTED_EDGE('',*,*,#1035,.T.);
#478=ORIENTED_EDGE('',*,*,#822,.F.);
#479=ORIENTED_EDGE('',*,*,#851,.T.);
#480=ORIENTED_EDGE('',*,*,#874,.T.);
#481=ORIENTED_EDGE('',*,*,#1036,.T.);
#482=ORIENTED_EDGE('',*,*,#827,.F.);
#483=ORIENTED_EDGE('',*,*,#844,.F.);
#484=ORIENTED_EDGE('',*,*,#870,.T.);
#485=ORIENTED_EDGE('',*,*,#1037,.T.);
#486=ORIENTED_EDGE('',*,*,#876,.F.);
#487=ORIENTED_EDGE('',*,*,#857,.T.);
#488=ORIENTED_EDGE('',*,*,#1038,.T.);
#489=ORIENTED_EDGE('',*,*,#1039,.T.);
#490=ORIENTED_EDGE('',*,*,#872,.T.);
#491=ORIENTED_EDGE('',*,*,#1040,.T.);
#492=ORIENTED_EDGE('',*,*,#878,.T.);
#493=ORIENTED_EDGE('',*,*,#1041,.T.);
#494=ORIENTED_EDGE('',*,*,#1042,.T.);
#495=ORIENTED_EDGE('',*,*,#1043,.T.);
#496=ORIENTED_EDGE('',*,*,#1044,.T.);
#497=ORIENTED_EDGE('',*,*,#1045,.T.);
#498=ORIENTED_EDGE('',*,*,#1046,.T.);
#499=ORIENTED_EDGE('',*,*,#1047,.T.);
#500=ORIENTED_EDGE('',*,*,#1048,.T.);
#501=ORIENTED_EDGE('',*,*,#1040,.F.);
#502=ORIENTED_EDGE('',*,*,#1049,.T.);
#503=ORIENTED_EDGE('',*,*,#1050,.T.);
#504=ORIENTED_EDGE('',*,*,#892,.T.);
#505=ORIENTED_EDGE('',*,*,#1051,.T.);
#506=ORIENTED_EDGE('',*,*,#1052,.T.);
#507=ORIENTED_EDGE('',*,*,#1049,.F.);
#508=ORIENTED_EDGE('',*,*,#875,.F.);
#509=ORIENTED_EDGE('',*,*,#842,.T.);
#510=ORIENTED_EDGE('',*,*,#1053,.T.);
#511=ORIENTED_EDGE('',*,*,#1054,.T.);
#512=ORIENTED_EDGE('',*,*,#1046,.F.);
#513=ORIENTED_EDGE('',*,*,#1055,.T.);
#514=ORIENTED_EDGE('',*,*,#1056,.T.);
#515=ORIENTED_EDGE('',*,*,#1057,.T.);
#516=ORIENTED_EDGE('',*,*,#888,.T.);
#517=ORIENTED_EDGE('',*,*,#859,.F.);
#518=ORIENTED_EDGE('',*,*,#879,.F.);
#519=ORIENTED_EDGE('',*,*,#1048,.F.);
#520=ORIENTED_EDGE('',*,*,#985,.F.);
#521=ORIENTED_EDGE('',*,*,#838,.F.);
#522=ORIENTED_EDGE('',*,*,#982,.F.);
#523=ORIENTED_EDGE('',*,*,#959,.F.);
#524=ORIENTED_EDGE('',*,*,#914,.F.);
#525=ORIENTED_EDGE('',*,*,#950,.F.);
#526=ORIENTED_EDGE('',*,*,#903,.F.);
#527=ORIENTED_EDGE('',*,*,#863,.F.);
#528=ORIENTED_EDGE('',*,*,#983,.F.);
#529=ORIENTED_EDGE('',*,*,#973,.F.);
#530=ORIENTED_EDGE('',*,*,#980,.F.);
#531=ORIENTED_EDGE('',*,*,#970,.F.);
#532=ORIENTED_EDGE('',*,*,#910,.F.);
#533=ORIENTED_EDGE('',*,*,#940,.F.);
#534=ORIENTED_EDGE('',*,*,#981,.F.);
#535=ORIENTED_EDGE('',*,*,#937,.F.);
#536=ORIENTED_EDGE('',*,*,#906,.F.);
#537=ORIENTED_EDGE('',*,*,#928,.F.);
#538=ORIENTED_EDGE('',*,*,#978,.F.);
#539=ORIENTED_EDGE('',*,*,#944,.F.);
#540=ORIENTED_EDGE('',*,*,#984,.F.);
#541=ORIENTED_EDGE('',*,*,#963,.F.);
#542=ORIENTED_EDGE('',*,*,#979,.F.);
#543=ORIENTED_EDGE('',*,*,#924,.F.);
#544=ORIENTED_EDGE('',*,*,#881,.F.);
#545=ORIENTED_EDGE('',*,*,#930,.F.);
#546=ORIENTED_EDGE('',*,*,#921,.F.);
#547=ORIENTED_EDGE('',*,*,#998,.F.);
#548=ORIENTED_EDGE('',*,*,#899,.F.);
#549=ORIENTED_EDGE('',*,*,#999,.F.);
#550=ORIENTED_EDGE('',*,*,#986,.F.);
#551=ORIENTED_EDGE('',*,*,#932,.F.);
#552=ORIENTED_EDGE('',*,*,#873,.F.);
#553=ORIENTED_EDGE('',*,*,#1039,.F.);
#554=ORIENTED_EDGE('',*,*,#1058,.F.);
#555=ORIENTED_EDGE('',*,*,#1036,.F.);
#556=ORIENTED_EDGE('',*,*,#877,.F.);
#557=ORIENTED_EDGE('',*,*,#1037,.F.);
#558=ORIENTED_EDGE('',*,*,#1059,.F.);
#559=ORIENTED_EDGE('',*,*,#1041,.F.);
#560=ORIENTED_EDGE('',*,*,#1058,.T.);
#561=ORIENTED_EDGE('',*,*,#1038,.F.);
#562=ORIENTED_EDGE('',*,*,#1059,.T.);
#563=ORIENTED_EDGE('',*,*,#869,.F.);
#564=ORIENTED_EDGE('',*,*,#1023,.T.);
#565=ORIENTED_EDGE('',*,*,#828,.F.);
#566=ORIENTED_EDGE('',*,*,#1060,.F.);
#567=ORIENTED_EDGE('',*,*,#1045,.F.);
#568=ORIENTED_EDGE('',*,*,#1061,.F.);
#569=ORIENTED_EDGE('',*,*,#833,.F.);
#570=ORIENTED_EDGE('',*,*,#1027,.F.);
#571=ORIENTED_EDGE('',*,*,#823,.F.);
#572=ORIENTED_EDGE('',*,*,#1061,.T.);
#573=ORIENTED_EDGE('',*,*,#1044,.F.);
#574=ORIENTED_EDGE('',*,*,#1062,.F.);
#575=ORIENTED_EDGE('',*,*,#1031,.F.);
#576=ORIENTED_EDGE('',*,*,#1060,.T.);
#577=ORIENTED_EDGE('',*,*,#1035,.F.);
#578=ORIENTED_EDGE('',*,*,#1063,.F.);
#579=ORIENTED_EDGE('',*,*,#1042,.F.);
#580=ORIENTED_EDGE('',*,*,#1062,.T.);
#581=ORIENTED_EDGE('',*,*,#1043,.F.);
#582=ORIENTED_EDGE('',*,*,#1063,.T.);
#583=ORIENTED_EDGE('',*,*,#1033,.F.);
#584=ORIENTED_EDGE('',*,*,#1007,.F.);
#585=ORIENTED_EDGE('',*,*,#1030,.F.);
#586=ORIENTED_EDGE('',*,*,#824,.F.);
#587=ORIENTED_EDGE('',*,*,#1026,.F.);
#588=ORIENTED_EDGE('',*,*,#814,.F.);
#589=ORIENTED_EDGE('',*,*,#1028,.F.);
#590=ORIENTED_EDGE('',*,*,#832,.F.);
#591=ORIENTED_EDGE('',*,*,#1029,.F.);
#592=ORIENTED_EDGE('',*,*,#1064,.F.);
#593=ORIENTED_EDGE('',*,*,#1015,.F.);
#594=ORIENTED_EDGE('',*,*,#1065,.F.);
#595=ORIENTED_EDGE('',*,*,#1008,.F.);
#596=ORIENTED_EDGE('',*,*,#1025,.T.);
#597=ORIENTED_EDGE('',*,*,#813,.F.);
#598=ORIENTED_EDGE('',*,*,#1065,.T.);
#599=ORIENTED_EDGE('',*,*,#1018,.F.);
#600=ORIENTED_EDGE('',*,*,#1066,.F.);
#601=ORIENTED_EDGE('',*,*,#1011,.F.);
#602=ORIENTED_EDGE('',*,*,#1064,.T.);
#603=ORIENTED_EDGE('',*,*,#1006,.F.);
#604=ORIENTED_EDGE('',*,*,#1067,.F.);
#605=ORIENTED_EDGE('',*,*,#1016,.F.);
#606=ORIENTED_EDGE('',*,*,#1066,.T.);
#607=ORIENTED_EDGE('',*,*,#1017,.F.);
#608=ORIENTED_EDGE('',*,*,#1067,.T.);
#609=ORIENTED_EDGE('',*,*,#1013,.F.);
#610=ORIENTED_EDGE('',*,*,#1021,.F.);
#611=ORIENTED_EDGE('',*,*,#818,.F.);
#612=ORIENTED_EDGE('',*,*,#829,.F.);
#613=ORIENTED_EDGE('',*,*,#1022,.F.);
#614=ORIENTED_EDGE('',*,*,#1012,.F.);
#615=ORIENTED_EDGE('',*,*,#1019,.F.);
#616=ORIENTED_EDGE('',*,*,#868,.F.);
#617=ORIENTED_EDGE('',*,*,#1020,.F.);
#618=ORIENTED_EDGE('',*,*,#819,.F.);
#619=ORIENTED_EDGE('',*,*,#1024,.F.);
#620=ORIENTED_EDGE('',*,*,#1068,.F.);
#621=ORIENTED_EDGE('',*,*,#1056,.F.);
#622=ORIENTED_EDGE('',*,*,#1047,.F.);
#623=ORIENTED_EDGE('',*,*,#1054,.F.);
#624=ORIENTED_EDGE('',*,*,#1057,.F.);
#625=ORIENTED_EDGE('',*,*,#1068,.T.);
#626=ORIENTED_EDGE('',*,*,#1069,.F.);
#627=ORIENTED_EDGE('',*,*,#889,.F.);
#628=ORIENTED_EDGE('',*,*,#1050,.F.);
#629=ORIENTED_EDGE('',*,*,#1052,.F.);
#630=ORIENTED_EDGE('',*,*,#1070,.F.);
#631=ORIENTED_EDGE('',*,*,#1055,.F.);
#632=ORIENTED_EDGE('',*,*,#1069,.T.);
#633=ORIENTED_EDGE('',*,*,#1053,.F.);
#634=ORIENTED_EDGE('',*,*,#1071,.F.);
#635=ORIENTED_EDGE('',*,*,#890,.F.);
#636=ORIENTED_EDGE('',*,*,#1051,.F.);
#637=ORIENTED_EDGE('',*,*,#891,.F.);
#638=ORIENTED_EDGE('',*,*,#1071,.T.);
#639=ORIENTED_EDGE('',*,*,#1070,.T.);
#640=ORIENTED_EDGE('',*,*,#885,.F.);
#641=ORIENTED_EDGE('',*,*,#995,.F.);
#642=ORIENTED_EDGE('',*,*,#917,.F.);
#643=ORIENTED_EDGE('',*,*,#994,.F.);
#644=ORIENTED_EDGE('',*,*,#895,.F.);
#645=ORIENTED_EDGE('',*,*,#1003,.F.);
#646=ORIENTED_EDGE('',*,*,#990,.F.);
#647=ORIENTED_EDGE('',*,*,#1002,.F.);
#648=ORIENTED_EDGE('',*,*,#1072,.T.);
#649=ORIENTED_EDGE('',*,*,#1073,.T.);
#650=ORIENTED_EDGE('',*,*,#1074,.F.);
#651=ORIENTED_EDGE('',*,*,#1075,.T.);
#652=ORIENTED_EDGE('',*,*,#1075,.F.);
#653=ORIENTED_EDGE('',*,*,#1076,.F.);
#654=ORIENTED_EDGE('',*,*,#1077,.T.);
#655=ORIENTED_EDGE('',*,*,#1078,.T.);
#656=ORIENTED_EDGE('',*,*,#1079,.T.);
#657=ORIENTED_EDGE('',*,*,#1080,.T.);
#658=ORIENTED_EDGE('',*,*,#1081,.T.);
#659=ORIENTED_EDGE('',*,*,#1082,.T.);
#660=ORIENTED_EDGE('',*,*,#1083,.T.);
#661=ORIENTED_EDGE('',*,*,#1084,.F.);
#662=ORIENTED_EDGE('',*,*,#1085,.F.);
#663=ORIENTED_EDGE('',*,*,#1086,.T.);
#664=ORIENTED_EDGE('',*,*,#1087,.T.);
#665=ORIENTED_EDGE('',*,*,#1088,.T.);
#666=ORIENTED_EDGE('',*,*,#1089,.T.);
#667=ORIENTED_EDGE('',*,*,#805,.F.);
#668=ORIENTED_EDGE('',*,*,#1090,.F.);
#669=ORIENTED_EDGE('',*,*,#1091,.T.);
#670=ORIENTED_EDGE('',*,*,#1092,.T.);
#671=ORIENTED_EDGE('',*,*,#1093,.F.);
#672=ORIENTED_EDGE('',*,*,#1094,.F.);
#673=ORIENTED_EDGE('',*,*,#1076,.T.);
#674=ORIENTED_EDGE('',*,*,#1074,.T.);
#675=ORIENTED_EDGE('',*,*,#1095,.T.);
#676=ORIENTED_EDGE('',*,*,#1096,.T.);
#677=ORIENTED_EDGE('',*,*,#1097,.T.);
#678=ORIENTED_EDGE('',*,*,#1098,.T.);
#679=ORIENTED_EDGE('',*,*,#1099,.F.);
#680=ORIENTED_EDGE('',*,*,#1100,.F.);
#681=ORIENTED_EDGE('',*,*,#1084,.T.);
#682=ORIENTED_EDGE('',*,*,#1101,.T.);
#683=ORIENTED_EDGE('',*,*,#1102,.T.);
#684=ORIENTED_EDGE('',*,*,#1103,.T.);
#685=ORIENTED_EDGE('',*,*,#1104,.T.);
#686=ORIENTED_EDGE('',*,*,#1105,.T.);
#687=ORIENTED_EDGE('',*,*,#1072,.F.);
#688=ORIENTED_EDGE('',*,*,#1078,.F.);
#689=ORIENTED_EDGE('',*,*,#1106,.T.);
#690=ORIENTED_EDGE('',*,*,#1107,.T.);
#691=ORIENTED_EDGE('',*,*,#1108,.T.);
#692=ORIENTED_EDGE('',*,*,#1109,.T.);
#693=ORIENTED_EDGE('',*,*,#1110,.T.);
#694=ORIENTED_EDGE('',*,*,#807,.T.);
#695=ORIENTED_EDGE('',*,*,#1111,.F.);
#696=ORIENTED_EDGE('',*,*,#1112,.T.);
#697=ORIENTED_EDGE('',*,*,#1113,.T.);
#698=ORIENTED_EDGE('',*,*,#1114,.F.);
#699=ORIENTED_EDGE('',*,*,#1115,.T.);
#700=ORIENTED_EDGE('',*,*,#1099,.T.);
#701=ORIENTED_EDGE('',*,*,#1116,.F.);
#702=ORIENTED_EDGE('',*,*,#1117,.T.);
#703=ORIENTED_EDGE('',*,*,#1118,.T.);
#704=ORIENTED_EDGE('',*,*,#1083,.F.);
#705=ORIENTED_EDGE('',*,*,#1119,.T.);
#706=ORIENTED_EDGE('',*,*,#1116,.T.);
#707=ORIENTED_EDGE('',*,*,#1098,.F.);
#708=ORIENTED_EDGE('',*,*,#1089,.F.);
#709=ORIENTED_EDGE('',*,*,#1120,.T.);
#710=ORIENTED_EDGE('',*,*,#1111,.T.);
#711=ORIENTED_EDGE('',*,*,#806,.F.);
#712=ORIENTED_EDGE('',*,*,#1115,.F.);
#713=ORIENTED_EDGE('',*,*,#1121,.T.);
#714=ORIENTED_EDGE('',*,*,#1085,.T.);
#715=ORIENTED_EDGE('',*,*,#1100,.T.);
#716=ORIENTED_EDGE('',*,*,#1110,.F.);
#717=ORIENTED_EDGE('',*,*,#1122,.T.);
#718=ORIENTED_EDGE('',*,*,#1090,.T.);
#719=ORIENTED_EDGE('',*,*,#804,.T.);
#720=ORIENTED_EDGE('',*,*,#1094,.T.);
#721=ORIENTED_EDGE('',*,*,#1123,.F.);
#722=ORIENTED_EDGE('',*,*,#1106,.F.);
#723=ORIENTED_EDGE('',*,*,#1077,.F.);
#724=ORIENTED_EDGE('',*,*,#1093,.T.);
#725=ORIENTED_EDGE('',*,*,#1124,.T.);
#726=ORIENTED_EDGE('',*,*,#1107,.F.);
#727=ORIENTED_EDGE('',*,*,#1123,.T.);
#728=ORIENTED_EDGE('',*,*,#1114,.T.);
#729=ORIENTED_EDGE('',*,*,#1125,.T.);
#730=ORIENTED_EDGE('',*,*,#1086,.F.);
#731=ORIENTED_EDGE('',*,*,#1121,.F.);
#732=ORIENTED_EDGE('',*,*,#1112,.F.);
#733=ORIENTED_EDGE('',*,*,#1120,.F.);
#734=ORIENTED_EDGE('',*,*,#1088,.F.);
#735=ORIENTED_EDGE('',*,*,#1126,.F.);
#736=ORIENTED_EDGE('',*,*,#1109,.F.);
#737=ORIENTED_EDGE('',*,*,#1127,.F.);
#738=ORIENTED_EDGE('',*,*,#1091,.F.);
#739=ORIENTED_EDGE('',*,*,#1122,.F.);
#740=ORIENTED_EDGE('',*,*,#1113,.F.);
#741=ORIENTED_EDGE('',*,*,#1126,.T.);
#742=ORIENTED_EDGE('',*,*,#1087,.F.);
#743=ORIENTED_EDGE('',*,*,#1125,.F.);
#744=ORIENTED_EDGE('',*,*,#1108,.F.);
#745=ORIENTED_EDGE('',*,*,#1124,.F.);
#746=ORIENTED_EDGE('',*,*,#1092,.F.);
#747=ORIENTED_EDGE('',*,*,#1127,.T.);
#748=ORIENTED_EDGE('',*,*,#1118,.F.);
#749=ORIENTED_EDGE('',*,*,#1128,.T.);
#750=ORIENTED_EDGE('',*,*,#1081,.F.);
#751=ORIENTED_EDGE('',*,*,#1129,.T.);
#752=ORIENTED_EDGE('',*,*,#1130,.T.);
#753=ORIENTED_EDGE('',*,*,#1131,.T.);
#754=ORIENTED_EDGE('',*,*,#1096,.F.);
#755=ORIENTED_EDGE('',*,*,#1132,.T.);
#756=ORIENTED_EDGE('',*,*,#1104,.F.);
#757=ORIENTED_EDGE('',*,*,#1133,.T.);
#758=ORIENTED_EDGE('',*,*,#1134,.T.);
#759=ORIENTED_EDGE('',*,*,#1135,.T.);
#760=ORIENTED_EDGE('',*,*,#1103,.F.);
#761=ORIENTED_EDGE('',*,*,#1136,.T.);
#762=ORIENTED_EDGE('',*,*,#957,.F.);
#763=ORIENTED_EDGE('',*,*,#1137,.F.);
#764=ORIENTED_EDGE('',*,*,#1133,.F.);
#765=ORIENTED_EDGE('',*,*,#1137,.T.);
#766=ORIENTED_EDGE('',*,*,#956,.F.);
#767=ORIENTED_EDGE('',*,*,#1138,.F.);
#768=ORIENTED_EDGE('',*,*,#1134,.F.);
#769=ORIENTED_EDGE('',*,*,#955,.F.);
#770=ORIENTED_EDGE('',*,*,#1139,.T.);
#771=ORIENTED_EDGE('',*,*,#1097,.F.);
#772=ORIENTED_EDGE('',*,*,#1135,.F.);
#773=ORIENTED_EDGE('',*,*,#1138,.T.);
#774=ORIENTED_EDGE('',*,*,#1101,.F.);
#775=ORIENTED_EDGE('',*,*,#1131,.F.);
#776=ORIENTED_EDGE('',*,*,#1140,.F.);
#777=ORIENTED_EDGE('',*,*,#951,.F.);
#778=ORIENTED_EDGE('',*,*,#1141,.T.);
#779=ORIENTED_EDGE('',*,*,#1130,.F.);
#780=ORIENTED_EDGE('',*,*,#1142,.F.);
#781=ORIENTED_EDGE('',*,*,#946,.F.);
#782=ORIENTED_EDGE('',*,*,#1140,.T.);
#783=ORIENTED_EDGE('',*,*,#1129,.F.);
#784=ORIENTED_EDGE('',*,*,#1080,.F.);
#785=ORIENTED_EDGE('',*,*,#1143,.T.);
#786=ORIENTED_EDGE('',*,*,#947,.F.);
#787=ORIENTED_EDGE('',*,*,#1142,.T.);
#788=ORIENTED_EDGE('',*,*,#1105,.F.);
#789=ORIENTED_EDGE('',*,*,#1132,.F.);
#790=ORIENTED_EDGE('',*,*,#1095,.F.);
#791=ORIENTED_EDGE('',*,*,#1073,.F.);
#792=ORIENTED_EDGE('',*,*,#1082,.F.);
#793=ORIENTED_EDGE('',*,*,#1128,.F.);
#794=ORIENTED_EDGE('',*,*,#1117,.F.);
#795=ORIENTED_EDGE('',*,*,#1119,.F.);
#796=ORIENTED_EDGE('',*,*,#1136,.F.);
#797=ORIENTED_EDGE('',*,*,#1102,.F.);
#798=ORIENTED_EDGE('',*,*,#1141,.F.);
#799=ORIENTED_EDGE('',*,*,#809,.F.);
#800=ORIENTED_EDGE('',*,*,#1139,.F.);
#801=ORIENTED_EDGE('',*,*,#952,.F.);
#802=ORIENTED_EDGE('',*,*,#1143,.F.);
#803=ORIENTED_EDGE('',*,*,#1079,.F.);
#804=EDGE_CURVE('',#1144,#1145,#1362,.T.);
#805=EDGE_CURVE('',#1144,#1146,#1363,.T.);
#806=EDGE_CURVE('',#1146,#1147,#1364,.T.);
#807=EDGE_CURVE('',#1145,#1147,#1365,.T.);
#808=EDGE_CURVE('',#1148,#1149,#1366,.T.);
#809=EDGE_CURVE('',#1149,#1150,#1367,.T.);
#810=EDGE_CURVE('',#1151,#1150,#1368,.T.);
#811=EDGE_CURVE('',#1151,#1148,#1369,.T.);
#812=EDGE_CURVE('',#1152,#1153,#1370,.T.);
#813=EDGE_CURVE('',#1153,#1154,#1371,.F.);
#814=EDGE_CURVE('',#1154,#1155,#78,.F.);
#815=EDGE_CURVE('',#1156,#1155,#1372,.T.);
#816=EDGE_CURVE('',#1156,#1152,#1373,.T.);
#817=EDGE_CURVE('',#1157,#1158,#1374,.T.);
#818=EDGE_CURVE('',#1158,#1159,#1375,.T.);
#819=EDGE_CURVE('',#1159,#1160,#79,.T.);
#820=EDGE_CURVE('',#1161,#1160,#1376,.T.);
#821=EDGE_CURVE('',#1157,#1161,#1377,.T.);
#822=EDGE_CURVE('',#1162,#1163,#1378,.T.);
#823=EDGE_CURVE('',#1163,#1164,#1379,.F.);
#824=EDGE_CURVE('',#1164,#1165,#80,.F.);
#825=EDGE_CURVE('',#1166,#1165,#1380,.T.);
#826=EDGE_CURVE('',#1166,#1162,#1381,.T.);
#827=EDGE_CURVE('',#1167,#1168,#1382,.T.);
#828=EDGE_CURVE('',#1168,#1169,#1383,.T.);
#829=EDGE_CURVE('',#1169,#1170,#81,.T.);
#830=EDGE_CURVE('',#1171,#1170,#1384,.T.);
#831=EDGE_CURVE('',#1167,#1171,#1385,.T.);
#832=EDGE_CURVE('',#1172,#1173,#82,.F.);
#833=EDGE_CURVE('',#1173,#1174,#1386,.F.);
#834=EDGE_CURVE('',#1175,#1174,#1387,.T.);
#835=EDGE_CURVE('',#1175,#1176,#1388,.T.);
#836=EDGE_CURVE('',#1176,#1172,#1389,.T.);
#837=EDGE_CURVE('',#1177,#1178,#1390,.T.);
#838=EDGE_CURVE('',#1177,#1179,#1391,.F.);
#839=EDGE_CURVE('',#1180,#1179,#1392,.T.);
#840=EDGE_CURVE('',#1181,#1180,#1393,.T.);
#841=EDGE_CURVE('',#1181,#1182,#1394,.T.);
#842=EDGE_CURVE('',#1183,#1182,#1395,.T.);
#843=EDGE_CURVE('',#1184,#1183,#1396,.T.);
#844=EDGE_CURVE('',#1184,#1167,#1397,.T.);
#845=EDGE_CURVE('',#1171,#1185,#1398,.T.);
#846=EDGE_CURVE('',#1185,#1186,#1399,.T.);
#847=EDGE_CURVE('',#1152,#1186,#1400,.T.);
#848=EDGE_CURVE('',#1156,#1176,#1401,.T.);
#849=EDGE_CURVE('',#1175,#1187,#1402,.T.);
#850=EDGE_CURVE('',#1187,#1188,#1403,.T.);
#851=EDGE_CURVE('',#1162,#1188,#1404,.T.);
#852=EDGE_CURVE('',#1189,#1166,#1405,.T.);
#853=EDGE_CURVE('',#1190,#1189,#1406,.T.);
#854=EDGE_CURVE('',#1157,#1190,#1407,.T.);
#855=EDGE_CURVE('',#1191,#1161,#1408,.T.);
#856=EDGE_CURVE('',#1191,#1192,#1409,.T.);
#857=EDGE_CURVE('',#1193,#1192,#1410,.T.);
#858=EDGE_CURVE('',#1194,#1193,#1411,.T.);
#859=EDGE_CURVE('',#1194,#1195,#1412,.T.);
#860=EDGE_CURVE('',#1195,#1196,#1413,.T.);
#861=EDGE_CURVE('',#1196,#1197,#1414,.T.);
#862=EDGE_CURVE('',#1198,#1197,#1415,.T.);
#863=EDGE_CURVE('',#1198,#1199,#1416,.T.);
#864=EDGE_CURVE('',#1200,#1199,#1417,.T.);
#865=EDGE_CURVE('',#1200,#1201,#1418,.T.);
#866=EDGE_CURVE('',#1202,#1201,#1419,.T.);
#867=EDGE_CURVE('',#1178,#1202,#1420,.T.);
#868=EDGE_CURVE('',#1203,#1204,#83,.T.);
#869=EDGE_CURVE('',#1204,#1205,#1421,.T.);
#870=EDGE_CURVE('',#1192,#1205,#1422,.T.);
#871=EDGE_CURVE('',#1191,#1203,#1423,.T.);
#872=EDGE_CURVE('',#1206,#1207,#1424,.T.);
#873=EDGE_CURVE('',#1206,#1208,#84,.T.);
#874=EDGE_CURVE('',#1184,#1208,#1425,.T.);
#875=EDGE_CURVE('',#1183,#1207,#1426,.T.);
#876=EDGE_CURVE('',#1193,#1209,#1427,.T.);
#877=EDGE_CURVE('',#1209,#1210,#85,.T.);
#878=EDGE_CURVE('',#1211,#1210,#1428,.T.);
#879=EDGE_CURVE('',#1211,#1194,#1429,.T.);
#880=EDGE_CURVE('',#1212,#1213,#1430,.T.);
#881=EDGE_CURVE('',#1213,#1214,#86,.F.);
#882=EDGE_CURVE('',#1214,#1215,#1431,.T.);
#883=EDGE_CURVE('',#1216,#1215,#1432,.T.);
#884=EDGE_CURVE('',#1217,#1216,#1433,.T.);
#885=EDGE_CURVE('',#1217,#1218,#87,.T.);
#886=EDGE_CURVE('',#1219,#1218,#1434,.T.);
#887=EDGE_CURVE('',#1219,#1196,#1435,.T.);
#888=EDGE_CURVE('',#1220,#1195,#1436,.T.);
#889=EDGE_CURVE('',#1220,#1221,#88,.T.);
#890=EDGE_CURVE('',#1221,#1222,#1437,.F.);
#891=EDGE_CURVE('',#1222,#1223,#89,.T.);
#892=EDGE_CURVE('',#1182,#1223,#1438,.T.);
#893=EDGE_CURVE('',#1224,#1181,#1439,.T.);
#894=EDGE_CURVE('',#1224,#1225,#1440,.T.);
#895=EDGE_CURVE('',#1225,#1226,#90,.T.);
#896=EDGE_CURVE('',#1227,#1226,#1441,.T.);
#897=EDGE_CURVE('',#1227,#1228,#1442,.T.);
#898=EDGE_CURVE('',#1229,#1228,#1443,.T.);
#899=EDGE_CURVE('',#1229,#1230,#91,.F.);
#900=EDGE_CURVE('',#1231,#1230,#1444,.T.);
#901=EDGE_CURVE('',#1231,#1148,#1445,.T.);
#902=EDGE_CURVE('',#1212,#1151,#1446,.T.);
#903=EDGE_CURVE('',#1199,#1232,#92,.F.);
#904=EDGE_CURVE('',#1232,#1233,#1447,.T.);
#905=EDGE_CURVE('',#1234,#1233,#1448,.T.);
#906=EDGE_CURVE('',#1234,#1235,#93,.T.);
#907=EDGE_CURVE('',#1235,#1236,#1449,.T.);
#908=EDGE_CURVE('',#1237,#1236,#1450,.T.);
#909=EDGE_CURVE('',#1238,#1237,#1451,.T.);
#910=EDGE_CURVE('',#1238,#1239,#94,.F.);
#911=EDGE_CURVE('',#1240,#1239,#1452,.T.);
#912=EDGE_CURVE('',#1240,#1200,#1453,.T.);
#913=EDGE_CURVE('',#1241,#1242,#1454,.T.);
#914=EDGE_CURVE('',#1241,#1198,#95,.T.);
#915=EDGE_CURVE('',#1243,#1197,#1455,.T.);
#916=EDGE_CURVE('',#1243,#1244,#1456,.T.);
#917=EDGE_CURVE('',#1244,#1245,#96,.T.);
#918=EDGE_CURVE('',#1245,#1246,#1457,.T.);
#919=EDGE_CURVE('',#1246,#1247,#1458,.T.);
#920=EDGE_CURVE('',#1248,#1247,#1459,.T.);
#921=EDGE_CURVE('',#1248,#1249,#97,.F.);
#922=EDGE_CURVE('',#1242,#1249,#1460,.T.);
#923=EDGE_CURVE('',#1250,#1251,#1461,.T.);
#924=EDGE_CURVE('',#1251,#1252,#1462,.T.);
#925=EDGE_CURVE('',#1253,#1252,#1463,.T.);
#926=EDGE_CURVE('',#1250,#1253,#1464,.T.);
#927=EDGE_CURVE('',#1254,#1255,#1465,.T.);
#928=EDGE_CURVE('',#1255,#1234,#1466,.F.);
#929=EDGE_CURVE('',#1233,#1254,#1467,.T.);
#930=EDGE_CURVE('',#1249,#1213,#1468,.F.);
#931=EDGE_CURVE('',#1212,#1242,#1469,.T.);
#932=EDGE_CURVE('',#1230,#1256,#1470,.T.);
#933=EDGE_CURVE('',#1256,#1257,#1471,.T.);
#934=EDGE_CURVE('',#1231,#1257,#1472,.T.);
#935=EDGE_CURVE('',#1258,#1201,#1473,.T.);
#936=EDGE_CURVE('',#1240,#1258,#1474,.T.);
#937=EDGE_CURVE('',#1239,#1259,#1475,.T.);
#938=EDGE_CURVE('',#1258,#1259,#1476,.T.);
#939=EDGE_CURVE('',#1260,#1261,#1477,.T.);
#940=EDGE_CURVE('',#1260,#1238,#1478,.F.);
#941=EDGE_CURVE('',#1237,#1261,#1479,.T.);
#942=EDGE_CURVE('',#1261,#1262,#1480,.T.);
#943=EDGE_CURVE('',#1236,#1262,#1481,.T.);
#944=EDGE_CURVE('',#1235,#1263,#1482,.T.);
#945=EDGE_CURVE('',#1263,#1262,#1483,.T.);
#946=EDGE_CURVE('',#1264,#1265,#1484,.T.);
#947=EDGE_CURVE('',#1265,#1266,#1485,.T.);
#948=EDGE_CURVE('',#1266,#1267,#1486,.T.);
#949=EDGE_CURVE('',#1254,#1267,#1487,.T.);
#950=EDGE_CURVE('',#1232,#1241,#1488,.F.);
#951=EDGE_CURVE('',#1150,#1264,#1489,.T.);
#952=EDGE_CURVE('',#1266,#1268,#1490,.F.);
#953=EDGE_CURVE('',#1268,#1269,#1491,.T.);
#954=EDGE_CURVE('',#1267,#1269,#1492,.T.);
#955=EDGE_CURVE('',#1268,#1270,#1493,.T.);
#956=EDGE_CURVE('',#1270,#1271,#1494,.F.);
#957=EDGE_CURVE('',#1271,#1149,#1495,.T.);
#958=EDGE_CURVE('',#1272,#1257,#1496,.T.);
#959=EDGE_CURVE('',#1272,#1273,#1497,.T.);
#960=EDGE_CURVE('',#1273,#1250,#1498,.T.);
#961=EDGE_CURVE('',#1253,#1269,#1499,.T.);
#962=EDGE_CURVE('',#1274,#1275,#1500,.T.);
#963=EDGE_CURVE('',#1274,#1276,#1501,.F.);
#964=EDGE_CURVE('',#1276,#1277,#1502,.T.);
#965=EDGE_CURVE('',#1277,#1275,#1503,.T.);
#966=EDGE_CURVE('',#1278,#1275,#1504,.T.);
#967=EDGE_CURVE('',#1279,#1277,#1505,.T.);
#968=EDGE_CURVE('',#1279,#1278,#1506,.T.);
#969=EDGE_CURVE('',#1279,#1280,#1507,.T.);
#970=EDGE_CURVE('',#1280,#1281,#1508,.T.);
#971=EDGE_CURVE('',#1278,#1281,#1509,.T.);
#972=EDGE_CURVE('',#1282,#1283,#1510,.T.);
#973=EDGE_CURVE('',#1283,#1284,#1511,.F.);
#974=EDGE_CURVE('',#1285,#1284,#1512,.T.);
#975=EDGE_CURVE('',#1285,#1282,#1513,.T.);
#976=EDGE_CURVE('',#1282,#1202,#1514,.T.);
#977=EDGE_CURVE('',#1285,#1178,#1515,.T.);
#978=EDGE_CURVE('',#1263,#1255,#98,.T.);
#979=EDGE_CURVE('',#1252,#1274,#99,.T.);
#980=EDGE_CURVE('',#1281,#1283,#100,.F.);
#981=EDGE_CURVE('',#1259,#1260,#101,.F.);
#982=EDGE_CURVE('',#1273,#1177,#102,.F.);
#983=EDGE_CURVE('',#1284,#1280,#103,.F.);
#984=EDGE_CURVE('',#1276,#1251,#104,.T.);
#985=EDGE_CURVE('',#1179,#1272,#105,.T.);
#986=EDGE_CURVE('',#1256,#1286,#106,.F.);
#987=EDGE_CURVE('',#1286,#1287,#1516,.T.);
#988=EDGE_CURVE('',#1288,#1287,#1517,.T.);
#989=EDGE_CURVE('',#1288,#1289,#1518,.T.);
#990=EDGE_CURVE('',#1289,#1290,#107,.T.);
#991=EDGE_CURVE('',#1291,#1290,#1519,.T.);
#992=EDGE_CURVE('',#1291,#1180,#1520,.T.);
#993=EDGE_CURVE('',#1219,#1243,#1521,.T.);
#994=EDGE_CURVE('',#1218,#1244,#1522,.T.);
#995=EDGE_CURVE('',#1245,#1217,#1523,.F.);
#996=EDGE_CURVE('',#1216,#1246,#1524,.T.);
#997=EDGE_CURVE('',#1215,#1247,#1525,.T.);
#998=EDGE_CURVE('',#1214,#1248,#1526,.T.);
#999=EDGE_CURVE('',#1286,#1229,#1527,.F.);
#1000=EDGE_CURVE('',#1228,#1287,#1528,.T.);
#1001=EDGE_CURVE('',#1227,#1288,#1529,.T.);
#1002=EDGE_CURVE('',#1226,#1289,#1530,.T.);
#1003=EDGE_CURVE('',#1290,#1225,#1531,.F.);
#1004=EDGE_CURVE('',#1224,#1291,#1532,.T.);
#1005=EDGE_CURVE('',#1186,#1292,#1533,.T.);
#1006=EDGE_CURVE('',#1292,#1153,#1534,.F.);
#1007=EDGE_CURVE('',#1293,#1294,#108,.F.);
#1008=EDGE_CURVE('',#1294,#1295,#1535,.F.);
#1009=EDGE_CURVE('',#1190,#1295,#1536,.T.);
#1010=EDGE_CURVE('',#1189,#1293,#1537,.T.);
#1011=EDGE_CURVE('',#1295,#1158,#1538,.F.);
#1012=EDGE_CURVE('',#1296,#1297,#109,.T.);
#1013=EDGE_CURVE('',#1297,#1292,#1539,.T.);
#1014=EDGE_CURVE('',#1185,#1296,#1540,.T.);
#1015=EDGE_CURVE('',#1298,#1299,#1541,.T.);
#1016=EDGE_CURVE('',#1299,#1300,#1542,.T.);
#1017=EDGE_CURVE('',#1300,#1301,#1543,.F.);
#1018=EDGE_CURVE('',#1301,#1298,#1544,.T.);
#1019=EDGE_CURVE('',#1170,#1296,#1545,.T.);
#1020=EDGE_CURVE('',#1160,#1203,#1546,.F.);
#1021=EDGE_CURVE('',#1159,#1297,#1547,.T.);
#1022=EDGE_CURVE('',#1297,#1169,#1548,.F.);
#1023=EDGE_CURVE('',#1204,#1169,#1549,.T.);
#1024=EDGE_CURVE('',#1204,#1159,#1550,.T.);
#1025=EDGE_CURVE('',#1294,#1154,#1551,.T.);
#1026=EDGE_CURVE('',#1294,#1164,#1552,.T.);
#1027=EDGE_CURVE('',#1164,#1173,#1553,.T.);
#1028=EDGE_CURVE('',#1173,#1154,#1554,.F.);
#1029=EDGE_CURVE('',#1155,#1172,#1555,.T.);
#1030=EDGE_CURVE('',#1165,#1293,#1556,.F.);
#1031=EDGE_CURVE('',#1174,#1302,#1557,.T.);
#1032=EDGE_CURVE('',#1187,#1302,#1558,.T.);
#1033=EDGE_CURVE('',#1302,#1303,#1559,.T.);
#1034=EDGE_CURVE('',#1188,#1303,#1560,.T.);
#1035=EDGE_CURVE('',#1303,#1163,#1561,.F.);
#1036=EDGE_CURVE('',#1208,#1168,#1562,.T.);
#1037=EDGE_CURVE('',#1205,#1209,#1563,.F.);
#1038=EDGE_CURVE('',#1304,#1305,#1564,.F.);
#1039=EDGE_CURVE('',#1305,#1206,#1565,.F.);
#1040=EDGE_CURVE('',#1207,#1211,#1566,.T.);
#1041=EDGE_CURVE('',#1210,#1304,#1567,.T.);
#1042=EDGE_CURVE('',#1306,#1307,#1568,.T.);
#1043=EDGE_CURVE('',#1307,#1308,#1569,.F.);
#1044=EDGE_CURVE('',#1308,#1309,#1570,.F.);
#1045=EDGE_CURVE('',#1309,#1306,#1571,.T.);
#1046=EDGE_CURVE('',#1310,#1311,#1572,.T.);
#1047=EDGE_CURVE('',#1311,#1312,#110,.F.);
#1048=EDGE_CURVE('',#1312,#1211,#1573,.T.);
#1049=EDGE_CURVE('',#1207,#1313,#1574,.T.);
#1050=EDGE_CURVE('',#1313,#1310,#111,.F.);
#1051=EDGE_CURVE('',#1223,#1314,#76,.T.);
#1052=EDGE_CURVE('',#1314,#1313,#1575,.F.);
#1053=EDGE_CURVE('',#1315,#1316,#1576,.T.);
#1054=EDGE_CURVE('',#1316,#1311,#1577,.F.);
#1055=EDGE_CURVE('',#1310,#1315,#1578,.T.);
#1056=EDGE_CURVE('',#1312,#1317,#1579,.T.);
#1057=EDGE_CURVE('',#1317,#1220,#77,.F.);
#1058=EDGE_CURVE('',#1168,#1305,#14,.T.);
#1059=EDGE_CURVE('',#1304,#1205,#15,.F.);
#1060=EDGE_CURVE('',#1306,#1163,#16,.F.);
#1061=EDGE_CURVE('',#1174,#1309,#17,.T.);
#1062=EDGE_CURVE('',#1302,#1308,#18,.T.);
#1063=EDGE_CURVE('',#1307,#1303,#19,.F.);
#1064=EDGE_CURVE('',#1299,#1153,#20,.F.);
#1065=EDGE_CURVE('',#1295,#1298,#21,.T.);
#1066=EDGE_CURVE('',#1158,#1301,#22,.T.);
#1067=EDGE_CURVE('',#1300,#1292,#23,.F.);
#1068=EDGE_CURVE('',#1317,#1316,#112,.T.);
#1069=EDGE_CURVE('',#1221,#1316,#113,.T.);
#1070=EDGE_CURVE('',#1315,#1314,#114,.T.);
#1071=EDGE_CURVE('',#1222,#1315,#115,.T.);
#1072=EDGE_CURVE('',#1318,#1319,#1580,.T.);
#1073=EDGE_CURVE('',#1319,#1320,#1581,.F.);
#1074=EDGE_CURVE('',#1321,#1320,#1582,.T.);
#1075=EDGE_CURVE('',#1321,#1318,#1583,.T.);
#1076=EDGE_CURVE('',#1322,#1321,#1584,.T.);
#1077=EDGE_CURVE('',#1322,#1323,#1585,.T.);
#1078=EDGE_CURVE('',#1323,#1318,#1586,.T.);
#1079=EDGE_CURVE('',#1324,#1325,#1587,.T.);
#1080=EDGE_CURVE('',#1325,#1326,#1588,.F.);
#1081=EDGE_CURVE('',#1326,#1327,#1589,.T.);
#1082=EDGE_CURVE('',#1327,#1328,#116,.T.);
#1083=EDGE_CURVE('',#1328,#1329,#1590,.T.);
#1084=EDGE_CURVE('',#1330,#1329,#1591,.T.);
#1085=EDGE_CURVE('',#1331,#1330,#1592,.T.);
#1086=EDGE_CURVE('',#1331,#1332,#1593,.T.);
#1087=EDGE_CURVE('',#1332,#1333,#117,.F.);
#1088=EDGE_CURVE('',#1333,#1334,#1594,.F.);
#1089=EDGE_CURVE('',#1334,#1146,#1595,.T.);
#1090=EDGE_CURVE('',#1335,#1144,#1596,.T.);
#1091=EDGE_CURVE('',#1335,#1336,#1597,.F.);
#1092=EDGE_CURVE('',#1336,#1337,#118,.F.);
#1093=EDGE_CURVE('',#1338,#1337,#1598,.T.);
#1094=EDGE_CURVE('',#1322,#1338,#1599,.T.);
#1095=EDGE_CURVE('',#1320,#1339,#119,.T.);
#1096=EDGE_CURVE('',#1339,#1340,#1600,.F.);
#1097=EDGE_CURVE('',#1340,#1324,#1601,.F.);
#1098=EDGE_CURVE('',#1329,#1341,#1602,.T.);
#1099=EDGE_CURVE('',#1342,#1341,#1603,.T.);
#1100=EDGE_CURVE('',#1330,#1342,#1604,.T.);
#1101=EDGE_CURVE('',#1343,#1344,#1605,.F.);
#1102=EDGE_CURVE('',#1344,#1345,#1606,.F.);
#1103=EDGE_CURVE('',#1345,#1346,#1607,.F.);
#1104=EDGE_CURVE('',#1346,#1347,#1608,.F.);
#1105=EDGE_CURVE('',#1347,#1319,#120,.F.);
#1106=EDGE_CURVE('',#1323,#1348,#1609,.T.);
#1107=EDGE_CURVE('',#1348,#1349,#1610,.T.);
#1108=EDGE_CURVE('',#1349,#1350,#121,.T.);
#1109=EDGE_CURVE('',#1350,#1351,#1611,.F.);
#1110=EDGE_CURVE('',#1351,#1145,#1612,.T.);
#1111=EDGE_CURVE('',#1352,#1147,#1613,.T.);
#1112=EDGE_CURVE('',#1352,#1353,#1614,.F.);
#1113=EDGE_CURVE('',#1353,#1354,#122,.T.);
#1114=EDGE_CURVE('',#1355,#1354,#1615,.T.);
#1115=EDGE_CURVE('',#1355,#1342,#1616,.T.);
#1116=EDGE_CURVE('',#1356,#1341,#1617,.T.);
#1117=EDGE_CURVE('',#1356,#1357,#123,.F.);
#1118=EDGE_CURVE('',#1357,#1343,#1618,.T.);
#1119=EDGE_CURVE('',#1328,#1356,#1619,.T.);
#1120=EDGE_CURVE('',#1334,#1352,#1620,.T.);
#1121=EDGE_CURVE('',#1355,#1331,#1621,.T.);
#1122=EDGE_CURVE('',#1351,#1335,#1622,.T.);
#1123=EDGE_CURVE('',#1348,#1338,#1623,.T.);
#1124=EDGE_CURVE('',#1337,#1349,#1624,.F.);
#1125=EDGE_CURVE('',#1354,#1332,#1625,.T.);
#1126=EDGE_CURVE('',#1353,#1333,#1626,.T.);
#1127=EDGE_CURVE('',#1336,#1350,#1627,.T.);
#1128=EDGE_CURVE('',#1357,#1327,#1628,.F.);
#1129=EDGE_CURVE('',#1326,#1358,#24,.T.);
#1130=EDGE_CURVE('',#1358,#1359,#1629,.F.);
#1131=EDGE_CURVE('',#1359,#1343,#25,.T.);
#1132=EDGE_CURVE('',#1339,#1347,#1630,.F.);
#1133=EDGE_CURVE('',#1346,#1360,#26,.F.);
#1134=EDGE_CURVE('',#1360,#1361,#1631,.F.);
#1135=EDGE_CURVE('',#1361,#1340,#27,.F.);
#1136=EDGE_CURVE('',#1345,#1149,#28,.T.);
#1137=EDGE_CURVE('',#1360,#1271,#29,.T.);
#1138=EDGE_CURVE('',#1361,#1270,#30,.T.);
#1139=EDGE_CURVE('',#1268,#1324,#31,.T.);
#1140=EDGE_CURVE('',#1264,#1359,#32,.F.);
#1141=EDGE_CURVE('',#1150,#1344,#33,.T.);
#1142=EDGE_CURVE('',#1265,#1358,#34,.F.);
#1143=EDGE_CURVE('',#1325,#1266,#35,.T.);
#1144=VERTEX_POINT('',#3220);
#1145=VERTEX_POINT('',#3221);
#1146=VERTEX_POINT('',#3223);
#1147=VERTEX_POINT('',#3225);
#1148=VERTEX_POINT('',#3229);
#1149=VERTEX_POINT('',#3230);
#1150=VERTEX_POINT('',#3232);
#1151=VERTEX_POINT('',#3234);
#1152=VERTEX_POINT('',#3238);
#1153=VERTEX_POINT('',#3239);
#1154=VERTEX_POINT('',#3241);
#1155=VERTEX_POINT('',#3243);
#1156=VERTEX_POINT('',#3245);
#1157=VERTEX_POINT('',#3249);
#1158=VERTEX_POINT('',#3250);
#1159=VERTEX_POINT('',#3252);
#1160=VERTEX_POINT('',#3254);
#1161=VERTEX_POINT('',#3256);
#1162=VERTEX_POINT('',#3260);
#1163=VERTEX_POINT('',#3261);
#1164=VERTEX_POINT('',#3263);
#1165=VERTEX_POINT('',#3265);
#1166=VERTEX_POINT('',#3267);
#1167=VERTEX_POINT('',#3271);
#1168=VERTEX_POINT('',#3272);
#1169=VERTEX_POINT('',#3274);
#1170=VERTEX_POINT('',#3276);
#1171=VERTEX_POINT('',#3278);
#1172=VERTEX_POINT('',#3282);
#1173=VERTEX_POINT('',#3283);
#1174=VERTEX_POINT('',#3285);
#1175=VERTEX_POINT('',#3287);
#1176=VERTEX_POINT('',#3289);
#1177=VERTEX_POINT('',#3293);
#1178=VERTEX_POINT('',#3294);
#1179=VERTEX_POINT('',#3296);
#1180=VERTEX_POINT('',#3298);
#1181=VERTEX_POINT('',#3300);
#1182=VERTEX_POINT('',#3302);
#1183=VERTEX_POINT('',#3304);
#1184=VERTEX_POINT('',#3306);
#1185=VERTEX_POINT('',#3309);
#1186=VERTEX_POINT('',#3311);
#1187=VERTEX_POINT('',#3315);
#1188=VERTEX_POINT('',#3317);
#1189=VERTEX_POINT('',#3320);
#1190=VERTEX_POINT('',#3322);
#1191=VERTEX_POINT('',#3325);
#1192=VERTEX_POINT('',#3327);
#1193=VERTEX_POINT('',#3329);
#1194=VERTEX_POINT('',#3331);
#1195=VERTEX_POINT('',#3333);
#1196=VERTEX_POINT('',#3335);
#1197=VERTEX_POINT('',#3337);
#1198=VERTEX_POINT('',#3339);
#1199=VERTEX_POINT('',#3341);
#1200=VERTEX_POINT('',#3343);
#1201=VERTEX_POINT('',#3345);
#1202=VERTEX_POINT('',#3347);
#1203=VERTEX_POINT('',#3351);
#1204=VERTEX_POINT('',#3352);
#1205=VERTEX_POINT('',#3354);
#1206=VERTEX_POINT('',#3359);
#1207=VERTEX_POINT('',#3360);
#1208=VERTEX_POINT('',#3362);
#1209=VERTEX_POINT('',#3367);
#1210=VERTEX_POINT('',#3369);
#1211=VERTEX_POINT('',#3371);
#1212=VERTEX_POINT('',#3375);
#1213=VERTEX_POINT('',#3376);
#1214=VERTEX_POINT('',#3378);
#1215=VERTEX_POINT('',#3380);
#1216=VERTEX_POINT('',#3382);
#1217=VERTEX_POINT('',#3384);
#1218=VERTEX_POINT('',#3386);
#1219=VERTEX_POINT('',#3388);
#1220=VERTEX_POINT('',#3391);
#1221=VERTEX_POINT('',#3393);
#1222=VERTEX_POINT('',#3395);
#1223=VERTEX_POINT('',#3397);
#1224=VERTEX_POINT('',#3400);
#1225=VERTEX_POINT('',#3402);
#1226=VERTEX_POINT('',#3404);
#1227=VERTEX_POINT('',#3406);
#1228=VERTEX_POINT('',#3408);
#1229=VERTEX_POINT('',#3410);
#1230=VERTEX_POINT('',#3412);
#1231=VERTEX_POINT('',#3414);
#1232=VERTEX_POINT('',#3419);
#1233=VERTEX_POINT('',#3421);
#1234=VERTEX_POINT('',#3423);
#1235=VERTEX_POINT('',#3425);
#1236=VERTEX_POINT('',#3427);
#1237=VERTEX_POINT('',#3429);
#1238=VERTEX_POINT('',#3431);
#1239=VERTEX_POINT('',#3433);
#1240=VERTEX_POINT('',#3435);
#1241=VERTEX_POINT('',#3439);
#1242=VERTEX_POINT('',#3440);
#1243=VERTEX_POINT('',#3443);
#1244=VERTEX_POINT('',#3445);
#1245=VERTEX_POINT('',#3447);
#1246=VERTEX_POINT('',#3449);
#1247=VERTEX_POINT('',#3451);
#1248=VERTEX_POINT('',#3453);
#1249=VERTEX_POINT('',#3455);
#1250=VERTEX_POINT('',#3459);
#1251=VERTEX_POINT('',#3460);
#1252=VERTEX_POINT('',#3462);
#1253=VERTEX_POINT('',#3464);
#1254=VERTEX_POINT('',#3468);
#1255=VERTEX_POINT('',#3469);
#1256=VERTEX_POINT('',#3477);
#1257=VERTEX_POINT('',#3479);
#1258=VERTEX_POINT('',#3483);
#1259=VERTEX_POINT('',#3487);
#1260=VERTEX_POINT('',#3491);
#1261=VERTEX_POINT('',#3492);
#1262=VERTEX_POINT('',#3497);
#1263=VERTEX_POINT('',#3501);
#1264=VERTEX_POINT('',#3505);
#1265=VERTEX_POINT('',#3506);
#1266=VERTEX_POINT('',#3508);
#1267=VERTEX_POINT('',#3510);
#1268=VERTEX_POINT('',#3516);
#1269=VERTEX_POINT('',#3518);
#1270=VERTEX_POINT('',#3522);
#1271=VERTEX_POINT('',#3524);
#1272=VERTEX_POINT('',#3527);
#1273=VERTEX_POINT('',#3529);
#1274=VERTEX_POINT('',#3534);
#1275=VERTEX_POINT('',#3535);
#1276=VERTEX_POINT('',#3537);
#1277=VERTEX_POINT('',#3539);
#1278=VERTEX_POINT('',#3543);
#1279=VERTEX_POINT('',#3545);
#1280=VERTEX_POINT('',#3549);
#1281=VERTEX_POINT('',#3551);
#1282=VERTEX_POINT('',#3555);
#1283=VERTEX_POINT('',#3556);
#1284=VERTEX_POINT('',#3558);
#1285=VERTEX_POINT('',#3560);
#1286=VERTEX_POINT('',#3577);
#1287=VERTEX_POINT('',#3579);
#1288=VERTEX_POINT('',#3581);
#1289=VERTEX_POINT('',#3583);
#1290=VERTEX_POINT('',#3585);
#1291=VERTEX_POINT('',#3587);
#1292=VERTEX_POINT('',#3613);
#1293=VERTEX_POINT('',#3617);
#1294=VERTEX_POINT('',#3618);
#1295=VERTEX_POINT('',#3620);
#1296=VERTEX_POINT('',#3627);
#1297=VERTEX_POINT('',#3628);
#1298=VERTEX_POINT('',#3633);
#1299=VERTEX_POINT('',#3634);
#1300=VERTEX_POINT('',#3636);
#1301=VERTEX_POINT('',#3638);
#1302=VERTEX_POINT('',#3660);
#1303=VERTEX_POINT('',#3664);
#1304=VERTEX_POINT('',#3674);
#1305=VERTEX_POINT('',#3675);
#1306=VERTEX_POINT('',#3681);
#1307=VERTEX_POINT('',#3682);
#1308=VERTEX_POINT('',#3684);
#1309=VERTEX_POINT('',#3686);
#1310=VERTEX_POINT('',#3690);
#1311=VERTEX_POINT('',#3691);
#1312=VERTEX_POINT('',#3693);
#1313=VERTEX_POINT('',#3696);
#1314=VERTEX_POINT('',#3704);
#1315=VERTEX_POINT('',#3708);
#1316=VERTEX_POINT('',#3709);
#1317=VERTEX_POINT('',#3714);
#1318=VERTEX_POINT('',#3766);
#1319=VERTEX_POINT('',#3767);
#1320=VERTEX_POINT('',#3769);
#1321=VERTEX_POINT('',#3771);
#1322=VERTEX_POINT('',#3775);
#1323=VERTEX_POINT('',#3777);
#1324=VERTEX_POINT('',#3781);
#1325=VERTEX_POINT('',#3782);
#1326=VERTEX_POINT('',#3784);
#1327=VERTEX_POINT('',#3786);
#1328=VERTEX_POINT('',#3788);
#1329=VERTEX_POINT('',#3790);
#1330=VERTEX_POINT('',#3792);
#1331=VERTEX_POINT('',#3794);
#1332=VERTEX_POINT('',#3796);
#1333=VERTEX_POINT('',#3798);
#1334=VERTEX_POINT('',#3800);
#1335=VERTEX_POINT('',#3803);
#1336=VERTEX_POINT('',#3805);
#1337=VERTEX_POINT('',#3807);
#1338=VERTEX_POINT('',#3809);
#1339=VERTEX_POINT('',#3812);
#1340=VERTEX_POINT('',#3814);
#1341=VERTEX_POINT('',#3818);
#1342=VERTEX_POINT('',#3820);
#1343=VERTEX_POINT('',#3824);
#1344=VERTEX_POINT('',#3825);
#1345=VERTEX_POINT('',#3827);
#1346=VERTEX_POINT('',#3829);
#1347=VERTEX_POINT('',#3831);
#1348=VERTEX_POINT('',#3834);
#1349=VERTEX_POINT('',#3836);
#1350=VERTEX_POINT('',#3838);
#1351=VERTEX_POINT('',#3840);
#1352=VERTEX_POINT('',#3843);
#1353=VERTEX_POINT('',#3845);
#1354=VERTEX_POINT('',#3847);
#1355=VERTEX_POINT('',#3849);
#1356=VERTEX_POINT('',#3852);
#1357=VERTEX_POINT('',#3854);
#1358=VERTEX_POINT('',#3879);
#1359=VERTEX_POINT('',#3881);
#1360=VERTEX_POINT('',#3886);
#1361=VERTEX_POINT('',#3888);
#1362=LINE('',#3219,#1632);
#1363=LINE('',#3222,#1633);
#1364=LINE('',#3224,#1634);
#1365=LINE('',#3226,#1635);
#1366=LINE('',#3228,#1636);
#1367=LINE('',#3231,#1637);
#1368=LINE('',#3233,#1638);
#1369=LINE('',#3235,#1639);
#1370=LINE('',#3237,#1640);
#1371=LINE('',#3240,#1641);
#1372=LINE('',#3244,#1642);
#1373=LINE('',#3246,#1643);
#1374=LINE('',#3248,#1644);
#1375=LINE('',#3251,#1645);
#1376=LINE('',#3255,#1646);
#1377=LINE('',#3257,#1647);
#1378=LINE('',#3259,#1648);
#1379=LINE('',#3262,#1649);
#1380=LINE('',#3266,#1650);
#1381=LINE('',#3268,#1651);
#1382=LINE('',#3270,#1652);
#1383=LINE('',#3273,#1653);
#1384=LINE('',#3277,#1654);
#1385=LINE('',#3279,#1655);
#1386=LINE('',#3284,#1656);
#1387=LINE('',#3286,#1657);
#1388=LINE('',#3288,#1658);
#1389=LINE('',#3290,#1659);
#1390=LINE('',#3292,#1660);
#1391=LINE('',#3295,#1661);
#1392=LINE('',#3297,#1662);
#1393=LINE('',#3299,#1663);
#1394=LINE('',#3301,#1664);
#1395=LINE('',#3303,#1665);
#1396=LINE('',#3305,#1666);
#1397=LINE('',#3307,#1667);
#1398=LINE('',#3308,#1668);
#1399=LINE('',#3310,#1669);
#1400=LINE('',#3312,#1670);
#1401=LINE('',#3313,#1671);
#1402=LINE('',#3314,#1672);
#1403=LINE('',#3316,#1673);
#1404=LINE('',#3318,#1674);
#1405=LINE('',#3319,#1675);
#1406=LINE('',#3321,#1676);
#1407=LINE('',#3323,#1677);
#1408=LINE('',#3324,#1678);
#1409=LINE('',#3326,#1679);
#1410=LINE('',#3328,#1680);
#1411=LINE('',#3330,#1681);
#1412=LINE('',#3332,#1682);
#1413=LINE('',#3334,#1683);
#1414=LINE('',#3336,#1684);
#1415=LINE('',#3338,#1685);
#1416=LINE('',#3340,#1686);
#1417=LINE('',#3342,#1687);
#1418=LINE('',#3344,#1688);
#1419=LINE('',#3346,#1689);
#1420=LINE('',#3348,#1690);
#1421=LINE('',#3353,#1691);
#1422=LINE('',#3355,#1692);
#1423=LINE('',#3356,#1693);
#1424=LINE('',#3358,#1694);
#1425=LINE('',#3363,#1695);
#1426=LINE('',#3364,#1696);
#1427=LINE('',#3366,#1697);
#1428=LINE('',#3370,#1698);
#1429=LINE('',#3372,#1699);
#1430=LINE('',#3374,#1700);
#1431=LINE('',#3379,#1701);
#1432=LINE('',#3381,#1702);
#1433=LINE('',#3383,#1703);
#1434=LINE('',#3387,#1704);
#1435=LINE('',#3389,#1705);
#1436=LINE('',#3390,#1706);
#1437=LINE('',#3394,#1707);
#1438=LINE('',#3398,#1708);
#1439=LINE('',#3399,#1709);
#1440=LINE('',#3401,#1710);
#1441=LINE('',#3405,#1711);
#1442=LINE('',#3407,#1712);
#1443=LINE('',#3409,#1713);
#1444=LINE('',#3413,#1714);
#1445=LINE('',#3415,#1715);
#1446=LINE('',#3416,#1716);
#1447=LINE('',#3420,#1717);
#1448=LINE('',#3422,#1718);
#1449=LINE('',#3426,#1719);
#1450=LINE('',#3428,#1720);
#1451=LINE('',#3430,#1721);
#1452=LINE('',#3434,#1722);
#1453=LINE('',#3436,#1723);
#1454=LINE('',#3438,#1724);
#1455=LINE('',#3442,#1725);
#1456=LINE('',#3444,#1726);
#1457=LINE('',#3448,#1727);
#1458=LINE('',#3450,#1728);
#1459=LINE('',#3452,#1729);
#1460=LINE('',#3456,#1730);
#1461=LINE('',#3458,#1731);
#1462=LINE('',#3461,#1732);
#1463=LINE('',#3463,#1733);
#1464=LINE('',#3465,#1734);
#1465=LINE('',#3467,#1735);
#1466=LINE('',#3470,#1736);
#1467=LINE('',#3471,#1737);
#1468=LINE('',#3473,#1738);
#1469=LINE('',#3474,#1739);
#1470=LINE('',#3476,#1740);
#1471=LINE('',#3478,#1741);
#1472=LINE('',#3480,#1742);
#1473=LINE('',#3482,#1743);
#1474=LINE('',#3484,#1744);
#1475=LINE('',#3486,#1745);
#1476=LINE('',#3488,#1746);
#1477=LINE('',#3490,#1747);
#1478=LINE('',#3493,#1748);
#1479=LINE('',#3494,#1749);
#1480=LINE('',#3496,#1750);
#1481=LINE('',#3498,#1751);
#1482=LINE('',#3500,#1752);
#1483=LINE('',#3502,#1753);
#1484=LINE('',#3504,#1754);
#1485=LINE('',#3507,#1755);
#1486=LINE('',#3509,#1756);
#1487=LINE('',#3511,#1757);
#1488=LINE('',#3512,#1758);
#1489=LINE('',#3513,#1759);
#1490=LINE('',#3515,#1760);
#1491=LINE('',#3517,#1761);
#1492=LINE('',#3519,#1762);
#1493=LINE('',#3521,#1763);
#1494=LINE('',#3523,#1764);
#1495=LINE('',#3525,#1765);
#1496=LINE('',#3526,#1766);
#1497=LINE('',#3528,#1767);
#1498=LINE('',#3530,#1768);
#1499=LINE('',#3531,#1769);
#1500=LINE('',#3533,#1770);
#1501=LINE('',#3536,#1771);
#1502=LINE('',#3538,#1772);
#1503=LINE('',#3540,#1773);
#1504=LINE('',#3542,#1774);
#1505=LINE('',#3544,#1775);
#1506=LINE('',#3546,#1776);
#1507=LINE('',#3548,#1777);
#1508=LINE('',#3550,#1778);
#1509=LINE('',#3552,#1779);
#1510=LINE('',#3554,#1780);
#1511=LINE('',#3557,#1781);
#1512=LINE('',#3559,#1782);
#1513=LINE('',#3561,#1783);
#1514=LINE('',#3563,#1784);
#1515=LINE('',#3564,#1785);
#1516=LINE('',#3578,#1786);
#1517=LINE('',#3580,#1787);
#1518=LINE('',#3582,#1788);
#1519=LINE('',#3586,#1789);
#1520=LINE('',#3588,#1790);
#1521=LINE('',#3590,#1791);
#1522=LINE('',#3592,#1792);
#1523=LINE('',#3594,#1793);
#1524=LINE('',#3595,#1794);
#1525=LINE('',#3597,#1795);
#1526=LINE('',#3599,#1796);
#1527=LINE('',#3601,#1797);
#1528=LINE('',#3602,#1798);
#1529=LINE('',#3604,#1799);
#1530=LINE('',#3606,#1800);
#1531=LINE('',#3608,#1801);
#1532=LINE('',#3609,#1802);
#1533=LINE('',#3612,#1803);
#1534=LINE('',#3614,#1804);
#1535=LINE('',#3619,#1805);
#1536=LINE('',#3621,#1806);
#1537=LINE('',#3622,#1807);
#1538=LINE('',#3624,#1808);
#1539=LINE('',#3629,#1809);
#1540=LINE('',#3630,#1810);
#1541=LINE('',#3632,#1811);
#1542=LINE('',#3635,#1812);
#1543=LINE('',#3637,#1813);
#1544=LINE('',#3639,#1814);
#1545=LINE('',#3641,#1815);
#1546=LINE('',#3643,#1816);
#1547=LINE('',#3645,#1817);
#1548=LINE('',#3646,#1818);
#1549=LINE('',#3647,#1819);
#1550=LINE('',#3648,#1820);
#1551=LINE('',#3650,#1821);
#1552=LINE('',#3651,#1822);
#1553=LINE('',#3652,#1823);
#1554=LINE('',#3653,#1824);
#1555=LINE('',#3655,#1825);
#1556=LINE('',#3657,#1826);
#1557=LINE('',#3659,#1827);
#1558=LINE('',#3661,#1828);
#1559=LINE('',#3663,#1829);
#1560=LINE('',#3665,#1830);
#1561=LINE('',#3667,#1831);
#1562=LINE('',#3669,#1832);
#1563=LINE('',#3671,#1833);
#1564=LINE('',#3673,#1834);
#1565=LINE('',#3676,#1835);
#1566=LINE('',#3677,#1836);
#1567=LINE('',#3678,#1837);
#1568=LINE('',#3680,#1838);
#1569=LINE('',#3683,#1839);
#1570=LINE('',#3685,#1840);
#1571=LINE('',#3687,#1841);
#1572=LINE('',#3689,#1842);
#1573=LINE('',#3694,#1843);
#1574=LINE('',#3695,#1844);
#1575=LINE('',#3705,#1845);
#1576=LINE('',#3707,#1846);
#1577=LINE('',#3710,#1847);
#1578=LINE('',#3711,#1848);
#1579=LINE('',#3713,#1849);
#1580=LINE('',#3765,#1850);
#1581=LINE('',#3768,#1851);
#1582=LINE('',#3770,#1852);
#1583=LINE('',#3772,#1853);
#1584=LINE('',#3774,#1854);
#1585=LINE('',#3776,#1855);
#1586=LINE('',#3778,#1856);
#1587=LINE('',#3780,#1857);
#1588=LINE('',#3783,#1858);
#1589=LINE('',#3785,#1859);
#1590=LINE('',#3789,#1860);
#1591=LINE('',#3791,#1861);
#1592=LINE('',#3793,#1862);
#1593=LINE('',#3795,#1863);
#1594=LINE('',#3799,#1864);
#1595=LINE('',#3801,#1865);
#1596=LINE('',#3802,#1866);
#1597=LINE('',#3804,#1867);
#1598=LINE('',#3808,#1868);
#1599=LINE('',#3810,#1869);
#1600=LINE('',#3813,#1870);
#1601=LINE('',#3815,#1871);
#1602=LINE('',#3817,#1872);
#1603=LINE('',#3819,#1873);
#1604=LINE('',#3821,#1874);
#1605=LINE('',#3823,#1875);
#1606=LINE('',#3826,#1876);
#1607=LINE('',#3828,#1877);
#1608=LINE('',#3830,#1878);
#1609=LINE('',#3833,#1879);
#1610=LINE('',#3835,#1880);
#1611=LINE('',#3839,#1881);
#1612=LINE('',#3841,#1882);
#1613=LINE('',#3842,#1883);
#1614=LINE('',#3844,#1884);
#1615=LINE('',#3848,#1885);
#1616=LINE('',#3850,#1886);
#1617=LINE('',#3851,#1887);
#1618=LINE('',#3855,#1888);
#1619=LINE('',#3857,#1889);
#1620=LINE('',#3859,#1890);
#1621=LINE('',#3861,#1891);
#1622=LINE('',#3863,#1892);
#1623=LINE('',#3865,#1893);
#1624=LINE('',#3867,#1894);
#1625=LINE('',#3869,#1895);
#1626=LINE('',#3871,#1896);
#1627=LINE('',#3873,#1897);
#1628=LINE('',#3877,#1898);
#1629=LINE('',#3880,#1899);
#1630=LINE('',#3884,#1900);
#1631=LINE('',#3887,#1901);
#1632=VECTOR('',#2565,1.);
#1633=VECTOR('',#2566,1.);
#1634=VECTOR('',#2567,1.);
#1635=VECTOR('',#2568,1.);
#1636=VECTOR('',#2571,1.);
#1637=VECTOR('',#2572,1.);
#1638=VECTOR('',#2573,1.);
#1639=VECTOR('',#2574,1.);
#1640=VECTOR('',#2577,1.);
#1641=VECTOR('',#2578,1.);
#1642=VECTOR('',#2581,1.);
#1643=VECTOR('',#2582,1.);
#1644=VECTOR('',#2585,1.);
#1645=VECTOR('',#2586,1.);
#1646=VECTOR('',#2589,1.);
#1647=VECTOR('',#2590,1.);
#1648=VECTOR('',#2593,1.);
#1649=VECTOR('',#2594,1.);
#1650=VECTOR('',#2597,1.);
#1651=VECTOR('',#2598,1.);
#1652=VECTOR('',#2601,1.);
#1653=VECTOR('',#2602,1.);
#1654=VECTOR('',#2605,1.);
#1655=VECTOR('',#2606,1.);
#1656=VECTOR('',#2611,1.);
#1657=VECTOR('',#2612,1.);
#1658=VECTOR('',#2613,1.);
#1659=VECTOR('',#2614,1.);
#1660=VECTOR('',#2617,1.);
#1661=VECTOR('',#2618,1.);
#1662=VECTOR('',#2619,1.);
#1663=VECTOR('',#2620,1.);
#1664=VECTOR('',#2621,1.);
#1665=VECTOR('',#2622,1.);
#1666=VECTOR('',#2623,1.);
#1667=VECTOR('',#2624,1.);
#1668=VECTOR('',#2625,1.);
#1669=VECTOR('',#2626,1.);
#1670=VECTOR('',#2627,1.);
#1671=VECTOR('',#2628,1.);
#1672=VECTOR('',#2629,1.);
#1673=VECTOR('',#2630,1.);
#1674=VECTOR('',#2631,1.);
#1675=VECTOR('',#2632,1.);
#1676=VECTOR('',#2633,1.);
#1677=VECTOR('',#2634,1.);
#1678=VECTOR('',#2635,1.);
#1679=VECTOR('',#2636,1.);
#1680=VECTOR('',#2637,1.);
#1681=VECTOR('',#2638,1.);
#1682=VECTOR('',#2639,1.);
#1683=VECTOR('',#2640,1.);
#1684=VECTOR('',#2641,1.);
#1685=VECTOR('',#2642,1.);
#1686=VECTOR('',#2643,1.);
#1687=VECTOR('',#2644,1.);
#1688=VECTOR('',#2645,1.);
#1689=VECTOR('',#2646,1.);
#1690=VECTOR('',#2647,1.);
#1691=VECTOR('',#2652,1.);
#1692=VECTOR('',#2653,1.);
#1693=VECTOR('',#2654,1.);
#1694=VECTOR('',#2657,1.);
#1695=VECTOR('',#2660,1.);
#1696=VECTOR('',#2661,1.);
#1697=VECTOR('',#2664,1.);
#1698=VECTOR('',#2667,1.);
#1699=VECTOR('',#2668,1.);
#1700=VECTOR('',#2671,1.);
#1701=VECTOR('',#2674,1.);
#1702=VECTOR('',#2675,1.);
#1703=VECTOR('',#2676,1.);
#1704=VECTOR('',#2679,1.);
#1705=VECTOR('',#2680,1.);
#1706=VECTOR('',#2681,1.);
#1707=VECTOR('',#2684,1.);
#1708=VECTOR('',#2687,1.);
#1709=VECTOR('',#2688,1.);
#1710=VECTOR('',#2689,1.);
#1711=VECTOR('',#2692,1.);
#1712=VECTOR('',#2693,1.);
#1713=VECTOR('',#2694,1.);
#1714=VECTOR('',#2697,1.);
#1715=VECTOR('',#2698,1.);
#1716=VECTOR('',#2699,1.);
#1717=VECTOR('',#2704,1.);
#1718=VECTOR('',#2705,1.);
#1719=VECTOR('',#2708,1.);
#1720=VECTOR('',#2709,1.);
#1721=VECTOR('',#2710,1.);
#1722=VECTOR('',#2713,1.);
#1723=VECTOR('',#2714,1.);
#1724=VECTOR('',#2717,1.);
#1725=VECTOR('',#2720,1.);
#1726=VECTOR('',#2721,1.);
#1727=VECTOR('',#2724,1.);
#1728=VECTOR('',#2725,1.);
#1729=VECTOR('',#2726,1.);
#1730=VECTOR('',#2729,1.);
#1731=VECTOR('',#2732,1.);
#1732=VECTOR('',#2733,1.);
#1733=VECTOR('',#2734,1.);
#1734=VECTOR('',#2735,1.);
#1735=VECTOR('',#2738,1.);
#1736=VECTOR('',#2739,1.);
#1737=VECTOR('',#2740,1.);
#1738=VECTOR('',#2743,1.);
#1739=VECTOR('',#2744,1.);
#1740=VECTOR('',#2747,1.);
#1741=VECTOR('',#2748,1.);
#1742=VECTOR('',#2749,1.);
#1743=VECTOR('',#2752,1.);
#1744=VECTOR('',#2753,1.);
#1745=VECTOR('',#2756,1.);
#1746=VECTOR('',#2757,1.);
#1747=VECTOR('',#2760,1.);
#1748=VECTOR('',#2761,1.);
#1749=VECTOR('',#2762,1.);
#1750=VECTOR('',#2765,1.);
#1751=VECTOR('',#2766,1.);
#1752=VECTOR('',#2769,1.);
#1753=VECTOR('',#2770,1.);
#1754=VECTOR('',#2773,1.);
#1755=VECTOR('',#2774,1.);
#1756=VECTOR('',#2775,1.);
#1757=VECTOR('',#2776,1.);
#1758=VECTOR('',#2777,1.);
#1759=VECTOR('',#2778,1.);
#1760=VECTOR('',#2781,1.);
#1761=VECTOR('',#2782,1.);
#1762=VECTOR('',#2783,1.);
#1763=VECTOR('',#2786,1.);
#1764=VECTOR('',#2787,1.);
#1765=VECTOR('',#2788,1.);
#1766=VECTOR('',#2789,1.);
#1767=VECTOR('',#2790,1.);
#1768=VECTOR('',#2791,1.);
#1769=VECTOR('',#2792,1.);
#1770=VECTOR('',#2795,1.);
#1771=VECTOR('',#2796,1.);
#1772=VECTOR('',#2797,1.);
#1773=VECTOR('',#2798,1.);
#1774=VECTOR('',#2801,1.);
#1775=VECTOR('',#2802,1.);
#1776=VECTOR('',#2803,1.);
#1777=VECTOR('',#2806,1.);
#1778=VECTOR('',#2807,1.);
#1779=VECTOR('',#2808,1.);
#1780=VECTOR('',#2811,1.);
#1781=VECTOR('',#2812,1.);
#1782=VECTOR('',#2813,1.);
#1783=VECTOR('',#2814,1.);
#1784=VECTOR('',#2817,1.);
#1785=VECTOR('',#2818,1.);
#1786=VECTOR('',#2843,1.);
#1787=VECTOR('',#2844,1.);
#1788=VECTOR('',#2845,1.);
#1789=VECTOR('',#2848,1.);
#1790=VECTOR('',#2849,1.);
#1791=VECTOR('',#2852,1.);
#1792=VECTOR('',#2855,1.);
#1793=VECTOR('',#2858,1.);
#1794=VECTOR('',#2859,1.);
#1795=VECTOR('',#2862,1.);
#1796=VECTOR('',#2865,1.);
#1797=VECTOR('',#2868,1.);
#1798=VECTOR('',#2869,1.);
#1799=VECTOR('',#2872,1.);
#1800=VECTOR('',#2875,1.);
#1801=VECTOR('',#2878,1.);
#1802=VECTOR('',#2879,1.);
#1803=VECTOR('',#2884,1.);
#1804=VECTOR('',#2885,1.);
#1805=VECTOR('',#2890,1.);
#1806=VECTOR('',#2891,1.);
#1807=VECTOR('',#2892,1.);
#1808=VECTOR('',#2895,1.);
#1809=VECTOR('',#2900,1.);
#1810=VECTOR('',#2901,1.);
#1811=VECTOR('',#2904,1.);
#1812=VECTOR('',#2905,1.);
#1813=VECTOR('',#2906,1.);
#1814=VECTOR('',#2907,1.);
#1815=VECTOR('',#2910,1.);
#1816=VECTOR('',#2913,1.);
#1817=VECTOR('',#2916,1.);
#1818=VECTOR('',#2917,1.);
#1819=VECTOR('',#2918,1.);
#1820=VECTOR('',#2919,1.);
#1821=VECTOR('',#2922,1.);
#1822=VECTOR('',#2923,1.);
#1823=VECTOR('',#2924,1.);
#1824=VECTOR('',#2925,1.);
#1825=VECTOR('',#2928,1.);
#1826=VECTOR('',#2931,1.);
#1827=VECTOR('',#2934,1.);
#1828=VECTOR('',#2935,1.);
#1829=VECTOR('',#2938,1.);
#1830=VECTOR('',#2939,1.);
#1831=VECTOR('',#2942,1.);
#1832=VECTOR('',#2945,1.);
#1833=VECTOR('',#2948,1.);
#1834=VECTOR('',#2951,1.);
#1835=VECTOR('',#2952,1.);
#1836=VECTOR('',#2953,1.);
#1837=VECTOR('',#2954,1.);
#1838=VECTOR('',#2957,1.);
#1839=VECTOR('',#2958,1.);
#1840=VECTOR('',#2959,1.);
#1841=VECTOR('',#2960,1.);
#1842=VECTOR('',#2963,1.);
#1843=VECTOR('',#2966,1.);
#1844=VECTOR('',#2967,1.);
#1845=VECTOR('',#2972,1.);
#1846=VECTOR('',#2975,1.);
#1847=VECTOR('',#2976,1.);
#1848=VECTOR('',#2977,1.);
#1849=VECTOR('',#2980,1.);
#1850=VECTOR('',#3071,1.);
#1851=VECTOR('',#3072,1.);
#1852=VECTOR('',#3073,1.);
#1853=VECTOR('',#3074,1.);
#1854=VECTOR('',#3077,1.);
#1855=VECTOR('',#3078,1.);
#1856=VECTOR('',#3079,1.);
#1857=VECTOR('',#3082,1.);
#1858=VECTOR('',#3083,1.);
#1859=VECTOR('',#3084,1.);
#1860=VECTOR('',#3087,1.);
#1861=VECTOR('',#3088,1.);
#1862=VECTOR('',#3089,1.);
#1863=VECTOR('',#3090,1.);
#1864=VECTOR('',#3093,1.);
#1865=VECTOR('',#3094,1.);
#1866=VECTOR('',#3095,1.);
#1867=VECTOR('',#3096,1.);
#1868=VECTOR('',#3099,1.);
#1869=VECTOR('',#3100,1.);
#1870=VECTOR('',#3103,1.);
#1871=VECTOR('',#3104,1.);
#1872=VECTOR('',#3107,1.);
#1873=VECTOR('',#3108,1.);
#1874=VECTOR('',#3109,1.);
#1875=VECTOR('',#3112,1.);
#1876=VECTOR('',#3113,1.);
#1877=VECTOR('',#3114,1.);
#1878=VECTOR('',#3115,1.);
#1879=VECTOR('',#3118,1.);
#1880=VECTOR('',#3119,1.);
#1881=VECTOR('',#3122,1.);
#1882=VECTOR('',#3123,1.);
#1883=VECTOR('',#3124,1.);
#1884=VECTOR('',#3125,1.);
#1885=VECTOR('',#3128,1.);
#1886=VECTOR('',#3129,1.);
#1887=VECTOR('',#3130,1.);
#1888=VECTOR('',#3133,1.);
#1889=VECTOR('',#3136,1.);
#1890=VECTOR('',#3139,1.);
#1891=VECTOR('',#3142,1.);
#1892=VECTOR('',#3145,1.);
#1893=VECTOR('',#3148,1.);
#1894=VECTOR('',#3151,1.);
#1895=VECTOR('',#3154,1.);
#1896=VECTOR('',#3157,1.);
#1897=VECTOR('',#3160,1.);
#1898=VECTOR('',#3167,1.);
#1899=VECTOR('',#3170,1.);
#1900=VECTOR('',#3175,1.);
#1901=VECTOR('',#3178,1.);
#1902=EDGE_LOOP('',(#124,#125,#126,#127));
#1903=EDGE_LOOP('',(#128,#129,#130,#131));
#1904=EDGE_LOOP('',(#132,#133,#134,#135,#136));
#1905=EDGE_LOOP('',(#137,#138,#139,#140,#141));
#1906=EDGE_LOOP('',(#142,#143,#144,#145,#146));
#1907=EDGE_LOOP('',(#147,#148,#149,#150,#151));
#1908=EDGE_LOOP('',(#152,#153,#154,#155,#156));
#1909=EDGE_LOOP('',(#157,#158,#159,#160,#161,#162,#163,#164,#165,#166,#167,
#168,#169,#170,#171,#172,#173,#174,#175,#176,#177,#178,#179,#180,#181,#182,
#183,#184,#185,#186,#187,#188,#189,#190,#191,#192));
#1910=EDGE_LOOP('',(#193,#194,#195,#196,#197));
#1911=EDGE_LOOP('',(#198,#199,#200,#201,#202));
#1912=EDGE_LOOP('',(#203,#204,#205,#206,#207));
#1913=EDGE_LOOP('',(#208,#209,#210,#211,#212,#213,#214,#215,#216,#217,#218,
#219,#220,#221,#222,#223,#224,#225,#226,#227,#228,#229,#230,#231,#232,#233));
#1914=EDGE_LOOP('',(#234,#235,#236,#237,#238,#239,#240,#241,#242,#243,#244));
#1915=EDGE_LOOP('',(#245,#246,#247,#248,#249,#250,#251,#252,#253,#254,#255));
#1916=EDGE_LOOP('',(#256,#257,#258,#259));
#1917=EDGE_LOOP('',(#260,#261,#262,#263));
#1918=EDGE_LOOP('',(#264,#265,#266,#267));
#1919=EDGE_LOOP('',(#268,#269,#270,#271));
#1920=EDGE_LOOP('',(#272,#273,#274,#275));
#1921=EDGE_LOOP('',(#276,#277,#278,#279));
#1922=EDGE_LOOP('',(#280,#281,#282,#283));
#1923=EDGE_LOOP('',(#284,#285,#286,#287));
#1924=EDGE_LOOP('',(#288,#289,#290,#291));
#1925=EDGE_LOOP('',(#292,#293,#294,#295,#296,#297,#298,#299,#300,#301,#302,
#303));
#1926=EDGE_LOOP('',(#304,#305,#306,#307));
#1927=EDGE_LOOP('',(#308,#309,#310,#311,#312,#313,#314,#315,#316,#317,#318,
#319));
#1928=EDGE_LOOP('',(#320,#321,#322,#323));
#1929=EDGE_LOOP('',(#324,#325,#326,#327));
#1930=EDGE_LOOP('',(#328,#329,#330,#331));
#1931=EDGE_LOOP('',(#332,#333,#334,#335));
#1932=EDGE_LOOP('',(#336,#337,#338,#339));
#1933=EDGE_LOOP('',(#340,#341,#342,#343,#344,#345,#346,#347,#348,#349,#350,
#351,#352,#353,#354,#355,#356,#357,#358,#359));
#1934=EDGE_LOOP('',(#360,#361,#362,#363,#364,#365,#366,#367,#368,#369,#370));
#1935=EDGE_LOOP('',(#371,#372,#373,#374,#375,#376,#377,#378,#379,#380,#381));
#1936=EDGE_LOOP('',(#382,#383,#384,#385));
#1937=EDGE_LOOP('',(#386,#387,#388,#389));
#1938=EDGE_LOOP('',(#390,#391,#392,#393));
#1939=EDGE_LOOP('',(#394,#395,#396,#397));
#1940=EDGE_LOOP('',(#398,#399,#400,#401));
#1941=EDGE_LOOP('',(#402,#403,#404,#405));
#1942=EDGE_LOOP('',(#406,#407,#408,#409));
#1943=EDGE_LOOP('',(#410,#411,#412,#413));
#1944=EDGE_LOOP('',(#414,#415,#416,#417));
#1945=EDGE_LOOP('',(#418,#419,#420,#421));
#1946=EDGE_LOOP('',(#422,#423,#424,#425));
#1947=EDGE_LOOP('',(#426,#427,#428,#429,#430));
#1948=EDGE_LOOP('',(#431,#432,#433,#434));
#1949=EDGE_LOOP('',(#435,#436,#437,#438,#439));
#1950=EDGE_LOOP('',(#440,#441,#442,#443));
#1951=EDGE_LOOP('',(#444,#445,#446,#447));
#1952=EDGE_LOOP('',(#448,#449,#450,#451));
#1953=EDGE_LOOP('',(#452,#453,#454,#455));
#1954=EDGE_LOOP('',(#456,#457,#458,#459));
#1955=EDGE_LOOP('',(#460,#461,#462,#463));
#1956=EDGE_LOOP('',(#464,#465,#466,#467));
#1957=EDGE_LOOP('',(#468,#469,#470,#471));
#1958=EDGE_LOOP('',(#472,#473,#474,#475));
#1959=EDGE_LOOP('',(#476,#477,#478,#479));
#1960=EDGE_LOOP('',(#480,#481,#482,#483));
#1961=EDGE_LOOP('',(#484,#485,#486,#487));
#1962=EDGE_LOOP('',(#488,#489,#490,#491,#492,#493));
#1963=EDGE_LOOP('',(#494,#495,#496,#497));
#1964=EDGE_LOOP('',(#498,#499,#500,#501,#502,#503));
#1965=EDGE_LOOP('',(#504,#505,#506,#507,#508,#509));
#1966=EDGE_LOOP('',(#510,#511,#512,#513));
#1967=EDGE_LOOP('',(#514,#515,#516,#517,#518,#519));
#1968=EDGE_LOOP('',(#520,#521,#522,#523));
#1969=EDGE_LOOP('',(#524,#525,#526,#527));
#1970=EDGE_LOOP('',(#528,#529,#530,#531));
#1971=EDGE_LOOP('',(#532,#533,#534,#535));
#1972=EDGE_LOOP('',(#536,#537,#538,#539));
#1973=EDGE_LOOP('',(#540,#541,#542,#543));
#1974=EDGE_LOOP('',(#544,#545,#546,#547));
#1975=EDGE_LOOP('',(#548,#549,#550,#551));
#1976=EDGE_LOOP('',(#552,#553,#554,#555));
#1977=EDGE_LOOP('',(#556,#557,#558,#559));
#1978=EDGE_LOOP('',(#560,#561,#562,#563,#564,#565));
#1979=EDGE_LOOP('',(#566,#567,#568,#569,#570,#571));
#1980=EDGE_LOOP('',(#572,#573,#574,#575));
#1981=EDGE_LOOP('',(#576,#577,#578,#579));
#1982=EDGE_LOOP('',(#580,#581,#582,#583));
#1983=EDGE_LOOP('',(#584,#585,#586,#587));
#1984=EDGE_LOOP('',(#588,#589,#590,#591));
#1985=EDGE_LOOP('',(#592,#593,#594,#595,#596,#597));
#1986=EDGE_LOOP('',(#598,#599,#600,#601));
#1987=EDGE_LOOP('',(#602,#603,#604,#605));
#1988=EDGE_LOOP('',(#606,#607,#608,#609,#610,#611));
#1989=EDGE_LOOP('',(#612,#613,#614,#615));
#1990=EDGE_LOOP('',(#616,#617,#618,#619));
#1991=EDGE_LOOP('',(#620,#621,#622,#623));
#1992=EDGE_LOOP('',(#624,#625,#626,#627));
#1993=EDGE_LOOP('',(#628,#629,#630,#631));
#1994=EDGE_LOOP('',(#632,#633,#634,#635));
#1995=EDGE_LOOP('',(#636,#637,#638,#639));
#1996=EDGE_LOOP('',(#640,#641,#642,#643));
#1997=EDGE_LOOP('',(#644,#645,#646,#647));
#1998=EDGE_LOOP('',(#648,#649,#650,#651));
#1999=EDGE_LOOP('',(#652,#653,#654,#655));
#2000=EDGE_LOOP('',(#656,#657,#658,#659,#660,#661,#662,#663,#664,#665,#666,
#667,#668,#669,#670,#671,#672,#673,#674,#675,#676,#677));
#2001=EDGE_LOOP('',(#678,#679,#680,#681));
#2002=EDGE_LOOP('',(#682,#683,#684,#685,#686,#687,#688,#689,#690,#691,#692,
#693,#694,#695,#696,#697,#698,#699,#700,#701,#702,#703));
#2003=EDGE_LOOP('',(#704,#705,#706,#707));
#2004=EDGE_LOOP('',(#708,#709,#710,#711));
#2005=EDGE_LOOP('',(#712,#713,#714,#715));
#2006=EDGE_LOOP('',(#716,#717,#718,#719));
#2007=EDGE_LOOP('',(#720,#721,#722,#723));
#2008=EDGE_LOOP('',(#724,#725,#726,#727));
#2009=EDGE_LOOP('',(#728,#729,#730,#731));
#2010=EDGE_LOOP('',(#732,#733,#734,#735));
#2011=EDGE_LOOP('',(#736,#737,#738,#739));
#2012=EDGE_LOOP('',(#740,#741,#742,#743));
#2013=EDGE_LOOP('',(#744,#745,#746,#747));
#2014=EDGE_LOOP('',(#748,#749,#750,#751,#752,#753));
#2015=EDGE_LOOP('',(#754,#755,#756,#757,#758,#759));
#2016=EDGE_LOOP('',(#760,#761,#762,#763,#764));
#2017=EDGE_LOOP('',(#765,#766,#767,#768));
#2018=EDGE_LOOP('',(#769,#770,#771,#772,#773));
#2019=EDGE_LOOP('',(#774,#775,#776,#777,#778));
#2020=EDGE_LOOP('',(#779,#780,#781,#782));
#2021=EDGE_LOOP('',(#783,#784,#785,#786,#787));
#2022=EDGE_LOOP('',(#788,#789,#790,#791));
#2023=EDGE_LOOP('',(#792,#793,#794,#795));
#2024=EDGE_LOOP('',(#796,#797,#798,#799));
#2025=EDGE_LOOP('',(#800,#801,#802,#803));
#2026=FACE_BOUND('',#1902,.T.);
#2027=FACE_BOUND('',#1903,.T.);
#2028=FACE_BOUND('',#1904,.T.);
#2029=FACE_BOUND('',#1905,.T.);
#2030=FACE_BOUND('',#1906,.T.);
#2031=FACE_BOUND('',#1907,.T.);
#2032=FACE_BOUND('',#1908,.T.);
#2033=FACE_BOUND('',#1909,.T.);
#2034=FACE_BOUND('',#1910,.T.);
#2035=FACE_BOUND('',#1911,.T.);
#2036=FACE_BOUND('',#1912,.T.);
#2037=FACE_BOUND('',#1913,.T.);
#2038=FACE_BOUND('',#1914,.T.);
#2039=FACE_BOUND('',#1915,.T.);
#2040=FACE_BOUND('',#1916,.T.);
#2041=FACE_BOUND('',#1917,.T.);
#2042=FACE_BOUND('',#1918,.T.);
#2043=FACE_BOUND('',#1919,.T.);
#2044=FACE_BOUND('',#1920,.T.);
#2045=FACE_BOUND('',#1921,.T.);
#2046=FACE_BOUND('',#1922,.T.);
#2047=FACE_BOUND('',#1923,.T.);
#2048=FACE_BOUND('',#1924,.T.);
#2049=FACE_BOUND('',#1925,.T.);
#2050=FACE_BOUND('',#1926,.T.);
#2051=FACE_BOUND('',#1927,.T.);
#2052=FACE_BOUND('',#1928,.T.);
#2053=FACE_BOUND('',#1929,.T.);
#2054=FACE_BOUND('',#1930,.T.);
#2055=FACE_BOUND('',#1931,.T.);
#2056=FACE_BOUND('',#1932,.T.);
#2057=FACE_BOUND('',#1933,.T.);
#2058=FACE_BOUND('',#1934,.T.);
#2059=FACE_BOUND('',#1935,.T.);
#2060=FACE_BOUND('',#1936,.T.);
#2061=FACE_BOUND('',#1937,.T.);
#2062=FACE_BOUND('',#1938,.T.);
#2063=FACE_BOUND('',#1939,.T.);
#2064=FACE_BOUND('',#1940,.T.);
#2065=FACE_BOUND('',#1941,.T.);
#2066=FACE_BOUND('',#1942,.T.);
#2067=FACE_BOUND('',#1943,.T.);
#2068=FACE_BOUND('',#1944,.T.);
#2069=FACE_BOUND('',#1945,.T.);
#2070=FACE_BOUND('',#1946,.T.);
#2071=FACE_BOUND('',#1947,.T.);
#2072=FACE_BOUND('',#1948,.T.);
#2073=FACE_BOUND('',#1949,.T.);
#2074=FACE_BOUND('',#1950,.T.);
#2075=FACE_BOUND('',#1951,.T.);
#2076=FACE_BOUND('',#1952,.T.);
#2077=FACE_BOUND('',#1953,.T.);
#2078=FACE_BOUND('',#1954,.T.);
#2079=FACE_BOUND('',#1955,.T.);
#2080=FACE_BOUND('',#1956,.T.);
#2081=FACE_BOUND('',#1957,.T.);
#2082=FACE_BOUND('',#1958,.T.);
#2083=FACE_BOUND('',#1959,.T.);
#2084=FACE_BOUND('',#1960,.T.);
#2085=FACE_BOUND('',#1961,.T.);
#2086=FACE_BOUND('',#1962,.T.);
#2087=FACE_BOUND('',#1963,.T.);
#2088=FACE_BOUND('',#1964,.T.);
#2089=FACE_BOUND('',#1965,.T.);
#2090=FACE_BOUND('',#1966,.T.);
#2091=FACE_BOUND('',#1967,.T.);
#2092=FACE_BOUND('',#1968,.T.);
#2093=FACE_BOUND('',#1969,.T.);
#2094=FACE_BOUND('',#1970,.T.);
#2095=FACE_BOUND('',#1971,.T.);
#2096=FACE_BOUND('',#1972,.T.);
#2097=FACE_BOUND('',#1973,.T.);
#2098=FACE_BOUND('',#1974,.T.);
#2099=FACE_BOUND('',#1975,.T.);
#2100=FACE_BOUND('',#1976,.T.);
#2101=FACE_BOUND('',#1977,.T.);
#2102=FACE_BOUND('',#1978,.T.);
#2103=FACE_BOUND('',#1979,.T.);
#2104=FACE_BOUND('',#1980,.T.);
#2105=FACE_BOUND('',#1981,.T.);
#2106=FACE_BOUND('',#1982,.T.);
#2107=FACE_BOUND('',#1983,.T.);
#2108=FACE_BOUND('',#1984,.T.);
#2109=FACE_BOUND('',#1985,.T.);
#2110=FACE_BOUND('',#1986,.T.);
#2111=FACE_BOUND('',#1987,.T.);
#2112=FACE_BOUND('',#1988,.T.);
#2113=FACE_BOUND('',#1989,.T.);
#2114=FACE_BOUND('',#1990,.T.);
#2115=FACE_BOUND('',#1991,.T.);
#2116=FACE_BOUND('',#1992,.T.);
#2117=FACE_BOUND('',#1993,.T.);
#2118=FACE_BOUND('',#1994,.T.);
#2119=FACE_BOUND('',#1995,.T.);
#2120=FACE_BOUND('',#1996,.T.);
#2121=FACE_BOUND('',#1997,.T.);
#2122=FACE_BOUND('',#1998,.T.);
#2123=FACE_BOUND('',#1999,.T.);
#2124=FACE_BOUND('',#2000,.T.);
#2125=FACE_BOUND('',#2001,.T.);
#2126=FACE_BOUND('',#2002,.T.);
#2127=FACE_BOUND('',#2003,.T.);
#2128=FACE_BOUND('',#2004,.T.);
#2129=FACE_BOUND('',#2005,.T.);
#2130=FACE_BOUND('',#2006,.T.);
#2131=FACE_BOUND('',#2007,.T.);
#2132=FACE_BOUND('',#2008,.T.);
#2133=FACE_BOUND('',#2009,.T.);
#2134=FACE_BOUND('',#2010,.T.);
#2135=FACE_BOUND('',#2011,.T.);
#2136=FACE_BOUND('',#2012,.T.);
#2137=FACE_BOUND('',#2013,.T.);
#2138=FACE_BOUND('',#2014,.T.);
#2139=FACE_BOUND('',#2015,.T.);
#2140=FACE_BOUND('',#2016,.T.);
#2141=FACE_BOUND('',#2017,.T.);
#2142=FACE_BOUND('',#2018,.T.);
#2143=FACE_BOUND('',#2019,.T.);
#2144=FACE_BOUND('',#2020,.T.);
#2145=FACE_BOUND('',#2021,.T.);
#2146=FACE_BOUND('',#2022,.T.);
#2147=FACE_BOUND('',#2023,.T.);
#2148=FACE_BOUND('',#2024,.T.);
#2149=FACE_BOUND('',#2025,.T.);
#2150=PLANE('',#2369);
#2151=PLANE('',#2370);
#2152=PLANE('',#2371);
#2153=PLANE('',#2373);
#2154=PLANE('',#2375);
#2155=PLANE('',#2377);
#2156=PLANE('',#2379);
#2157=PLANE('',#2381);
#2158=PLANE('',#2382);
#2159=PLANE('',#2384);
#2160=PLANE('',#2386);
#2161=PLANE('',#2388);
#2162=PLANE('',#2395);
#2163=PLANE('',#2399);
#2164=PLANE('',#2403);
#2165=PLANE('',#2404);
#2166=PLANE('',#2405);
#2167=PLANE('',#2406);
#2168=PLANE('',#2407);
#2169=PLANE('',#2408);
#2170=PLANE('',#2409);
#2171=PLANE('',#2410);
#2172=PLANE('',#2411);
#2173=PLANE('',#2412);
#2174=PLANE('',#2413);
#2175=PLANE('',#2414);
#2176=PLANE('',#2415);
#2177=PLANE('',#2416);
#2178=PLANE('',#2417);
#2179=PLANE('',#2418);
#2180=PLANE('',#2419);
#2181=PLANE('',#2420);
#2182=PLANE('',#2425);
#2183=PLANE('',#2429);
#2184=PLANE('',#2433);
#2185=PLANE('',#2434);
#2186=PLANE('',#2435);
#2187=PLANE('',#2436);
#2188=PLANE('',#2437);
#2189=PLANE('',#2438);
#2190=PLANE('',#2439);
#2191=PLANE('',#2440);
#2192=PLANE('',#2441);
#2193=PLANE('',#2442);
#2194=PLANE('',#2443);
#2195=PLANE('',#2444);
#2196=PLANE('',#2446);
#2197=PLANE('',#2447);
#2198=PLANE('',#2449);
#2199=PLANE('',#2450);
#2200=PLANE('',#2451);
#2201=PLANE('',#2452);
#2202=PLANE('',#2453);
#2203=PLANE('',#2454);
#2204=PLANE('',#2455);
#2205=PLANE('',#2456);
#2206=PLANE('',#2457);
#2207=PLANE('',#2458);
#2208=PLANE('',#2459);
#2209=PLANE('',#2460);
#2210=PLANE('',#2461);
#2211=PLANE('',#2462);
#2212=PLANE('',#2463);
#2213=PLANE('',#2466);
#2214=PLANE('',#2467);
#2215=PLANE('',#2468);
#2216=PLANE('',#2513);
#2217=PLANE('',#2514);
#2218=PLANE('',#2515);
#2219=PLANE('',#2520);
#2220=PLANE('',#2521);
#2221=PLANE('',#2526);
#2222=PLANE('',#2527);
#2223=PLANE('',#2528);
#2224=PLANE('',#2529);
#2225=PLANE('',#2530);
#2226=PLANE('',#2531);
#2227=PLANE('',#2532);
#2228=PLANE('',#2533);
#2229=PLANE('',#2534);
#2230=PLANE('',#2537);
#2231=PLANE('',#2540);
#2232=ADVANCED_FACE('',(#2026),#2150,.T.);
#2233=ADVANCED_FACE('',(#2027),#2151,.T.);
#2234=ADVANCED_FACE('',(#2028),#2152,.T.);
#2235=ADVANCED_FACE('',(#2029),#2153,.F.);
#2236=ADVANCED_FACE('',(#2030),#2154,.T.);
#2237=ADVANCED_FACE('',(#2031),#2155,.F.);
#2238=ADVANCED_FACE('',(#2032),#2156,.T.);
#2239=ADVANCED_FACE('',(#2033),#2157,.T.);
#2240=ADVANCED_FACE('',(#2034),#2158,.F.);
#2241=ADVANCED_FACE('',(#2035),#2159,.T.);
#2242=ADVANCED_FACE('',(#2036),#2160,.T.);
#2243=ADVANCED_FACE('',(#2037),#2161,.F.);
#2244=ADVANCED_FACE('',(#2038),#2162,.F.);
#2245=ADVANCED_FACE('',(#2039),#2163,.T.);
#2246=ADVANCED_FACE('',(#2040),#2164,.F.);
#2247=ADVANCED_FACE('',(#2041),#2165,.F.);
#2248=ADVANCED_FACE('',(#2042),#2166,.F.);
#2249=ADVANCED_FACE('',(#2043),#2167,.F.);
#2250=ADVANCED_FACE('',(#2044),#2168,.F.);
#2251=ADVANCED_FACE('',(#2045),#2169,.T.);
#2252=ADVANCED_FACE('',(#2046),#2170,.T.);
#2253=ADVANCED_FACE('',(#2047),#2171,.T.);
#2254=ADVANCED_FACE('',(#2048),#2172,.F.);
#2255=ADVANCED_FACE('',(#2049),#2173,.T.);
#2256=ADVANCED_FACE('',(#2050),#2174,.T.);
#2257=ADVANCED_FACE('',(#2051),#2175,.F.);
#2258=ADVANCED_FACE('',(#2052),#2176,.T.);
#2259=ADVANCED_FACE('',(#2053),#2177,.F.);
#2260=ADVANCED_FACE('',(#2054),#2178,.T.);
#2261=ADVANCED_FACE('',(#2055),#2179,.F.);
#2262=ADVANCED_FACE('',(#2056),#2180,.T.);
#2263=ADVANCED_FACE('',(#2057),#2181,.T.);
#2264=ADVANCED_FACE('',(#2058),#2182,.F.);
#2265=ADVANCED_FACE('',(#2059),#2183,.T.);
#2266=ADVANCED_FACE('',(#2060),#2184,.F.);
#2267=ADVANCED_FACE('',(#2061),#2185,.T.);
#2268=ADVANCED_FACE('',(#2062),#2186,.T.);
#2269=ADVANCED_FACE('',(#2063),#2187,.T.);
#2270=ADVANCED_FACE('',(#2064),#2188,.F.);
#2271=ADVANCED_FACE('',(#2065),#2189,.T.);
#2272=ADVANCED_FACE('',(#2066),#2190,.F.);
#2273=ADVANCED_FACE('',(#2067),#2191,.T.);
#2274=ADVANCED_FACE('',(#2068),#2192,.F.);
#2275=ADVANCED_FACE('',(#2069),#2193,.T.);
#2276=ADVANCED_FACE('',(#2070),#2194,.T.);
#2277=ADVANCED_FACE('',(#2071),#2195,.T.);
#2278=ADVANCED_FACE('',(#2072),#2196,.T.);
#2279=ADVANCED_FACE('',(#2073),#2197,.F.);
#2280=ADVANCED_FACE('',(#2074),#2198,.F.);
#2281=ADVANCED_FACE('',(#2075),#2199,.F.);
#2282=ADVANCED_FACE('',(#2076),#2200,.T.);
#2283=ADVANCED_FACE('',(#2077),#2201,.T.);
#2284=ADVANCED_FACE('',(#2078),#2202,.T.);
#2285=ADVANCED_FACE('',(#2079),#2203,.F.);
#2286=ADVANCED_FACE('',(#2080),#2204,.T.);
#2287=ADVANCED_FACE('',(#2081),#2205,.F.);
#2288=ADVANCED_FACE('',(#2082),#2206,.F.);
#2289=ADVANCED_FACE('',(#2083),#2207,.T.);
#2290=ADVANCED_FACE('',(#2084),#2208,.F.);
#2291=ADVANCED_FACE('',(#2085),#2209,.T.);
#2292=ADVANCED_FACE('',(#2086),#2210,.F.);
#2293=ADVANCED_FACE('',(#2087),#2211,.F.);
#2294=ADVANCED_FACE('',(#2088),#2212,.F.);
#2295=ADVANCED_FACE('',(#2089),#2213,.F.);
#2296=ADVANCED_FACE('',(#2090),#2214,.F.);
#2297=ADVANCED_FACE('',(#2091),#2215,.F.);
#2298=ADVANCED_FACE('',(#2092),#36,.T.);
#2299=ADVANCED_FACE('',(#2093),#37,.T.);
#2300=ADVANCED_FACE('',(#2094),#38,.F.);
#2301=ADVANCED_FACE('',(#2095),#39,.F.);
#2302=ADVANCED_FACE('',(#2096),#40,.T.);
#2303=ADVANCED_FACE('',(#2097),#41,.T.);
#2304=ADVANCED_FACE('',(#2098),#42,.T.);
#2305=ADVANCED_FACE('',(#2099),#43,.T.);
#2306=ADVANCED_FACE('',(#2100),#44,.F.);
#2307=ADVANCED_FACE('',(#2101),#45,.F.);
#2308=ADVANCED_FACE('',(#2102),#46,.F.);
#2309=ADVANCED_FACE('',(#2103),#47,.F.);
#2310=ADVANCED_FACE('',(#2104),#48,.F.);
#2311=ADVANCED_FACE('',(#2105),#49,.F.);
#2312=ADVANCED_FACE('',(#2106),#50,.F.);
#2313=ADVANCED_FACE('',(#2107),#51,.F.);
#2314=ADVANCED_FACE('',(#2108),#52,.F.);
#2315=ADVANCED_FACE('',(#2109),#53,.F.);
#2316=ADVANCED_FACE('',(#2110),#54,.F.);
#2317=ADVANCED_FACE('',(#2111),#55,.F.);
#2318=ADVANCED_FACE('',(#2112),#56,.F.);
#2319=ADVANCED_FACE('',(#2113),#57,.F.);
#2320=ADVANCED_FACE('',(#2114),#58,.F.);
#2321=ADVANCED_FACE('',(#2115),#59,.F.);
#2322=ADVANCED_FACE('',(#2116),#12,.T.);
#2323=ADVANCED_FACE('',(#2117),#60,.F.);
#2324=ADVANCED_FACE('',(#2118),#61,.T.);
#2325=ADVANCED_FACE('',(#2119),#13,.T.);
#2326=ADVANCED_FACE('',(#2120),#62,.F.);
#2327=ADVANCED_FACE('',(#2121),#63,.F.);
#2328=ADVANCED_FACE('',(#2122),#2216,.F.);
#2329=ADVANCED_FACE('',(#2123),#2217,.T.);
#2330=ADVANCED_FACE('',(#2124),#2218,.F.);
#2331=ADVANCED_FACE('',(#2125),#2219,.F.);
#2332=ADVANCED_FACE('',(#2126),#2220,.T.);
#2333=ADVANCED_FACE('',(#2127),#2221,.F.);
#2334=ADVANCED_FACE('',(#2128),#2222,.T.);
#2335=ADVANCED_FACE('',(#2129),#2223,.T.);
#2336=ADVANCED_FACE('',(#2130),#2224,.F.);
#2337=ADVANCED_FACE('',(#2131),#2225,.T.);
#2338=ADVANCED_FACE('',(#2132),#2226,.F.);
#2339=ADVANCED_FACE('',(#2133),#2227,.T.);
#2340=ADVANCED_FACE('',(#2134),#2228,.T.);
#2341=ADVANCED_FACE('',(#2135),#2229,.T.);
#2342=ADVANCED_FACE('',(#2136),#64,.T.);
#2343=ADVANCED_FACE('',(#2137),#65,.T.);
#2344=ADVANCED_FACE('',(#2138),#2230,.F.);
#2345=ADVANCED_FACE('',(#2139),#2231,.T.);
#2346=ADVANCED_FACE('',(#2140),#66,.F.);
#2347=ADVANCED_FACE('',(#2141),#67,.F.);
#2348=ADVANCED_FACE('',(#2142),#68,.F.);
#2349=ADVANCED_FACE('',(#2143),#69,.F.);
#2350=ADVANCED_FACE('',(#2144),#70,.F.);
#2351=ADVANCED_FACE('',(#2145),#71,.F.);
#2352=ADVANCED_FACE('',(#2146),#72,.F.);
#2353=ADVANCED_FACE('',(#2147),#73,.F.);
#2354=ADVANCED_FACE('',(#2148),#74,.F.);
#2355=ADVANCED_FACE('',(#2149),#75,.F.);
#2356=CLOSED_SHELL('',(#2232,#2233,#2234,#2235,#2236,#2237,#2238,#2239,
#2240,#2241,#2242,#2243,#2244,#2245,#2246,#2247,#2248,#2249,#2250,#2251,
#2252,#2253,#2254,#2255,#2256,#2257,#2258,#2259,#2260,#2261,#2262,#2263,
#2264,#2265,#2266,#2267,#2268,#2269,#2270,#2271,#2272,#2273,#2274,#2275,
#2276,#2277,#2278,#2279,#2280,#2281,#2282,#2283,#2284,#2285,#2286,#2287,
#2288,#2289,#2290,#2291,#2292,#2293,#2294,#2295,#2296,#2297,#2298,#2299,
#2300,#2301,#2302,#2303,#2304,#2305,#2306,#2307,#2308,#2309,#2310,#2311,
#2312,#2313,#2314,#2315,#2316,#2317,#2318,#2319,#2320,#2321,#2322,#2323,
#2324,#2325,#2326,#2327,#2328,#2329,#2330,#2331,#2332,#2333,#2334,#2335,
#2336,#2337,#2338,#2339,#2340,#2341,#2342,#2343,#2344,#2345,#2346,#2347,
#2348,#2349,#2350,#2351,#2352,#2353,#2354,#2355));
#2357=STYLED_ITEM('',(#2358),#2365);
#2358=PRESENTATION_STYLE_ASSIGNMENT((#2359));
#2359=SURFACE_STYLE_USAGE(.BOTH.,#2360);
#2360=SURFACE_SIDE_STYLE('',(#2361));
#2361=SURFACE_STYLE_FILL_AREA(#2362);
#2362=FILL_AREA_STYLE('',(#2363));
#2363=FILL_AREA_STYLE_COLOUR('',#2364);
#2364=COLOUR_RGB('',0.596078431372549,0.176470588235294,0.0509803921568627);
#2365=MANIFOLD_SOLID_BREP('Part 1',#2356);
#2366=SHAPE_DEFINITION_REPRESENTATION(#3914,#2367);
#2367=SHAPE_REPRESENTATION('Part 1',(#2368),#3909);
#2368=AXIS2_PLACEMENT_3D('',#3217,#2561,#2562);
#2369=AXIS2_PLACEMENT_3D('',#3218,#2563,#2564);
#2370=AXIS2_PLACEMENT_3D('',#3227,#2569,#2570);
#2371=AXIS2_PLACEMENT_3D('',#3236,#2575,#2576);
#2372=AXIS2_PLACEMENT_3D('',#3242,#2579,#2580);
#2373=AXIS2_PLACEMENT_3D('',#3247,#2583,#2584);
#2374=AXIS2_PLACEMENT_3D('',#3253,#2587,#2588);
#2375=AXIS2_PLACEMENT_3D('',#3258,#2591,#2592);
#2376=AXIS2_PLACEMENT_3D('',#3264,#2595,#2596);
#2377=AXIS2_PLACEMENT_3D('',#3269,#2599,#2600);
#2378=AXIS2_PLACEMENT_3D('',#3275,#2603,#2604);
#2379=AXIS2_PLACEMENT_3D('',#3280,#2607,#2608);
#2380=AXIS2_PLACEMENT_3D('',#3281,#2609,#2610);
#2381=AXIS2_PLACEMENT_3D('',#3291,#2615,#2616);
#2382=AXIS2_PLACEMENT_3D('',#3349,#2648,#2649);
#2383=AXIS2_PLACEMENT_3D('',#3350,#2650,#2651);
#2384=AXIS2_PLACEMENT_3D('',#3357,#2655,#2656);
#2385=AXIS2_PLACEMENT_3D('',#3361,#2658,#2659);
#2386=AXIS2_PLACEMENT_3D('',#3365,#2662,#2663);
#2387=AXIS2_PLACEMENT_3D('',#3368,#2665,#2666);
#2388=AXIS2_PLACEMENT_3D('',#3373,#2669,#2670);
#2389=AXIS2_PLACEMENT_3D('',#3377,#2672,#2673);
#2390=AXIS2_PLACEMENT_3D('',#3385,#2677,#2678);
#2391=AXIS2_PLACEMENT_3D('',#3392,#2682,#2683);
#2392=AXIS2_PLACEMENT_3D('',#3396,#2685,#2686);
#2393=AXIS2_PLACEMENT_3D('',#3403,#2690,#2691);
#2394=AXIS2_PLACEMENT_3D('',#3411,#2695,#2696);
#2395=AXIS2_PLACEMENT_3D('',#3417,#2700,#2701);
#2396=AXIS2_PLACEMENT_3D('',#3418,#2702,#2703);
#2397=AXIS2_PLACEMENT_3D('',#3424,#2706,#2707);
#2398=AXIS2_PLACEMENT_3D('',#3432,#2711,#2712);
#2399=AXIS2_PLACEMENT_3D('',#3437,#2715,#2716);
#2400=AXIS2_PLACEMENT_3D('',#3441,#2718,#2719);
#2401=AXIS2_PLACEMENT_3D('',#3446,#2722,#2723);
#2402=AXIS2_PLACEMENT_3D('',#3454,#2727,#2728);
#2403=AXIS2_PLACEMENT_3D('',#3457,#2730,#2731);
#2404=AXIS2_PLACEMENT_3D('',#3466,#2736,#2737);
#2405=AXIS2_PLACEMENT_3D('',#3472,#2741,#2742);
#2406=AXIS2_PLACEMENT_3D('',#3475,#2745,#2746);
#2407=AXIS2_PLACEMENT_3D('',#3481,#2750,#2751);
#2408=AXIS2_PLACEMENT_3D('',#3485,#2754,#2755);
#2409=AXIS2_PLACEMENT_3D('',#3489,#2758,#2759);
#2410=AXIS2_PLACEMENT_3D('',#3495,#2763,#2764);
#2411=AXIS2_PLACEMENT_3D('',#3499,#2767,#2768);
#2412=AXIS2_PLACEMENT_3D('',#3503,#2771,#2772);
#2413=AXIS2_PLACEMENT_3D('',#3514,#2779,#2780);
#2414=AXIS2_PLACEMENT_3D('',#3520,#2784,#2785);
#2415=AXIS2_PLACEMENT_3D('',#3532,#2793,#2794);
#2416=AXIS2_PLACEMENT_3D('',#3541,#2799,#2800);
#2417=AXIS2_PLACEMENT_3D('',#3547,#2804,#2805);
#2418=AXIS2_PLACEMENT_3D('',#3553,#2809,#2810);
#2419=AXIS2_PLACEMENT_3D('',#3562,#2815,#2816);
#2420=AXIS2_PLACEMENT_3D('',#3565,#2819,#2820);
#2421=AXIS2_PLACEMENT_3D('',#3566,#2821,#2822);
#2422=AXIS2_PLACEMENT_3D('',#3567,#2823,#2824);
#2423=AXIS2_PLACEMENT_3D('',#3568,#2825,#2826);
#2424=AXIS2_PLACEMENT_3D('',#3569,#2827,#2828);
#2425=AXIS2_PLACEMENT_3D('',#3570,#2829,#2830);
#2426=AXIS2_PLACEMENT_3D('',#3571,#2831,#2832);
#2427=AXIS2_PLACEMENT_3D('',#3572,#2833,#2834);
#2428=AXIS2_PLACEMENT_3D('',#3573,#2835,#2836);
#2429=AXIS2_PLACEMENT_3D('',#3574,#2837,#2838);
#2430=AXIS2_PLACEMENT_3D('',#3575,#2839,#2840);
#2431=AXIS2_PLACEMENT_3D('',#3576,#2841,#2842);
#2432=AXIS2_PLACEMENT_3D('',#3584,#2846,#2847);
#2433=AXIS2_PLACEMENT_3D('',#3589,#2850,#2851);
#2434=AXIS2_PLACEMENT_3D('',#3591,#2853,#2854);
#2435=AXIS2_PLACEMENT_3D('',#3593,#2856,#2857);
#2436=AXIS2_PLACEMENT_3D('',#3596,#2860,#2861);
#2437=AXIS2_PLACEMENT_3D('',#3598,#2863,#2864);
#2438=AXIS2_PLACEMENT_3D('',#3600,#2866,#2867);
#2439=AXIS2_PLACEMENT_3D('',#3603,#2870,#2871);
#2440=AXIS2_PLACEMENT_3D('',#3605,#2873,#2874);
#2441=AXIS2_PLACEMENT_3D('',#3607,#2876,#2877);
#2442=AXIS2_PLACEMENT_3D('',#3610,#2880,#2881);
#2443=AXIS2_PLACEMENT_3D('',#3611,#2882,#2883);
#2444=AXIS2_PLACEMENT_3D('',#3615,#2886,#2887);
#2445=AXIS2_PLACEMENT_3D('',#3616,#2888,#2889);
#2446=AXIS2_PLACEMENT_3D('',#3623,#2893,#2894);
#2447=AXIS2_PLACEMENT_3D('',#3625,#2896,#2897);
#2448=AXIS2_PLACEMENT_3D('',#3626,#2898,#2899);
#2449=AXIS2_PLACEMENT_3D('',#3631,#2902,#2903);
#2450=AXIS2_PLACEMENT_3D('',#3640,#2908,#2909);
#2451=AXIS2_PLACEMENT_3D('',#3642,#2911,#2912);
#2452=AXIS2_PLACEMENT_3D('',#3644,#2914,#2915);
#2453=AXIS2_PLACEMENT_3D('',#3649,#2920,#2921);
#2454=AXIS2_PLACEMENT_3D('',#3654,#2926,#2927);
#2455=AXIS2_PLACEMENT_3D('',#3656,#2929,#2930);
#2456=AXIS2_PLACEMENT_3D('',#3658,#2932,#2933);
#2457=AXIS2_PLACEMENT_3D('',#3662,#2936,#2937);
#2458=AXIS2_PLACEMENT_3D('',#3666,#2940,#2941);
#2459=AXIS2_PLACEMENT_3D('',#3668,#2943,#2944);
#2460=AXIS2_PLACEMENT_3D('',#3670,#2946,#2947);
#2461=AXIS2_PLACEMENT_3D('',#3672,#2949,#2950);
#2462=AXIS2_PLACEMENT_3D('',#3679,#2955,#2956);
#2463=AXIS2_PLACEMENT_3D('',#3688,#2961,#2962);
#2464=AXIS2_PLACEMENT_3D('',#3692,#2964,#2965);
#2465=AXIS2_PLACEMENT_3D('',#3697,#2968,#2969);
#2466=AXIS2_PLACEMENT_3D('',#3698,#2970,#2971);
#2467=AXIS2_PLACEMENT_3D('',#3706,#2973,#2974);
#2468=AXIS2_PLACEMENT_3D('',#3712,#2978,#2979);
#2469=AXIS2_PLACEMENT_3D('',#3720,#2981,#2982);
#2470=AXIS2_PLACEMENT_3D('',#3721,#2983,#2984);
#2471=AXIS2_PLACEMENT_3D('',#3722,#2985,#2986);
#2472=AXIS2_PLACEMENT_3D('',#3723,#2987,#2988);
#2473=AXIS2_PLACEMENT_3D('',#3724,#2989,#2990);
#2474=AXIS2_PLACEMENT_3D('',#3725,#2991,#2992);
#2475=AXIS2_PLACEMENT_3D('',#3726,#2993,#2994);
#2476=AXIS2_PLACEMENT_3D('',#3727,#2995,#2996);
#2477=AXIS2_PLACEMENT_3D('',#3728,#2997,#2998);
#2478=AXIS2_PLACEMENT_3D('',#3729,#2999,#3000);
#2479=AXIS2_PLACEMENT_3D('',#3730,#3001,#3002);
#2480=AXIS2_PLACEMENT_3D('',#3731,#3003,#3004);
#2481=AXIS2_PLACEMENT_3D('',#3732,#3005,#3006);
#2482=AXIS2_PLACEMENT_3D('',#3733,#3007,#3008);
#2483=AXIS2_PLACEMENT_3D('',#3734,#3009,#3010);
#2484=AXIS2_PLACEMENT_3D('',#3735,#3011,#3012);
#2485=AXIS2_PLACEMENT_3D('',#3736,#3013,#3014);
#2486=AXIS2_PLACEMENT_3D('',#3737,#3015,#3016);
#2487=AXIS2_PLACEMENT_3D('',#3738,#3017,#3018);
#2488=AXIS2_PLACEMENT_3D('',#3739,#3019,#3020);
#2489=AXIS2_PLACEMENT_3D('',#3740,#3021,#3022);
#2490=AXIS2_PLACEMENT_3D('',#3741,#3023,#3024);
#2491=AXIS2_PLACEMENT_3D('',#3742,#3025,#3026);
#2492=AXIS2_PLACEMENT_3D('',#3743,#3027,#3028);
#2493=AXIS2_PLACEMENT_3D('',#3744,#3029,#3030);
#2494=AXIS2_PLACEMENT_3D('',#3745,#3031,#3032);
#2495=AXIS2_PLACEMENT_3D('',#3746,#3033,#3034);
#2496=AXIS2_PLACEMENT_3D('',#3747,#3035,#3036);
#2497=AXIS2_PLACEMENT_3D('',#3748,#3037,#3038);
#2498=AXIS2_PLACEMENT_3D('',#3749,#3039,#3040);
#2499=AXIS2_PLACEMENT_3D('',#3750,#3041,#3042);
#2500=AXIS2_PLACEMENT_3D('',#3751,#3043,#3044);
#2501=AXIS2_PLACEMENT_3D('',#3752,#3045,#3046);
#2502=AXIS2_PLACEMENT_3D('',#3753,#3047,#3048);
#2503=AXIS2_PLACEMENT_3D('',#3754,#3049,#3050);
#2504=AXIS2_PLACEMENT_3D('',#3755,#3051,#3052);
#2505=AXIS2_PLACEMENT_3D('',#3756,#3053,#3054);
#2506=AXIS2_PLACEMENT_3D('',#3757,#3055,#3056);
#2507=AXIS2_PLACEMENT_3D('',#3758,#3057,#3058);
#2508=AXIS2_PLACEMENT_3D('',#3759,#3059,#3060);
#2509=AXIS2_PLACEMENT_3D('',#3760,#3061,#3062);
#2510=AXIS2_PLACEMENT_3D('',#3761,#3063,#3064);
#2511=AXIS2_PLACEMENT_3D('',#3762,#3065,#3066);
#2512=AXIS2_PLACEMENT_3D('',#3763,#3067,#3068);
#2513=AXIS2_PLACEMENT_3D('',#3764,#3069,#3070);
#2514=AXIS2_PLACEMENT_3D('',#3773,#3075,#3076);
#2515=AXIS2_PLACEMENT_3D('',#3779,#3080,#3081);
#2516=AXIS2_PLACEMENT_3D('',#3787,#3085,#3086);
#2517=AXIS2_PLACEMENT_3D('',#3797,#3091,#3092);
#2518=AXIS2_PLACEMENT_3D('',#3806,#3097,#3098);
#2519=AXIS2_PLACEMENT_3D('',#3811,#3101,#3102);
#2520=AXIS2_PLACEMENT_3D('',#3816,#3105,#3106);
#2521=AXIS2_PLACEMENT_3D('',#3822,#3110,#3111);
#2522=AXIS2_PLACEMENT_3D('',#3832,#3116,#3117);
#2523=AXIS2_PLACEMENT_3D('',#3837,#3120,#3121);
#2524=AXIS2_PLACEMENT_3D('',#3846,#3126,#3127);
#2525=AXIS2_PLACEMENT_3D('',#3853,#3131,#3132);
#2526=AXIS2_PLACEMENT_3D('',#3856,#3134,#3135);
#2527=AXIS2_PLACEMENT_3D('',#3858,#3137,#3138);
#2528=AXIS2_PLACEMENT_3D('',#3860,#3140,#3141);
#2529=AXIS2_PLACEMENT_3D('',#3862,#3143,#3144);
#2530=AXIS2_PLACEMENT_3D('',#3864,#3146,#3147);
#2531=AXIS2_PLACEMENT_3D('',#3866,#3149,#3150);
#2532=AXIS2_PLACEMENT_3D('',#3868,#3152,#3153);
#2533=AXIS2_PLACEMENT_3D('',#3870,#3155,#3156);
#2534=AXIS2_PLACEMENT_3D('',#3872,#3158,#3159);
#2535=AXIS2_PLACEMENT_3D('',#3874,#3161,#3162);
#2536=AXIS2_PLACEMENT_3D('',#3875,#3163,#3164);
#2537=AXIS2_PLACEMENT_3D('',#3876,#3165,#3166);
#2538=AXIS2_PLACEMENT_3D('',#3878,#3168,#3169);
#2539=AXIS2_PLACEMENT_3D('',#3882,#3171,#3172);
#2540=AXIS2_PLACEMENT_3D('',#3883,#3173,#3174);
#2541=AXIS2_PLACEMENT_3D('',#3885,#3176,#3177);
#2542=AXIS2_PLACEMENT_3D('',#3889,#3179,#3180);
#2543=AXIS2_PLACEMENT_3D('',#3890,#3181,#3182);
#2544=AXIS2_PLACEMENT_3D('',#3891,#3183,#3184);
#2545=AXIS2_PLACEMENT_3D('',#3892,#3185,#3186);
#2546=AXIS2_PLACEMENT_3D('',#3893,#3187,#3188);
#2547=AXIS2_PLACEMENT_3D('',#3894,#3189,#3190);
#2548=AXIS2_PLACEMENT_3D('',#3895,#3191,#3192);
#2549=AXIS2_PLACEMENT_3D('',#3896,#3193,#3194);
#2550=AXIS2_PLACEMENT_3D('',#3897,#3195,#3196);
#2551=AXIS2_PLACEMENT_3D('',#3898,#3197,#3198);
#2552=AXIS2_PLACEMENT_3D('',#3899,#3199,#3200);
#2553=AXIS2_PLACEMENT_3D('',#3900,#3201,#3202);
#2554=AXIS2_PLACEMENT_3D('',#3901,#3203,#3204);
#2555=AXIS2_PLACEMENT_3D('',#3902,#3205,#3206);
#2556=AXIS2_PLACEMENT_3D('',#3903,#3207,#3208);
#2557=AXIS2_PLACEMENT_3D('',#3904,#3209,#3210);
#2558=AXIS2_PLACEMENT_3D('',#3905,#3211,#3212);
#2559=AXIS2_PLACEMENT_3D('',#3906,#3213,#3214);
#2560=AXIS2_PLACEMENT_3D('',#3907,#3215,#3216);
#2561=DIRECTION('',(0.,0.,1.));
#2562=DIRECTION('',(1.,0.,0.));
#2563=DIRECTION('',(-2.06522328766534E-16,0.,-1.));
#2564=DIRECTION('',(1.,0.,-2.06522328766534E-16));
#2565=DIRECTION('',(0.,1.,0.));
#2566=DIRECTION('',(-1.,-1.15648231731787E-16,2.06522328766534E-16));
#2567=DIRECTION('',(0.,1.,0.));
#2568=DIRECTION('',(-1.,0.,2.06522328766534E-16));
#2569=DIRECTION('',(-2.06522328766534E-16,0.,-1.));
#2570=DIRECTION('',(-1.,0.,2.06522328766534E-16));
#2571=DIRECTION('',(0.,-1.,0.));
#2572=DIRECTION('',(-1.,0.,2.06522328766534E-16));
#2573=DIRECTION('',(0.,-1.,0.));
#2574=DIRECTION('',(1.,0.,-2.06522328766534E-16));
#2575=DIRECTION('',(0.,1.,0.));
#2576=DIRECTION('',(0.,0.,1.));
#2577=DIRECTION('',(0.,0.,-1.));
#2578=DIRECTION('',(1.,0.,0.));
#2579=DIRECTION('',(0.,1.,0.));
#2580=DIRECTION('',(0.,0.,1.));
#2581=DIRECTION('',(1.0842021724855E-16,0.,-1.));
#2582=DIRECTION('',(1.,0.,0.));
#2583=DIRECTION('',(0.,1.,0.));
#2584=DIRECTION('',(0.,0.,1.));
#2585=DIRECTION('',(0.,0.,-1.));
#2586=DIRECTION('',(1.,0.,0.));
#2587=DIRECTION('',(0.,1.,0.));
#2588=DIRECTION('',(0.,0.,1.));
#2589=DIRECTION('',(1.0842021724855E-16,0.,-1.));
#2590=DIRECTION('',(1.,0.,0.));
#2591=DIRECTION('',(0.,-1.,0.));
#2592=DIRECTION('',(0.,0.,-1.));
#2593=DIRECTION('',(0.,0.,-1.));
#2594=DIRECTION('',(-1.,0.,0.));
#2595=DIRECTION('',(0.,-1.,0.));
#2596=DIRECTION('',(0.,0.,-1.));
#2597=DIRECTION('',(1.0842021724855E-16,0.,-1.));
#2598=DIRECTION('',(-1.,0.,0.));
#2599=DIRECTION('',(0.,-1.,0.));
#2600=DIRECTION('',(0.,0.,-1.));
#2601=DIRECTION('',(0.,0.,-1.));
#2602=DIRECTION('',(-1.,0.,0.));
#2603=DIRECTION('',(0.,-1.,0.));
#2604=DIRECTION('',(0.,0.,-1.));
#2605=DIRECTION('',(1.0842021724855E-16,0.,-1.));
#2606=DIRECTION('',(-1.,0.,0.));
#2607=DIRECTION('',(0.,-1.,0.));
#2608=DIRECTION('',(0.,0.,-1.));
#2609=DIRECTION('',(0.,-1.,0.));
#2610=DIRECTION('',(0.,0.,-1.));
#2611=DIRECTION('',(-1.,0.,0.));
#2612=DIRECTION('',(0.,0.,-1.));
#2613=DIRECTION('',(-1.,0.,0.));
#2614=DIRECTION('',(1.0842021724855E-16,0.,-1.));
#2615=DIRECTION('',(0.,0.,1.));
#2616=DIRECTION('',(1.,0.,0.));
#2617=DIRECTION('',(-1.,0.,0.));
#2618=DIRECTION('',(0.,-1.,0.));
#2619=DIRECTION('',(1.,0.,0.));
#2620=DIRECTION('',(0.,-1.,0.));
#2621=DIRECTION('',(-1.,0.,0.));
#2622=DIRECTION('',(0.,1.,0.));
#2623=DIRECTION('',(-1.,0.,0.));
#2624=DIRECTION('',(3.30423519233678E-16,-1.,0.));
#2625=DIRECTION('',(0.,-1.,0.));
#2626=DIRECTION('',(1.,0.,0.));
#2627=DIRECTION('',(0.,1.,0.));
#2628=DIRECTION('',(0.,-1.,0.));
#2629=DIRECTION('',(3.33600668457079E-16,-1.,0.));
#2630=DIRECTION('',(-1.,-1.4065325480893E-16,0.));
#2631=DIRECTION('',(3.33600668457078E-16,-1.,0.));
#2632=DIRECTION('',(0.,-1.,0.));
#2633=DIRECTION('',(1.,0.,0.));
#2634=DIRECTION('',(1.15648231731787E-16,-1.,0.));
#2635=DIRECTION('',(0.,-1.,0.));
#2636=DIRECTION('',(-1.,0.,0.));
#2637=DIRECTION('',(3.30423519233678E-16,-1.,0.));
#2638=DIRECTION('',(-1.,0.,0.));
#2639=DIRECTION('',(0.,1.,0.));
#2640=DIRECTION('',(-1.,0.,0.));
#2641=DIRECTION('',(0.,-1.,0.));
#2642=DIRECTION('',(1.,0.,0.));
#2643=DIRECTION('',(0.,-1.,0.));
#2644=DIRECTION('',(-1.,0.,0.));
#2645=DIRECTION('',(0.,-1.,0.));
#2646=DIRECTION('',(-1.,0.,7.88510670898549E-17));
#2647=DIRECTION('',(0.,-1.,0.));
#2648=DIRECTION('',(0.,-1.,0.));
#2649=DIRECTION('',(0.,0.,-1.));
#2650=DIRECTION('',(0.,-1.,0.));
#2651=DIRECTION('',(0.,0.,-1.));
#2652=DIRECTION('',(-1.,0.,0.));
#2653=DIRECTION('',(0.,0.,-1.));
#2654=DIRECTION('',(1.0842021724855E-16,0.,-1.));
#2655=DIRECTION('',(0.,-1.,0.));
#2656=DIRECTION('',(0.,0.,-1.));
#2657=DIRECTION('',(-1.,0.,0.));
#2658=DIRECTION('',(0.,-1.,0.));
#2659=DIRECTION('',(0.,0.,-1.));
#2660=DIRECTION('',(0.,0.,-1.));
#2661=DIRECTION('',(0.,0.,-1.));
#2662=DIRECTION('',(0.,-1.,0.));
#2663=DIRECTION('',(0.,0.,-1.));
#2664=DIRECTION('',(0.,0.,-1.));
#2665=DIRECTION('',(0.,-1.,0.));
#2666=DIRECTION('',(0.,0.,-1.));
#2667=DIRECTION('',(-1.,0.,0.));
#2668=DIRECTION('',(0.,0.,1.));
#2669=DIRECTION('',(0.,-1.,0.));
#2670=DIRECTION('',(1.,0.,0.));
#2671=DIRECTION('',(1.,0.,0.));
#2672=DIRECTION('',(0.,-1.,0.));
#2673=DIRECTION('',(0.,0.,-1.));
#2674=DIRECTION('',(0.,0.,-1.));
#2675=DIRECTION('',(-1.,0.,-1.7347234759768E-16));
#2676=DIRECTION('',(0.,0.,-1.));
#2677=DIRECTION('',(0.,-1.,0.));
#2678=DIRECTION('',(0.,0.,-1.));
#2679=DIRECTION('',(1.,0.,0.));
#2680=DIRECTION('',(0.,0.,1.));
#2681=DIRECTION('',(0.,0.,1.));
#2682=DIRECTION('',(0.,-1.,0.));
#2683=DIRECTION('',(0.,0.,-1.));
#2684=DIRECTION('',(-1.,0.,8.67361737988404E-17));
#2685=DIRECTION('',(0.,-1.,0.));
#2686=DIRECTION('',(0.,0.,-1.));
#2687=DIRECTION('',(0.,0.,-1.));
#2688=DIRECTION('',(0.,0.,1.));
#2689=DIRECTION('',(-1.,0.,-8.67361737988404E-16));
#2690=DIRECTION('',(0.,-1.,0.));
#2691=DIRECTION('',(0.,0.,-1.));
#2692=DIRECTION('',(0.,0.,1.));
#2693=DIRECTION('',(1.,0.,-1.73472347597681E-16));
#2694=DIRECTION('',(0.,0.,-1.));
#2695=DIRECTION('',(0.,-1.,0.));
#2696=DIRECTION('',(0.,0.,-1.));
#2697=DIRECTION('',(-1.,0.,0.));
#2698=DIRECTION('',(-6.93889390390723E-16,0.,-1.));
#2699=DIRECTION('',(-6.93889390390723E-16,0.,-1.));
#2700=DIRECTION('',(0.,1.,0.));
#2701=DIRECTION('',(-1.,0.,0.));
#2702=DIRECTION('',(0.,1.,0.));
#2703=DIRECTION('',(0.,0.,1.));
#2704=DIRECTION('',(0.,0.,-1.));
#2705=DIRECTION('',(-1.,0.,0.));
#2706=DIRECTION('',(0.,1.,0.));
#2707=DIRECTION('',(0.,0.,1.));
#2708=DIRECTION('',(0.,0.,-1.));
#2709=DIRECTION('',(-1.,0.,-1.7347234759768E-16));
#2710=DIRECTION('',(0.,0.,-1.));
#2711=DIRECTION('',(0.,1.,0.));
#2712=DIRECTION('',(0.,0.,1.));
#2713=DIRECTION('',(1.,0.,0.));
#2714=DIRECTION('',(0.,0.,1.));
#2715=DIRECTION('',(0.,1.,0.));
#2716=DIRECTION('',(-1.,0.,0.));
#2717=DIRECTION('',(0.,0.,-1.));
#2718=DIRECTION('',(0.,1.,0.));
#2719=DIRECTION('',(0.,0.,1.));
#2720=DIRECTION('',(0.,0.,1.));
#2721=DIRECTION('',(1.,0.,0.));
#2722=DIRECTION('',(0.,1.,0.));
#2723=DIRECTION('',(0.,0.,1.));
#2724=DIRECTION('',(0.,0.,-1.));
#2725=DIRECTION('',(-1.,0.,-1.7347234759768E-16));
#2726=DIRECTION('',(0.,0.,-1.));
#2727=DIRECTION('',(0.,1.,0.));
#2728=DIRECTION('',(0.,0.,1.));
#2729=DIRECTION('',(1.,0.,0.));
#2730=DIRECTION('',(0.,0.,-1.));
#2731=DIRECTION('',(-1.,0.,0.));
#2732=DIRECTION('',(-1.,0.,0.));
#2733=DIRECTION('',(0.,-1.,0.));
#2734=DIRECTION('',(-1.,0.,0.));
#2735=DIRECTION('',(0.,-1.,0.));
#2736=DIRECTION('',(0.,0.,-1.));
#2737=DIRECTION('',(-1.,0.,0.));
#2738=DIRECTION('',(1.,0.,0.));
#2739=DIRECTION('',(0.,-1.,0.));
#2740=DIRECTION('',(0.,-1.,0.));
#2741=DIRECTION('',(0.,0.,-1.));
#2742=DIRECTION('',(-1.,0.,0.));
#2743=DIRECTION('',(0.,-1.,0.));
#2744=DIRECTION('',(0.,-1.,0.));
#2745=DIRECTION('',(0.,0.,-1.));
#2746=DIRECTION('',(-1.,0.,0.));
#2747=DIRECTION('',(0.,-1.,0.));
#2748=DIRECTION('',(1.,0.,0.));
#2749=DIRECTION('',(0.,-1.,0.));
#2750=DIRECTION('',(1.,0.,0.));
#2751=DIRECTION('',(0.,0.,-1.));
#2752=DIRECTION('',(0.,0.,1.));
#2753=DIRECTION('',(0.,-1.,0.));
#2754=DIRECTION('',(0.,0.,-1.));
#2755=DIRECTION('',(-1.,0.,0.));
#2756=DIRECTION('',(0.,-1.,0.));
#2757=DIRECTION('',(1.,0.,0.));
#2758=DIRECTION('',(-1.,0.,0.));
#2759=DIRECTION('',(0.,0.,1.));
#2760=DIRECTION('',(0.,0.,-1.));
#2761=DIRECTION('',(0.,-1.,0.));
#2762=DIRECTION('',(0.,-1.,0.));
#2763=DIRECTION('',(-1.73472347597681E-16,0.,1.));
#2764=DIRECTION('',(1.,0.,1.73472347597681E-16));
#2765=DIRECTION('',(-1.,0.,-1.7347234759768E-16));
#2766=DIRECTION('',(0.,-1.,0.));
#2767=DIRECTION('',(-1.,0.,0.));
#2768=DIRECTION('',(0.,0.,1.));
#2769=DIRECTION('',(0.,-1.,0.));
#2770=DIRECTION('',(0.,0.,-1.));
#2771=DIRECTION('',(-1.,0.,6.93889390390723E-16));
#2772=DIRECTION('',(6.93889390390723E-16,0.,1.));
#2773=DIRECTION('',(0.,-1.,0.));
#2774=DIRECTION('',(-6.93889390390723E-16,-5.63631388811543E-32,-1.));
#2775=DIRECTION('',(0.,-1.,0.));
#2776=DIRECTION('',(-6.93889390390723E-16,0.,-1.));
#2777=DIRECTION('',(0.,-1.,0.));
#2778=DIRECTION('',(6.93889390390723E-16,0.,1.));
#2779=DIRECTION('',(-2.06522328766534E-16,0.,-1.));
#2780=DIRECTION('',(-1.,0.,2.06522328766534E-16));
#2781=DIRECTION('',(-1.,-1.15648231731787E-16,2.06522328766534E-16));
#2782=DIRECTION('',(0.,-1.,0.));
#2783=DIRECTION('',(1.,0.,-2.06522328766534E-16));
#2784=DIRECTION('',(-1.,0.,6.93889390390723E-16));
#2785=DIRECTION('',(6.93889390390723E-16,0.,1.));
#2786=DIRECTION('',(6.93889390390723E-16,5.63631388811543E-32,1.));
#2787=DIRECTION('',(0.,-1.,0.));
#2788=DIRECTION('',(-6.93889390390723E-16,0.,-1.));
#2789=DIRECTION('',(0.,0.,-1.));
#2790=DIRECTION('',(0.,-1.,0.));
#2791=DIRECTION('',(0.,0.,-1.));
#2792=DIRECTION('',(-6.93889390390723E-16,0.,-1.));
#2793=DIRECTION('',(-1.,0.,0.));
#2794=DIRECTION('',(0.,0.,1.));
#2795=DIRECTION('',(0.,0.,-1.));
#2796=DIRECTION('',(0.,-1.,0.));
#2797=DIRECTION('',(0.,0.,-1.));
#2798=DIRECTION('',(0.,-1.,0.));
#2799=DIRECTION('',(-1.73472347597681E-16,0.,-1.));
#2800=DIRECTION('',(-1.,0.,1.73472347597681E-16));
#2801=DIRECTION('',(1.,0.,-1.73472347597681E-16));
#2802=DIRECTION('',(1.,0.,-1.73472347597681E-16));
#2803=DIRECTION('',(0.,-1.,0.));
#2804=DIRECTION('',(1.,0.,0.));
#2805=DIRECTION('',(0.,0.,-1.));
#2806=DIRECTION('',(0.,0.,1.));
#2807=DIRECTION('',(0.,-1.,0.));
#2808=DIRECTION('',(0.,0.,1.));
#2809=DIRECTION('',(-8.67361737988404E-16,0.,1.));
#2810=DIRECTION('',(1.,0.,8.67361737988404E-16));
#2811=DIRECTION('',(-1.,0.,-8.67361737988404E-16));
#2812=DIRECTION('',(0.,-1.,0.));
#2813=DIRECTION('',(-1.,0.,-8.67361737988404E-16));
#2814=DIRECTION('',(0.,-1.,0.));
#2815=DIRECTION('',(1.,0.,0.));
#2816=DIRECTION('',(0.,0.,-1.));
#2817=DIRECTION('',(0.,0.,1.));
#2818=DIRECTION('',(0.,0.,1.));
#2819=DIRECTION('',(0.,-1.,0.));
#2820=DIRECTION('',(1.,0.,0.));
#2821=DIRECTION('',(0.,-1.,0.));
#2822=DIRECTION('',(0.,0.,-1.));
#2823=DIRECTION('',(0.,-1.,0.));
#2824=DIRECTION('',(0.,0.,-1.));
#2825=DIRECTION('',(0.,-1.,0.));
#2826=DIRECTION('',(0.,0.,-1.));
#2827=DIRECTION('',(0.,-1.,0.));
#2828=DIRECTION('',(0.,0.,-1.));
#2829=DIRECTION('',(0.,1.,0.));
#2830=DIRECTION('',(-1.,0.,0.));
#2831=DIRECTION('',(0.,1.,0.));
#2832=DIRECTION('',(0.,0.,1.));
#2833=DIRECTION('',(0.,1.,0.));
#2834=DIRECTION('',(0.,0.,1.));
#2835=DIRECTION('',(0.,1.,0.));
#2836=DIRECTION('',(0.,0.,1.));
#2837=DIRECTION('',(0.,1.,0.));
#2838=DIRECTION('',(-1.,0.,0.));
#2839=DIRECTION('',(0.,1.,0.));
#2840=DIRECTION('',(0.,0.,1.));
#2841=DIRECTION('',(0.,1.,0.));
#2842=DIRECTION('',(0.,0.,1.));
#2843=DIRECTION('',(0.,0.,-1.));
#2844=DIRECTION('',(1.,0.,-1.73472347597681E-16));
#2845=DIRECTION('',(0.,0.,1.));
#2846=DIRECTION('',(0.,1.,0.));
#2847=DIRECTION('',(0.,0.,1.));
#2848=DIRECTION('',(-1.,0.,-8.67361737988404E-16));
#2849=DIRECTION('',(0.,0.,1.));
#2850=DIRECTION('',(1.,0.,0.));
#2851=DIRECTION('',(0.,0.,-1.));
#2852=DIRECTION('',(0.,-1.,0.));
#2853=DIRECTION('',(0.,0.,-1.));
#2854=DIRECTION('',(-1.,0.,0.));
#2855=DIRECTION('',(0.,-1.,0.));
#2856=DIRECTION('',(-1.,0.,0.));
#2857=DIRECTION('',(0.,0.,1.));
#2858=DIRECTION('',(0.,-1.,0.));
#2859=DIRECTION('',(0.,-1.,0.));
#2860=DIRECTION('',(-1.7347234759768E-16,0.,1.));
#2861=DIRECTION('',(1.,0.,1.7347234759768E-16));
#2862=DIRECTION('',(0.,-1.,0.));
#2863=DIRECTION('',(-1.,0.,0.));
#2864=DIRECTION('',(0.,0.,1.));
#2865=DIRECTION('',(0.,-1.,0.));
#2866=DIRECTION('',(-1.,0.,0.));
#2867=DIRECTION('',(0.,0.,1.));
#2868=DIRECTION('',(0.,-1.,0.));
#2869=DIRECTION('',(0.,-1.,0.));
#2870=DIRECTION('',(-1.73472347597681E-16,0.,-1.));
#2871=DIRECTION('',(-1.,0.,1.73472347597681E-16));
#2872=DIRECTION('',(0.,-1.,0.));
#2873=DIRECTION('',(1.,0.,0.));
#2874=DIRECTION('',(0.,0.,-1.));
#2875=DIRECTION('',(0.,-1.,0.));
#2876=DIRECTION('',(-8.67361737988404E-16,0.,1.));
#2877=DIRECTION('',(1.,0.,8.67361737988404E-16));
#2878=DIRECTION('',(0.,-1.,0.));
#2879=DIRECTION('',(0.,-1.,0.));
#2880=DIRECTION('',(1.,0.,0.));
#2881=DIRECTION('',(0.,0.,-1.));
#2882=DIRECTION('',(-1.,0.,0.));
#2883=DIRECTION('',(0.,0.,1.));
#2884=DIRECTION('',(0.,0.,-1.));
#2885=DIRECTION('',(0.,1.,0.));
#2886=DIRECTION('',(0.,1.,0.));
#2887=DIRECTION('',(0.,0.,1.));
#2888=DIRECTION('',(0.,1.,0.));
#2889=DIRECTION('',(0.,0.,1.));
#2890=DIRECTION('',(1.,0.,0.));
#2891=DIRECTION('',(0.,0.,-1.));
#2892=DIRECTION('',(1.0842021724855E-16,0.,-1.));
#2893=DIRECTION('',(1.,1.15648231731787E-16,0.));
#2894=DIRECTION('',(-1.15648231731787E-16,1.,0.));
#2895=DIRECTION('',(1.15648231731787E-16,-1.,0.));
#2896=DIRECTION('',(0.,1.,0.));
#2897=DIRECTION('',(0.,0.,1.));
#2898=DIRECTION('',(0.,1.,0.));
#2899=DIRECTION('',(0.,0.,1.));
#2900=DIRECTION('',(1.,0.,0.));
#2901=DIRECTION('',(1.0842021724855E-16,0.,-1.));
#2902=DIRECTION('',(0.,0.,-1.));
#2903=DIRECTION('',(-1.,0.,0.));
#2904=DIRECTION('',(1.,0.,0.));
#2905=DIRECTION('',(0.,1.,0.));
#2906=DIRECTION('',(1.,0.,0.));
#2907=DIRECTION('',(1.15648231731787E-16,-1.,0.));
#2908=DIRECTION('',(1.,0.,1.0842021724855E-16));
#2909=DIRECTION('',(1.0842021724855E-16,0.,-1.));
#2910=DIRECTION('',(0.,-1.,0.));
#2911=DIRECTION('',(1.,0.,1.0842021724855E-16));
#2912=DIRECTION('',(1.0842021724855E-16,0.,-1.));
#2913=DIRECTION('',(0.,-1.,0.));
#2914=DIRECTION('',(-1.23908819712629E-16,0.,1.));
#2915=DIRECTION('',(1.,0.,1.23908819712629E-16));
#2916=DIRECTION('',(1.,0.,1.23908819712629E-16));
#2917=DIRECTION('',(0.,-1.,0.));
#2918=DIRECTION('',(1.,0.,1.23908819712629E-16));
#2919=DIRECTION('',(0.,-1.,0.));
#2920=DIRECTION('',(-1.23908819712629E-16,0.,1.));
#2921=DIRECTION('',(1.,0.,1.23908819712629E-16));
#2922=DIRECTION('',(1.,0.,1.23908819712629E-16));
#2923=DIRECTION('',(0.,-1.,0.));
#2924=DIRECTION('',(1.,0.,1.23908819712629E-16));
#2925=DIRECTION('',(0.,-1.,0.));
#2926=DIRECTION('',(1.,0.,1.0842021724855E-16));
#2927=DIRECTION('',(1.0842021724855E-16,0.,-1.));
#2928=DIRECTION('',(0.,-1.,0.));
#2929=DIRECTION('',(1.,0.,1.0842021724855E-16));
#2930=DIRECTION('',(1.0842021724855E-16,0.,-1.));
#2931=DIRECTION('',(0.,-1.,0.));
#2932=DIRECTION('',(1.,3.33600668457079E-16,0.));
#2933=DIRECTION('',(-3.33600668457079E-16,1.,0.));
#2934=DIRECTION('',(3.33600668457079E-16,-1.,0.));
#2935=DIRECTION('',(0.,0.,-1.));
#2936=DIRECTION('',(1.4065325480893E-16,-1.,0.));
#2937=DIRECTION('',(1.,1.4065325480893E-16,0.));
#2938=DIRECTION('',(-1.,-1.4065325480893E-16,0.));
#2939=DIRECTION('',(0.,0.,-1.));
#2940=DIRECTION('',(1.,3.33600668457078E-16,0.));
#2941=DIRECTION('',(-3.33600668457078E-16,1.,0.));
#2942=DIRECTION('',(3.33600668457078E-16,-1.,0.));
#2943=DIRECTION('',(1.,3.30423519233678E-16,0.));
#2944=DIRECTION('',(-3.30423519233678E-16,1.,0.));
#2945=DIRECTION('',(3.30423519233678E-16,-1.,0.));
#2946=DIRECTION('',(1.,3.30423519233678E-16,0.));
#2947=DIRECTION('',(-3.30423519233678E-16,1.,0.));
#2948=DIRECTION('',(3.30423519233678E-16,-1.,0.));
#2949=DIRECTION('',(0.,0.,-1.));
#2950=DIRECTION('',(-1.,0.,0.));
#2951=DIRECTION('',(-1.,0.,0.));
#2952=DIRECTION('',(3.30423519233678E-16,-1.,0.));
#2953=DIRECTION('',(-1.,0.,0.));
#2954=DIRECTION('',(3.30423519233678E-16,-1.,0.));
#2955=DIRECTION('',(0.,0.,-1.));
#2956=DIRECTION('',(-1.,0.,0.));
#2957=DIRECTION('',(3.33600668457078E-16,-1.,0.));
#2958=DIRECTION('',(-1.,-1.4065325480893E-16,0.));
#2959=DIRECTION('',(3.33600668457079E-16,-1.,0.));
#2960=DIRECTION('',(-1.,0.,0.));
#2961=DIRECTION('',(0.,-1.,0.));
#2962=DIRECTION('',(0.,0.,-1.));
#2963=DIRECTION('',(-1.,0.,8.67361737988404E-17));
#2964=DIRECTION('',(0.,-1.,0.));
#2965=DIRECTION('',(0.,0.,-1.));
#2966=DIRECTION('',(0.,0.,1.));
#2967=DIRECTION('',(0.,0.,-1.));
#2968=DIRECTION('',(0.,-1.,0.));
#2969=DIRECTION('',(0.,0.,-1.));
#2970=DIRECTION('',(1.,0.,0.));
#2971=DIRECTION('',(0.,0.,-1.));
#2972=DIRECTION('',(0.,1.,0.));
#2973=DIRECTION('',(-8.67361737988404E-17,0.,-1.));
#2974=DIRECTION('',(-1.,0.,8.67361737988404E-17));
#2975=DIRECTION('',(-1.,0.,8.67361737988404E-17));
#2976=DIRECTION('',(0.,1.,0.));
#2977=DIRECTION('',(0.,1.,0.));
#2978=DIRECTION('',(-1.,0.,0.));
#2979=DIRECTION('',(0.,0.,1.));
#2980=DIRECTION('',(0.,1.,0.));
#2981=DIRECTION('',(0.,1.,0.));
#2982=DIRECTION('',(0.,0.,1.));
#2983=DIRECTION('',(0.,-1.,0.));
#2984=DIRECTION('',(0.,0.,-1.));
#2985=DIRECTION('',(0.,-1.,0.));
#2986=DIRECTION('',(0.,0.,-1.));
#2987=DIRECTION('',(0.,1.,0.));
#2988=DIRECTION('',(0.,0.,1.));
#2989=DIRECTION('',(0.,-1.,0.));
#2990=DIRECTION('',(0.,0.,-1.));
#2991=DIRECTION('',(0.,1.,0.));
#2992=DIRECTION('',(0.,0.,1.));
#2993=DIRECTION('',(0.,-1.,0.));
#2994=DIRECTION('',(0.,0.,-1.));
#2995=DIRECTION('',(0.,1.,0.));
#2996=DIRECTION('',(0.,0.,1.));
#2997=DIRECTION('',(-3.30423519233678E-16,1.,0.));
#2998=DIRECTION('',(-1.,-3.30423519233678E-16,0.));
#2999=DIRECTION('',(0.707106781186547,0.707106781186548,0.));
#3000=DIRECTION('',(0.707106781186548,-0.707106781186548,0.));
#3001=DIRECTION('',(3.30423519233678E-16,-1.,0.));
#3002=DIRECTION('',(1.,3.30423519233678E-16,0.));
#3003=DIRECTION('',(0.707106781186548,-0.707106781186548,0.));
#3004=DIRECTION('',(0.707106781186547,0.707106781186548,0.));
#3005=DIRECTION('',(1.,0.,0.));
#3006=DIRECTION('',(0.,0.,-1.));
#3007=DIRECTION('',(-1.,0.,0.));
#3008=DIRECTION('',(0.,0.,1.));
#3009=DIRECTION('',(-0.707106781186547,-0.707106781186548,0.));
#3010=DIRECTION('',(0.707106781186548,-0.707106781186547,0.));
#3011=DIRECTION('',(-0.707106781186548,0.707106781186547,0.));
#3012=DIRECTION('',(0.707106781186547,0.707106781186548,0.));
#3013=DIRECTION('',(-3.33600668457079E-16,1.,0.));
#3014=DIRECTION('',(-1.,-3.33600668457079E-16,0.));
#3015=DIRECTION('',(0.707106781186547,0.707106781186548,0.));
#3016=DIRECTION('',(0.707106781186548,-0.707106781186547,0.));
#3017=DIRECTION('',(3.33600668457078E-16,-1.,0.));
#3018=DIRECTION('',(1.,3.33600668457078E-16,0.));
#3019=DIRECTION('',(0.707106781186548,-0.707106781186547,0.));
#3020=DIRECTION('',(0.707106781186547,0.707106781186548,0.));
#3021=DIRECTION('',(1.,1.4065325480893E-16,0.));
#3022=DIRECTION('',(-1.4065325480893E-16,1.,0.));
#3023=DIRECTION('',(0.,1.,0.));
#3024=DIRECTION('',(0.,0.,1.));
#3025=DIRECTION('',(0.,-1.,0.));
#3026=DIRECTION('',(0.,0.,-1.));
#3027=DIRECTION('',(1.,0.,0.));
#3028=DIRECTION('',(0.,0.,-1.));
#3029=DIRECTION('',(0.707106781186548,0.707106781186548,0.));
#3030=DIRECTION('',(0.707106781186548,-0.707106781186548,0.));
#3031=DIRECTION('',(0.707106781186548,-0.707106781186548,0.));
#3032=DIRECTION('',(0.707106781186548,0.707106781186548,0.));
#3033=DIRECTION('',(1.15648231731787E-16,-1.,0.));
#3034=DIRECTION('',(1.,1.15648231731787E-16,0.));
#3035=DIRECTION('',(-0.707106781186548,-0.707106781186548,0.));
#3036=DIRECTION('',(-0.707106781186548,0.707106781186548,0.));
#3037=DIRECTION('',(0.,1.,0.));
#3038=DIRECTION('',(0.,0.,1.));
#3039=DIRECTION('',(-0.707106781186548,0.707106781186548,0.));
#3040=DIRECTION('',(-0.707106781186548,-0.707106781186548,0.));
#3041=DIRECTION('',(-1.,0.,0.));
#3042=DIRECTION('',(0.,0.,1.));
#3043=DIRECTION('',(0.,-1.,0.));
#3044=DIRECTION('',(0.,0.,-1.));
#3045=DIRECTION('',(0.,1.,0.));
#3046=DIRECTION('',(0.,0.,1.));
#3047=DIRECTION('',(0.,-1.,0.));
#3048=DIRECTION('',(0.,0.,-1.));
#3049=DIRECTION('',(0.,-1.,0.));
#3050=DIRECTION('',(0.,0.,-1.));
#3051=DIRECTION('',(0.,-1.,0.));
#3052=DIRECTION('',(0.,0.,-1.));
#3053=DIRECTION('',(1.,0.,0.));
#3054=DIRECTION('',(0.,0.,-1.));
#3055=DIRECTION('',(0.,-1.,0.));
#3056=DIRECTION('',(0.,0.,-1.));
#3057=DIRECTION('',(0.,-1.,0.));
#3058=DIRECTION('',(0.,0.,-1.));
#3059=DIRECTION('',(-1.,0.,8.67361737988404E-17));
#3060=DIRECTION('',(8.67361737988404E-17,0.,1.));
#3061=DIRECTION('',(1.,0.,0.));
#3062=DIRECTION('',(0.,0.,-1.));
#3063=DIRECTION('',(0.,-1.,0.));
#3064=DIRECTION('',(0.,0.,-1.));
#3065=DIRECTION('',(0.,1.,0.));
#3066=DIRECTION('',(0.,0.,1.));
#3067=DIRECTION('',(0.,-1.,0.));
#3068=DIRECTION('',(0.,0.,-1.));
#3069=DIRECTION('',(-2.06522328766534E-16,0.,-1.));
#3070=DIRECTION('',(1.,0.,-2.06522328766534E-16));
#3071=DIRECTION('',(-1.,0.,2.06522328766534E-16));
#3072=DIRECTION('',(0.,1.,0.));
#3073=DIRECTION('',(-1.,-1.15648231731787E-16,2.06522328766534E-16));
#3074=DIRECTION('',(-3.46944695195362E-16,1.,7.16518264049416E-32));
#3075=DIRECTION('',(1.,3.46944695195362E-16,-2.06522328766534E-16));
#3076=DIRECTION('',(-3.46944695195362E-16,1.,0.));
#3077=DIRECTION('',(2.06522328766534E-16,0.,1.));
#3078=DIRECTION('',(-3.46944695195362E-16,1.,7.16518264049416E-32));
#3079=DIRECTION('',(2.06522328766534E-16,0.,1.));
#3080=DIRECTION('',(-1.15648231731787E-16,1.,2.38839421349806E-32));
#3081=DIRECTION('',(-1.,-1.15648231731787E-16,0.));
#3082=DIRECTION('',(-1.,-1.15648231731787E-16,2.06522328766534E-16));
#3083=DIRECTION('',(-6.93889390390723E-16,-5.63631388811543E-32,-1.));
#3084=DIRECTION('',(-0.707106781186548,-8.17756488897801E-17,-0.707106781186547));
#3085=DIRECTION('',(-1.15648231731787E-16,1.,2.38839421349806E-32));
#3086=DIRECTION('',(-1.,-1.15648231731787E-16,0.));
#3087=DIRECTION('',(-1.,-1.15648231731787E-16,2.06522328766534E-16));
#3088=DIRECTION('',(2.06522328766534E-16,0.,1.));
#3089=DIRECTION('',(-1.,-1.15648231731787E-16,2.06522328766534E-16));
#3090=DIRECTION('',(2.76213567469482E-48,-2.38839421349806E-32,1.));
#3091=DIRECTION('',(-1.15648231731787E-16,1.,2.38839421349806E-32));
#3092=DIRECTION('',(-1.,-1.15648231731787E-16,0.));
#3093=DIRECTION('',(0.707106781186543,8.17756488897794E-17,-0.707106781186553));
#3094=DIRECTION('',(2.06522328766534E-16,0.,1.));
#3095=DIRECTION('',(2.06522328766534E-16,0.,1.));
#3096=DIRECTION('',(0.707106781186553,8.17756488897805E-17,0.707106781186543));
#3097=DIRECTION('',(-1.15648231731787E-16,1.,2.38839421349806E-32));
#3098=DIRECTION('',(-1.,-1.15648231731787E-16,0.));
#3099=DIRECTION('',(2.76213567469482E-48,-2.38839421349806E-32,1.));
#3100=DIRECTION('',(-1.,-1.15648231731787E-16,2.06522328766534E-16));
#3101=DIRECTION('',(-1.15648231731787E-16,1.,2.38839421349806E-32));
#3102=DIRECTION('',(-1.,-1.15648231731787E-16,0.));
#3103=DIRECTION('',(0.707106781186547,8.17756488897799E-17,-0.707106781186548));
#3104=DIRECTION('',(6.93889390390723E-16,5.63631388811543E-32,1.));
#3105=DIRECTION('',(1.,3.46944695195362E-16,-2.06522328766534E-16));
#3106=DIRECTION('',(-3.46944695195362E-16,1.,0.));
#3107=DIRECTION('',(-3.46944695195362E-16,1.,7.16518264049416E-32));
#3108=DIRECTION('',(2.06522328766534E-16,0.,1.));
#3109=DIRECTION('',(-3.46944695195362E-16,1.,7.16518264049416E-32));
#3110=DIRECTION('',(0.,1.,0.));
#3111=DIRECTION('',(0.,0.,1.));
#3112=DIRECTION('',(6.93889390390723E-16,0.,1.));
#3113=DIRECTION('',(-1.,0.,2.06522328766534E-16));
#3114=DIRECTION('',(-6.93889390390723E-16,0.,-1.));
#3115=DIRECTION('',(-0.707106781186547,0.,0.707106781186548));
#3116=DIRECTION('',(0.,1.,0.));
#3117=DIRECTION('',(0.,0.,1.));
#3118=DIRECTION('',(-1.,0.,2.06522328766534E-16));
#3119=DIRECTION('',(2.76213567469482E-48,-2.38839421349806E-32,1.));
#3120=DIRECTION('',(0.,1.,0.));
#3121=DIRECTION('',(0.,0.,1.));
#3122=DIRECTION('',(-0.707106781186553,0.,-0.707106781186543));
#3123=DIRECTION('',(2.06522328766534E-16,0.,1.));
#3124=DIRECTION('',(2.06522328766534E-16,0.,1.));
#3125=DIRECTION('',(-0.707106781186543,0.,0.707106781186553));
#3126=DIRECTION('',(0.,1.,0.));
#3127=DIRECTION('',(0.,0.,1.));
#3128=DIRECTION('',(2.76213567469482E-48,-2.38839421349806E-32,1.));
#3129=DIRECTION('',(-1.,0.,2.06522328766534E-16));
#3130=DIRECTION('',(-1.,0.,2.06522328766534E-16));
#3131=DIRECTION('',(0.,1.,0.));
#3132=DIRECTION('',(0.,0.,1.));
#3133=DIRECTION('',(0.707106781186548,0.,0.707106781186547));
#3134=DIRECTION('',(-2.06522328766534E-16,0.,-1.));
#3135=DIRECTION('',(1.,0.,-2.06522328766534E-16));
#3136=DIRECTION('',(0.,1.,0.));
#3137=DIRECTION('',(1.,0.,-2.06522328766534E-16));
#3138=DIRECTION('',(-2.06522328766534E-16,0.,-1.));
#3139=DIRECTION('',(4.93256734984134E-48,1.,2.38839421349806E-32));
#3140=DIRECTION('',(-2.06522328766534E-16,0.,-1.));
#3141=DIRECTION('',(1.,0.,-2.06522328766534E-16));
#3142=DIRECTION('',(1.15648231731787E-16,-1.,-2.38839421349806E-32));
#3143=DIRECTION('',(1.,0.,-2.06522328766534E-16));
#3144=DIRECTION('',(-2.06522328766534E-16,0.,-1.));
#3145=DIRECTION('',(-4.93256734984134E-48,-1.,-2.38839421349806E-32));
#3146=DIRECTION('',(-2.06522328766534E-16,0.,-1.));
#3147=DIRECTION('',(1.,0.,-2.06522328766534E-16));
#3148=DIRECTION('',(1.15648231731787E-16,-1.,-2.38839421349806E-32));
#3149=DIRECTION('',(1.,1.15648231731787E-16,0.));
#3150=DIRECTION('',(-1.15648231731787E-16,1.,0.));
#3151=DIRECTION('',(1.15648231731787E-16,-1.,-2.38839421349806E-32));
#3152=DIRECTION('',(1.,1.15648231731787E-16,0.));
#3153=DIRECTION('',(-1.15648231731787E-16,1.,0.));
#3154=DIRECTION('',(1.15648231731787E-16,-1.,-2.38839421349806E-32));
#3155=DIRECTION('',(0.707106781186552,-1.68884974451118E-32,0.707106781186543));
#3156=DIRECTION('',(4.93256734984134E-48,1.,2.38839421349806E-32));
#3157=DIRECTION('',(-4.93256734984134E-48,-1.,-2.38839421349806E-32));
#3158=DIRECTION('',(-0.707106781186543,-1.6888497445112E-32,0.707106781186552));
#3159=DIRECTION('',(4.93256734984134E-48,1.,2.38839421349806E-32));
#3160=DIRECTION('',(4.93256734984134E-48,1.,2.38839421349806E-32));
#3161=DIRECTION('',(1.15648231731787E-16,-1.,-2.38839421349806E-32));
#3162=DIRECTION('',(1.,1.15648231731787E-16,0.));
#3163=DIRECTION('',(1.15648231731787E-16,-1.,-2.38839421349806E-32));
#3164=DIRECTION('',(1.,1.15648231731787E-16,0.));
#3165=DIRECTION('',(0.707106781186547,0.,-0.707106781186548));
#3166=DIRECTION('',(0.,-1.,0.));
#3167=DIRECTION('',(0.,1.,0.));
#3168=DIRECTION('',(0.707106781186547,0.,-0.707106781186548));
#3169=DIRECTION('',(-0.707106781186548,-7.97095154236468E-32,-0.707106781186547));
#3170=DIRECTION('',(0.,-1.,0.));
#3171=DIRECTION('',(0.707106781186547,0.,-0.707106781186548));
#3172=DIRECTION('',(-0.707106781186548,0.,-0.707106781186547));
#3173=DIRECTION('',(0.707106781186548,0.,0.707106781186547));
#3174=DIRECTION('',(0.,1.,0.));
#3175=DIRECTION('',(0.,-1.,0.));
#3176=DIRECTION('',(0.707106781186548,0.,0.707106781186547));
#3177=DIRECTION('',(0.707106781186547,0.,-0.707106781186548));
#3178=DIRECTION('',(0.,1.,0.));
#3179=DIRECTION('',(0.707106781186548,0.,0.707106781186547));
#3180=DIRECTION('',(0.707106781186547,-7.97095154236467E-32,-0.707106781186548));
#3181=DIRECTION('',(-6.93889390390723E-16,0.,-1.));
#3182=DIRECTION('',(-1.,0.,6.93889390390723E-16));
#3183=DIRECTION('',(-0.707106781186548,0.,-0.707106781186547));
#3184=DIRECTION('',(0.707106781186547,0.,-0.707106781186548));
#3185=DIRECTION('',(-4.9065389333868E-16,0.707106781186548,-0.707106781186548));
#3186=DIRECTION('',(4.9065389333868E-16,0.707106781186548,0.707106781186548));
#3187=DIRECTION('',(0.,1.,0.));
#3188=DIRECTION('',(0.,0.,1.));
#3189=DIRECTION('',(4.9065389333868E-16,0.707106781186548,0.707106781186548));
#3190=DIRECTION('',(-4.9065389333868E-16,0.707106781186548,-0.707106781186548));
#3191=DIRECTION('',(-6.93889390390723E-16,-5.63631388811543E-32,-1.));
#3192=DIRECTION('',(-1.,0.,6.93889390390723E-16));
#3193=DIRECTION('',(-0.707106781186548,-8.177564888978E-17,-0.707106781186547));
#3194=DIRECTION('',(0.707106781186547,8.177564888978E-17,-0.707106781186548));
#3195=DIRECTION('',(-6.93889390390723E-16,0.,-1.));
#3196=DIRECTION('',(-1.,0.,6.93889390390723E-16));
#3197=DIRECTION('',(4.9065389333868E-16,-0.707106781186548,0.707106781186548));
#3198=DIRECTION('',(-4.9065389333868E-16,-0.707106781186548,-0.707106781186548));
#3199=DIRECTION('',(0.707106781186547,0.,-0.707106781186548));
#3200=DIRECTION('',(-0.707106781186548,0.,-0.707106781186547));
#3201=DIRECTION('',(0.,-1.,0.));
#3202=DIRECTION('',(0.,0.,-1.));
#3203=DIRECTION('',(-4.9065389333868E-16,-0.707106781186548,-0.707106781186548));
#3204=DIRECTION('',(4.9065389333868E-16,-0.707106781186548,0.707106781186548));
#3205=DIRECTION('',(-6.93889390390723E-16,-5.63631388811543E-32,-1.));
#3206=DIRECTION('',(-1.,0.,6.93889390390723E-16));
#3207=DIRECTION('',(0.707106781186547,8.177564888978E-17,-0.707106781186548));
#3208=DIRECTION('',(-0.707106781186548,-8.177564888978E-17,-0.707106781186547));
#3209=DIRECTION('',(0.,-1.,0.));
#3210=DIRECTION('',(0.,0.,-1.));
#3211=DIRECTION('',(0.,-1.,0.));
#3212=DIRECTION('',(0.,0.,-1.));
#3213=DIRECTION('',(1.,0.,-2.06522328766534E-16));
#3214=DIRECTION('',(-2.06522328766534E-16,0.,-1.));
#3215=DIRECTION('',(-1.,-1.15648231731787E-16,2.06522328766534E-16));
#3216=DIRECTION('',(2.06522328766534E-16,0.,1.));
#3217=CARTESIAN_POINT('',(0.,0.,0.));
#3218=CARTESIAN_POINT('',(-8.26089315066139E-19,0.0475,-0.004));
#3219=CARTESIAN_POINT('',(0.04,0.0475,-0.004));
#3220=CARTESIAN_POINT('',(0.04,0.0275,-0.004));
#3221=CARTESIAN_POINT('',(0.04,0.0675,-0.004));
#3222=CARTESIAN_POINT('',(9.5822515407947E-18,0.0275,-0.004));
#3223=CARTESIAN_POINT('',(-0.04,0.0275,-0.004));
#3224=CARTESIAN_POINT('',(-0.04,0.0475,-0.004));
#3225=CARTESIAN_POINT('',(-0.04,0.0675,-0.004));
#3226=CARTESIAN_POINT('',(-7.76498321897337E-18,0.0675,-0.004));
#3227=CARTESIAN_POINT('',(0.0095,0.03,-3.44670175013679E-18));
#3228=CARTESIAN_POINT('',(0.019,0.03,-5.20417042793042E-18));
#3229=CARTESIAN_POINT('',(0.019,0.095,-5.20417042793042E-18));
#3230=CARTESIAN_POINT('',(0.019,0.0695,-5.20417042793042E-18));
#3231=CARTESIAN_POINT('',(-0.021,0.0695,2.85222927724252E-18));
#3232=CARTESIAN_POINT('',(-0.019,0.0695,2.43918461970945E-18));
#3233=CARTESIAN_POINT('',(-0.019,0.03,2.43918461970945E-18));
#3234=CARTESIAN_POINT('',(-0.019,0.095,2.43918461970945E-18));
#3235=CARTESIAN_POINT('',(0.0095,0.095,-3.44670175013679E-18));
#3236=CARTESIAN_POINT('',(6.93889390390723E-18,0.035,0.01));
#3237=CARTESIAN_POINT('',(0.01,0.035,0.01));
#3238=CARTESIAN_POINT('',(0.01,0.035,0.01));
#3239=CARTESIAN_POINT('',(0.01,0.035,0.006));
#3240=CARTESIAN_POINT('',(6.93889390390723E-18,0.035,0.006));
#3241=CARTESIAN_POINT('',(0.0025,0.035,0.006));
#3242=CARTESIAN_POINT('',(0.0025,0.035,0.007));
#3243=CARTESIAN_POINT('',(0.0035,0.035,0.007));
#3244=CARTESIAN_POINT('',(0.0035,0.035,0.01));
#3245=CARTESIAN_POINT('',(0.0035,0.035,0.01));
#3246=CARTESIAN_POINT('',(6.93889390390723E-18,0.035,0.01));
#3247=CARTESIAN_POINT('',(5.20417042793042E-18,0.065,0.01));
#3248=CARTESIAN_POINT('',(-0.01,0.065,0.01));
#3249=CARTESIAN_POINT('',(-0.01,0.065,0.01));
#3250=CARTESIAN_POINT('',(-0.01,0.065,0.006));
#3251=CARTESIAN_POINT('',(0.01,0.065,0.006));
#3252=CARTESIAN_POINT('',(-0.0025,0.065,0.006));
#3253=CARTESIAN_POINT('',(-0.0025,0.065,0.007));
#3254=CARTESIAN_POINT('',(-0.0035,0.065,0.007));
#3255=CARTESIAN_POINT('',(-0.0035,0.065,0.01));
#3256=CARTESIAN_POINT('',(-0.0035,0.065,0.01));
#3257=CARTESIAN_POINT('',(5.20417042793042E-18,0.065,0.01));
#3258=CARTESIAN_POINT('',(-1.7347234759768E-18,0.028,0.01));
#3259=CARTESIAN_POINT('',(-0.00925,0.028,0.01));
#3260=CARTESIAN_POINT('',(-0.00925,0.028,0.01));
#3261=CARTESIAN_POINT('',(-0.00925,0.028,0.006));
#3262=CARTESIAN_POINT('',(-1.7347234759768E-18,0.028,0.006));
#3263=CARTESIAN_POINT('',(-0.0025,0.028,0.006));
#3264=CARTESIAN_POINT('',(-0.0025,0.028,0.007));
#3265=CARTESIAN_POINT('',(-0.0035,0.028,0.007));
#3266=CARTESIAN_POINT('',(-0.0035,0.028,0.0025));
#3267=CARTESIAN_POINT('',(-0.0035,0.028,0.01));
#3268=CARTESIAN_POINT('',(-1.7347234759768E-18,0.028,0.01));
#3269=CARTESIAN_POINT('',(1.04083408558608E-17,0.072,0.01));
#3270=CARTESIAN_POINT('',(0.00925,0.072,0.01));
#3271=CARTESIAN_POINT('',(0.00925,0.072,0.01));
#3272=CARTESIAN_POINT('',(0.00925,0.072,0.006));
#3273=CARTESIAN_POINT('',(-0.00925,0.072,0.006));
#3274=CARTESIAN_POINT('',(0.0025,0.072,0.006));
#3275=CARTESIAN_POINT('',(0.0025,0.072,0.007));
#3276=CARTESIAN_POINT('',(0.0035,0.072,0.007));
#3277=CARTESIAN_POINT('',(0.0035,0.072,0.01));
#3278=CARTESIAN_POINT('',(0.0035,0.072,0.01));
#3279=CARTESIAN_POINT('',(1.04083408558608E-17,0.072,0.01));
#3280=CARTESIAN_POINT('',(-1.7347234759768E-18,0.028,0.01));
#3281=CARTESIAN_POINT('',(0.0025,0.028,0.007));
#3282=CARTESIAN_POINT('',(0.0035,0.028,0.007));
#3283=CARTESIAN_POINT('',(0.0025,0.028,0.006));
#3284=CARTESIAN_POINT('',(-1.7347234759768E-18,0.028,0.006));
#3285=CARTESIAN_POINT('',(0.00925,0.028,0.006));
#3286=CARTESIAN_POINT('',(0.00925,0.028,0.01));
#3287=CARTESIAN_POINT('',(0.00925,0.028,0.01));
#3288=CARTESIAN_POINT('',(-1.7347234759768E-18,0.028,0.01));
#3289=CARTESIAN_POINT('',(0.0035,0.028,0.01));
#3290=CARTESIAN_POINT('',(0.0035,0.028,0.0025));
#3291=CARTESIAN_POINT('',(0.,0.0475,0.01));
#3292=CARTESIAN_POINT('',(0.,0.03,0.01));
#3293=CARTESIAN_POINT('',(0.018,0.03,0.01));
#3294=CARTESIAN_POINT('',(0.011,0.03,0.01));
#3295=CARTESIAN_POINT('',(0.018,0.07,0.01));
#3296=CARTESIAN_POINT('',(0.018,0.07,0.01));
#3297=CARTESIAN_POINT('',(1.7347234759768E-18,0.07,0.01));
#3298=CARTESIAN_POINT('',(0.011,0.07,0.01));
#3299=CARTESIAN_POINT('',(0.011,0.0825,0.01));
#3300=CARTESIAN_POINT('',(0.011,0.095,0.01));
#3301=CARTESIAN_POINT('',(0.,0.095,0.01));
#3302=CARTESIAN_POINT('',(0.005,0.095,0.01));
#3303=CARTESIAN_POINT('',(0.005,0.092998,0.01));
#3304=CARTESIAN_POINT('',(0.005,0.093,0.01));
#3305=CARTESIAN_POINT('',(3.46944695195361E-18,0.093,0.01));
#3306=CARTESIAN_POINT('',(0.00925,0.093,0.01));
#3307=CARTESIAN_POINT('',(0.00925,0.0825,0.01));
#3308=CARTESIAN_POINT('',(0.0035,0.107815641868528,0.01));
#3309=CARTESIAN_POINT('',(0.0035,0.065,0.01));
#3310=CARTESIAN_POINT('',(5.20417042793042E-18,0.065,0.01));
#3311=CARTESIAN_POINT('',(0.01,0.065,0.01));
#3312=CARTESIAN_POINT('',(0.01,0.05,0.01));
#3313=CARTESIAN_POINT('',(0.0035,0.107815641868528,0.01));
#3314=CARTESIAN_POINT('',(0.00925,0.015,0.01));
#3315=CARTESIAN_POINT('',(0.00925,0.002,0.01));
#3316=CARTESIAN_POINT('',(5.20417042793042E-18,0.002,0.01));
#3317=CARTESIAN_POINT('',(-0.00925,0.002,0.01));
#3318=CARTESIAN_POINT('',(-0.00925,0.015,0.01));
#3319=CARTESIAN_POINT('',(-0.0035,0.107815641868528,0.01));
#3320=CARTESIAN_POINT('',(-0.0035,0.035,0.01));
#3321=CARTESIAN_POINT('',(6.93889390390723E-18,0.035,0.01));
#3322=CARTESIAN_POINT('',(-0.01,0.035,0.01));
#3323=CARTESIAN_POINT('',(-0.01,0.05,0.01));
#3324=CARTESIAN_POINT('',(-0.0035,0.107815641868528,0.01));
#3325=CARTESIAN_POINT('',(-0.0035,0.072,0.01));
#3326=CARTESIAN_POINT('',(1.04083408558608E-17,0.072,0.01));
#3327=CARTESIAN_POINT('',(-0.00925,0.072,0.01));
#3328=CARTESIAN_POINT('',(-0.00925,0.0825,0.01));
#3329=CARTESIAN_POINT('',(-0.00925,0.093,0.01));
#3330=CARTESIAN_POINT('',(3.46944695195361E-18,0.093,0.01));
#3331=CARTESIAN_POINT('',(-0.005,0.093,0.01));
#3332=CARTESIAN_POINT('',(-0.005,0.092998,0.01));
#3333=CARTESIAN_POINT('',(-0.005,0.095,0.01));
#3334=CARTESIAN_POINT('',(0.,0.095,0.01));
#3335=CARTESIAN_POINT('',(-0.011,0.095,0.01));
#3336=CARTESIAN_POINT('',(-0.011,0.0825,0.01));
#3337=CARTESIAN_POINT('',(-0.011,0.07,0.01));
#3338=CARTESIAN_POINT('',(1.7347234759768E-18,0.07,0.01));
#3339=CARTESIAN_POINT('',(-0.018,0.07,0.01));
#3340=CARTESIAN_POINT('',(-0.018,0.0475,0.01));
#3341=CARTESIAN_POINT('',(-0.018,0.03,0.01));
#3342=CARTESIAN_POINT('',(0.,0.03,0.01));
#3343=CARTESIAN_POINT('',(-0.011,0.03,0.01));
#3344=CARTESIAN_POINT('',(-0.011,0.03,0.01));
#3345=CARTESIAN_POINT('',(-0.011,0.,0.01));
#3346=CARTESIAN_POINT('',(0.0055,0.,0.01));
#3347=CARTESIAN_POINT('',(0.011,0.,0.01));
#3348=CARTESIAN_POINT('',(0.011,0.03,0.01));
#3349=CARTESIAN_POINT('',(1.04083408558608E-17,0.072,0.01));
#3350=CARTESIAN_POINT('',(-0.0025,0.072,0.007));
#3351=CARTESIAN_POINT('',(-0.0035,0.072,0.007));
#3352=CARTESIAN_POINT('',(-0.0025,0.072,0.006));
#3353=CARTESIAN_POINT('',(-0.00925,0.072,0.006));
#3354=CARTESIAN_POINT('',(-0.00925,0.072,0.006));
#3355=CARTESIAN_POINT('',(-0.00925,0.072,0.01));
#3356=CARTESIAN_POINT('',(-0.0035,0.072,0.01));
#3357=CARTESIAN_POINT('',(3.46944695195361E-18,0.093,0.01));
#3358=CARTESIAN_POINT('',(3.46944695195361E-18,0.093,0.005));
#3359=CARTESIAN_POINT('',(0.00825,0.093,0.005));
#3360=CARTESIAN_POINT('',(0.005,0.093,0.005));
#3361=CARTESIAN_POINT('',(0.00825,0.093,0.006));
#3362=CARTESIAN_POINT('',(0.00925,0.093,0.006));
#3363=CARTESIAN_POINT('',(0.00925,0.093,0.01));
#3364=CARTESIAN_POINT('',(0.005,0.093,0.00675));
#3365=CARTESIAN_POINT('',(3.46944695195361E-18,0.093,0.01));
#3366=CARTESIAN_POINT('',(-0.00925,0.093,0.01));
#3367=CARTESIAN_POINT('',(-0.00925,0.093,0.006));
#3368=CARTESIAN_POINT('',(-0.00825,0.093,0.006));
#3369=CARTESIAN_POINT('',(-0.00825,0.093,0.005));
#3370=CARTESIAN_POINT('',(3.46944695195361E-18,0.093,0.005));
#3371=CARTESIAN_POINT('',(-0.005,0.093,0.005));
#3372=CARTESIAN_POINT('',(-0.005,0.093,0.00675));
#3373=CARTESIAN_POINT('',(0.,0.095,0.0025));
#3374=CARTESIAN_POINT('',(-0.0165,0.095,0.005));
#3375=CARTESIAN_POINT('',(-0.019,0.095,0.005));
#3376=CARTESIAN_POINT('',(-0.015,0.095,0.005));
#3377=CARTESIAN_POINT('',(-0.015,0.095,0.004));
#3378=CARTESIAN_POINT('',(-0.014,0.095,0.004));
#3379=CARTESIAN_POINT('',(-0.014,0.095,0.0035));
#3380=CARTESIAN_POINT('',(-0.014,0.095,0.002));
#3381=CARTESIAN_POINT('',(-0.0115,0.095,0.002));
#3382=CARTESIAN_POINT('',(-0.009,0.095,0.002));
#3383=CARTESIAN_POINT('',(-0.009,0.095,0.00275));
#3384=CARTESIAN_POINT('',(-0.009,0.095,0.0025));
#3385=CARTESIAN_POINT('',(-0.01,0.095,0.0025));
#3386=CARTESIAN_POINT('',(-0.01,0.095,0.0035));
#3387=CARTESIAN_POINT('',(-0.01,0.095,0.0035));
#3388=CARTESIAN_POINT('',(-0.011,0.095,0.0035));
#3389=CARTESIAN_POINT('',(-0.011,0.095,0.00425));
#3390=CARTESIAN_POINT('',(-0.005,0.095,0.00675));
#3391=CARTESIAN_POINT('',(-0.005,0.095,0.00623205080756888));
#3392=CARTESIAN_POINT('',(-0.004,0.095,0.0045));
#3393=CARTESIAN_POINT('',(-0.004,0.095,0.0025));
#3394=CARTESIAN_POINT('',(1.50463276905253E-34,0.095,0.0025));
#3395=CARTESIAN_POINT('',(0.004,0.095,0.0025));
#3396=CARTESIAN_POINT('',(0.004,0.095,0.0045));
#3397=CARTESIAN_POINT('',(0.005,0.095,0.00623205080756888));
#3398=CARTESIAN_POINT('',(0.005,0.095,0.00675));
#3399=CARTESIAN_POINT('',(0.011,0.095,0.00425));
#3400=CARTESIAN_POINT('',(0.011,0.095,0.0035));
#3401=CARTESIAN_POINT('',(0.01,0.095,0.0035));
#3402=CARTESIAN_POINT('',(0.01,0.095,0.0035));
#3403=CARTESIAN_POINT('',(0.01,0.095,0.0025));
#3404=CARTESIAN_POINT('',(0.009,0.095,0.0025));
#3405=CARTESIAN_POINT('',(0.009,0.095,0.00275));
#3406=CARTESIAN_POINT('',(0.009,0.095,0.002));
#3407=CARTESIAN_POINT('',(0.0115,0.095,0.002));
#3408=CARTESIAN_POINT('',(0.014,0.095,0.002));
#3409=CARTESIAN_POINT('',(0.014,0.095,0.0035));
#3410=CARTESIAN_POINT('',(0.014,0.095,0.004));
#3411=CARTESIAN_POINT('',(0.015,0.095,0.004));
#3412=CARTESIAN_POINT('',(0.015,0.095,0.005));
#3413=CARTESIAN_POINT('',(0.0165,0.095,0.005));
#3414=CARTESIAN_POINT('',(0.019,0.095,0.005));
#3415=CARTESIAN_POINT('',(0.019,0.095,0.0025));
#3416=CARTESIAN_POINT('',(-0.019,0.095,0.0025));
#3417=CARTESIAN_POINT('',(0.,0.03,0.0025));
#3418=CARTESIAN_POINT('',(-0.018,0.03,0.009));
#3419=CARTESIAN_POINT('',(-0.019,0.03,0.009));
#3420=CARTESIAN_POINT('',(-0.019,0.03,0.01));
#3421=CARTESIAN_POINT('',(-0.019,0.03,0.005));
#3422=CARTESIAN_POINT('',(0.,0.03,0.005));
#3423=CARTESIAN_POINT('',(-0.015,0.03,0.005));
#3424=CARTESIAN_POINT('',(-0.015,0.03,0.004));
#3425=CARTESIAN_POINT('',(-0.014,0.03,0.004));
#3426=CARTESIAN_POINT('',(-0.014,0.03,0.0035));
#3427=CARTESIAN_POINT('',(-0.014,0.03,0.002));
#3428=CARTESIAN_POINT('',(-0.0115,0.03,0.002));
#3429=CARTESIAN_POINT('',(-0.009,0.03,0.002));
#3430=CARTESIAN_POINT('',(-0.009,0.03,0.00275));
#3431=CARTESIAN_POINT('',(-0.009,0.03,0.0025));
#3432=CARTESIAN_POINT('',(-0.01,0.03,0.0025));
#3433=CARTESIAN_POINT('',(-0.01,0.03,0.0035));
#3434=CARTESIAN_POINT('',(-0.01,0.03,0.0035));
#3435=CARTESIAN_POINT('',(-0.011,0.03,0.0035));
#3436=CARTESIAN_POINT('',(-0.011,0.03,0.00425));
#3437=CARTESIAN_POINT('',(0.,0.07,0.0025));
#3438=CARTESIAN_POINT('',(-0.019,0.07,0.01));
#3439=CARTESIAN_POINT('',(-0.019,0.07,0.009));
#3440=CARTESIAN_POINT('',(-0.019,0.07,0.005));
#3441=CARTESIAN_POINT('',(-0.018,0.07,0.009));
#3442=CARTESIAN_POINT('',(-0.011,0.07,0.00425));
#3443=CARTESIAN_POINT('',(-0.011,0.07,0.0035));
#3444=CARTESIAN_POINT('',(-0.01,0.07,0.0035));
#3445=CARTESIAN_POINT('',(-0.01,0.07,0.0035));
#3446=CARTESIAN_POINT('',(-0.01,0.07,0.0025));
#3447=CARTESIAN_POINT('',(-0.009,0.07,0.0025));
#3448=CARTESIAN_POINT('',(-0.009,0.07,0.00275));
#3449=CARTESIAN_POINT('',(-0.009,0.07,0.002));
#3450=CARTESIAN_POINT('',(-0.0115,0.07,0.002));
#3451=CARTESIAN_POINT('',(-0.014,0.07,0.002));
#3452=CARTESIAN_POINT('',(-0.014,0.07,0.0035));
#3453=CARTESIAN_POINT('',(-0.014,0.07,0.004));
#3454=CARTESIAN_POINT('',(-0.015,0.07,0.004));
#3455=CARTESIAN_POINT('',(-0.015,0.07,0.005));
#3456=CARTESIAN_POINT('',(1.7347234759768E-18,0.07,0.005));
#3457=CARTESIAN_POINT('',(-0.0165,0.03,0.005));
#3458=CARTESIAN_POINT('',(0.,0.03,0.005));
#3459=CARTESIAN_POINT('',(0.019,0.03,0.005));
#3460=CARTESIAN_POINT('',(0.015,0.03,0.005));
#3461=CARTESIAN_POINT('',(0.015,0.,0.005));
#3462=CARTESIAN_POINT('',(0.015,0.,0.005));
#3463=CARTESIAN_POINT('',(0.0165,0.,0.005));
#3464=CARTESIAN_POINT('',(0.019,0.,0.005));
#3465=CARTESIAN_POINT('',(0.019,0.03,0.005));
#3466=CARTESIAN_POINT('',(-0.0165,0.03,0.005));
#3467=CARTESIAN_POINT('',(-0.0165,0.,0.005));
#3468=CARTESIAN_POINT('',(-0.019,0.,0.005));
#3469=CARTESIAN_POINT('',(-0.015,0.,0.005));
#3470=CARTESIAN_POINT('',(-0.015,0.03,0.005));
#3471=CARTESIAN_POINT('',(-0.019,0.03,0.005));
#3472=CARTESIAN_POINT('',(-0.0165,0.03,0.005));
#3473=CARTESIAN_POINT('',(-0.015,0.03,0.005));
#3474=CARTESIAN_POINT('',(-0.019,0.03,0.005));
#3475=CARTESIAN_POINT('',(-0.0165,0.03,0.005));
#3476=CARTESIAN_POINT('',(0.015,0.07,0.005));
#3477=CARTESIAN_POINT('',(0.015,0.07,0.005));
#3478=CARTESIAN_POINT('',(1.7347234759768E-18,0.07,0.005));
#3479=CARTESIAN_POINT('',(0.019,0.07,0.005));
#3480=CARTESIAN_POINT('',(0.019,0.03,0.005));
#3481=CARTESIAN_POINT('',(-0.011,0.03,0.00425));
#3482=CARTESIAN_POINT('',(-0.011,0.,0.00425));
#3483=CARTESIAN_POINT('',(-0.011,0.,0.0035));
#3484=CARTESIAN_POINT('',(-0.011,0.03,0.0035));
#3485=CARTESIAN_POINT('',(-0.01,0.03,0.0035));
#3486=CARTESIAN_POINT('',(-0.01,0.,0.0035));
#3487=CARTESIAN_POINT('',(-0.01,0.,0.0035));
#3488=CARTESIAN_POINT('',(-0.01,0.,0.0035));
#3489=CARTESIAN_POINT('',(-0.009,0.03,0.00275));
#3490=CARTESIAN_POINT('',(-0.009,0.,0.00275));
#3491=CARTESIAN_POINT('',(-0.009,0.,0.0025));
#3492=CARTESIAN_POINT('',(-0.009,0.,0.002));
#3493=CARTESIAN_POINT('',(-0.009,0.03,0.0025));
#3494=CARTESIAN_POINT('',(-0.009,0.03,0.002));
#3495=CARTESIAN_POINT('',(-0.0115,0.03,0.002));
#3496=CARTESIAN_POINT('',(-0.0115,0.,0.002));
#3497=CARTESIAN_POINT('',(-0.014,0.,0.002));
#3498=CARTESIAN_POINT('',(-0.014,0.03,0.002));
#3499=CARTESIAN_POINT('',(-0.014,0.03,0.0035));
#3500=CARTESIAN_POINT('',(-0.014,0.03,0.004));
#3501=CARTESIAN_POINT('',(-0.014,0.,0.004));
#3502=CARTESIAN_POINT('',(-0.014,0.,0.0035));
#3503=CARTESIAN_POINT('',(-0.019,0.03,0.0025));
#3504=CARTESIAN_POINT('',(-0.019,0.03,0.00382842712474619));
#3505=CARTESIAN_POINT('',(-0.019,0.0695,0.00382842712474619));
#3506=CARTESIAN_POINT('',(-0.019,0.0255,0.00382842712474619));
#3507=CARTESIAN_POINT('',(-0.019,0.0255,0.0025));
#3508=CARTESIAN_POINT('',(-0.019,0.0255,2.43918461970945E-18));
#3509=CARTESIAN_POINT('',(-0.019,0.03,2.43918461970945E-18));
#3510=CARTESIAN_POINT('',(-0.019,0.,2.43918461970945E-18));
#3511=CARTESIAN_POINT('',(-0.019,0.,0.0025));
#3512=CARTESIAN_POINT('',(-0.019,0.03,0.009));
#3513=CARTESIAN_POINT('',(-0.019,0.0695,0.003));
#3514=CARTESIAN_POINT('',(0.0095,0.03,-3.44670175013679E-18));
#3515=CARTESIAN_POINT('',(0.0095,0.0255,-3.44670175013679E-18));
#3516=CARTESIAN_POINT('',(0.019,0.0255,-5.20417042793042E-18));
#3517=CARTESIAN_POINT('',(0.019,0.03,-5.20417042793042E-18));
#3518=CARTESIAN_POINT('',(0.019,0.,-5.20417042793042E-18));
#3519=CARTESIAN_POINT('',(0.0095,0.,-3.44670175013679E-18));
#3520=CARTESIAN_POINT('',(0.019,0.03,0.0025));
#3521=CARTESIAN_POINT('',(0.019,0.0255,0.003));
#3522=CARTESIAN_POINT('',(0.019,0.0255,0.00382842712474619));
#3523=CARTESIAN_POINT('',(0.019,0.0675,0.00382842712474619));
#3524=CARTESIAN_POINT('',(0.019,0.0695,0.00382842712474619));
#3525=CARTESIAN_POINT('',(0.019,0.0695,0.0025));
#3526=CARTESIAN_POINT('',(0.019,0.07,0.01));
#3527=CARTESIAN_POINT('',(0.019,0.07,0.009));
#3528=CARTESIAN_POINT('',(0.019,0.03,0.009));
#3529=CARTESIAN_POINT('',(0.019,0.03,0.009));
#3530=CARTESIAN_POINT('',(0.019,0.03,0.01));
#3531=CARTESIAN_POINT('',(0.019,0.,0.0025));
#3532=CARTESIAN_POINT('',(0.014,0.03,0.0035));
#3533=CARTESIAN_POINT('',(0.014,0.,0.0035));
#3534=CARTESIAN_POINT('',(0.014,0.,0.004));
#3535=CARTESIAN_POINT('',(0.014,0.,0.002));
#3536=CARTESIAN_POINT('',(0.014,0.03,0.004));
#3537=CARTESIAN_POINT('',(0.014,0.03,0.004));
#3538=CARTESIAN_POINT('',(0.014,0.03,0.0035));
#3539=CARTESIAN_POINT('',(0.014,0.03,0.002));
#3540=CARTESIAN_POINT('',(0.014,0.03,0.002));
#3541=CARTESIAN_POINT('',(0.0115,0.03,0.002));
#3542=CARTESIAN_POINT('',(0.0115,0.,0.002));
#3543=CARTESIAN_POINT('',(0.009,0.,0.002));
#3544=CARTESIAN_POINT('',(0.0115,0.03,0.002));
#3545=CARTESIAN_POINT('',(0.009,0.03,0.002));
#3546=CARTESIAN_POINT('',(0.009,0.03,0.002));
#3547=CARTESIAN_POINT('',(0.009,0.03,0.00275));
#3548=CARTESIAN_POINT('',(0.009,0.03,0.00275));
#3549=CARTESIAN_POINT('',(0.009,0.03,0.0025));
#3550=CARTESIAN_POINT('',(0.009,0.03,0.0025));
#3551=CARTESIAN_POINT('',(0.009,0.,0.0025));
#3552=CARTESIAN_POINT('',(0.009,0.,0.00275));
#3553=CARTESIAN_POINT('',(0.01,0.03,0.0035));
#3554=CARTESIAN_POINT('',(0.01,0.,0.0035));
#3555=CARTESIAN_POINT('',(0.011,0.,0.0035));
#3556=CARTESIAN_POINT('',(0.01,0.,0.0035));
#3557=CARTESIAN_POINT('',(0.01,0.03,0.0035));
#3558=CARTESIAN_POINT('',(0.01,0.03,0.0035));
#3559=CARTESIAN_POINT('',(0.01,0.03,0.0035));
#3560=CARTESIAN_POINT('',(0.011,0.03,0.0035));
#3561=CARTESIAN_POINT('',(0.011,0.03,0.0035));
#3562=CARTESIAN_POINT('',(0.011,0.03,0.00425));
#3563=CARTESIAN_POINT('',(0.011,0.,0.00425));
#3564=CARTESIAN_POINT('',(0.011,0.03,0.00425));
#3565=CARTESIAN_POINT('',(0.,0.,0.0025));
#3566=CARTESIAN_POINT('',(-0.015,0.,0.004));
#3567=CARTESIAN_POINT('',(0.015,0.,0.004));
#3568=CARTESIAN_POINT('',(0.01,0.,0.0025));
#3569=CARTESIAN_POINT('',(-0.01,0.,0.0025));
#3570=CARTESIAN_POINT('',(0.,0.03,0.0025));
#3571=CARTESIAN_POINT('',(0.018,0.03,0.009));
#3572=CARTESIAN_POINT('',(0.01,0.03,0.0025));
#3573=CARTESIAN_POINT('',(0.015,0.03,0.004));
#3574=CARTESIAN_POINT('',(0.,0.07,0.0025));
#3575=CARTESIAN_POINT('',(0.018,0.07,0.009));
#3576=CARTESIAN_POINT('',(0.015,0.07,0.004));
#3577=CARTESIAN_POINT('',(0.014,0.07,0.004));
#3578=CARTESIAN_POINT('',(0.014,0.07,0.0035));
#3579=CARTESIAN_POINT('',(0.014,0.07,0.002));
#3580=CARTESIAN_POINT('',(0.0115,0.07,0.002));
#3581=CARTESIAN_POINT('',(0.009,0.07,0.002));
#3582=CARTESIAN_POINT('',(0.009,0.07,0.00275));
#3583=CARTESIAN_POINT('',(0.009,0.07,0.0025));
#3584=CARTESIAN_POINT('',(0.01,0.07,0.0025));
#3585=CARTESIAN_POINT('',(0.01,0.07,0.0035));
#3586=CARTESIAN_POINT('',(0.01,0.07,0.0035));
#3587=CARTESIAN_POINT('',(0.011,0.07,0.0035));
#3588=CARTESIAN_POINT('',(0.011,0.07,0.00425));
#3589=CARTESIAN_POINT('',(-0.011,0.095,0.00425));
#3590=CARTESIAN_POINT('',(-0.011,0.095,0.0035));
#3591=CARTESIAN_POINT('',(-0.01,0.095,0.0035));
#3592=CARTESIAN_POINT('',(-0.01,0.07,0.0035));
#3593=CARTESIAN_POINT('',(-0.009,0.095,0.00275));
#3594=CARTESIAN_POINT('',(-0.009,0.095,0.0025));
#3595=CARTESIAN_POINT('',(-0.009,0.095,0.002));
#3596=CARTESIAN_POINT('',(-0.0115,0.095,0.002));
#3597=CARTESIAN_POINT('',(-0.014,0.095,0.002));
#3598=CARTESIAN_POINT('',(-0.014,0.095,0.0035));
#3599=CARTESIAN_POINT('',(-0.014,0.095,0.004));
#3600=CARTESIAN_POINT('',(0.014,0.095,0.0035));
#3601=CARTESIAN_POINT('',(0.014,0.095,0.004));
#3602=CARTESIAN_POINT('',(0.014,0.095,0.002));
#3603=CARTESIAN_POINT('',(0.0115,0.095,0.002));
#3604=CARTESIAN_POINT('',(0.009,0.095,0.002));
#3605=CARTESIAN_POINT('',(0.009,0.095,0.00275));
#3606=CARTESIAN_POINT('',(0.009,0.095,0.0025));
#3607=CARTESIAN_POINT('',(0.01,0.095,0.0035));
#3608=CARTESIAN_POINT('',(0.01,0.095,0.0035));
#3609=CARTESIAN_POINT('',(0.011,0.095,0.0035));
#3610=CARTESIAN_POINT('',(0.011,0.095,0.00425));
#3611=CARTESIAN_POINT('',(0.01,0.05,0.01));
#3612=CARTESIAN_POINT('',(0.01,0.065,0.01));
#3613=CARTESIAN_POINT('',(0.01,0.065,0.006));
#3614=CARTESIAN_POINT('',(0.01,0.05,0.006));
#3615=CARTESIAN_POINT('',(6.93889390390723E-18,0.035,0.01));
#3616=CARTESIAN_POINT('',(-0.0025,0.035,0.007));
#3617=CARTESIAN_POINT('',(-0.0035,0.035,0.007));
#3618=CARTESIAN_POINT('',(-0.0025,0.035,0.006));
#3619=CARTESIAN_POINT('',(6.93889390390723E-18,0.035,0.006));
#3620=CARTESIAN_POINT('',(-0.01,0.035,0.006));
#3621=CARTESIAN_POINT('',(-0.01,0.035,0.01));
#3622=CARTESIAN_POINT('',(-0.0035,0.035,0.01));
#3623=CARTESIAN_POINT('',(-0.01,0.05,0.01));
#3624=CARTESIAN_POINT('',(-0.01,0.05,0.006));
#3625=CARTESIAN_POINT('',(5.20417042793042E-18,0.065,0.01));
#3626=CARTESIAN_POINT('',(0.0025,0.065,0.007));
#3627=CARTESIAN_POINT('',(0.0035,0.065,0.007));
#3628=CARTESIAN_POINT('',(0.0025,0.065,0.006));
#3629=CARTESIAN_POINT('',(0.01,0.065,0.006));
#3630=CARTESIAN_POINT('',(0.0035,0.065,0.01));
#3631=CARTESIAN_POINT('',(-0.0165,0.03,0.005));
#3632=CARTESIAN_POINT('',(-0.0165,0.036,0.005));
#3633=CARTESIAN_POINT('',(-0.009,0.036,0.005));
#3634=CARTESIAN_POINT('',(0.009,0.036,0.005));
#3635=CARTESIAN_POINT('',(0.009,0.03,0.005));
#3636=CARTESIAN_POINT('',(0.009,0.064,0.005));
#3637=CARTESIAN_POINT('',(-0.01,0.064,0.005));
#3638=CARTESIAN_POINT('',(-0.009,0.064,0.005));
#3639=CARTESIAN_POINT('',(-0.009,0.03,0.005));
#3640=CARTESIAN_POINT('',(0.0035,0.107815641868528,0.008));
#3641=CARTESIAN_POINT('',(0.0035,0.107815641868528,0.007));
#3642=CARTESIAN_POINT('',(-0.0035,0.107815641868528,0.008));
#3643=CARTESIAN_POINT('',(-0.0035,0.072,0.007));
#3644=CARTESIAN_POINT('',(8.67361737988404E-19,0.107815641868528,0.006));
#3645=CARTESIAN_POINT('',(5.69980570678094E-18,0.065,0.006));
#3646=CARTESIAN_POINT('',(0.0025,0.107815641868528,0.006));
#3647=CARTESIAN_POINT('',(1.09039761347114E-17,0.072,0.006));
#3648=CARTESIAN_POINT('',(-0.0025,0.065,0.006));
#3649=CARTESIAN_POINT('',(8.67361737988404E-19,0.107815641868528,0.006));
#3650=CARTESIAN_POINT('',(7.43452918275775E-18,0.035,0.006));
#3651=CARTESIAN_POINT('',(-0.0025,0.028,0.006));
#3652=CARTESIAN_POINT('',(-4.33680868994201E-19,0.028,0.006));
#3653=CARTESIAN_POINT('',(0.0025,0.107815641868528,0.006));
#3654=CARTESIAN_POINT('',(0.0035,0.107815641868528,0.008));
#3655=CARTESIAN_POINT('',(0.0035,0.107815641868528,0.007));
#3656=CARTESIAN_POINT('',(-0.0035,0.107815641868528,0.008));
#3657=CARTESIAN_POINT('',(-0.0035,0.035,0.007));
#3658=CARTESIAN_POINT('',(0.00925,0.015,0.01));
#3659=CARTESIAN_POINT('',(0.00925,0.002,0.006));
#3660=CARTESIAN_POINT('',(0.00925,0.002,0.006));
#3661=CARTESIAN_POINT('',(0.00925,0.002,0.01));
#3662=CARTESIAN_POINT('',(5.20417042793042E-18,0.002,0.01));
#3663=CARTESIAN_POINT('',(-0.00925,0.002,0.006));
#3664=CARTESIAN_POINT('',(-0.00925,0.002,0.006));
#3665=CARTESIAN_POINT('',(-0.00925,0.002,0.01));
#3666=CARTESIAN_POINT('',(-0.00925,0.015,0.01));
#3667=CARTESIAN_POINT('',(-0.00925,0.015,0.006));
#3668=CARTESIAN_POINT('',(0.00925,0.0825,0.01));
#3669=CARTESIAN_POINT('',(0.00925,0.072,0.006));
#3670=CARTESIAN_POINT('',(-0.00925,0.0825,0.01));
#3671=CARTESIAN_POINT('',(-0.00925,0.0825,0.006));
#3672=CARTESIAN_POINT('',(-0.0165,0.03,0.005));
#3673=CARTESIAN_POINT('',(0.00925,0.073,0.005));
#3674=CARTESIAN_POINT('',(-0.00825,0.073,0.005));
#3675=CARTESIAN_POINT('',(0.00825,0.073,0.005));
#3676=CARTESIAN_POINT('',(0.00825,0.093,0.005));
#3677=CARTESIAN_POINT('',(3.46944695195361E-18,0.093,0.005));
#3678=CARTESIAN_POINT('',(-0.00825,0.03,0.005));
#3679=CARTESIAN_POINT('',(-0.0165,0.03,0.005));
#3680=CARTESIAN_POINT('',(-0.00825,0.03,0.005));
#3681=CARTESIAN_POINT('',(-0.00825,0.027,0.005));
#3682=CARTESIAN_POINT('',(-0.00825,0.003,0.005));
#3683=CARTESIAN_POINT('',(0.00925,0.003,0.005));
#3684=CARTESIAN_POINT('',(0.00825,0.003,0.005));
#3685=CARTESIAN_POINT('',(0.00825,0.028,0.005));
#3686=CARTESIAN_POINT('',(0.00825,0.027,0.005));
#3687=CARTESIAN_POINT('',(-0.0165,0.027,0.005));
#3688=CARTESIAN_POINT('',(3.46944695195361E-18,0.093,0.01));
#3689=CARTESIAN_POINT('',(-8.67361737988404E-19,0.093,0.0035));
#3690=CARTESIAN_POINT('',(0.004,0.093,0.0035));
#3691=CARTESIAN_POINT('',(-0.004,0.093,0.0035));
#3692=CARTESIAN_POINT('',(-0.004,0.093,0.0045));
#3693=CARTESIAN_POINT('',(-0.005,0.093,0.0045));
#3694=CARTESIAN_POINT('',(-0.005,0.093,0.00675));
#3695=CARTESIAN_POINT('',(0.005,0.093,0.00675));
#3696=CARTESIAN_POINT('',(0.005,0.093,0.0045));
#3697=CARTESIAN_POINT('',(0.004,0.093,0.0045));
#3698=CARTESIAN_POINT('',(0.005,0.092998,0.00675));
#3699=CARTESIAN_POINT('',(0.005,0.095,0.00623205080756888));
#3700=CARTESIAN_POINT('',(0.005,0.095,0.00588539670161877));
#3701=CARTESIAN_POINT('',(0.005,0.0947328454292371,0.00523216335781923));
#3702=CARTESIAN_POINT('',(0.005,0.0942412977277019,0.00474129893420012));
#3703=CARTESIAN_POINT('',(0.005,0.094,0.0045));
#3704=CARTESIAN_POINT('',(0.005,0.094,0.0045));
#3705=CARTESIAN_POINT('',(0.005,0.093,0.0045));
#3706=CARTESIAN_POINT('',(-8.67361737988404E-19,0.092998,0.0035));
#3707=CARTESIAN_POINT('',(-8.67361737988404E-19,0.094,0.0035));
#3708=CARTESIAN_POINT('',(0.004,0.094,0.0035));
#3709=CARTESIAN_POINT('',(-0.004,0.094,0.0035));
#3710=CARTESIAN_POINT('',(-0.004,0.093,0.0035));
#3711=CARTESIAN_POINT('',(0.004,0.095,0.0035));
#3712=CARTESIAN_POINT('',(-0.005,0.092998,0.00675));
#3713=CARTESIAN_POINT('',(-0.005,0.095,0.0045));
#3714=CARTESIAN_POINT('',(-0.005,0.094,0.0045));
#3715=CARTESIAN_POINT('',(-0.005,0.095,0.00623205080756888));
#3716=CARTESIAN_POINT('',(-0.005,0.095,0.00588539670161878));
#3717=CARTESIAN_POINT('',(-0.005,0.0947328454292367,0.00523216335781963));
#3718=CARTESIAN_POINT('',(-0.005,0.0942412977277027,0.00474129893419933));
#3719=CARTESIAN_POINT('',(-0.005,0.094,0.0045));
#3720=CARTESIAN_POINT('',(0.018,0.03,0.009));
#3721=CARTESIAN_POINT('',(-0.018,0.0475,0.009));
#3722=CARTESIAN_POINT('',(0.01,0.03,0.0025));
#3723=CARTESIAN_POINT('',(-0.01,0.03,0.0025));
#3724=CARTESIAN_POINT('',(-0.015,0.03,0.004));
#3725=CARTESIAN_POINT('',(0.015,0.03,0.004));
#3726=CARTESIAN_POINT('',(-0.015,0.095,0.004));
#3727=CARTESIAN_POINT('',(0.015,0.03,0.004));
#3728=CARTESIAN_POINT('',(0.00825,0.0825,0.006));
#3729=CARTESIAN_POINT('',(0.00825,0.073,0.006));
#3730=CARTESIAN_POINT('',(-0.00825,0.03,0.006));
#3731=CARTESIAN_POINT('',(-0.00825,0.073,0.006));
#3732=CARTESIAN_POINT('',(1.04083408558608E-17,0.073,0.006));
#3733=CARTESIAN_POINT('',(-0.0165,0.027,0.006));
#3734=CARTESIAN_POINT('',(-0.00825,0.027,0.006));
#3735=CARTESIAN_POINT('',(0.00825,0.027,0.006));
#3736=CARTESIAN_POINT('',(0.00825,0.015,0.006));
#3737=CARTESIAN_POINT('',(0.00825,0.003,0.006));
#3738=CARTESIAN_POINT('',(-0.00825,0.03,0.006));
#3739=CARTESIAN_POINT('',(-0.00825,0.003,0.006));
#3740=CARTESIAN_POINT('',(5.06351717312149E-18,0.003,0.006));
#3741=CARTESIAN_POINT('',(-0.0025,0.107815641868528,0.007));
#3742=CARTESIAN_POINT('',(0.0025,0.107815641868528,0.007));
#3743=CARTESIAN_POINT('',(-0.0165,0.036,0.006));
#3744=CARTESIAN_POINT('',(0.009,0.036,0.006));
#3745=CARTESIAN_POINT('',(-0.009,0.036,0.006));
#3746=CARTESIAN_POINT('',(-0.009,0.03,0.006));
#3747=CARTESIAN_POINT('',(-0.009,0.064,0.006));
#3748=CARTESIAN_POINT('',(0.009,0.03,0.006));
#3749=CARTESIAN_POINT('',(0.009,0.064,0.006));
#3750=CARTESIAN_POINT('',(5.20417042793042E-18,0.064,0.006));
#3751=CARTESIAN_POINT('',(0.0025,0.107815641868528,0.007));
#3752=CARTESIAN_POINT('',(-0.0025,0.107815641868528,0.007));
#3753=CARTESIAN_POINT('',(-0.004,0.092998,0.0045));
#3754=CARTESIAN_POINT('',(-0.004,0.094,0.0045));
#3755=CARTESIAN_POINT('',(-0.004,0.094,0.0045));
#3756=CARTESIAN_POINT('',(-0.004,0.094,0.0025));
#3757=CARTESIAN_POINT('',(0.004,0.092998,0.0045));
#3758=CARTESIAN_POINT('',(0.004,0.094,0.0045));
#3759=CARTESIAN_POINT('',(-9.54097911787244E-19,0.094,0.0025));
#3760=CARTESIAN_POINT('',(0.004,0.094,0.0025));
#3761=CARTESIAN_POINT('',(0.004,0.094,0.0045));
#3762=CARTESIAN_POINT('',(-0.01,0.095,0.0025));
#3763=CARTESIAN_POINT('',(0.01,0.095,0.0025));
#3764=CARTESIAN_POINT('',(-3.0663188534999E-34,0.0475,-1.48473962685471E-18));
#3765=CARTESIAN_POINT('',(-6.93889390390723E-18,0.0675,-1.48473962685471E-18));
#3766=CARTESIAN_POINT('',(0.045,0.0675,-1.07782444213488E-17));
#3767=CARTESIAN_POINT('',(0.0228284271247462,0.0675,-6.19931955873442E-18));
#3768=CARTESIAN_POINT('',(0.0228284271247462,0.0275,-6.19931955873442E-18));
#3769=CARTESIAN_POINT('',(0.0228284271247462,0.0275,-6.19931955873442E-18));
#3770=CARTESIAN_POINT('',(1.04083408558608E-17,0.0275,-1.48473962685471E-18));
#3771=CARTESIAN_POINT('',(0.045,0.0275,-1.07782444213488E-17));
#3772=CARTESIAN_POINT('',(0.045,0.0475,-1.07782444213488E-17));
#3773=CARTESIAN_POINT('',(0.045,0.0475,-0.004));
#3774=CARTESIAN_POINT('',(0.045,0.0275,-0.004));
#3775=CARTESIAN_POINT('',(0.045,0.0275,-0.015));
#3776=CARTESIAN_POINT('',(0.045,0.0475,-0.015));
#3777=CARTESIAN_POINT('',(0.045,0.0675,-0.015));
#3778=CARTESIAN_POINT('',(0.045,0.0675,-0.004));
#3779=CARTESIAN_POINT('',(9.5822515407947E-18,0.0275,-0.004));
#3780=CARTESIAN_POINT('',(9.99529619832777E-18,0.0275,-0.002));
#3781=CARTESIAN_POINT('',(0.021,0.0275,-0.002));
#3782=CARTESIAN_POINT('',(-0.021,0.0275,-0.002));
#3783=CARTESIAN_POINT('',(-0.021,0.0275,-0.004));
#3784=CARTESIAN_POINT('',(-0.021,0.0275,0.001));
#3785=CARTESIAN_POINT('',(-0.013,0.0275,0.009));
#3786=CARTESIAN_POINT('',(-0.0214142135623731,0.0275,0.000585786437626908));
#3787=CARTESIAN_POINT('',(-0.0228284271247462,0.0275,0.002));
#3788=CARTESIAN_POINT('',(-0.0228284271247462,0.0275,3.229840305025E-18));
#3789=CARTESIAN_POINT('',(1.04083408558608E-17,0.0275,-1.48473962685471E-18));
#3790=CARTESIAN_POINT('',(-0.045,0.0275,7.80876516763935E-18));
#3791=CARTESIAN_POINT('',(-0.045,0.0275,-0.004));
#3792=CARTESIAN_POINT('',(-0.045,0.0275,-0.015));
#3793=CARTESIAN_POINT('',(7.31050592436282E-18,0.0275,-0.015));
#3794=CARTESIAN_POINT('',(-0.039,0.0275,-0.015));
#3795=CARTESIAN_POINT('',(-0.039,0.0275,-0.0145));
#3796=CARTESIAN_POINT('',(-0.039,0.0275,-0.0145));
#3797=CARTESIAN_POINT('',(-0.0395,0.0275,-0.0145));
#3798=CARTESIAN_POINT('',(-0.0395,0.0275,-0.014));
#3799=CARTESIAN_POINT('',(-0.0247500000000003,0.0275,-0.02875));
#3800=CARTESIAN_POINT('',(-0.04,0.0275,-0.0135));
#3801=CARTESIAN_POINT('',(-0.04,0.0275,-0.015));
#3802=CARTESIAN_POINT('',(0.04,0.0275,-0.015));
#3803=CARTESIAN_POINT('',(0.04,0.0275,-0.0135));
#3804=CARTESIAN_POINT('',(0.0247499999999998,0.0275,-0.02875));
#3805=CARTESIAN_POINT('',(0.0395,0.0275,-0.014));
#3806=CARTESIAN_POINT('',(0.0395,0.0275,-0.0145));
#3807=CARTESIAN_POINT('',(0.039,0.0275,-0.0145));
#3808=CARTESIAN_POINT('',(0.039,0.0275,-0.0145));
#3809=CARTESIAN_POINT('',(0.039,0.0275,-0.015));
#3810=CARTESIAN_POINT('',(7.31050592436282E-18,0.0275,-0.015));
#3811=CARTESIAN_POINT('',(0.0228284271247462,0.0275,0.002));
#3812=CARTESIAN_POINT('',(0.0214142135623731,0.0275,0.000585786437626903));
#3813=CARTESIAN_POINT('',(0.013,0.0275,0.009));
#3814=CARTESIAN_POINT('',(0.021,0.0275,0.000999999999999989));
#3815=CARTESIAN_POINT('',(0.021,0.0275,-6.50521303491303E-18));
#3816=CARTESIAN_POINT('',(-0.045,0.0475,-0.004));
#3817=CARTESIAN_POINT('',(-0.045,0.0475,7.80876516763935E-18));
#3818=CARTESIAN_POINT('',(-0.045,0.0675,7.80876516763935E-18));
#3819=CARTESIAN_POINT('',(-0.045,0.0675,-0.004));
#3820=CARTESIAN_POINT('',(-0.045,0.0675,-0.015));
#3821=CARTESIAN_POINT('',(-0.045,0.0475,-0.015));
#3822=CARTESIAN_POINT('',(-7.76498321897337E-18,0.0675,-0.004));
#3823=CARTESIAN_POINT('',(-0.021,0.0675,3.90312782094781E-18));
#3824=CARTESIAN_POINT('',(-0.021,0.0675,0.001));
#3825=CARTESIAN_POINT('',(-0.021,0.0675,-0.002));
#3826=CARTESIAN_POINT('',(0.021,0.0675,-0.002));
#3827=CARTESIAN_POINT('',(0.021,0.0675,-0.002));
#3828=CARTESIAN_POINT('',(0.021,0.0675,-0.004));
#3829=CARTESIAN_POINT('',(0.021,0.0675,0.001));
#3830=CARTESIAN_POINT('',(0.022,0.0675,-6.02823085971847E-18));
#3831=CARTESIAN_POINT('',(0.0214142135623731,0.0675,0.000585786437626903));
#3832=CARTESIAN_POINT('',(0.0228284271247462,0.0675,0.002));
#3833=CARTESIAN_POINT('',(-1.00367288354052E-17,0.0675,-0.015));
#3834=CARTESIAN_POINT('',(0.039,0.0675,-0.015));
#3835=CARTESIAN_POINT('',(0.039,0.0675,-0.0145));
#3836=CARTESIAN_POINT('',(0.039,0.0675,-0.0145));
#3837=CARTESIAN_POINT('',(0.0395,0.0675,-0.0145));
#3838=CARTESIAN_POINT('',(0.0395,0.0675,-0.014));
#3839=CARTESIAN_POINT('',(0.04,0.0675,-0.0135));
#3840=CARTESIAN_POINT('',(0.04,0.0675,-0.0135));
#3841=CARTESIAN_POINT('',(0.04,0.0675,-0.015));
#3842=CARTESIAN_POINT('',(-0.04,0.0675,-0.015));
#3843=CARTESIAN_POINT('',(-0.04,0.0675,-0.0135));
#3844=CARTESIAN_POINT('',(-0.0395,0.0675,-0.014));
#3845=CARTESIAN_POINT('',(-0.0395,0.0675,-0.014));
#3846=CARTESIAN_POINT('',(-0.0395,0.0675,-0.0145));
#3847=CARTESIAN_POINT('',(-0.039,0.0675,-0.0145));
#3848=CARTESIAN_POINT('',(-0.039,0.0675,-0.0145));
#3849=CARTESIAN_POINT('',(-0.039,0.0675,-0.015));
#3850=CARTESIAN_POINT('',(-1.00367288354052E-17,0.0675,-0.015));
#3851=CARTESIAN_POINT('',(-6.93889390390723E-18,0.0675,-1.48473962685471E-18));
#3852=CARTESIAN_POINT('',(-0.0228284271247462,0.0675,3.229840305025E-18));
#3853=CARTESIAN_POINT('',(-0.0228284271247462,0.0675,0.002));
#3854=CARTESIAN_POINT('',(-0.0214142135623731,0.0675,0.000585786437626907));
#3855=CARTESIAN_POINT('',(-0.019,0.0675,0.003));
#3856=CARTESIAN_POINT('',(-3.0663188534999E-34,0.0475,-1.48473962685471E-18));
#3857=CARTESIAN_POINT('',(-0.0228284271247462,0.0675,3.229840305025E-18));
#3858=CARTESIAN_POINT('',(-0.04,0.0475,-0.015));
#3859=CARTESIAN_POINT('',(-0.04,0.0675,-0.0135));
#3860=CARTESIAN_POINT('',(-3.09783493149802E-18,0.0475,-0.015));
#3861=CARTESIAN_POINT('',(-0.039,0.0675,-0.015));
#3862=CARTESIAN_POINT('',(0.04,0.0475,-0.015));
#3863=CARTESIAN_POINT('',(0.04,0.0275,-0.0135));
#3864=CARTESIAN_POINT('',(-3.09783493149802E-18,0.0475,-0.015));
#3865=CARTESIAN_POINT('',(0.039,0.0675,-0.015));
#3866=CARTESIAN_POINT('',(0.039,0.0675,-0.0145));
#3867=CARTESIAN_POINT('',(0.039,0.0675,-0.0145));
#3868=CARTESIAN_POINT('',(-0.039,0.0675,-0.0145));
#3869=CARTESIAN_POINT('',(-0.039,0.0675,-0.0145));
#3870=CARTESIAN_POINT('',(-0.0395,0.0675,-0.014));
#3871=CARTESIAN_POINT('',(-0.0395,0.0275,-0.014));
#3872=CARTESIAN_POINT('',(0.04,0.0475,-0.0135));
#3873=CARTESIAN_POINT('',(0.0395,0.0675,-0.014));
#3874=CARTESIAN_POINT('',(-0.0395,0.0675,-0.0145));
#3875=CARTESIAN_POINT('',(0.0395,0.0675,-0.0145));
#3876=CARTESIAN_POINT('',(-0.019,0.03,0.003));
#3877=CARTESIAN_POINT('',(-0.0214142135623731,0.0275,0.000585786437626906));
#3878=CARTESIAN_POINT('',(-0.021,0.0255,0.001));
#3879=CARTESIAN_POINT('',(-0.0195857864376269,0.0269142135623731,0.0024142135623731));
#3880=CARTESIAN_POINT('',(-0.0195857864376269,0.03,0.0024142135623731));
#3881=CARTESIAN_POINT('',(-0.0195857864376269,0.0680857864376269,0.0024142135623731));
#3882=CARTESIAN_POINT('',(-0.021,0.0695,0.001));
#3883=CARTESIAN_POINT('',(0.022,0.0475,-6.02823085971847E-18));
#3884=CARTESIAN_POINT('',(0.0214142135623731,0.0675,0.000585786437626902));
#3885=CARTESIAN_POINT('',(0.021,0.0695,0.001));
#3886=CARTESIAN_POINT('',(0.0195857864376269,0.0680857864376269,0.00241421356237309));
#3887=CARTESIAN_POINT('',(0.0195857864376269,0.0275,0.00241421356237309));
#3888=CARTESIAN_POINT('',(0.0195857864376269,0.0269142135623731,0.00241421356237309));
#3889=CARTESIAN_POINT('',(0.021,0.0255,0.001));
#3890=CARTESIAN_POINT('',(0.021,0.0695,0.0025));
#3891=CARTESIAN_POINT('',(0.021,0.0695,-0.002));
#3892=CARTESIAN_POINT('',(0.021,0.0695,0.00382842712474619));
#3893=CARTESIAN_POINT('',(0.021,0.03,0.00382842712474619));
#3894=CARTESIAN_POINT('',(0.021,0.0255,0.00382842712474619));
#3895=CARTESIAN_POINT('',(0.021,0.0255,0.0025));
#3896=CARTESIAN_POINT('',(0.021,0.0255,-0.002));
#3897=CARTESIAN_POINT('',(-0.021,0.0695,0.0025));
#3898=CARTESIAN_POINT('',(-0.021,0.0695,0.0038284271247462));
#3899=CARTESIAN_POINT('',(-0.021,0.0695,-0.002));
#3900=CARTESIAN_POINT('',(-0.021,0.03,0.0038284271247462));
#3901=CARTESIAN_POINT('',(-0.021,0.0255,0.0038284271247462));
#3902=CARTESIAN_POINT('',(-0.021,0.0255,0.0025));
#3903=CARTESIAN_POINT('',(-0.021,0.0255,-0.002));
#3904=CARTESIAN_POINT('',(0.0228284271247462,0.0475,0.002));
#3905=CARTESIAN_POINT('',(-0.0228284271247462,0.0475,0.002));
#3906=CARTESIAN_POINT('',(0.0095,0.0695,-0.002));
#3907=CARTESIAN_POINT('',(1.02265926617913E-17,0.0255,-0.002));
#3908=MECHANICAL_DESIGN_GEOMETRIC_PRESENTATION_REPRESENTATION('',(#2357),
#3909);
#3909=(
GEOMETRIC_REPRESENTATION_CONTEXT(3)
GLOBAL_UNCERTAINTY_ASSIGNED_CONTEXT((#3910))
GLOBAL_UNIT_ASSIGNED_CONTEXT((#3913,#3912,#3911))
REPRESENTATION_CONTEXT('Part 1','TOP_LEVEL_ASSEMBLY_PART')
);
#3910=UNCERTAINTY_MEASURE_WITH_UNIT(LENGTH_MEASURE(2.E-5),#3913,
'DISTANCE_ACCURACY_VALUE','Maximum Tolerance applied to model');
#3911=(
NAMED_UNIT(*)
SI_UNIT($,.STERADIAN.)
SOLID_ANGLE_UNIT()
);
#3912=(
NAMED_UNIT(*)
PLANE_ANGLE_UNIT()
SI_UNIT($,.RADIAN.)
);
#3913=(
LENGTH_UNIT()
NAMED_UNIT(*)
SI_UNIT($,.METRE.)
);
#3914=PRODUCT_DEFINITION_SHAPE('','',#3915);
#3915=PRODUCT_DEFINITION('','',#3917,#3916);
#3916=PRODUCT_DEFINITION_CONTEXT('',#3923,'design');
#3917=PRODUCT_DEFINITION_FORMATION_WITH_SPECIFIED_SOURCE('','',#3919,
 .NOT_KNOWN.);
#3918=PRODUCT_RELATED_PRODUCT_CATEGORY('','',(#3919));
#3919=PRODUCT('Part 1','Part 1','Part 1',(#3921));
#3920=PRODUCT_CATEGORY('','');
#3921=PRODUCT_CONTEXT('',#3923,'mechanical');
#3922=APPLICATION_PROTOCOL_DEFINITION('international standard',
'ap242_managed_model_based_3d_engineering',2020,#3923);
#3923=APPLICATION_CONTEXT('managed model based 3d engineering');
ENDSEC;
END-ISO-10303-21;
