ISO-10303-21;
HEADER;
/* Generated by software containing ST-Developer
 * from STEP Tools, Inc. (www.steptools.com) 
 */
/* OPTION: using custom renumber hook */

FILE_DESCRIPTION(
/* description */ ('STEP AP242 Edition 2',
'CAx-IF Rec.Pracs.---Representation and Presentation of Product Manufa
cturing Information (PMI)---4.0---2014-10-13',
'CAx-IF Rec.Pracs.---3D Tessellated Geometry---0.4---2014-09-14','2;1',
'CAx-IF Rec.Pracs.---User Defined Attributes---1.5---2016-08-15'),
/* implementation_level */ '2;1');

FILE_NAME(
/* name */ '6abfd1bc1b7419bccf32888c',
/* time_stamp */ '2026-10-02T15:46:05Z',
/* author */ (''),
/* organization */ (''),
/* preprocessor_version */ 'ST-DEVELOPER v20',
/* originating_system */ 'ONSHAPE BY PTC INC, 1.221',
/* authorisation */ '  ');

FILE_SCHEMA (('AP242_MANAGED_MODEL_BASED_3D_ENGINEERING_MIM_LF { 1 0 10303 442 3 1 4 }'));
ENDSEC;

DATA;
#10=(
BOUNDED_SURFACE()
B_SPLINE_SURFACE(3,2,((#7021,#7022,#7023),(#7024,#7025,#7026),(#7027,#7028,
#7029),(#7030,#7031,#7032),(#7033,#7034,#7035),(#7036,#7037,#7038),(#7039,
#7040,#7041)),.UNSPECIFIED.,.F.,.F.,.F.)
B_SPLINE_SURFACE_WITH_KNOTS((4,1,1,1,4),(3,3),(3.14159265358979,3.53429173528852,
3.92699081698724,4.31968989868597,4.71238898038469),(0.,1.),
 .UNSPECIFIED.)
GEOMETRIC_REPRESENTATION_ITEM()
RATIONAL_B_SPLINE_SURFACE(((1.,0.707106781186548,1.),(1.,0.707106781348494,
1.),(1.,0.746571860755486,1.),(1.,0.869029034424641,1.),(1.,0.973464424252576,
1.),(1.,0.999999999985521,1.),(1.,1.,1.)))
REPRESENTATION_ITEM('')
SURFACE()
);
#11=(
BOUNDED_SURFACE()
B_SPLINE_SURFACE(3,2,((#7045,#7046,#7047),(#7048,#7049,#7050),(#7051,#7052,
#7053),(#7054,#7055,#7056),(#7057,#7058,#7059),(#7060,#7061,#7062),(#7063,
#7064,#7065)),.UNSPECIFIED.,.F.,.F.,.F.)
B_SPLINE_SURFACE_WITH_KNOTS((4,1,1,1,4),(3,3),(3.14159265358979,3.53429173528852,
3.92699081698724,4.31968989868597,4.71238898038469),(0.,1.),
 .UNSPECIFIED.)
GEOMETRIC_REPRESENTATION_ITEM()
RATIONAL_B_SPLINE_SURFACE(((1.,0.707106781186548,1.),(1.,0.707106781348494,
1.),(1.,0.746571860755487,1.),(1.,0.869029034424641,1.),(1.,0.973464424252576,
1.),(1.,0.999999999985521,1.),(1.,1.,1.)))
REPRESENTATION_ITEM('')
SURFACE()
);
#12=(
BOUNDED_SURFACE()
B_SPLINE_SURFACE(3,2,((#7070,#7071,#7072),(#7073,#7074,#7075),(#7076,#7077,
#7078),(#7079,#7080,#7081),(#7082,#7083,#7084),(#7085,#7086,#7087),(#7088,
#7089,#7090)),.UNSPECIFIED.,.F.,.F.,.F.)
B_SPLINE_SURFACE_WITH_KNOTS((4,1,1,1,4),(3,3),(4.71238898038469,5.10508806208341,
5.49778714378214,5.89048622548086,6.28318530717959),(0.,1.),
 .UNSPECIFIED.)
GEOMETRIC_REPRESENTATION_ITEM()
RATIONAL_B_SPLINE_SURFACE(((1.,1.,1.),(1.,0.999999999985521,1.),(1.,0.973464424252577,
1.),(1.,0.869029034424644,1.),(1.,0.746571860755478,1.),(1.,0.707106781348538,
1.),(1.,0.707106781186548,1.)))
REPRESENTATION_ITEM('')
SURFACE()
);
#13=(
BOUNDED_SURFACE()
B_SPLINE_SURFACE(3,2,((#7095,#7096,#7097),(#7098,#7099,#7100),(#7101,#7102,
#7103),(#7104,#7105,#7106),(#7107,#7108,#7109),(#7110,#7111,#7112),(#7113,
#7114,#7115)),.UNSPECIFIED.,.F.,.F.,.F.)
B_SPLINE_SURFACE_WITH_KNOTS((4,1,1,1,4),(3,3),(4.71238898038469,5.10508806208341,
5.49778714378214,5.89048622548086,6.28318530717959),(0.,1.),
 .UNSPECIFIED.)
GEOMETRIC_REPRESENTATION_ITEM()
RATIONAL_B_SPLINE_SURFACE(((1.,1.,1.),(1.,0.999999999985521,1.),(1.,0.973464424252577,
1.),(1.,0.869029034424644,1.),(1.,0.746571860755478,1.),(1.,0.707106781348538,
1.),(1.,0.707106781186548,1.)))
REPRESENTATION_ITEM('')
SURFACE()
);
#14=(
BOUNDED_SURFACE()
B_SPLINE_SURFACE(3,2,((#7120,#7121,#7122),(#7123,#7124,#7125),(#7126,#7127,
#7128),(#7129,#7130,#7131),(#7132,#7133,#7134),(#7135,#7136,#7137),(#7138,
#7139,#7140)),.UNSPECIFIED.,.F.,.F.,.F.)
B_SPLINE_SURFACE_WITH_KNOTS((4,1,1,1,4),(3,3),(3.14159265358979,3.53429173528852,
3.92699081698724,4.31968989868597,4.71238898038469),(0.,1.),
 .UNSPECIFIED.)
GEOMETRIC_REPRESENTATION_ITEM()
RATIONAL_B_SPLINE_SURFACE(((1.,0.707106781186548,1.),(1.,0.707106781192542,
1.),(1.,0.746571860827402,1.),(1.,0.869029034406891,1.),(1.,0.973464424251667,
1.),(1.,0.999999999999476,1.),(1.,1.,1.)))
REPRESENTATION_ITEM('')
SURFACE()
);
#15=(
BOUNDED_SURFACE()
B_SPLINE_SURFACE(3,2,((#7143,#7144,#7145),(#7146,#7147,#7148),(#7149,#7150,
#7151),(#7152,#7153,#7154),(#7155,#7156,#7157),(#7158,#7159,#7160),(#7161,
#7162,#7163)),.UNSPECIFIED.,.F.,.F.,.F.)
B_SPLINE_SURFACE_WITH_KNOTS((4,1,1,1,4),(3,3),(3.14159265358979,3.53429173528852,
3.92699081698724,4.31968989868597,4.71238898038469),(0.,1.),
 .UNSPECIFIED.)
GEOMETRIC_REPRESENTATION_ITEM()
RATIONAL_B_SPLINE_SURFACE(((1.,0.707106781186548,1.),(1.,0.707106781192542,
1.),(1.,0.746571860827402,1.),(1.,0.869029034406891,1.),(1.,0.973464424251667,
1.),(1.,0.999999999999476,1.),(1.,1.,1.)))
REPRESENTATION_ITEM('')
SURFACE()
);
#16=(
BOUNDED_SURFACE()
B_SPLINE_SURFACE(3,2,((#7166,#7167,#7168),(#7169,#7170,#7171),(#7172,#7173,
#7174),(#7175,#7176,#7177),(#7178,#7179,#7180),(#7181,#7182,#7183),(#7184,
#7185,#7186)),.UNSPECIFIED.,.F.,.F.,.F.)
B_SPLINE_SURFACE_WITH_KNOTS((4,1,1,1,4),(3,3),(3.14159265358979,3.53429173528852,
3.92699081698724,4.31968989868597,4.71238898038469),(0.,1.),
 .UNSPECIFIED.)
GEOMETRIC_REPRESENTATION_ITEM()
RATIONAL_B_SPLINE_SURFACE(((1.,0.707106781186548,1.),(1.,0.707106781192542,
1.),(1.,0.746571860827402,1.),(1.,0.869029034406892,1.),(1.,0.973464424251667,
1.),(1.,0.999999999999476,1.),(1.,1.,1.)))
REPRESENTATION_ITEM('')
SURFACE()
);
#17=(
BOUNDED_SURFACE()
B_SPLINE_SURFACE(3,2,((#7189,#7190,#7191),(#7192,#7193,#7194),(#7195,#7196,
#7197),(#7198,#7199,#7200),(#7201,#7202,#7203),(#7204,#7205,#7206),(#7207,
#7208,#7209)),.UNSPECIFIED.,.F.,.F.,.F.)
B_SPLINE_SURFACE_WITH_KNOTS((4,1,1,1,4),(3,3),(3.14159265358979,3.53429173528852,
3.92699081698724,4.31968989868597,4.71238898038469),(0.,1.),
 .UNSPECIFIED.)
GEOMETRIC_REPRESENTATION_ITEM()
RATIONAL_B_SPLINE_SURFACE(((1.,0.707106781186548,1.),(1.,0.707106781192542,
1.),(1.,0.746571860827402,1.),(1.,0.869029034406892,1.),(1.,0.973464424251667,
1.),(1.,0.999999999999476,1.),(1.,1.,1.)))
REPRESENTATION_ITEM('')
SURFACE()
);
#18=(
BOUNDED_SURFACE()
B_SPLINE_SURFACE(3,2,((#7212,#7213,#7214),(#7215,#7216,#7217),(#7218,#7219,
#7220),(#7221,#7222,#7223),(#7224,#7225,#7226),(#7227,#7228,#7229),(#7230,
#7231,#7232)),.UNSPECIFIED.,.F.,.F.,.F.)
B_SPLINE_SURFACE_WITH_KNOTS((4,1,1,1,4),(3,3),(3.14159265358979,3.53429173528852,
3.92699081698724,4.31968989868597,4.71238898038469),(0.,1.),
 .UNSPECIFIED.)
GEOMETRIC_REPRESENTATION_ITEM()
RATIONAL_B_SPLINE_SURFACE(((1.,0.707106781186548,1.),(1.,0.707106781192542,
1.),(1.,0.746571860827402,1.),(1.,0.869029034406891,1.),(1.,0.973464424251667,
1.),(1.,0.999999999999476,1.),(1.,1.,1.)))
REPRESENTATION_ITEM('')
SURFACE()
);
#19=(
BOUNDED_SURFACE()
B_SPLINE_SURFACE(3,2,((#7235,#7236,#7237),(#7238,#7239,#7240),(#7241,#7242,
#7243),(#7244,#7245,#7246),(#7247,#7248,#7249),(#7250,#7251,#7252),(#7253,
#7254,#7255)),.UNSPECIFIED.,.F.,.F.,.F.)
B_SPLINE_SURFACE_WITH_KNOTS((4,1,1,1,4),(3,3),(3.14159265358979,3.53429173528852,
3.92699081698724,4.31968989868597,4.71238898038469),(0.,1.),
 .UNSPECIFIED.)
GEOMETRIC_REPRESENTATION_ITEM()
RATIONAL_B_SPLINE_SURFACE(((1.,0.707106781186548,1.),(1.,0.707106781192542,
1.),(1.,0.746571860827402,1.),(1.,0.869029034406891,1.),(1.,0.973464424251667,
1.),(1.,0.999999999999476,1.),(1.,1.,1.)))
REPRESENTATION_ITEM('')
SURFACE()
);
#20=(
BOUNDED_SURFACE()
B_SPLINE_SURFACE(3,2,((#7258,#7259,#7260),(#7261,#7262,#7263),(#7264,#7265,
#7266),(#7267,#7268,#7269),(#7270,#7271,#7272),(#7273,#7274,#7275),(#7276,
#7277,#7278)),.UNSPECIFIED.,.F.,.F.,.F.)
B_SPLINE_SURFACE_WITH_KNOTS((4,1,1,1,4),(3,3),(3.14159265358979,3.53429173528852,
3.92699081698724,4.31968989868597,4.71238898038469),(0.,1.),
 .UNSPECIFIED.)
GEOMETRIC_REPRESENTATION_ITEM()
RATIONAL_B_SPLINE_SURFACE(((1.,0.707106781186548,1.),(1.,0.707106781192542,
1.),(1.,0.746571860827402,1.),(1.,0.869029034406891,1.),(1.,0.973464424251667,
1.),(1.,0.999999999999476,1.),(1.,1.,1.)))
REPRESENTATION_ITEM('')
SURFACE()
);
#21=(
BOUNDED_SURFACE()
B_SPLINE_SURFACE(3,2,((#7281,#7282,#7283),(#7284,#7285,#7286),(#7287,#7288,
#7289),(#7290,#7291,#7292),(#7293,#7294,#7295),(#7296,#7297,#7298),(#7299,
#7300,#7301)),.UNSPECIFIED.,.F.,.F.,.F.)
B_SPLINE_SURFACE_WITH_KNOTS((4,1,1,1,4),(3,3),(3.14159265358979,3.53429173528852,
3.92699081698724,4.31968989868597,4.71238898038469),(0.,1.),
 .UNSPECIFIED.)
GEOMETRIC_REPRESENTATION_ITEM()
RATIONAL_B_SPLINE_SURFACE(((1.,0.707106781186548,1.),(1.,0.707106781192542,
1.),(1.,0.746571860827402,1.),(1.,0.869029034406891,1.),(1.,0.973464424251667,
1.),(1.,0.999999999999476,1.),(1.,1.,1.)))
REPRESENTATION_ITEM('')
SURFACE()
);
#22=CONTEXT_DEPENDENT_SHAPE_REPRESENTATION(#28,#7578);
#23=CONTEXT_DEPENDENT_SHAPE_REPRESENTATION(#29,#7580);
#24=CONTEXT_DEPENDENT_SHAPE_REPRESENTATION(#30,#7582);
#25=NEXT_ASSEMBLY_USAGE_OCCURRENCE('NAUO1','Part 1','Part 1',#7583,#7584,
'');
#26=NEXT_ASSEMBLY_USAGE_OCCURRENCE('NAUO2','Part 1','Part 1',#7583,#7585,
'');
#27=NEXT_ASSEMBLY_USAGE_OCCURRENCE('NAUO3','Part 2','Part 2',#7583,#7586,
'');
#28=(
REPRESENTATION_RELATIONSHIP(' ',' ',#4357,#4356)
REPRESENTATION_RELATIONSHIP_WITH_TRANSFORMATION(#31)
SHAPE_REPRESENTATION_RELATIONSHIP()
);
#29=(
REPRESENTATION_RELATIONSHIP(' ',' ',#4358,#4356)
REPRESENTATION_RELATIONSHIP_WITH_TRANSFORMATION(#32)
SHAPE_REPRESENTATION_RELATIONSHIP()
);
#30=(
REPRESENTATION_RELATIONSHIP(' ',' ',#4359,#4356)
REPRESENTATION_RELATIONSHIP_WITH_TRANSFORMATION(#33)
SHAPE_REPRESENTATION_RELATIONSHIP()
);
#31=ITEM_DEFINED_TRANSFORMATION(' ',' ',#4360,#4432);
#32=ITEM_DEFINED_TRANSFORMATION(' ',' ',#4360,#4690);
#33=ITEM_DEFINED_TRANSFORMATION(' ',' ',#4360,#4775);
#34=SHAPE_REPRESENTATION_RELATIONSHIP('','',#4357,#37);
#35=SHAPE_REPRESENTATION_RELATIONSHIP('','',#4358,#38);
#36=SHAPE_REPRESENTATION_RELATIONSHIP('','',#4359,#39);
#37=ADVANCED_BREP_SHAPE_REPRESENTATION('',(#4349),#7566);
#38=ADVANCED_BREP_SHAPE_REPRESENTATION('',(#4350),#7567);
#39=ADVANCED_BREP_SHAPE_REPRESENTATION('',(#4351),#7568);
#40=SPHERICAL_SURFACE('',#4422,0.001);
#41=TOROIDAL_SURFACE('',#4407,0.00625,0.001);
#42=TOROIDAL_SURFACE('',#4408,0.00625,0.001);
#43=TOROIDAL_SURFACE('',#4416,0.002,0.001);
#44=TOROIDAL_SURFACE('',#4596,0.002,0.001);
#45=TOROIDAL_SURFACE('',#4603,0.002,0.001);
#46=TOROIDAL_SURFACE('',#4653,0.001,0.001);
#47=TOROIDAL_SURFACE('',#4656,0.001,0.001);
#48=TOROIDAL_SURFACE('',#4745,0.002,0.001);
#49=TOROIDAL_SURFACE('',#4752,0.002,0.001);
#50=TOROIDAL_SURFACE('',#4761,0.002,0.001);
#51=TOROIDAL_SURFACE('',#4766,0.002,0.001);
#52=ELLIPSE('',#4403,0.00141421356237309,0.001);
#53=ELLIPSE('',#4405,0.00141421356237309,0.001);
#54=ELLIPSE('',#4410,0.00141421356237309,0.001);
#55=ELLIPSE('',#4412,0.00141421356237309,0.001);
#56=ELLIPSE('',#4425,0.00141421356237309,0.001);
#57=ELLIPSE('',#4546,0.00141421356237309,0.001);
#58=ELLIPSE('',#4548,0.00316227766016838,0.001);
#59=ELLIPSE('',#4550,0.00316227766016838,0.001);
#60=ELLIPSE('',#4551,0.00316227766016838,0.001);
#61=ELLIPSE('',#4553,0.00316227766016838,0.001);
#62=ELLIPSE('',#4554,0.00141421356237309,0.001);
#63=ELLIPSE('',#4556,0.00141421356237309,0.001);
#64=ELLIPSE('',#4558,0.00316227766016838,0.001);
#65=ELLIPSE('',#4560,0.00316227766016838,0.001);
#66=ELLIPSE('',#4561,0.00316227766016838,0.001);
#67=ELLIPSE('',#4564,0.00316227766016838,0.001);
#68=ELLIPSE('',#4567,0.00141421356237309,0.001);
#69=ELLIPSE('',#4569,0.00141421356237309,0.001);
#70=ELLIPSE('',#4574,0.00316227766016838,0.001);
#71=ELLIPSE('',#4576,0.00316227766016838,0.001);
#72=ELLIPSE('',#4577,0.00316227766016838,0.001);
#73=ELLIPSE('',#4579,0.00316227766016838,0.001);
#74=ELLIPSE('',#4580,0.00141421356237309,0.001);
#75=ELLIPSE('',#4582,0.00141421356237309,0.001);
#76=ELLIPSE('',#4584,0.00316227766016838,0.001);
#77=ELLIPSE('',#4586,0.00316227766016838,0.001);
#78=ELLIPSE('',#4587,0.00316227766016838,0.001);
#79=ELLIPSE('',#4590,0.00141421356237309,0.001);
#80=ELLIPSE('',#4592,0.00316227766016838,0.001);
#81=ELLIPSE('',#4630,0.00282842712474619,0.002);
#82=ELLIPSE('',#4631,0.00282842712474619,0.002);
#83=ELLIPSE('',#4633,0.00282842712474619,0.002);
#84=ELLIPSE('',#4634,0.00282842712474619,0.002);
#85=ELLIPSE('',#4636,0.00282842712474619,0.002);
#86=ELLIPSE('',#4637,0.00282842712474619,0.002);
#87=ELLIPSE('',#4639,0.00282842712474619,0.002);
#88=ELLIPSE('',#4641,0.00282842712474619,0.002);
#89=ELLIPSE('',#4643,0.00282842712474619,0.002);
#90=ELLIPSE('',#4644,0.00282842712474619,0.002);
#91=ELLIPSE('',#4646,0.00282842712474619,0.002);
#92=ELLIPSE('',#4648,0.00282842712474619,0.002);
#93=ELLIPSE('',#4658,0.00223606797749979,0.002);
#94=ELLIPSE('',#4659,0.00223606797749979,0.002);
#95=ELLIPSE('',#4661,0.00223606797749979,0.002);
#96=ELLIPSE('',#4662,0.00223606797749979,0.002);
#97=ELLIPSE('',#4665,0.00223606797749979,0.002);
#98=ELLIPSE('',#4666,0.00223606797749979,0.002);
#99=ELLIPSE('',#4669,0.00223606797749979,0.002);
#100=ELLIPSE('',#4670,0.00223606797749979,0.002);
#101=ELLIPSE('',#4748,0.00141421356237309,0.001);
#102=ELLIPSE('',#4760,0.00141421356237309,0.001);
#103=B_SPLINE_CURVE_WITH_KNOTS('',3,(#6121,#6122,#6123,#6124,#6125),
 .UNSPECIFIED.,.F.,.F.,(4,1,4),(0.,0.00102374211662993,0.00204748423325986),
 .UNSPECIFIED.);
#104=B_SPLINE_CURVE_WITH_KNOTS('',3,(#6776,#6777,#6778,#6779,#6780),
 .UNSPECIFIED.,.F.,.F.,(4,1,4),(0.,0.00102374211662993,0.00204748423325987),
 .UNSPECIFIED.);
#105=B_SPLINE_CURVE_WITH_KNOTS('',3,(#6796,#6797,#6798,#6799,#6800),
 .UNSPECIFIED.,.F.,.F.,(4,1,4),(0.,0.00102374211662993,0.00204748423325987),
 .UNSPECIFIED.);
#106=B_SPLINE_CURVE_WITH_KNOTS('',3,(#7412,#7413,#7414,#7415,#7416),
 .UNSPECIFIED.,.F.,.F.,(4,1,4),(0.,0.00102374211662992,0.00204748423325985),
 .UNSPECIFIED.);
#107=B_SPLINE_CURVE_WITH_KNOTS('',3,(#7453,#7454,#7455,#7456,#7457),
 .UNSPECIFIED.,.F.,.F.,(4,1,4),(0.,0.00102374211662992,0.00204748423325985),
 .UNSPECIFIED.);
#108=LINE('',#6050,#543);
#109=LINE('',#6053,#544);
#110=LINE('',#6057,#545);
#111=LINE('',#6059,#546);
#112=LINE('',#6061,#547);
#113=LINE('',#6065,#548);
#114=LINE('',#6069,#549);
#115=LINE('',#6073,#550);
#116=LINE('',#6077,#551);
#117=LINE('',#6081,#552);
#118=LINE('',#6085,#553);
#119=LINE('',#6087,#554);
#120=LINE('',#6089,#555);
#121=LINE('',#6093,#556);
#122=LINE('',#6095,#557);
#123=LINE('',#6097,#558);
#124=LINE('',#6099,#559);
#125=LINE('',#6102,#560);
#126=LINE('',#6105,#561);
#127=LINE('',#6109,#562);
#128=LINE('',#6111,#563);
#129=LINE('',#6113,#564);
#130=LINE('',#6115,#565);
#131=LINE('',#6117,#566);
#132=LINE('',#6119,#567);
#133=LINE('',#6127,#568);
#134=LINE('',#6129,#569);
#135=LINE('',#6131,#570);
#136=LINE('',#6133,#571);
#137=LINE('',#6135,#572);
#138=LINE('',#6137,#573);
#139=LINE('',#6139,#574);
#140=LINE('',#6141,#575);
#141=LINE('',#6143,#576);
#142=LINE('',#6145,#577);
#143=LINE('',#6149,#578);
#144=LINE('',#6155,#579);
#145=LINE('',#6158,#580);
#146=LINE('',#6160,#581);
#147=LINE('',#6164,#582);
#148=LINE('',#6168,#583);
#149=LINE('',#6171,#584);
#150=LINE('',#6172,#585);
#151=LINE('',#6176,#586);
#152=LINE('',#6178,#587);
#153=LINE('',#6180,#588);
#154=LINE('',#6182,#589);
#155=LINE('',#6184,#590);
#156=LINE('',#6186,#591);
#157=LINE('',#6188,#592);
#158=LINE('',#6191,#593);
#159=LINE('',#6192,#594);
#160=LINE('',#6194,#595);
#161=LINE('',#6195,#596);
#162=LINE('',#6197,#597);
#163=LINE('',#6200,#598);
#164=LINE('',#6201,#599);
#165=LINE('',#6203,#600);
#166=LINE('',#6207,#601);
#167=LINE('',#6208,#602);
#168=LINE('',#6212,#603);
#169=LINE('',#6213,#604);
#170=LINE('',#6215,#605);
#171=LINE('',#6216,#606);
#172=LINE('',#6252,#607);
#173=LINE('',#6254,#608);
#174=LINE('',#6256,#609);
#175=LINE('',#6258,#610);
#176=LINE('',#6260,#611);
#177=LINE('',#6262,#612);
#178=LINE('',#6264,#613);
#179=LINE('',#6266,#614);
#180=LINE('',#6268,#615);
#181=LINE('',#6272,#616);
#182=LINE('',#6276,#617);
#183=LINE('',#6278,#618);
#184=LINE('',#6280,#619);
#185=LINE('',#6282,#620);
#186=LINE('',#6284,#621);
#187=LINE('',#6286,#622);
#188=LINE('',#6288,#623);
#189=LINE('',#6290,#624);
#190=LINE('',#6292,#625);
#191=LINE('',#6296,#626);
#192=LINE('',#6298,#627);
#193=LINE('',#6300,#628);
#194=LINE('',#6302,#629);
#195=LINE('',#6305,#630);
#196=LINE('',#6307,#631);
#197=LINE('',#6309,#632);
#198=LINE('',#6311,#633);
#199=LINE('',#6314,#634);
#200=LINE('',#6316,#635);
#201=LINE('',#6318,#636);
#202=LINE('',#6320,#637);
#203=LINE('',#6323,#638);
#204=LINE('',#6325,#639);
#205=LINE('',#6327,#640);
#206=LINE('',#6329,#641);
#207=LINE('',#6334,#642);
#208=LINE('',#6338,#643);
#209=LINE('',#6340,#644);
#210=LINE('',#6342,#645);
#211=LINE('',#6346,#646);
#212=LINE('',#6350,#647);
#213=LINE('',#6352,#648);
#214=LINE('',#6356,#649);
#215=LINE('',#6358,#650);
#216=LINE('',#6360,#651);
#217=LINE('',#6362,#652);
#218=LINE('',#6364,#653);
#219=LINE('',#6366,#654);
#220=LINE('',#6368,#655);
#221=LINE('',#6370,#656);
#222=LINE('',#6372,#657);
#223=LINE('',#6374,#658);
#224=LINE('',#6376,#659);
#225=LINE('',#6378,#660);
#226=LINE('',#6380,#661);
#227=LINE('',#6382,#662);
#228=LINE('',#6384,#663);
#229=LINE('',#6386,#664);
#230=LINE('',#6388,#665);
#231=LINE('',#6392,#666);
#232=LINE('',#6394,#667);
#233=LINE('',#6398,#668);
#234=LINE('',#6402,#669);
#235=LINE('',#6404,#670);
#236=LINE('',#6406,#671);
#237=LINE('',#6410,#672);
#238=LINE('',#6415,#673);
#239=LINE('',#6417,#674);
#240=LINE('',#6419,#675);
#241=LINE('',#6423,#676);
#242=LINE('',#6426,#677);
#243=LINE('',#6427,#678);
#244=LINE('',#6429,#679);
#245=LINE('',#6434,#680);
#246=LINE('',#6436,#681);
#247=LINE('',#6438,#682);
#248=LINE('',#6442,#683);
#249=LINE('',#6444,#684);
#250=LINE('',#6445,#685);
#251=LINE('',#6449,#686);
#252=LINE('',#6453,#687);
#253=LINE('',#6454,#688);
#254=LINE('',#6456,#689);
#255=LINE('',#6460,#690);
#256=LINE('',#6462,#691);
#257=LINE('',#6464,#692);
#258=LINE('',#6468,#693);
#259=LINE('',#6470,#694);
#260=LINE('',#6471,#695);
#261=LINE('',#6473,#696);
#262=LINE('',#6476,#697);
#263=LINE('',#6477,#698);
#264=LINE('',#6481,#699);
#265=LINE('',#6483,#700);
#266=LINE('',#6487,#701);
#267=LINE('',#6489,#702);
#268=LINE('',#6491,#703);
#269=LINE('',#6495,#704);
#270=LINE('',#6497,#705);
#271=LINE('',#6499,#706);
#272=LINE('',#6503,#707);
#273=LINE('',#6505,#708);
#274=LINE('',#6509,#709);
#275=LINE('',#6511,#710);
#276=LINE('',#6513,#711);
#277=LINE('',#6517,#712);
#278=LINE('',#6519,#713);
#279=LINE('',#6521,#714);
#280=LINE('',#6523,#715);
#281=LINE('',#6525,#716);
#282=LINE('',#6528,#717);
#283=LINE('',#6529,#718);
#284=LINE('',#6531,#719);
#285=LINE('',#6534,#720);
#286=LINE('',#6536,#721);
#287=LINE('',#6538,#722);
#288=LINE('',#6540,#723);
#289=LINE('',#6543,#724);
#290=LINE('',#6544,#725);
#291=LINE('',#6546,#726);
#292=LINE('',#6547,#727);
#293=LINE('',#6549,#728);
#294=LINE('',#6551,#729);
#295=LINE('',#6553,#730);
#296=LINE('',#6555,#731);
#297=LINE('',#6557,#732);
#298=LINE('',#6559,#733);
#299=LINE('',#6561,#734);
#300=LINE('',#6563,#735);
#301=LINE('',#6566,#736);
#302=LINE('',#6567,#737);
#303=LINE('',#6569,#738);
#304=LINE('',#6571,#739);
#305=LINE('',#6573,#740);
#306=LINE('',#6575,#741);
#307=LINE('',#6577,#742);
#308=LINE('',#6580,#743);
#309=LINE('',#6582,#744);
#310=LINE('',#6584,#745);
#311=LINE('',#6585,#746);
#312=LINE('',#6586,#747);
#313=LINE('',#6588,#748);
#314=LINE('',#6590,#749);
#315=LINE('',#6592,#750);
#316=LINE('',#6594,#751);
#317=LINE('',#6596,#752);
#318=LINE('',#6598,#753);
#319=LINE('',#6599,#754);
#320=LINE('',#6601,#755);
#321=LINE('',#6603,#756);
#322=LINE('',#6604,#757);
#323=LINE('',#6606,#758);
#324=LINE('',#6609,#759);
#325=LINE('',#6611,#760);
#326=LINE('',#6613,#761);
#327=LINE('',#6615,#762);
#328=LINE('',#6617,#763);
#329=LINE('',#6619,#764);
#330=LINE('',#6621,#765);
#331=LINE('',#6623,#766);
#332=LINE('',#6625,#767);
#333=LINE('',#6627,#768);
#334=LINE('',#6630,#769);
#335=LINE('',#6632,#770);
#336=LINE('',#6634,#771);
#337=LINE('',#6636,#772);
#338=LINE('',#6637,#773);
#339=LINE('',#6648,#774);
#340=LINE('',#6653,#775);
#341=LINE('',#6655,#776);
#342=LINE('',#6659,#777);
#343=LINE('',#6661,#778);
#344=LINE('',#6663,#779);
#345=LINE('',#6665,#780);
#346=LINE('',#6667,#781);
#347=LINE('',#6668,#782);
#348=LINE('',#6670,#783);
#349=LINE('',#6672,#784);
#350=LINE('',#6674,#785);
#351=LINE('',#6675,#786);
#352=LINE('',#6677,#787);
#353=LINE('',#6679,#788);
#354=LINE('',#6681,#789);
#355=LINE('',#6682,#790);
#356=LINE('',#6685,#791);
#357=LINE('',#6687,#792);
#358=LINE('',#6689,#793);
#359=LINE('',#6691,#794);
#360=LINE('',#6693,#795);
#361=LINE('',#6695,#796);
#362=LINE('',#6697,#797);
#363=LINE('',#6699,#798);
#364=LINE('',#6701,#799);
#365=LINE('',#6704,#800);
#366=LINE('',#6705,#801);
#367=LINE('',#6707,#802);
#368=LINE('',#6709,#803);
#369=LINE('',#6711,#804);
#370=LINE('',#6713,#805);
#371=LINE('',#6716,#806);
#372=LINE('',#6717,#807);
#373=LINE('',#6719,#808);
#374=LINE('',#6721,#809);
#375=LINE('',#6723,#810);
#376=LINE('',#6725,#811);
#377=LINE('',#6727,#812);
#378=LINE('',#6729,#813);
#379=LINE('',#6731,#814);
#380=LINE('',#6733,#815);
#381=LINE('',#6735,#816);
#382=LINE('',#6737,#817);
#383=LINE('',#6739,#818);
#384=LINE('',#6741,#819);
#385=LINE('',#6743,#820);
#386=LINE('',#6745,#821);
#387=LINE('',#6747,#822);
#388=LINE('',#6749,#823);
#389=LINE('',#6751,#824);
#390=LINE('',#6753,#825);
#391=LINE('',#6755,#826);
#392=LINE('',#6757,#827);
#393=LINE('',#6759,#828);
#394=LINE('',#6761,#829);
#395=LINE('',#6763,#830);
#396=LINE('',#6765,#831);
#397=LINE('',#6767,#832);
#398=LINE('',#6769,#833);
#399=LINE('',#6771,#834);
#400=LINE('',#6774,#835);
#401=LINE('',#6782,#836);
#402=LINE('',#6785,#837);
#403=LINE('',#6787,#838);
#404=LINE('',#6789,#839);
#405=LINE('',#6792,#840);
#406=LINE('',#6794,#841);
#407=LINE('',#6872,#842);
#408=LINE('',#6875,#843);
#409=LINE('',#6877,#844);
#410=LINE('',#6879,#845);
#411=LINE('',#6881,#846);
#412=LINE('',#6883,#847);
#413=LINE('',#6885,#848);
#414=LINE('',#6887,#849);
#415=LINE('',#6890,#850);
#416=LINE('',#6892,#851);
#417=LINE('',#6896,#852);
#418=LINE('',#6898,#853);
#419=LINE('',#6900,#854);
#420=LINE('',#6902,#855);
#421=LINE('',#6906,#856);
#422=LINE('',#6908,#857);
#423=LINE('',#6909,#858);
#424=LINE('',#6911,#859);
#425=LINE('',#6915,#860);
#426=LINE('',#6917,#861);
#427=LINE('',#6920,#862);
#428=LINE('',#6922,#863);
#429=LINE('',#6924,#864);
#430=LINE('',#6926,#865);
#431=LINE('',#6928,#866);
#432=LINE('',#6930,#867);
#433=LINE('',#6933,#868);
#434=LINE('',#6935,#869);
#435=LINE('',#6937,#870);
#436=LINE('',#6940,#871);
#437=LINE('',#6942,#872);
#438=LINE('',#6946,#873);
#439=LINE('',#6948,#874);
#440=LINE('',#6949,#875);
#441=LINE('',#6951,#876);
#442=LINE('',#6955,#877);
#443=LINE('',#6957,#878);
#444=LINE('',#6958,#879);
#445=LINE('',#6962,#880);
#446=LINE('',#6964,#881);
#447=LINE('',#6966,#882);
#448=LINE('',#6968,#883);
#449=LINE('',#6970,#884);
#450=LINE('',#6972,#885);
#451=LINE('',#6974,#886);
#452=LINE('',#6976,#887);
#453=LINE('',#6978,#888);
#454=LINE('',#6980,#889);
#455=LINE('',#6984,#890);
#456=LINE('',#6987,#891);
#457=LINE('',#6991,#892);
#458=LINE('',#6994,#893);
#459=LINE('',#7306,#894);
#460=LINE('',#7309,#895);
#461=LINE('',#7311,#896);
#462=LINE('',#7313,#897);
#463=LINE('',#7315,#898);
#464=LINE('',#7317,#899);
#465=LINE('',#7322,#900);
#466=LINE('',#7324,#901);
#467=LINE('',#7326,#902);
#468=LINE('',#7328,#903);
#469=LINE('',#7330,#904);
#470=LINE('',#7332,#905);
#471=LINE('',#7334,#906);
#472=LINE('',#7337,#907);
#473=LINE('',#7341,#908);
#474=LINE('',#7343,#909);
#475=LINE('',#7345,#910);
#476=LINE('',#7347,#911);
#477=LINE('',#7349,#912);
#478=LINE('',#7352,#913);
#479=LINE('',#7354,#914);
#480=LINE('',#7356,#915);
#481=LINE('',#7358,#916);
#482=LINE('',#7360,#917);
#483=LINE('',#7362,#918);
#484=LINE('',#7365,#919);
#485=LINE('',#7367,#920);
#486=LINE('',#7369,#921);
#487=LINE('',#7371,#922);
#488=LINE('',#7374,#923);
#489=LINE('',#7376,#924);
#490=LINE('',#7378,#925);
#491=LINE('',#7380,#926);
#492=LINE('',#7383,#927);
#493=LINE('',#7385,#928);
#494=LINE('',#7387,#929);
#495=LINE('',#7389,#930);
#496=LINE('',#7390,#931);
#497=LINE('',#7392,#932);
#498=LINE('',#7395,#933);
#499=LINE('',#7397,#934);
#500=LINE('',#7399,#935);
#501=LINE('',#7401,#936);
#502=LINE('',#7404,#937);
#503=LINE('',#7406,#938);
#504=LINE('',#7408,#939);
#505=LINE('',#7410,#940);
#506=LINE('',#7418,#941);
#507=LINE('',#7420,#942);
#508=LINE('',#7422,#943);
#509=LINE('',#7424,#944);
#510=LINE('',#7426,#945);
#511=LINE('',#7428,#946);
#512=LINE('',#7431,#947);
#513=LINE('',#7433,#948);
#514=LINE('',#7436,#949);
#515=LINE('',#7438,#950);
#516=LINE('',#7440,#951);
#517=LINE('',#7444,#952);
#518=LINE('',#7446,#953);
#519=LINE('',#7448,#954);
#520=LINE('',#7450,#955);
#521=LINE('',#7459,#956);
#522=LINE('',#7460,#957);
#523=LINE('',#7471,#958);
#524=LINE('',#7473,#959);
#525=LINE('',#7475,#960);
#526=LINE('',#7479,#961);
#527=LINE('',#7481,#962);
#528=LINE('',#7485,#963);
#529=LINE('',#7487,#964);
#530=LINE('',#7490,#965);
#531=LINE('',#7492,#966);
#532=LINE('',#7494,#967);
#533=LINE('',#7496,#968);
#534=LINE('',#7499,#969);
#535=LINE('',#7501,#970);
#536=LINE('',#7504,#971);
#537=LINE('',#7507,#972);
#538=LINE('',#7509,#973);
#539=LINE('',#7511,#974);
#540=LINE('',#7513,#975);
#541=LINE('',#7515,#976);
#542=LINE('',#7516,#977);
#543=VECTOR('',#4786,1.);
#544=VECTOR('',#4787,1.);
#545=VECTOR('',#4790,1.);
#546=VECTOR('',#4791,1.);
#547=VECTOR('',#4792,1.);
#548=VECTOR('',#4795,1.);
#549=VECTOR('',#4798,1.);
#550=VECTOR('',#4801,1.);
#551=VECTOR('',#4804,1.);
#552=VECTOR('',#4807,1.);
#553=VECTOR('',#4810,1.);
#554=VECTOR('',#4811,1.);
#555=VECTOR('',#4812,1.);
#556=VECTOR('',#4815,1.);
#557=VECTOR('',#4816,1.);
#558=VECTOR('',#4817,1.);
#559=VECTOR('',#4820,1.);
#560=VECTOR('',#4821,1.);
#561=VECTOR('',#4824,1.);
#562=VECTOR('',#4829,1.);
#563=VECTOR('',#4830,1.);
#564=VECTOR('',#4831,1.);
#565=VECTOR('',#4834,1.);
#566=VECTOR('',#4835,1.);
#567=VECTOR('',#4838,1.);
#568=VECTOR('',#4839,1.);
#569=VECTOR('',#4842,1.);
#570=VECTOR('',#4843,1.);
#571=VECTOR('',#4844,1.);
#572=VECTOR('',#4847,1.);
#573=VECTOR('',#4848,1.);
#574=VECTOR('',#4851,1.);
#575=VECTOR('',#4852,1.);
#576=VECTOR('',#4855,1.);
#577=VECTOR('',#4856,1.);
#578=VECTOR('',#4859,1.);
#579=VECTOR('',#4866,1.);
#580=VECTOR('',#4867,1.);
#581=VECTOR('',#4868,1.);
#582=VECTOR('',#4871,1.);
#583=VECTOR('',#4876,1.);
#584=VECTOR('',#4877,1.);
#585=VECTOR('',#4878,1.);
#586=VECTOR('',#4883,1.);
#587=VECTOR('',#4884,1.);
#588=VECTOR('',#4885,1.);
#589=VECTOR('',#4888,1.);
#590=VECTOR('',#4889,1.);
#591=VECTOR('',#4890,1.);
#592=VECTOR('',#4893,1.);
#593=VECTOR('',#4894,1.);
#594=VECTOR('',#4895,1.);
#595=VECTOR('',#4898,1.);
#596=VECTOR('',#4899,1.);
#597=VECTOR('',#4902,1.);
#598=VECTOR('',#4903,1.);
#599=VECTOR('',#4904,1.);
#600=VECTOR('',#4905,1.);
#601=VECTOR('',#4910,1.);
#602=VECTOR('',#4911,1.);
#603=VECTOR('',#4918,1.);
#604=VECTOR('',#4919,1.);
#605=VECTOR('',#4922,1.);
#606=VECTOR('',#4923,1.);
#607=VECTOR('',#4990,1.);
#608=VECTOR('',#4991,1.);
#609=VECTOR('',#4992,1.);
#610=VECTOR('',#4993,1.);
#611=VECTOR('',#4994,1.);
#612=VECTOR('',#4995,1.);
#613=VECTOR('',#4996,1.);
#614=VECTOR('',#4997,1.);
#615=VECTOR('',#4998,1.);
#616=VECTOR('',#5001,1.);
#617=VECTOR('',#5004,1.);
#618=VECTOR('',#5005,1.);
#619=VECTOR('',#5006,1.);
#620=VECTOR('',#5007,1.);
#621=VECTOR('',#5008,1.);
#622=VECTOR('',#5009,1.);
#623=VECTOR('',#5010,1.);
#624=VECTOR('',#5011,1.);
#625=VECTOR('',#5012,1.);
#626=VECTOR('',#5015,1.);
#627=VECTOR('',#5016,1.);
#628=VECTOR('',#5017,1.);
#629=VECTOR('',#5020,1.);
#630=VECTOR('',#5021,1.);
#631=VECTOR('',#5022,1.);
#632=VECTOR('',#5023,1.);
#633=VECTOR('',#5026,1.);
#634=VECTOR('',#5027,1.);
#635=VECTOR('',#5028,1.);
#636=VECTOR('',#5029,1.);
#637=VECTOR('',#5032,1.);
#638=VECTOR('',#5033,1.);
#639=VECTOR('',#5034,1.);
#640=VECTOR('',#5035,1.);
#641=VECTOR('',#5038,1.);
#642=VECTOR('',#5041,1.);
#643=VECTOR('',#5044,1.);
#644=VECTOR('',#5045,1.);
#645=VECTOR('',#5046,1.);
#646=VECTOR('',#5049,1.);
#647=VECTOR('',#5052,1.);
#648=VECTOR('',#5053,1.);
#649=VECTOR('',#5056,1.);
#650=VECTOR('',#5057,1.);
#651=VECTOR('',#5058,1.);
#652=VECTOR('',#5059,1.);
#653=VECTOR('',#5060,1.);
#654=VECTOR('',#5061,1.);
#655=VECTOR('',#5062,1.);
#656=VECTOR('',#5063,1.);
#657=VECTOR('',#5064,1.);
#658=VECTOR('',#5065,1.);
#659=VECTOR('',#5066,1.);
#660=VECTOR('',#5067,1.);
#661=VECTOR('',#5068,1.);
#662=VECTOR('',#5069,1.);
#663=VECTOR('',#5070,1.);
#664=VECTOR('',#5071,1.);
#665=VECTOR('',#5072,1.);
#666=VECTOR('',#5075,1.);
#667=VECTOR('',#5076,1.);
#668=VECTOR('',#5079,1.);
#669=VECTOR('',#5082,1.);
#670=VECTOR('',#5083,1.);
#671=VECTOR('',#5084,1.);
#672=VECTOR('',#5087,1.);
#673=VECTOR('',#5092,1.);
#674=VECTOR('',#5093,1.);
#675=VECTOR('',#5094,1.);
#676=VECTOR('',#5099,1.);
#677=VECTOR('',#5100,1.);
#678=VECTOR('',#5101,1.);
#679=VECTOR('',#5104,1.);
#680=VECTOR('',#5107,1.);
#681=VECTOR('',#5108,1.);
#682=VECTOR('',#5109,1.);
#683=VECTOR('',#5112,1.);
#684=VECTOR('',#5113,1.);
#685=VECTOR('',#5114,1.);
#686=VECTOR('',#5117,1.);
#687=VECTOR('',#5120,1.);
#688=VECTOR('',#5121,1.);
#689=VECTOR('',#5122,1.);
#690=VECTOR('',#5125,1.);
#691=VECTOR('',#5126,1.);
#692=VECTOR('',#5127,1.);
#693=VECTOR('',#5130,1.);
#694=VECTOR('',#5131,1.);
#695=VECTOR('',#5132,1.);
#696=VECTOR('',#5135,1.);
#697=VECTOR('',#5136,1.);
#698=VECTOR('',#5137,1.);
#699=VECTOR('',#5142,1.);
#700=VECTOR('',#5143,1.);
#701=VECTOR('',#5146,1.);
#702=VECTOR('',#5147,1.);
#703=VECTOR('',#5148,1.);
#704=VECTOR('',#5151,1.);
#705=VECTOR('',#5152,1.);
#706=VECTOR('',#5155,1.);
#707=VECTOR('',#5158,1.);
#708=VECTOR('',#5159,1.);
#709=VECTOR('',#5162,1.);
#710=VECTOR('',#5163,1.);
#711=VECTOR('',#5164,1.);
#712=VECTOR('',#5167,1.);
#713=VECTOR('',#5170,1.);
#714=VECTOR('',#5171,1.);
#715=VECTOR('',#5172,1.);
#716=VECTOR('',#5175,1.);
#717=VECTOR('',#5176,1.);
#718=VECTOR('',#5177,1.);
#719=VECTOR('',#5180,1.);
#720=VECTOR('',#5181,1.);
#721=VECTOR('',#5182,1.);
#722=VECTOR('',#5183,1.);
#723=VECTOR('',#5186,1.);
#724=VECTOR('',#5187,1.);
#725=VECTOR('',#5188,1.);
#726=VECTOR('',#5191,1.);
#727=VECTOR('',#5192,1.);
#728=VECTOR('',#5195,1.);
#729=VECTOR('',#5196,1.);
#730=VECTOR('',#5197,1.);
#731=VECTOR('',#5200,1.);
#732=VECTOR('',#5201,1.);
#733=VECTOR('',#5204,1.);
#734=VECTOR('',#5205,1.);
#735=VECTOR('',#5208,1.);
#736=VECTOR('',#5209,1.);
#737=VECTOR('',#5210,1.);
#738=VECTOR('',#5213,1.);
#739=VECTOR('',#5214,1.);
#740=VECTOR('',#5217,1.);
#741=VECTOR('',#5218,1.);
#742=VECTOR('',#5221,1.);
#743=VECTOR('',#5222,1.);
#744=VECTOR('',#5223,1.);
#745=VECTOR('',#5224,1.);
#746=VECTOR('',#5225,1.);
#747=VECTOR('',#5226,1.);
#748=VECTOR('',#5229,1.);
#749=VECTOR('',#5230,1.);
#750=VECTOR('',#5231,1.);
#751=VECTOR('',#5234,1.);
#752=VECTOR('',#5235,1.);
#753=VECTOR('',#5236,1.);
#754=VECTOR('',#5237,1.);
#755=VECTOR('',#5238,1.);
#756=VECTOR('',#5239,1.);
#757=VECTOR('',#5240,1.);
#758=VECTOR('',#5243,1.);
#759=VECTOR('',#5244,1.);
#760=VECTOR('',#5245,1.);
#761=VECTOR('',#5246,1.);
#762=VECTOR('',#5249,1.);
#763=VECTOR('',#5250,1.);
#764=VECTOR('',#5251,1.);
#765=VECTOR('',#5254,1.);
#766=VECTOR('',#5255,1.);
#767=VECTOR('',#5256,1.);
#768=VECTOR('',#5259,1.);
#769=VECTOR('',#5260,1.);
#770=VECTOR('',#5261,1.);
#771=VECTOR('',#5262,1.);
#772=VECTOR('',#5265,1.);
#773=VECTOR('',#5266,1.);
#774=VECTOR('',#5287,1.);
#775=VECTOR('',#5290,1.);
#776=VECTOR('',#5291,1.);
#777=VECTOR('',#5296,1.);
#778=VECTOR('',#5297,1.);
#779=VECTOR('',#5300,1.);
#780=VECTOR('',#5303,1.);
#781=VECTOR('',#5306,1.);
#782=VECTOR('',#5307,1.);
#783=VECTOR('',#5310,1.);
#784=VECTOR('',#5313,1.);
#785=VECTOR('',#5316,1.);
#786=VECTOR('',#5317,1.);
#787=VECTOR('',#5320,1.);
#788=VECTOR('',#5323,1.);
#789=VECTOR('',#5326,1.);
#790=VECTOR('',#5327,1.);
#791=VECTOR('',#5332,1.);
#792=VECTOR('',#5333,1.);
#793=VECTOR('',#5334,1.);
#794=VECTOR('',#5337,1.);
#795=VECTOR('',#5338,1.);
#796=VECTOR('',#5341,1.);
#797=VECTOR('',#5344,1.);
#798=VECTOR('',#5345,1.);
#799=VECTOR('',#5348,1.);
#800=VECTOR('',#5349,1.);
#801=VECTOR('',#5350,1.);
#802=VECTOR('',#5353,1.);
#803=VECTOR('',#5354,1.);
#804=VECTOR('',#5355,1.);
#805=VECTOR('',#5358,1.);
#806=VECTOR('',#5359,1.);
#807=VECTOR('',#5360,1.);
#808=VECTOR('',#5363,1.);
#809=VECTOR('',#5364,1.);
#810=VECTOR('',#5365,1.);
#811=VECTOR('',#5368,1.);
#812=VECTOR('',#5369,1.);
#813=VECTOR('',#5370,1.);
#814=VECTOR('',#5373,1.);
#815=VECTOR('',#5374,1.);
#816=VECTOR('',#5377,1.);
#817=VECTOR('',#5378,1.);
#818=VECTOR('',#5379,1.);
#819=VECTOR('',#5382,1.);
#820=VECTOR('',#5383,1.);
#821=VECTOR('',#5386,1.);
#822=VECTOR('',#5387,1.);
#823=VECTOR('',#5388,1.);
#824=VECTOR('',#5391,1.);
#825=VECTOR('',#5392,1.);
#826=VECTOR('',#5393,1.);
#827=VECTOR('',#5396,1.);
#828=VECTOR('',#5397,1.);
#829=VECTOR('',#5400,1.);
#830=VECTOR('',#5401,1.);
#831=VECTOR('',#5404,1.);
#832=VECTOR('',#5405,1.);
#833=VECTOR('',#5406,1.);
#834=VECTOR('',#5409,1.);
#835=VECTOR('',#5410,1.);
#836=VECTOR('',#5415,1.);
#837=VECTOR('',#5416,1.);
#838=VECTOR('',#5417,1.);
#839=VECTOR('',#5418,1.);
#840=VECTOR('',#5423,1.);
#841=VECTOR('',#5424,1.);
#842=VECTOR('',#5567,1.);
#843=VECTOR('',#5568,1.);
#844=VECTOR('',#5569,1.);
#845=VECTOR('',#5570,1.);
#846=VECTOR('',#5573,1.);
#847=VECTOR('',#5574,1.);
#848=VECTOR('',#5575,1.);
#849=VECTOR('',#5578,1.);
#850=VECTOR('',#5579,1.);
#851=VECTOR('',#5580,1.);
#852=VECTOR('',#5583,1.);
#853=VECTOR('',#5584,1.);
#854=VECTOR('',#5585,1.);
#855=VECTOR('',#5586,1.);
#856=VECTOR('',#5589,1.);
#857=VECTOR('',#5590,1.);
#858=VECTOR('',#5591,1.);
#859=VECTOR('',#5592,1.);
#860=VECTOR('',#5595,1.);
#861=VECTOR('',#5596,1.);
#862=VECTOR('',#5599,1.);
#863=VECTOR('',#5600,1.);
#864=VECTOR('',#5603,1.);
#865=VECTOR('',#5604,1.);
#866=VECTOR('',#5605,1.);
#867=VECTOR('',#5608,1.);
#868=VECTOR('',#5609,1.);
#869=VECTOR('',#5610,1.);
#870=VECTOR('',#5611,1.);
#871=VECTOR('',#5614,1.);
#872=VECTOR('',#5615,1.);
#873=VECTOR('',#5618,1.);
#874=VECTOR('',#5619,1.);
#875=VECTOR('',#5620,1.);
#876=VECTOR('',#5621,1.);
#877=VECTOR('',#5624,1.);
#878=VECTOR('',#5625,1.);
#879=VECTOR('',#5626,1.);
#880=VECTOR('',#5629,1.);
#881=VECTOR('',#5632,1.);
#882=VECTOR('',#5635,1.);
#883=VECTOR('',#5638,1.);
#884=VECTOR('',#5641,1.);
#885=VECTOR('',#5644,1.);
#886=VECTOR('',#5647,1.);
#887=VECTOR('',#5650,1.);
#888=VECTOR('',#5653,1.);
#889=VECTOR('',#5656,1.);
#890=VECTOR('',#5663,1.);
#891=VECTOR('',#5666,1.);
#892=VECTOR('',#5671,1.);
#893=VECTOR('',#5674,1.);
#894=VECTOR('',#5791,1.);
#895=VECTOR('',#5792,1.);
#896=VECTOR('',#5793,1.);
#897=VECTOR('',#5794,1.);
#898=VECTOR('',#5795,1.);
#899=VECTOR('',#5796,1.);
#900=VECTOR('',#5801,1.);
#901=VECTOR('',#5802,1.);
#902=VECTOR('',#5803,1.);
#903=VECTOR('',#5804,1.);
#904=VECTOR('',#5805,1.);
#905=VECTOR('',#5806,1.);
#906=VECTOR('',#5809,1.);
#907=VECTOR('',#5810,1.);
#908=VECTOR('',#5813,1.);
#909=VECTOR('',#5814,1.);
#910=VECTOR('',#5815,1.);
#911=VECTOR('',#5816,1.);
#912=VECTOR('',#5819,1.);
#913=VECTOR('',#5820,1.);
#914=VECTOR('',#5821,1.);
#915=VECTOR('',#5822,1.);
#916=VECTOR('',#5823,1.);
#917=VECTOR('',#5824,1.);
#918=VECTOR('',#5827,1.);
#919=VECTOR('',#5828,1.);
#920=VECTOR('',#5829,1.);
#921=VECTOR('',#5830,1.);
#922=VECTOR('',#5833,1.);
#923=VECTOR('',#5834,1.);
#924=VECTOR('',#5835,1.);
#925=VECTOR('',#5836,1.);
#926=VECTOR('',#5839,1.);
#927=VECTOR('',#5840,1.);
#928=VECTOR('',#5841,1.);
#929=VECTOR('',#5842,1.);
#930=VECTOR('',#5845,1.);
#931=VECTOR('',#5846,1.);
#932=VECTOR('',#5849,1.);
#933=VECTOR('',#5850,1.);
#934=VECTOR('',#5851,1.);
#935=VECTOR('',#5852,1.);
#936=VECTOR('',#5855,1.);
#937=VECTOR('',#5856,1.);
#938=VECTOR('',#5857,1.);
#939=VECTOR('',#5858,1.);
#940=VECTOR('',#5861,1.);
#941=VECTOR('',#5862,1.);
#942=VECTOR('',#5863,1.);
#943=VECTOR('',#5866,1.);
#944=VECTOR('',#5867,1.);
#945=VECTOR('',#5868,1.);
#946=VECTOR('',#5871,1.);
#947=VECTOR('',#5872,1.);
#948=VECTOR('',#5873,1.);
#949=VECTOR('',#5878,1.);
#950=VECTOR('',#5879,1.);
#951=VECTOR('',#5880,1.);
#952=VECTOR('',#5885,1.);
#953=VECTOR('',#5886,1.);
#954=VECTOR('',#5887,1.);
#955=VECTOR('',#5890,1.);
#956=VECTOR('',#5891,1.);
#957=VECTOR('',#5892,1.);
#958=VECTOR('',#5913,1.);
#959=VECTOR('',#5914,1.);
#960=VECTOR('',#5915,1.);
#961=VECTOR('',#5920,1.);
#962=VECTOR('',#5921,1.);
#963=VECTOR('',#5926,1.);
#964=VECTOR('',#5929,1.);
#965=VECTOR('',#5930,1.);
#966=VECTOR('',#5931,1.);
#967=VECTOR('',#5932,1.);
#968=VECTOR('',#5935,1.);
#969=VECTOR('',#5936,1.);
#970=VECTOR('',#5937,1.);
#971=VECTOR('',#5942,1.);
#972=VECTOR('',#5943,1.);
#973=VECTOR('',#5944,1.);
#974=VECTOR('',#5945,1.);
#975=VECTOR('',#5948,1.);
#976=VECTOR('',#5949,1.);
#977=VECTOR('',#5950,1.);
#978=PLANE('',#4364);
#979=PLANE('',#4373);
#980=PLANE('',#4376);
#981=PLANE('',#4377);
#982=PLANE('',#4378);
#983=PLANE('',#4379);
#984=PLANE('',#4380);
#985=PLANE('',#4381);
#986=PLANE('',#4382);
#987=PLANE('',#4385);
#988=PLANE('',#4389);
#989=PLANE('',#4390);
#990=PLANE('',#4392);
#991=PLANE('',#4393);
#992=PLANE('',#4394);
#993=PLANE('',#4395);
#994=PLANE('',#4400);
#995=PLANE('',#4401);
#996=PLANE('',#4433);
#997=PLANE('',#4438);
#998=PLANE('',#4439);
#999=PLANE('',#4440);
#1000=PLANE('',#4441);
#1001=PLANE('',#4454);
#1002=PLANE('',#4455);
#1003=PLANE('',#4462);
#1004=PLANE('',#4463);
#1005=PLANE('',#4467);
#1006=PLANE('',#4471);
#1007=PLANE('',#4472);
#1008=PLANE('',#4473);
#1009=PLANE('',#4474);
#1010=PLANE('',#4475);
#1011=PLANE('',#4476);
#1012=PLANE('',#4477);
#1013=PLANE('',#4478);
#1014=PLANE('',#4479);
#1015=PLANE('',#4480);
#1016=PLANE('',#4481);
#1017=PLANE('',#4482);
#1018=PLANE('',#4483);
#1019=PLANE('',#4484);
#1020=PLANE('',#4485);
#1021=PLANE('',#4486);
#1022=PLANE('',#4487);
#1023=PLANE('',#4488);
#1024=PLANE('',#4489);
#1025=PLANE('',#4490);
#1026=PLANE('',#4495);
#1027=PLANE('',#4499);
#1028=PLANE('',#4503);
#1029=PLANE('',#4504);
#1030=PLANE('',#4505);
#1031=PLANE('',#4506);
#1032=PLANE('',#4507);
#1033=PLANE('',#4508);
#1034=PLANE('',#4509);
#1035=PLANE('',#4510);
#1036=PLANE('',#4511);
#1037=PLANE('',#4512);
#1038=PLANE('',#4513);
#1039=PLANE('',#4514);
#1040=PLANE('',#4515);
#1041=PLANE('',#4516);
#1042=PLANE('',#4517);
#1043=PLANE('',#4518);
#1044=PLANE('',#4519);
#1045=PLANE('',#4520);
#1046=PLANE('',#4521);
#1047=PLANE('',#4522);
#1048=PLANE('',#4523);
#1049=PLANE('',#4524);
#1050=PLANE('',#4525);
#1051=PLANE('',#4526);
#1052=PLANE('',#4527);
#1053=PLANE('',#4528);
#1054=PLANE('',#4529);
#1055=PLANE('',#4530);
#1056=PLANE('',#4532);
#1057=PLANE('',#4533);
#1058=PLANE('',#4605);
#1059=PLANE('',#4606);
#1060=PLANE('',#4607);
#1061=PLANE('',#4612);
#1062=PLANE('',#4613);
#1063=PLANE('',#4618);
#1064=PLANE('',#4619);
#1065=PLANE('',#4620);
#1066=PLANE('',#4621);
#1067=PLANE('',#4622);
#1068=PLANE('',#4623);
#1069=PLANE('',#4624);
#1070=PLANE('',#4625);
#1071=PLANE('',#4626);
#1072=PLANE('',#4629);
#1073=PLANE('',#4632);
#1074=PLANE('',#4691);
#1075=PLANE('',#4692);
#1076=PLANE('',#4694);
#1077=PLANE('',#4696);
#1078=PLANE('',#4697);
#1079=PLANE('',#4698);
#1080=PLANE('',#4699);
#1081=PLANE('',#4700);
#1082=PLANE('',#4701);
#1083=PLANE('',#4702);
#1084=PLANE('',#4703);
#1085=PLANE('',#4704);
#1086=PLANE('',#4705);
#1087=PLANE('',#4707);
#1088=PLANE('',#4709);
#1089=PLANE('',#4710);
#1090=PLANE('',#4711);
#1091=PLANE('',#4720);
#1092=PLANE('',#4722);
#1093=PLANE('',#4725);
#1094=PLANE('',#4726);
#1095=PLANE('',#4728);
#1096=PLANE('',#4729);
#1097=PLANE('',#4732);
#1098=ORIENTED_EDGE('',*,*,#2346,.T.);
#1099=ORIENTED_EDGE('',*,*,#2347,.T.);
#1100=ORIENTED_EDGE('',*,*,#2348,.T.);
#1101=ORIENTED_EDGE('',*,*,#2349,.T.);
#1102=ORIENTED_EDGE('',*,*,#2350,.T.);
#1103=ORIENTED_EDGE('',*,*,#2351,.T.);
#1104=ORIENTED_EDGE('',*,*,#2352,.F.);
#1105=ORIENTED_EDGE('',*,*,#2353,.T.);
#1106=ORIENTED_EDGE('',*,*,#2354,.T.);
#1107=ORIENTED_EDGE('',*,*,#2355,.T.);
#1108=ORIENTED_EDGE('',*,*,#2356,.T.);
#1109=ORIENTED_EDGE('',*,*,#2357,.F.);
#1110=ORIENTED_EDGE('',*,*,#2358,.T.);
#1111=ORIENTED_EDGE('',*,*,#2359,.T.);
#1112=ORIENTED_EDGE('',*,*,#2360,.T.);
#1113=ORIENTED_EDGE('',*,*,#2361,.T.);
#1114=ORIENTED_EDGE('',*,*,#2362,.T.);
#1115=ORIENTED_EDGE('',*,*,#2363,.F.);
#1116=ORIENTED_EDGE('',*,*,#2364,.T.);
#1117=ORIENTED_EDGE('',*,*,#2365,.F.);
#1118=ORIENTED_EDGE('',*,*,#2366,.T.);
#1119=ORIENTED_EDGE('',*,*,#2367,.F.);
#1120=ORIENTED_EDGE('',*,*,#2368,.T.);
#1121=ORIENTED_EDGE('',*,*,#2369,.F.);
#1122=ORIENTED_EDGE('',*,*,#2370,.T.);
#1123=ORIENTED_EDGE('',*,*,#2371,.T.);
#1124=ORIENTED_EDGE('',*,*,#2372,.T.);
#1125=ORIENTED_EDGE('',*,*,#2373,.T.);
#1126=ORIENTED_EDGE('',*,*,#2349,.F.);
#1127=ORIENTED_EDGE('',*,*,#2374,.T.);
#1128=ORIENTED_EDGE('',*,*,#2375,.F.);
#1129=ORIENTED_EDGE('',*,*,#2376,.T.);
#1130=ORIENTED_EDGE('',*,*,#2351,.F.);
#1131=ORIENTED_EDGE('',*,*,#2377,.T.);
#1132=ORIENTED_EDGE('',*,*,#2378,.T.);
#1133=ORIENTED_EDGE('',*,*,#2379,.T.);
#1134=ORIENTED_EDGE('',*,*,#2379,.F.);
#1135=ORIENTED_EDGE('',*,*,#2380,.T.);
#1136=ORIENTED_EDGE('',*,*,#2381,.T.);
#1137=ORIENTED_EDGE('',*,*,#2352,.T.);
#1138=ORIENTED_EDGE('',*,*,#2382,.T.);
#1139=ORIENTED_EDGE('',*,*,#2383,.T.);
#1140=ORIENTED_EDGE('',*,*,#2384,.T.);
#1141=ORIENTED_EDGE('',*,*,#2353,.F.);
#1142=ORIENTED_EDGE('',*,*,#2381,.F.);
#1143=ORIENTED_EDGE('',*,*,#2365,.T.);
#1144=ORIENTED_EDGE('',*,*,#2385,.T.);
#1145=ORIENTED_EDGE('',*,*,#2386,.F.);
#1146=ORIENTED_EDGE('',*,*,#2387,.T.);
#1147=ORIENTED_EDGE('',*,*,#2387,.F.);
#1148=ORIENTED_EDGE('',*,*,#2388,.T.);
#1149=ORIENTED_EDGE('',*,*,#2389,.T.);
#1150=ORIENTED_EDGE('',*,*,#2366,.F.);
#1151=ORIENTED_EDGE('',*,*,#2390,.F.);
#1152=ORIENTED_EDGE('',*,*,#2391,.T.);
#1153=ORIENTED_EDGE('',*,*,#2367,.T.);
#1154=ORIENTED_EDGE('',*,*,#2389,.F.);
#1155=ORIENTED_EDGE('',*,*,#2369,.T.);
#1156=ORIENTED_EDGE('',*,*,#2392,.T.);
#1157=ORIENTED_EDGE('',*,*,#2393,.F.);
#1158=ORIENTED_EDGE('',*,*,#2394,.T.);
#1159=ORIENTED_EDGE('',*,*,#2395,.T.);
#1160=ORIENTED_EDGE('',*,*,#2396,.T.);
#1161=ORIENTED_EDGE('',*,*,#2397,.T.);
#1162=ORIENTED_EDGE('',*,*,#2398,.T.);
#1163=ORIENTED_EDGE('',*,*,#2399,.T.);
#1164=ORIENTED_EDGE('',*,*,#2400,.F.);
#1165=ORIENTED_EDGE('',*,*,#2401,.T.);
#1166=ORIENTED_EDGE('',*,*,#2402,.F.);
#1167=ORIENTED_EDGE('',*,*,#2403,.T.);
#1168=ORIENTED_EDGE('',*,*,#2404,.T.);
#1169=ORIENTED_EDGE('',*,*,#2405,.T.);
#1170=ORIENTED_EDGE('',*,*,#2361,.F.);
#1171=ORIENTED_EDGE('',*,*,#2406,.T.);
#1172=ORIENTED_EDGE('',*,*,#2407,.T.);
#1173=ORIENTED_EDGE('',*,*,#2359,.F.);
#1174=ORIENTED_EDGE('',*,*,#2408,.T.);
#1175=ORIENTED_EDGE('',*,*,#2409,.F.);
#1176=ORIENTED_EDGE('',*,*,#2410,.T.);
#1177=ORIENTED_EDGE('',*,*,#2357,.T.);
#1178=ORIENTED_EDGE('',*,*,#2411,.T.);
#1179=ORIENTED_EDGE('',*,*,#2412,.T.);
#1180=ORIENTED_EDGE('',*,*,#2413,.T.);
#1181=ORIENTED_EDGE('',*,*,#2414,.T.);
#1182=ORIENTED_EDGE('',*,*,#2415,.T.);
#1183=ORIENTED_EDGE('',*,*,#2355,.F.);
#1184=ORIENTED_EDGE('',*,*,#2416,.T.);
#1185=ORIENTED_EDGE('',*,*,#2375,.T.);
#1186=ORIENTED_EDGE('',*,*,#2417,.T.);
#1187=ORIENTED_EDGE('',*,*,#2398,.F.);
#1188=ORIENTED_EDGE('',*,*,#2418,.T.);
#1189=ORIENTED_EDGE('',*,*,#2419,.T.);
#1190=ORIENTED_EDGE('',*,*,#2420,.T.);
#1191=ORIENTED_EDGE('',*,*,#2409,.T.);
#1192=ORIENTED_EDGE('',*,*,#2421,.T.);
#1193=ORIENTED_EDGE('',*,*,#2422,.T.);
#1194=ORIENTED_EDGE('',*,*,#2423,.T.);
#1195=ORIENTED_EDGE('',*,*,#2382,.F.);
#1196=ORIENTED_EDGE('',*,*,#2380,.F.);
#1197=ORIENTED_EDGE('',*,*,#2378,.F.);
#1198=ORIENTED_EDGE('',*,*,#2424,.T.);
#1199=ORIENTED_EDGE('',*,*,#2372,.F.);
#1200=ORIENTED_EDGE('',*,*,#2425,.T.);
#1201=ORIENTED_EDGE('',*,*,#2402,.T.);
#1202=ORIENTED_EDGE('',*,*,#2426,.T.);
#1203=ORIENTED_EDGE('',*,*,#2393,.T.);
#1204=ORIENTED_EDGE('',*,*,#2427,.T.);
#1205=ORIENTED_EDGE('',*,*,#2390,.T.);
#1206=ORIENTED_EDGE('',*,*,#2388,.F.);
#1207=ORIENTED_EDGE('',*,*,#2386,.T.);
#1208=ORIENTED_EDGE('',*,*,#2428,.T.);
#1209=ORIENTED_EDGE('',*,*,#2400,.T.);
#1210=ORIENTED_EDGE('',*,*,#2429,.T.);
#1211=ORIENTED_EDGE('',*,*,#2395,.F.);
#1212=ORIENTED_EDGE('',*,*,#2430,.T.);
#1213=ORIENTED_EDGE('',*,*,#2363,.T.);
#1214=ORIENTED_EDGE('',*,*,#2431,.T.);
#1215=ORIENTED_EDGE('',*,*,#2419,.F.);
#1216=ORIENTED_EDGE('',*,*,#2432,.T.);
#1217=ORIENTED_EDGE('',*,*,#2396,.F.);
#1218=ORIENTED_EDGE('',*,*,#2429,.F.);
#1219=ORIENTED_EDGE('',*,*,#2433,.F.);
#1220=ORIENTED_EDGE('',*,*,#2370,.F.);
#1221=ORIENTED_EDGE('',*,*,#2374,.F.);
#1222=ORIENTED_EDGE('',*,*,#2348,.F.);
#1223=ORIENTED_EDGE('',*,*,#2434,.F.);
#1224=ORIENTED_EDGE('',*,*,#2417,.F.);
#1225=ORIENTED_EDGE('',*,*,#2433,.T.);
#1226=ORIENTED_EDGE('',*,*,#2399,.F.);
#1227=ORIENTED_EDGE('',*,*,#2434,.T.);
#1228=ORIENTED_EDGE('',*,*,#2371,.F.);
#1229=ORIENTED_EDGE('',*,*,#2397,.F.);
#1230=ORIENTED_EDGE('',*,*,#2346,.F.);
#1231=ORIENTED_EDGE('',*,*,#2407,.F.);
#1232=ORIENTED_EDGE('',*,*,#2347,.F.);
#1233=ORIENTED_EDGE('',*,*,#2362,.F.);
#1234=ORIENTED_EDGE('',*,*,#2405,.F.);
#1235=ORIENTED_EDGE('',*,*,#2435,.F.);
#1236=ORIENTED_EDGE('',*,*,#2431,.F.);
#1237=ORIENTED_EDGE('',*,*,#2360,.F.);
#1238=ORIENTED_EDGE('',*,*,#2410,.F.);
#1239=ORIENTED_EDGE('',*,*,#2436,.F.);
#1240=ORIENTED_EDGE('',*,*,#2406,.F.);
#1241=ORIENTED_EDGE('',*,*,#2435,.T.);
#1242=ORIENTED_EDGE('',*,*,#2404,.F.);
#1243=ORIENTED_EDGE('',*,*,#2436,.T.);
#1244=ORIENTED_EDGE('',*,*,#2420,.F.);
#1245=ORIENTED_EDGE('',*,*,#2354,.F.);
#1246=ORIENTED_EDGE('',*,*,#2384,.F.);
#1247=ORIENTED_EDGE('',*,*,#2437,.F.);
#1248=ORIENTED_EDGE('',*,*,#2416,.F.);
#1249=ORIENTED_EDGE('',*,*,#2383,.F.);
#1250=ORIENTED_EDGE('',*,*,#2423,.F.);
#1251=ORIENTED_EDGE('',*,*,#2438,.F.);
#1252=ORIENTED_EDGE('',*,*,#2437,.T.);
#1253=ORIENTED_EDGE('',*,*,#2438,.T.);
#1254=ORIENTED_EDGE('',*,*,#2422,.F.);
#1255=ORIENTED_EDGE('',*,*,#2439,.F.);
#1256=ORIENTED_EDGE('',*,*,#2414,.F.);
#1257=ORIENTED_EDGE('',*,*,#2356,.F.);
#1258=ORIENTED_EDGE('',*,*,#2415,.F.);
#1259=ORIENTED_EDGE('',*,*,#2440,.F.);
#1260=ORIENTED_EDGE('',*,*,#2411,.F.);
#1261=ORIENTED_EDGE('',*,*,#2440,.T.);
#1262=ORIENTED_EDGE('',*,*,#2439,.T.);
#1263=ORIENTED_EDGE('',*,*,#2441,.F.);
#1264=ORIENTED_EDGE('',*,*,#2358,.F.);
#1265=ORIENTED_EDGE('',*,*,#2413,.F.);
#1266=ORIENTED_EDGE('',*,*,#2442,.F.);
#1267=ORIENTED_EDGE('',*,*,#2408,.F.);
#1268=ORIENTED_EDGE('',*,*,#2441,.T.);
#1269=ORIENTED_EDGE('',*,*,#2421,.F.);
#1270=ORIENTED_EDGE('',*,*,#2442,.T.);
#1271=ORIENTED_EDGE('',*,*,#2412,.F.);
#1272=ORIENTED_EDGE('',*,*,#2401,.F.);
#1273=ORIENTED_EDGE('',*,*,#2430,.F.);
#1274=ORIENTED_EDGE('',*,*,#2394,.F.);
#1275=ORIENTED_EDGE('',*,*,#2426,.F.);
#1276=ORIENTED_EDGE('',*,*,#2403,.F.);
#1277=ORIENTED_EDGE('',*,*,#2425,.F.);
#1278=ORIENTED_EDGE('',*,*,#2376,.F.);
#1279=ORIENTED_EDGE('',*,*,#2418,.F.);
#1280=ORIENTED_EDGE('',*,*,#2428,.F.);
#1281=ORIENTED_EDGE('',*,*,#2385,.F.);
#1282=ORIENTED_EDGE('',*,*,#2364,.F.);
#1283=ORIENTED_EDGE('',*,*,#2432,.F.);
#1284=ORIENTED_EDGE('',*,*,#2424,.F.);
#1285=ORIENTED_EDGE('',*,*,#2377,.F.);
#1286=ORIENTED_EDGE('',*,*,#2350,.F.);
#1287=ORIENTED_EDGE('',*,*,#2373,.F.);
#1288=ORIENTED_EDGE('',*,*,#2427,.F.);
#1289=ORIENTED_EDGE('',*,*,#2392,.F.);
#1290=ORIENTED_EDGE('',*,*,#2368,.F.);
#1291=ORIENTED_EDGE('',*,*,#2391,.F.);
#1292=ORIENTED_EDGE('',*,*,#2443,.F.);
#1293=ORIENTED_EDGE('',*,*,#2444,.T.);
#1294=ORIENTED_EDGE('',*,*,#2445,.T.);
#1295=ORIENTED_EDGE('',*,*,#2446,.T.);
#1296=ORIENTED_EDGE('',*,*,#2447,.T.);
#1297=ORIENTED_EDGE('',*,*,#2448,.T.);
#1298=ORIENTED_EDGE('',*,*,#2449,.T.);
#1299=ORIENTED_EDGE('',*,*,#2450,.T.);
#1300=ORIENTED_EDGE('',*,*,#2451,.T.);
#1301=ORIENTED_EDGE('',*,*,#2452,.T.);
#1302=ORIENTED_EDGE('',*,*,#2453,.T.);
#1303=ORIENTED_EDGE('',*,*,#2454,.F.);
#1304=ORIENTED_EDGE('',*,*,#2455,.T.);
#1305=ORIENTED_EDGE('',*,*,#2456,.T.);
#1306=ORIENTED_EDGE('',*,*,#2457,.T.);
#1307=ORIENTED_EDGE('',*,*,#2458,.T.);
#1308=ORIENTED_EDGE('',*,*,#2459,.T.);
#1309=ORIENTED_EDGE('',*,*,#2460,.T.);
#1310=ORIENTED_EDGE('',*,*,#2461,.T.);
#1311=ORIENTED_EDGE('',*,*,#2462,.T.);
#1312=ORIENTED_EDGE('',*,*,#2463,.T.);
#1313=ORIENTED_EDGE('',*,*,#2464,.T.);
#1314=ORIENTED_EDGE('',*,*,#2465,.F.);
#1315=ORIENTED_EDGE('',*,*,#2466,.T.);
#1316=ORIENTED_EDGE('',*,*,#2467,.T.);
#1317=ORIENTED_EDGE('',*,*,#2468,.T.);
#1318=ORIENTED_EDGE('',*,*,#2469,.F.);
#1319=ORIENTED_EDGE('',*,*,#2470,.T.);
#1320=ORIENTED_EDGE('',*,*,#2471,.T.);
#1321=ORIENTED_EDGE('',*,*,#2472,.F.);
#1322=ORIENTED_EDGE('',*,*,#2473,.T.);
#1323=ORIENTED_EDGE('',*,*,#2474,.T.);
#1324=ORIENTED_EDGE('',*,*,#2475,.F.);
#1325=ORIENTED_EDGE('',*,*,#2476,.T.);
#1326=ORIENTED_EDGE('',*,*,#2477,.T.);
#1327=ORIENTED_EDGE('',*,*,#2478,.T.);
#1328=ORIENTED_EDGE('',*,*,#2479,.T.);
#1329=ORIENTED_EDGE('',*,*,#2480,.T.);
#1330=ORIENTED_EDGE('',*,*,#2481,.F.);
#1331=ORIENTED_EDGE('',*,*,#2482,.T.);
#1332=ORIENTED_EDGE('',*,*,#2483,.F.);
#1333=ORIENTED_EDGE('',*,*,#2484,.T.);
#1334=ORIENTED_EDGE('',*,*,#2485,.F.);
#1335=ORIENTED_EDGE('',*,*,#2486,.F.);
#1336=ORIENTED_EDGE('',*,*,#2487,.T.);
#1337=ORIENTED_EDGE('',*,*,#2488,.T.);
#1338=ORIENTED_EDGE('',*,*,#2489,.F.);
#1339=ORIENTED_EDGE('',*,*,#2490,.T.);
#1340=ORIENTED_EDGE('',*,*,#2491,.T.);
#1341=ORIENTED_EDGE('',*,*,#2492,.F.);
#1342=ORIENTED_EDGE('',*,*,#2493,.T.);
#1343=ORIENTED_EDGE('',*,*,#2494,.F.);
#1344=ORIENTED_EDGE('',*,*,#2495,.T.);
#1345=ORIENTED_EDGE('',*,*,#2496,.T.);
#1346=ORIENTED_EDGE('',*,*,#2497,.T.);
#1347=ORIENTED_EDGE('',*,*,#2498,.F.);
#1348=ORIENTED_EDGE('',*,*,#2499,.T.);
#1349=ORIENTED_EDGE('',*,*,#2500,.F.);
#1350=ORIENTED_EDGE('',*,*,#2501,.T.);
#1351=ORIENTED_EDGE('',*,*,#2502,.F.);
#1352=ORIENTED_EDGE('',*,*,#2503,.F.);
#1353=ORIENTED_EDGE('',*,*,#2504,.F.);
#1354=ORIENTED_EDGE('',*,*,#2505,.T.);
#1355=ORIENTED_EDGE('',*,*,#2506,.F.);
#1356=ORIENTED_EDGE('',*,*,#2507,.F.);
#1357=ORIENTED_EDGE('',*,*,#2508,.T.);
#1358=ORIENTED_EDGE('',*,*,#2509,.F.);
#1359=ORIENTED_EDGE('',*,*,#2510,.F.);
#1360=ORIENTED_EDGE('',*,*,#2511,.T.);
#1361=ORIENTED_EDGE('',*,*,#2512,.T.);
#1362=ORIENTED_EDGE('',*,*,#2513,.T.);
#1363=ORIENTED_EDGE('',*,*,#2514,.T.);
#1364=ORIENTED_EDGE('',*,*,#2515,.T.);
#1365=ORIENTED_EDGE('',*,*,#2516,.T.);
#1366=ORIENTED_EDGE('',*,*,#2517,.T.);
#1367=ORIENTED_EDGE('',*,*,#2518,.F.);
#1368=ORIENTED_EDGE('',*,*,#2519,.F.);
#1369=ORIENTED_EDGE('',*,*,#2520,.T.);
#1370=ORIENTED_EDGE('',*,*,#2521,.T.);
#1371=ORIENTED_EDGE('',*,*,#2522,.T.);
#1372=ORIENTED_EDGE('',*,*,#2479,.F.);
#1373=ORIENTED_EDGE('',*,*,#2523,.T.);
#1374=ORIENTED_EDGE('',*,*,#2524,.T.);
#1375=ORIENTED_EDGE('',*,*,#2525,.T.);
#1376=ORIENTED_EDGE('',*,*,#2526,.F.);
#1377=ORIENTED_EDGE('',*,*,#2527,.T.);
#1378=ORIENTED_EDGE('',*,*,#2528,.T.);
#1379=ORIENTED_EDGE('',*,*,#2529,.T.);
#1380=ORIENTED_EDGE('',*,*,#2513,.F.);
#1381=ORIENTED_EDGE('',*,*,#2530,.T.);
#1382=ORIENTED_EDGE('',*,*,#2531,.T.);
#1383=ORIENTED_EDGE('',*,*,#2532,.T.);
#1384=ORIENTED_EDGE('',*,*,#2533,.T.);
#1385=ORIENTED_EDGE('',*,*,#2534,.F.);
#1386=ORIENTED_EDGE('',*,*,#2535,.F.);
#1387=ORIENTED_EDGE('',*,*,#2536,.T.);
#1388=ORIENTED_EDGE('',*,*,#2537,.F.);
#1389=ORIENTED_EDGE('',*,*,#2538,.T.);
#1390=ORIENTED_EDGE('',*,*,#2496,.F.);
#1391=ORIENTED_EDGE('',*,*,#2539,.F.);
#1392=ORIENTED_EDGE('',*,*,#2540,.T.);
#1393=ORIENTED_EDGE('',*,*,#2541,.T.);
#1394=ORIENTED_EDGE('',*,*,#2542,.T.);
#1395=ORIENTED_EDGE('',*,*,#2543,.F.);
#1396=ORIENTED_EDGE('',*,*,#2508,.F.);
#1397=ORIENTED_EDGE('',*,*,#2544,.F.);
#1398=ORIENTED_EDGE('',*,*,#2545,.T.);
#1399=ORIENTED_EDGE('',*,*,#2546,.T.);
#1400=ORIENTED_EDGE('',*,*,#2547,.T.);
#1401=ORIENTED_EDGE('',*,*,#2548,.T.);
#1402=ORIENTED_EDGE('',*,*,#2549,.F.);
#1403=ORIENTED_EDGE('',*,*,#2550,.T.);
#1404=ORIENTED_EDGE('',*,*,#2551,.F.);
#1405=ORIENTED_EDGE('',*,*,#2552,.T.);
#1406=ORIENTED_EDGE('',*,*,#2476,.F.);
#1407=ORIENTED_EDGE('',*,*,#2553,.F.);
#1408=ORIENTED_EDGE('',*,*,#2554,.T.);
#1409=ORIENTED_EDGE('',*,*,#2555,.T.);
#1410=ORIENTED_EDGE('',*,*,#2510,.T.);
#1411=ORIENTED_EDGE('',*,*,#2556,.F.);
#1412=ORIENTED_EDGE('',*,*,#2500,.T.);
#1413=ORIENTED_EDGE('',*,*,#2557,.T.);
#1414=ORIENTED_EDGE('',*,*,#2558,.T.);
#1415=ORIENTED_EDGE('',*,*,#2559,.F.);
#1416=ORIENTED_EDGE('',*,*,#2560,.T.);
#1417=ORIENTED_EDGE('',*,*,#2561,.T.);
#1418=ORIENTED_EDGE('',*,*,#2562,.F.);
#1419=ORIENTED_EDGE('',*,*,#2563,.F.);
#1420=ORIENTED_EDGE('',*,*,#2564,.T.);
#1421=ORIENTED_EDGE('',*,*,#2565,.F.);
#1422=ORIENTED_EDGE('',*,*,#2566,.T.);
#1423=ORIENTED_EDGE('',*,*,#2567,.F.);
#1424=ORIENTED_EDGE('',*,*,#2568,.T.);
#1425=ORIENTED_EDGE('',*,*,#2498,.T.);
#1426=ORIENTED_EDGE('',*,*,#2569,.F.);
#1427=ORIENTED_EDGE('',*,*,#2570,.T.);
#1428=ORIENTED_EDGE('',*,*,#2571,.T.);
#1429=ORIENTED_EDGE('',*,*,#2572,.T.);
#1430=ORIENTED_EDGE('',*,*,#2573,.T.);
#1431=ORIENTED_EDGE('',*,*,#2574,.F.);
#1432=ORIENTED_EDGE('',*,*,#2575,.T.);
#1433=ORIENTED_EDGE('',*,*,#2576,.F.);
#1434=ORIENTED_EDGE('',*,*,#2485,.T.);
#1435=ORIENTED_EDGE('',*,*,#2577,.T.);
#1436=ORIENTED_EDGE('',*,*,#2578,.T.);
#1437=ORIENTED_EDGE('',*,*,#2579,.F.);
#1438=ORIENTED_EDGE('',*,*,#2580,.T.);
#1439=ORIENTED_EDGE('',*,*,#2581,.T.);
#1440=ORIENTED_EDGE('',*,*,#2487,.F.);
#1441=ORIENTED_EDGE('',*,*,#2582,.T.);
#1442=ORIENTED_EDGE('',*,*,#2583,.T.);
#1443=ORIENTED_EDGE('',*,*,#2584,.T.);
#1444=ORIENTED_EDGE('',*,*,#2585,.F.);
#1445=ORIENTED_EDGE('',*,*,#2586,.F.);
#1446=ORIENTED_EDGE('',*,*,#2587,.T.);
#1447=ORIENTED_EDGE('',*,*,#2588,.T.);
#1448=ORIENTED_EDGE('',*,*,#2559,.T.);
#1449=ORIENTED_EDGE('',*,*,#2589,.T.);
#1450=ORIENTED_EDGE('',*,*,#2576,.T.);
#1451=ORIENTED_EDGE('',*,*,#2590,.T.);
#1452=ORIENTED_EDGE('',*,*,#2531,.F.);
#1453=ORIENTED_EDGE('',*,*,#2591,.T.);
#1454=ORIENTED_EDGE('',*,*,#2551,.T.);
#1455=ORIENTED_EDGE('',*,*,#2592,.T.);
#1456=ORIENTED_EDGE('',*,*,#2593,.T.);
#1457=ORIENTED_EDGE('',*,*,#2594,.F.);
#1458=ORIENTED_EDGE('',*,*,#2595,.T.);
#1459=ORIENTED_EDGE('',*,*,#2501,.F.);
#1460=ORIENTED_EDGE('',*,*,#2566,.F.);
#1461=ORIENTED_EDGE('',*,*,#2596,.T.);
#1462=ORIENTED_EDGE('',*,*,#2565,.T.);
#1463=ORIENTED_EDGE('',*,*,#2597,.T.);
#1464=ORIENTED_EDGE('',*,*,#2598,.F.);
#1465=ORIENTED_EDGE('',*,*,#2596,.F.);
#1466=ORIENTED_EDGE('',*,*,#2599,.F.);
#1467=ORIENTED_EDGE('',*,*,#2600,.T.);
#1468=ORIENTED_EDGE('',*,*,#2563,.T.);
#1469=ORIENTED_EDGE('',*,*,#2601,.T.);
#1470=ORIENTED_EDGE('',*,*,#2602,.F.);
#1471=ORIENTED_EDGE('',*,*,#2601,.F.);
#1472=ORIENTED_EDGE('',*,*,#2562,.T.);
#1473=ORIENTED_EDGE('',*,*,#2603,.T.);
#1474=ORIENTED_EDGE('',*,*,#2561,.F.);
#1475=ORIENTED_EDGE('',*,*,#2604,.T.);
#1476=ORIENTED_EDGE('',*,*,#2605,.T.);
#1477=ORIENTED_EDGE('',*,*,#2603,.F.);
#1478=ORIENTED_EDGE('',*,*,#2606,.T.);
#1479=ORIENTED_EDGE('',*,*,#2607,.T.);
#1480=ORIENTED_EDGE('',*,*,#2608,.T.);
#1481=ORIENTED_EDGE('',*,*,#2609,.F.);
#1482=ORIENTED_EDGE('',*,*,#2589,.F.);
#1483=ORIENTED_EDGE('',*,*,#2558,.F.);
#1484=ORIENTED_EDGE('',*,*,#2610,.T.);
#1485=ORIENTED_EDGE('',*,*,#2567,.T.);
#1486=ORIENTED_EDGE('',*,*,#2591,.F.);
#1487=ORIENTED_EDGE('',*,*,#2553,.T.);
#1488=ORIENTED_EDGE('',*,*,#2475,.T.);
#1489=ORIENTED_EDGE('',*,*,#2611,.T.);
#1490=ORIENTED_EDGE('',*,*,#2608,.F.);
#1491=ORIENTED_EDGE('',*,*,#2612,.T.);
#1492=ORIENTED_EDGE('',*,*,#2613,.T.);
#1493=ORIENTED_EDGE('',*,*,#2614,.F.);
#1494=ORIENTED_EDGE('',*,*,#2613,.F.);
#1495=ORIENTED_EDGE('',*,*,#2615,.T.);
#1496=ORIENTED_EDGE('',*,*,#2616,.T.);
#1497=ORIENTED_EDGE('',*,*,#2617,.T.);
#1498=ORIENTED_EDGE('',*,*,#2473,.F.);
#1499=ORIENTED_EDGE('',*,*,#2552,.F.);
#1500=ORIENTED_EDGE('',*,*,#2594,.T.);
#1501=ORIENTED_EDGE('',*,*,#2618,.F.);
#1502=ORIENTED_EDGE('',*,*,#2619,.T.);
#1503=ORIENTED_EDGE('',*,*,#2620,.T.);
#1504=ORIENTED_EDGE('',*,*,#2586,.T.);
#1505=ORIENTED_EDGE('',*,*,#2621,.T.);
#1506=ORIENTED_EDGE('',*,*,#2622,.F.);
#1507=ORIENTED_EDGE('',*,*,#2623,.T.);
#1508=ORIENTED_EDGE('',*,*,#2624,.T.);
#1509=ORIENTED_EDGE('',*,*,#2625,.T.);
#1510=ORIENTED_EDGE('',*,*,#2626,.T.);
#1511=ORIENTED_EDGE('',*,*,#2625,.F.);
#1512=ORIENTED_EDGE('',*,*,#2627,.F.);
#1513=ORIENTED_EDGE('',*,*,#2628,.T.);
#1514=ORIENTED_EDGE('',*,*,#2629,.F.);
#1515=ORIENTED_EDGE('',*,*,#2630,.T.);
#1516=ORIENTED_EDGE('',*,*,#2631,.T.);
#1517=ORIENTED_EDGE('',*,*,#2628,.F.);
#1518=ORIENTED_EDGE('',*,*,#2632,.T.);
#1519=ORIENTED_EDGE('',*,*,#2633,.T.);
#1520=ORIENTED_EDGE('',*,*,#2634,.F.);
#1521=ORIENTED_EDGE('',*,*,#2635,.T.);
#1522=ORIENTED_EDGE('',*,*,#2636,.F.);
#1523=ORIENTED_EDGE('',*,*,#2635,.F.);
#1524=ORIENTED_EDGE('',*,*,#2637,.T.);
#1525=ORIENTED_EDGE('',*,*,#2503,.T.);
#1526=ORIENTED_EDGE('',*,*,#2605,.F.);
#1527=ORIENTED_EDGE('',*,*,#2638,.T.);
#1528=ORIENTED_EDGE('',*,*,#2587,.F.);
#1529=ORIENTED_EDGE('',*,*,#2609,.T.);
#1530=ORIENTED_EDGE('',*,*,#2614,.T.);
#1531=ORIENTED_EDGE('',*,*,#2621,.F.);
#1532=ORIENTED_EDGE('',*,*,#2585,.T.);
#1533=ORIENTED_EDGE('',*,*,#2639,.T.);
#1534=ORIENTED_EDGE('',*,*,#2622,.T.);
#1535=ORIENTED_EDGE('',*,*,#2626,.F.);
#1536=ORIENTED_EDGE('',*,*,#2631,.F.);
#1537=ORIENTED_EDGE('',*,*,#2640,.T.);
#1538=ORIENTED_EDGE('',*,*,#2632,.F.);
#1539=ORIENTED_EDGE('',*,*,#2636,.T.);
#1540=ORIENTED_EDGE('',*,*,#2502,.T.);
#1541=ORIENTED_EDGE('',*,*,#2595,.F.);
#1542=ORIENTED_EDGE('',*,*,#2598,.T.);
#1543=ORIENTED_EDGE('',*,*,#2641,.T.);
#1544=ORIENTED_EDGE('',*,*,#2599,.T.);
#1545=ORIENTED_EDGE('',*,*,#2602,.T.);
#1546=ORIENTED_EDGE('',*,*,#2634,.T.);
#1547=ORIENTED_EDGE('',*,*,#2642,.T.);
#1548=ORIENTED_EDGE('',*,*,#2629,.T.);
#1549=ORIENTED_EDGE('',*,*,#2627,.T.);
#1550=ORIENTED_EDGE('',*,*,#2624,.F.);
#1551=ORIENTED_EDGE('',*,*,#2643,.T.);
#1552=ORIENTED_EDGE('',*,*,#2583,.F.);
#1553=ORIENTED_EDGE('',*,*,#2620,.F.);
#1554=ORIENTED_EDGE('',*,*,#2644,.T.);
#1555=ORIENTED_EDGE('',*,*,#2504,.T.);
#1556=ORIENTED_EDGE('',*,*,#2637,.F.);
#1557=ORIENTED_EDGE('',*,*,#2645,.F.);
#1558=ORIENTED_EDGE('',*,*,#2646,.T.);
#1559=ORIENTED_EDGE('',*,*,#2647,.F.);
#1560=ORIENTED_EDGE('',*,*,#2648,.T.);
#1561=ORIENTED_EDGE('',*,*,#2506,.T.);
#1562=ORIENTED_EDGE('',*,*,#2649,.T.);
#1563=ORIENTED_EDGE('',*,*,#2618,.T.);
#1564=ORIENTED_EDGE('',*,*,#2593,.F.);
#1565=ORIENTED_EDGE('',*,*,#2650,.T.);
#1566=ORIENTED_EDGE('',*,*,#2651,.T.);
#1567=ORIENTED_EDGE('',*,*,#2652,.F.);
#1568=ORIENTED_EDGE('',*,*,#2569,.T.);
#1569=ORIENTED_EDGE('',*,*,#2497,.F.);
#1570=ORIENTED_EDGE('',*,*,#2538,.F.);
#1571=ORIENTED_EDGE('',*,*,#2653,.T.);
#1572=ORIENTED_EDGE('',*,*,#2537,.T.);
#1573=ORIENTED_EDGE('',*,*,#2654,.T.);
#1574=ORIENTED_EDGE('',*,*,#2570,.F.);
#1575=ORIENTED_EDGE('',*,*,#2653,.F.);
#1576=ORIENTED_EDGE('',*,*,#2572,.F.);
#1577=ORIENTED_EDGE('',*,*,#2655,.T.);
#1578=ORIENTED_EDGE('',*,*,#2535,.T.);
#1579=ORIENTED_EDGE('',*,*,#2656,.T.);
#1580=ORIENTED_EDGE('',*,*,#2573,.F.);
#1581=ORIENTED_EDGE('',*,*,#2656,.F.);
#1582=ORIENTED_EDGE('',*,*,#2534,.T.);
#1583=ORIENTED_EDGE('',*,*,#2657,.T.);
#1584=ORIENTED_EDGE('',*,*,#2533,.F.);
#1585=ORIENTED_EDGE('',*,*,#2658,.T.);
#1586=ORIENTED_EDGE('',*,*,#2574,.T.);
#1587=ORIENTED_EDGE('',*,*,#2657,.F.);
#1588=ORIENTED_EDGE('',*,*,#2651,.F.);
#1589=ORIENTED_EDGE('',*,*,#2659,.T.);
#1590=ORIENTED_EDGE('',*,*,#2549,.T.);
#1591=ORIENTED_EDGE('',*,*,#2660,.T.);
#1592=ORIENTED_EDGE('',*,*,#2652,.T.);
#1593=ORIENTED_EDGE('',*,*,#2660,.F.);
#1594=ORIENTED_EDGE('',*,*,#2548,.F.);
#1595=ORIENTED_EDGE('',*,*,#2661,.T.);
#1596=ORIENTED_EDGE('',*,*,#2547,.F.);
#1597=ORIENTED_EDGE('',*,*,#2662,.T.);
#1598=ORIENTED_EDGE('',*,*,#2645,.T.);
#1599=ORIENTED_EDGE('',*,*,#2661,.F.);
#1600=ORIENTED_EDGE('',*,*,#2647,.T.);
#1601=ORIENTED_EDGE('',*,*,#2663,.T.);
#1602=ORIENTED_EDGE('',*,*,#2545,.F.);
#1603=ORIENTED_EDGE('',*,*,#2664,.T.);
#1604=ORIENTED_EDGE('',*,*,#2648,.F.);
#1605=ORIENTED_EDGE('',*,*,#2664,.F.);
#1606=ORIENTED_EDGE('',*,*,#2544,.T.);
#1607=ORIENTED_EDGE('',*,*,#2507,.T.);
#1608=ORIENTED_EDGE('',*,*,#2665,.T.);
#1609=ORIENTED_EDGE('',*,*,#2666,.T.);
#1610=ORIENTED_EDGE('',*,*,#2667,.F.);
#1611=ORIENTED_EDGE('',*,*,#2518,.T.);
#1612=ORIENTED_EDGE('',*,*,#2668,.T.);
#1613=ORIENTED_EDGE('',*,*,#2669,.T.);
#1614=ORIENTED_EDGE('',*,*,#2519,.T.);
#1615=ORIENTED_EDGE('',*,*,#2667,.T.);
#1616=ORIENTED_EDGE('',*,*,#2579,.T.);
#1617=ORIENTED_EDGE('',*,*,#2670,.T.);
#1618=ORIENTED_EDGE('',*,*,#2582,.F.);
#1619=ORIENTED_EDGE('',*,*,#2486,.T.);
#1620=ORIENTED_EDGE('',*,*,#2517,.F.);
#1621=ORIENTED_EDGE('',*,*,#2671,.T.);
#1622=ORIENTED_EDGE('',*,*,#2672,.T.);
#1623=ORIENTED_EDGE('',*,*,#2665,.F.);
#1624=ORIENTED_EDGE('',*,*,#2673,.T.);
#1625=ORIENTED_EDGE('',*,*,#2674,.T.);
#1626=ORIENTED_EDGE('',*,*,#2515,.F.);
#1627=ORIENTED_EDGE('',*,*,#2675,.T.);
#1628=ORIENTED_EDGE('',*,*,#2489,.T.);
#1629=ORIENTED_EDGE('',*,*,#2676,.T.);
#1630=ORIENTED_EDGE('',*,*,#2677,.T.);
#1631=ORIENTED_EDGE('',*,*,#2678,.T.);
#1632=ORIENTED_EDGE('',*,*,#2679,.T.);
#1633=ORIENTED_EDGE('',*,*,#2680,.T.);
#1634=ORIENTED_EDGE('',*,*,#2521,.F.);
#1635=ORIENTED_EDGE('',*,*,#2681,.T.);
#1636=ORIENTED_EDGE('',*,*,#2483,.T.);
#1637=ORIENTED_EDGE('',*,*,#2682,.T.);
#1638=ORIENTED_EDGE('',*,*,#2683,.T.);
#1639=ORIENTED_EDGE('',*,*,#2684,.T.);
#1640=ORIENTED_EDGE('',*,*,#2494,.T.);
#1641=ORIENTED_EDGE('',*,*,#2685,.T.);
#1642=ORIENTED_EDGE('',*,*,#2686,.T.);
#1643=ORIENTED_EDGE('',*,*,#2687,.F.);
#1644=ORIENTED_EDGE('',*,*,#2512,.F.);
#1645=ORIENTED_EDGE('',*,*,#2688,.T.);
#1646=ORIENTED_EDGE('',*,*,#2689,.T.);
#1647=ORIENTED_EDGE('',*,*,#2530,.F.);
#1648=ORIENTED_EDGE('',*,*,#2491,.F.);
#1649=ORIENTED_EDGE('',*,*,#2690,.T.);
#1650=ORIENTED_EDGE('',*,*,#2691,.T.);
#1651=ORIENTED_EDGE('',*,*,#2692,.F.);
#1652=ORIENTED_EDGE('',*,*,#2693,.T.);
#1653=ORIENTED_EDGE('',*,*,#2694,.T.);
#1654=ORIENTED_EDGE('',*,*,#2492,.T.);
#1655=ORIENTED_EDGE('',*,*,#2692,.T.);
#1656=ORIENTED_EDGE('',*,*,#2481,.T.);
#1657=ORIENTED_EDGE('',*,*,#2695,.T.);
#1658=ORIENTED_EDGE('',*,*,#2696,.T.);
#1659=ORIENTED_EDGE('',*,*,#2697,.T.);
#1660=ORIENTED_EDGE('',*,*,#2524,.F.);
#1661=ORIENTED_EDGE('',*,*,#2698,.T.);
#1662=ORIENTED_EDGE('',*,*,#2699,.T.);
#1663=ORIENTED_EDGE('',*,*,#2700,.F.);
#1664=ORIENTED_EDGE('',*,*,#2700,.T.);
#1665=ORIENTED_EDGE('',*,*,#2701,.T.);
#1666=ORIENTED_EDGE('',*,*,#2702,.F.);
#1667=ORIENTED_EDGE('',*,*,#2525,.F.);
#1668=ORIENTED_EDGE('',*,*,#2703,.T.);
#1669=ORIENTED_EDGE('',*,*,#2704,.T.);
#1670=ORIENTED_EDGE('',*,*,#2526,.T.);
#1671=ORIENTED_EDGE('',*,*,#2702,.T.);
#1672=ORIENTED_EDGE('',*,*,#2454,.T.);
#1673=ORIENTED_EDGE('',*,*,#2705,.T.);
#1674=ORIENTED_EDGE('',*,*,#2706,.T.);
#1675=ORIENTED_EDGE('',*,*,#2707,.T.);
#1676=ORIENTED_EDGE('',*,*,#2708,.T.);
#1677=ORIENTED_EDGE('',*,*,#2709,.T.);
#1678=ORIENTED_EDGE('',*,*,#2710,.T.);
#1679=ORIENTED_EDGE('',*,*,#2556,.T.);
#1680=ORIENTED_EDGE('',*,*,#2509,.T.);
#1681=ORIENTED_EDGE('',*,*,#2543,.T.);
#1682=ORIENTED_EDGE('',*,*,#2711,.T.);
#1683=ORIENTED_EDGE('',*,*,#2712,.T.);
#1684=ORIENTED_EDGE('',*,*,#2713,.T.);
#1685=ORIENTED_EDGE('',*,*,#2714,.T.);
#1686=ORIENTED_EDGE('',*,*,#2715,.T.);
#1687=ORIENTED_EDGE('',*,*,#2687,.T.);
#1688=ORIENTED_EDGE('',*,*,#2716,.T.);
#1689=ORIENTED_EDGE('',*,*,#2717,.T.);
#1690=ORIENTED_EDGE('',*,*,#2718,.T.);
#1691=ORIENTED_EDGE('',*,*,#2719,.T.);
#1692=ORIENTED_EDGE('',*,*,#2539,.T.);
#1693=ORIENTED_EDGE('',*,*,#2495,.F.);
#1694=ORIENTED_EDGE('',*,*,#2546,.F.);
#1695=ORIENTED_EDGE('',*,*,#2663,.F.);
#1696=ORIENTED_EDGE('',*,*,#2646,.F.);
#1697=ORIENTED_EDGE('',*,*,#2662,.F.);
#1698=ORIENTED_EDGE('',*,*,#2642,.F.);
#1699=ORIENTED_EDGE('',*,*,#2633,.F.);
#1700=ORIENTED_EDGE('',*,*,#2640,.F.);
#1701=ORIENTED_EDGE('',*,*,#2630,.F.);
#1702=ORIENTED_EDGE('',*,*,#2649,.F.);
#1703=ORIENTED_EDGE('',*,*,#2505,.F.);
#1704=ORIENTED_EDGE('',*,*,#2644,.F.);
#1705=ORIENTED_EDGE('',*,*,#2619,.F.);
#1706=ORIENTED_EDGE('',*,*,#2568,.F.);
#1707=ORIENTED_EDGE('',*,*,#2610,.F.);
#1708=ORIENTED_EDGE('',*,*,#2557,.F.);
#1709=ORIENTED_EDGE('',*,*,#2499,.F.);
#1710=ORIENTED_EDGE('',*,*,#2564,.F.);
#1711=ORIENTED_EDGE('',*,*,#2600,.F.);
#1712=ORIENTED_EDGE('',*,*,#2641,.F.);
#1713=ORIENTED_EDGE('',*,*,#2597,.F.);
#1714=ORIENTED_EDGE('',*,*,#2560,.F.);
#1715=ORIENTED_EDGE('',*,*,#2588,.F.);
#1716=ORIENTED_EDGE('',*,*,#2638,.F.);
#1717=ORIENTED_EDGE('',*,*,#2604,.F.);
#1718=ORIENTED_EDGE('',*,*,#2643,.F.);
#1719=ORIENTED_EDGE('',*,*,#2623,.F.);
#1720=ORIENTED_EDGE('',*,*,#2639,.F.);
#1721=ORIENTED_EDGE('',*,*,#2584,.F.);
#1722=ORIENTED_EDGE('',*,*,#2532,.F.);
#1723=ORIENTED_EDGE('',*,*,#2590,.F.);
#1724=ORIENTED_EDGE('',*,*,#2575,.F.);
#1725=ORIENTED_EDGE('',*,*,#2658,.F.);
#1726=ORIENTED_EDGE('',*,*,#2550,.F.);
#1727=ORIENTED_EDGE('',*,*,#2659,.F.);
#1728=ORIENTED_EDGE('',*,*,#2650,.F.);
#1729=ORIENTED_EDGE('',*,*,#2592,.F.);
#1730=ORIENTED_EDGE('',*,*,#2689,.F.);
#1731=ORIENTED_EDGE('',*,*,#2720,.T.);
#1732=ORIENTED_EDGE('',*,*,#2451,.F.);
#1733=ORIENTED_EDGE('',*,*,#2721,.F.);
#1734=ORIENTED_EDGE('',*,*,#2450,.F.);
#1735=ORIENTED_EDGE('',*,*,#2722,.T.);
#1736=ORIENTED_EDGE('',*,*,#2528,.F.);
#1737=ORIENTED_EDGE('',*,*,#2721,.T.);
#1738=ORIENTED_EDGE('',*,*,#2449,.F.);
#1739=ORIENTED_EDGE('',*,*,#2723,.T.);
#1740=ORIENTED_EDGE('',*,*,#2673,.F.);
#1741=ORIENTED_EDGE('',*,*,#2724,.T.);
#1742=ORIENTED_EDGE('',*,*,#2672,.F.);
#1743=ORIENTED_EDGE('',*,*,#2725,.T.);
#1744=ORIENTED_EDGE('',*,*,#2448,.F.);
#1745=ORIENTED_EDGE('',*,*,#2726,.F.);
#1746=ORIENTED_EDGE('',*,*,#2726,.T.);
#1747=ORIENTED_EDGE('',*,*,#2447,.F.);
#1748=ORIENTED_EDGE('',*,*,#2727,.F.);
#1749=ORIENTED_EDGE('',*,*,#2666,.F.);
#1750=ORIENTED_EDGE('',*,*,#2446,.F.);
#1751=ORIENTED_EDGE('',*,*,#2728,.T.);
#1752=ORIENTED_EDGE('',*,*,#2668,.F.);
#1753=ORIENTED_EDGE('',*,*,#2727,.T.);
#1754=ORIENTED_EDGE('',*,*,#2445,.F.);
#1755=ORIENTED_EDGE('',*,*,#2729,.T.);
#1756=ORIENTED_EDGE('',*,*,#2679,.F.);
#1757=ORIENTED_EDGE('',*,*,#2730,.T.);
#1758=ORIENTED_EDGE('',*,*,#2444,.F.);
#1759=ORIENTED_EDGE('',*,*,#2731,.T.);
#1760=ORIENTED_EDGE('',*,*,#2477,.F.);
#1761=ORIENTED_EDGE('',*,*,#2732,.T.);
#1762=ORIENTED_EDGE('',*,*,#2699,.F.);
#1763=ORIENTED_EDGE('',*,*,#2733,.T.);
#1764=ORIENTED_EDGE('',*,*,#2468,.F.);
#1765=ORIENTED_EDGE('',*,*,#2734,.F.);
#1766=ORIENTED_EDGE('',*,*,#2734,.T.);
#1767=ORIENTED_EDGE('',*,*,#2467,.F.);
#1768=ORIENTED_EDGE('',*,*,#2735,.F.);
#1769=ORIENTED_EDGE('',*,*,#2701,.F.);
#1770=ORIENTED_EDGE('',*,*,#2466,.F.);
#1771=ORIENTED_EDGE('',*,*,#2736,.T.);
#1772=ORIENTED_EDGE('',*,*,#2703,.F.);
#1773=ORIENTED_EDGE('',*,*,#2735,.T.);
#1774=ORIENTED_EDGE('',*,*,#2696,.F.);
#1775=ORIENTED_EDGE('',*,*,#2737,.T.);
#1776=ORIENTED_EDGE('',*,*,#2464,.F.);
#1777=ORIENTED_EDGE('',*,*,#2738,.T.);
#1778=ORIENTED_EDGE('',*,*,#2683,.F.);
#1779=ORIENTED_EDGE('',*,*,#2739,.T.);
#1780=ORIENTED_EDGE('',*,*,#2463,.F.);
#1781=ORIENTED_EDGE('',*,*,#2740,.T.);
#1782=ORIENTED_EDGE('',*,*,#2578,.F.);
#1783=ORIENTED_EDGE('',*,*,#2741,.T.);
#1784=ORIENTED_EDGE('',*,*,#2462,.F.);
#1785=ORIENTED_EDGE('',*,*,#2742,.F.);
#1786=ORIENTED_EDGE('',*,*,#2742,.T.);
#1787=ORIENTED_EDGE('',*,*,#2461,.F.);
#1788=ORIENTED_EDGE('',*,*,#2743,.F.);
#1789=ORIENTED_EDGE('',*,*,#2670,.F.);
#1790=ORIENTED_EDGE('',*,*,#2460,.F.);
#1791=ORIENTED_EDGE('',*,*,#2744,.T.);
#1792=ORIENTED_EDGE('',*,*,#2580,.F.);
#1793=ORIENTED_EDGE('',*,*,#2743,.T.);
#1794=ORIENTED_EDGE('',*,*,#2677,.F.);
#1795=ORIENTED_EDGE('',*,*,#2745,.T.);
#1796=ORIENTED_EDGE('',*,*,#2459,.F.);
#1797=ORIENTED_EDGE('',*,*,#2746,.T.);
#1798=ORIENTED_EDGE('',*,*,#2457,.F.);
#1799=ORIENTED_EDGE('',*,*,#2747,.T.);
#1800=ORIENTED_EDGE('',*,*,#2693,.F.);
#1801=ORIENTED_EDGE('',*,*,#2748,.F.);
#1802=ORIENTED_EDGE('',*,*,#2691,.F.);
#1803=ORIENTED_EDGE('',*,*,#2749,.T.);
#1804=ORIENTED_EDGE('',*,*,#2458,.F.);
#1805=ORIENTED_EDGE('',*,*,#2748,.T.);
#1806=ORIENTED_EDGE('',*,*,#2718,.F.);
#1807=ORIENTED_EDGE('',*,*,#2750,.T.);
#1808=ORIENTED_EDGE('',*,*,#2712,.F.);
#1809=ORIENTED_EDGE('',*,*,#2751,.F.);
#1810=ORIENTED_EDGE('',*,*,#2719,.F.);
#1811=ORIENTED_EDGE('',*,*,#2751,.T.);
#1812=ORIENTED_EDGE('',*,*,#2752,.F.);
#1813=ORIENTED_EDGE('',*,*,#2540,.F.);
#1814=ORIENTED_EDGE('',*,*,#2714,.F.);
#1815=ORIENTED_EDGE('',*,*,#2753,.T.);
#1816=ORIENTED_EDGE('',*,*,#2708,.F.);
#1817=ORIENTED_EDGE('',*,*,#2754,.F.);
#1818=ORIENTED_EDGE('',*,*,#2752,.T.);
#1819=ORIENTED_EDGE('',*,*,#2715,.F.);
#1820=ORIENTED_EDGE('',*,*,#2755,.F.);
#1821=ORIENTED_EDGE('',*,*,#2541,.F.);
#1822=ORIENTED_EDGE('',*,*,#2711,.F.);
#1823=ORIENTED_EDGE('',*,*,#2542,.F.);
#1824=ORIENTED_EDGE('',*,*,#2755,.T.);
#1825=ORIENTED_EDGE('',*,*,#2754,.T.);
#1826=ORIENTED_EDGE('',*,*,#2536,.F.);
#1827=ORIENTED_EDGE('',*,*,#2655,.F.);
#1828=ORIENTED_EDGE('',*,*,#2571,.F.);
#1829=ORIENTED_EDGE('',*,*,#2654,.F.);
#1830=ORIENTED_EDGE('',*,*,#2756,.T.);
#1831=ORIENTED_EDGE('',*,*,#2757,.T.);
#1832=ORIENTED_EDGE('',*,*,#2758,.F.);
#1833=ORIENTED_EDGE('',*,*,#2759,.T.);
#1834=ORIENTED_EDGE('',*,*,#2759,.F.);
#1835=ORIENTED_EDGE('',*,*,#2760,.F.);
#1836=ORIENTED_EDGE('',*,*,#2761,.T.);
#1837=ORIENTED_EDGE('',*,*,#2762,.T.);
#1838=ORIENTED_EDGE('',*,*,#2763,.T.);
#1839=ORIENTED_EDGE('',*,*,#2764,.T.);
#1840=ORIENTED_EDGE('',*,*,#2765,.T.);
#1841=ORIENTED_EDGE('',*,*,#2766,.T.);
#1842=ORIENTED_EDGE('',*,*,#2767,.T.);
#1843=ORIENTED_EDGE('',*,*,#2768,.F.);
#1844=ORIENTED_EDGE('',*,*,#2769,.F.);
#1845=ORIENTED_EDGE('',*,*,#2770,.T.);
#1846=ORIENTED_EDGE('',*,*,#2771,.T.);
#1847=ORIENTED_EDGE('',*,*,#2772,.T.);
#1848=ORIENTED_EDGE('',*,*,#2773,.T.);
#1849=ORIENTED_EDGE('',*,*,#2470,.F.);
#1850=ORIENTED_EDGE('',*,*,#2774,.F.);
#1851=ORIENTED_EDGE('',*,*,#2775,.T.);
#1852=ORIENTED_EDGE('',*,*,#2776,.T.);
#1853=ORIENTED_EDGE('',*,*,#2777,.F.);
#1854=ORIENTED_EDGE('',*,*,#2778,.F.);
#1855=ORIENTED_EDGE('',*,*,#2760,.T.);
#1856=ORIENTED_EDGE('',*,*,#2758,.T.);
#1857=ORIENTED_EDGE('',*,*,#2779,.T.);
#1858=ORIENTED_EDGE('',*,*,#2780,.T.);
#1859=ORIENTED_EDGE('',*,*,#2781,.T.);
#1860=ORIENTED_EDGE('',*,*,#2782,.T.);
#1861=ORIENTED_EDGE('',*,*,#2783,.F.);
#1862=ORIENTED_EDGE('',*,*,#2784,.F.);
#1863=ORIENTED_EDGE('',*,*,#2768,.T.);
#1864=ORIENTED_EDGE('',*,*,#2785,.T.);
#1865=ORIENTED_EDGE('',*,*,#2786,.T.);
#1866=ORIENTED_EDGE('',*,*,#2787,.T.);
#1867=ORIENTED_EDGE('',*,*,#2788,.T.);
#1868=ORIENTED_EDGE('',*,*,#2789,.T.);
#1869=ORIENTED_EDGE('',*,*,#2756,.F.);
#1870=ORIENTED_EDGE('',*,*,#2762,.F.);
#1871=ORIENTED_EDGE('',*,*,#2790,.T.);
#1872=ORIENTED_EDGE('',*,*,#2791,.T.);
#1873=ORIENTED_EDGE('',*,*,#2792,.T.);
#1874=ORIENTED_EDGE('',*,*,#2793,.T.);
#1875=ORIENTED_EDGE('',*,*,#2794,.T.);
#1876=ORIENTED_EDGE('',*,*,#2472,.T.);
#1877=ORIENTED_EDGE('',*,*,#2795,.F.);
#1878=ORIENTED_EDGE('',*,*,#2796,.T.);
#1879=ORIENTED_EDGE('',*,*,#2797,.T.);
#1880=ORIENTED_EDGE('',*,*,#2798,.F.);
#1881=ORIENTED_EDGE('',*,*,#2799,.T.);
#1882=ORIENTED_EDGE('',*,*,#2783,.T.);
#1883=ORIENTED_EDGE('',*,*,#2800,.F.);
#1884=ORIENTED_EDGE('',*,*,#2801,.T.);
#1885=ORIENTED_EDGE('',*,*,#2802,.T.);
#1886=ORIENTED_EDGE('',*,*,#2767,.F.);
#1887=ORIENTED_EDGE('',*,*,#2803,.T.);
#1888=ORIENTED_EDGE('',*,*,#2800,.T.);
#1889=ORIENTED_EDGE('',*,*,#2782,.F.);
#1890=ORIENTED_EDGE('',*,*,#2773,.F.);
#1891=ORIENTED_EDGE('',*,*,#2804,.T.);
#1892=ORIENTED_EDGE('',*,*,#2795,.T.);
#1893=ORIENTED_EDGE('',*,*,#2471,.F.);
#1894=ORIENTED_EDGE('',*,*,#2799,.F.);
#1895=ORIENTED_EDGE('',*,*,#2805,.T.);
#1896=ORIENTED_EDGE('',*,*,#2769,.T.);
#1897=ORIENTED_EDGE('',*,*,#2784,.T.);
#1898=ORIENTED_EDGE('',*,*,#2794,.F.);
#1899=ORIENTED_EDGE('',*,*,#2806,.T.);
#1900=ORIENTED_EDGE('',*,*,#2774,.T.);
#1901=ORIENTED_EDGE('',*,*,#2469,.T.);
#1902=ORIENTED_EDGE('',*,*,#2778,.T.);
#1903=ORIENTED_EDGE('',*,*,#2807,.F.);
#1904=ORIENTED_EDGE('',*,*,#2790,.F.);
#1905=ORIENTED_EDGE('',*,*,#2761,.F.);
#1906=ORIENTED_EDGE('',*,*,#2777,.T.);
#1907=ORIENTED_EDGE('',*,*,#2808,.T.);
#1908=ORIENTED_EDGE('',*,*,#2791,.F.);
#1909=ORIENTED_EDGE('',*,*,#2807,.T.);
#1910=ORIENTED_EDGE('',*,*,#2798,.T.);
#1911=ORIENTED_EDGE('',*,*,#2809,.T.);
#1912=ORIENTED_EDGE('',*,*,#2770,.F.);
#1913=ORIENTED_EDGE('',*,*,#2805,.F.);
#1914=ORIENTED_EDGE('',*,*,#2796,.F.);
#1915=ORIENTED_EDGE('',*,*,#2804,.F.);
#1916=ORIENTED_EDGE('',*,*,#2772,.F.);
#1917=ORIENTED_EDGE('',*,*,#2810,.F.);
#1918=ORIENTED_EDGE('',*,*,#2793,.F.);
#1919=ORIENTED_EDGE('',*,*,#2811,.F.);
#1920=ORIENTED_EDGE('',*,*,#2775,.F.);
#1921=ORIENTED_EDGE('',*,*,#2806,.F.);
#1922=ORIENTED_EDGE('',*,*,#2797,.F.);
#1923=ORIENTED_EDGE('',*,*,#2810,.T.);
#1924=ORIENTED_EDGE('',*,*,#2771,.F.);
#1925=ORIENTED_EDGE('',*,*,#2809,.F.);
#1926=ORIENTED_EDGE('',*,*,#2792,.F.);
#1927=ORIENTED_EDGE('',*,*,#2808,.F.);
#1928=ORIENTED_EDGE('',*,*,#2776,.F.);
#1929=ORIENTED_EDGE('',*,*,#2811,.T.);
#1930=ORIENTED_EDGE('',*,*,#2802,.F.);
#1931=ORIENTED_EDGE('',*,*,#2812,.T.);
#1932=ORIENTED_EDGE('',*,*,#2765,.F.);
#1933=ORIENTED_EDGE('',*,*,#2813,.T.);
#1934=ORIENTED_EDGE('',*,*,#2814,.T.);
#1935=ORIENTED_EDGE('',*,*,#2815,.T.);
#1936=ORIENTED_EDGE('',*,*,#2780,.F.);
#1937=ORIENTED_EDGE('',*,*,#2816,.T.);
#1938=ORIENTED_EDGE('',*,*,#2788,.F.);
#1939=ORIENTED_EDGE('',*,*,#2817,.T.);
#1940=ORIENTED_EDGE('',*,*,#2818,.T.);
#1941=ORIENTED_EDGE('',*,*,#2819,.T.);
#1942=ORIENTED_EDGE('',*,*,#2787,.F.);
#1943=ORIENTED_EDGE('',*,*,#2820,.T.);
#1944=ORIENTED_EDGE('',*,*,#2617,.F.);
#1945=ORIENTED_EDGE('',*,*,#2821,.F.);
#1946=ORIENTED_EDGE('',*,*,#2817,.F.);
#1947=ORIENTED_EDGE('',*,*,#2821,.T.);
#1948=ORIENTED_EDGE('',*,*,#2616,.F.);
#1949=ORIENTED_EDGE('',*,*,#2822,.F.);
#1950=ORIENTED_EDGE('',*,*,#2818,.F.);
#1951=ORIENTED_EDGE('',*,*,#2615,.F.);
#1952=ORIENTED_EDGE('',*,*,#2823,.T.);
#1953=ORIENTED_EDGE('',*,*,#2781,.F.);
#1954=ORIENTED_EDGE('',*,*,#2819,.F.);
#1955=ORIENTED_EDGE('',*,*,#2822,.T.);
#1956=ORIENTED_EDGE('',*,*,#2785,.F.);
#1957=ORIENTED_EDGE('',*,*,#2815,.F.);
#1958=ORIENTED_EDGE('',*,*,#2824,.F.);
#1959=ORIENTED_EDGE('',*,*,#2611,.F.);
#1960=ORIENTED_EDGE('',*,*,#2825,.T.);
#1961=ORIENTED_EDGE('',*,*,#2814,.F.);
#1962=ORIENTED_EDGE('',*,*,#2826,.F.);
#1963=ORIENTED_EDGE('',*,*,#2606,.F.);
#1964=ORIENTED_EDGE('',*,*,#2824,.T.);
#1965=ORIENTED_EDGE('',*,*,#2813,.F.);
#1966=ORIENTED_EDGE('',*,*,#2764,.F.);
#1967=ORIENTED_EDGE('',*,*,#2827,.T.);
#1968=ORIENTED_EDGE('',*,*,#2607,.F.);
#1969=ORIENTED_EDGE('',*,*,#2826,.T.);
#1970=ORIENTED_EDGE('',*,*,#2789,.F.);
#1971=ORIENTED_EDGE('',*,*,#2816,.F.);
#1972=ORIENTED_EDGE('',*,*,#2779,.F.);
#1973=ORIENTED_EDGE('',*,*,#2757,.F.);
#1974=ORIENTED_EDGE('',*,*,#2766,.F.);
#1975=ORIENTED_EDGE('',*,*,#2812,.F.);
#1976=ORIENTED_EDGE('',*,*,#2801,.F.);
#1977=ORIENTED_EDGE('',*,*,#2803,.F.);
#1978=ORIENTED_EDGE('',*,*,#2523,.F.);
#1979=ORIENTED_EDGE('',*,*,#2478,.F.);
#1980=ORIENTED_EDGE('',*,*,#2828,.F.);
#1981=ORIENTED_EDGE('',*,*,#2698,.F.);
#1982=ORIENTED_EDGE('',*,*,#2731,.F.);
#1983=ORIENTED_EDGE('',*,*,#2443,.T.);
#1984=ORIENTED_EDGE('',*,*,#2733,.F.);
#1985=ORIENTED_EDGE('',*,*,#2828,.T.);
#1986=ORIENTED_EDGE('',*,*,#2527,.F.);
#1987=ORIENTED_EDGE('',*,*,#2704,.F.);
#1988=ORIENTED_EDGE('',*,*,#2829,.F.);
#1989=ORIENTED_EDGE('',*,*,#2695,.F.);
#1990=ORIENTED_EDGE('',*,*,#2736,.F.);
#1991=ORIENTED_EDGE('',*,*,#2465,.T.);
#1992=ORIENTED_EDGE('',*,*,#2737,.F.);
#1993=ORIENTED_EDGE('',*,*,#2829,.T.);
#1994=ORIENTED_EDGE('',*,*,#2455,.F.);
#1995=ORIENTED_EDGE('',*,*,#2707,.F.);
#1996=ORIENTED_EDGE('',*,*,#2830,.F.);
#1997=ORIENTED_EDGE('',*,*,#2717,.F.);
#1998=ORIENTED_EDGE('',*,*,#2750,.F.);
#1999=ORIENTED_EDGE('',*,*,#2830,.T.);
#2000=ORIENTED_EDGE('',*,*,#2831,.F.);
#2001=ORIENTED_EDGE('',*,*,#2831,.T.);
#2002=ORIENTED_EDGE('',*,*,#2706,.F.);
#2003=ORIENTED_EDGE('',*,*,#2832,.F.);
#2004=ORIENTED_EDGE('',*,*,#2713,.F.);
#2005=ORIENTED_EDGE('',*,*,#2753,.F.);
#2006=ORIENTED_EDGE('',*,*,#2832,.T.);
#2007=ORIENTED_EDGE('',*,*,#2833,.F.);
#2008=ORIENTED_EDGE('',*,*,#2453,.F.);
#2009=ORIENTED_EDGE('',*,*,#2709,.F.);
#2010=ORIENTED_EDGE('',*,*,#2833,.T.);
#2011=ORIENTED_EDGE('',*,*,#2705,.F.);
#2012=ORIENTED_EDGE('',*,*,#2716,.F.);
#2013=ORIENTED_EDGE('',*,*,#2686,.F.);
#2014=ORIENTED_EDGE('',*,*,#2834,.F.);
#2015=ORIENTED_EDGE('',*,*,#2456,.F.);
#2016=ORIENTED_EDGE('',*,*,#2747,.F.);
#2017=ORIENTED_EDGE('',*,*,#2834,.T.);
#2018=ORIENTED_EDGE('',*,*,#2835,.F.);
#2019=ORIENTED_EDGE('',*,*,#2493,.F.);
#2020=ORIENTED_EDGE('',*,*,#2694,.F.);
#2021=ORIENTED_EDGE('',*,*,#2835,.T.);
#2022=ORIENTED_EDGE('',*,*,#2685,.F.);
#2023=ORIENTED_EDGE('',*,*,#2710,.F.);
#2024=ORIENTED_EDGE('',*,*,#2452,.F.);
#2025=ORIENTED_EDGE('',*,*,#2836,.F.);
#2026=ORIENTED_EDGE('',*,*,#2554,.F.);
#2027=ORIENTED_EDGE('',*,*,#2836,.T.);
#2028=ORIENTED_EDGE('',*,*,#2720,.F.);
#2029=ORIENTED_EDGE('',*,*,#2837,.F.);
#2030=ORIENTED_EDGE('',*,*,#2511,.F.);
#2031=ORIENTED_EDGE('',*,*,#2555,.F.);
#2032=ORIENTED_EDGE('',*,*,#2837,.T.);
#2033=ORIENTED_EDGE('',*,*,#2688,.F.);
#2034=ORIENTED_EDGE('',*,*,#2482,.F.);
#2035=ORIENTED_EDGE('',*,*,#2697,.F.);
#2036=ORIENTED_EDGE('',*,*,#2838,.F.);
#2037=ORIENTED_EDGE('',*,*,#2682,.F.);
#2038=ORIENTED_EDGE('',*,*,#2838,.T.);
#2039=ORIENTED_EDGE('',*,*,#2738,.F.);
#2040=ORIENTED_EDGE('',*,*,#2739,.F.);
#2041=ORIENTED_EDGE('',*,*,#2522,.F.);
#2042=ORIENTED_EDGE('',*,*,#2680,.F.);
#2043=ORIENTED_EDGE('',*,*,#2839,.F.);
#2044=ORIENTED_EDGE('',*,*,#2480,.F.);
#2045=ORIENTED_EDGE('',*,*,#2839,.T.);
#2046=ORIENTED_EDGE('',*,*,#2729,.F.);
#2047=ORIENTED_EDGE('',*,*,#2732,.F.);
#2048=ORIENTED_EDGE('',*,*,#2484,.F.);
#2049=ORIENTED_EDGE('',*,*,#2684,.F.);
#2050=ORIENTED_EDGE('',*,*,#2840,.F.);
#2051=ORIENTED_EDGE('',*,*,#2577,.F.);
#2052=ORIENTED_EDGE('',*,*,#2840,.T.);
#2053=ORIENTED_EDGE('',*,*,#2740,.F.);
#2054=ORIENTED_EDGE('',*,*,#2741,.F.);
#2055=ORIENTED_EDGE('',*,*,#2520,.F.);
#2056=ORIENTED_EDGE('',*,*,#2669,.F.);
#2057=ORIENTED_EDGE('',*,*,#2841,.F.);
#2058=ORIENTED_EDGE('',*,*,#2681,.F.);
#2059=ORIENTED_EDGE('',*,*,#2841,.T.);
#2060=ORIENTED_EDGE('',*,*,#2728,.F.);
#2061=ORIENTED_EDGE('',*,*,#2730,.F.);
#2062=ORIENTED_EDGE('',*,*,#2488,.F.);
#2063=ORIENTED_EDGE('',*,*,#2581,.F.);
#2064=ORIENTED_EDGE('',*,*,#2842,.F.);
#2065=ORIENTED_EDGE('',*,*,#2676,.F.);
#2066=ORIENTED_EDGE('',*,*,#2842,.T.);
#2067=ORIENTED_EDGE('',*,*,#2744,.F.);
#2068=ORIENTED_EDGE('',*,*,#2745,.F.);
#2069=ORIENTED_EDGE('',*,*,#2516,.F.);
#2070=ORIENTED_EDGE('',*,*,#2674,.F.);
#2071=ORIENTED_EDGE('',*,*,#2843,.F.);
#2072=ORIENTED_EDGE('',*,*,#2671,.F.);
#2073=ORIENTED_EDGE('',*,*,#2843,.T.);
#2074=ORIENTED_EDGE('',*,*,#2723,.F.);
#2075=ORIENTED_EDGE('',*,*,#2725,.F.);
#2076=ORIENTED_EDGE('',*,*,#2490,.F.);
#2077=ORIENTED_EDGE('',*,*,#2678,.F.);
#2078=ORIENTED_EDGE('',*,*,#2844,.F.);
#2079=ORIENTED_EDGE('',*,*,#2690,.F.);
#2080=ORIENTED_EDGE('',*,*,#2844,.T.);
#2081=ORIENTED_EDGE('',*,*,#2746,.F.);
#2082=ORIENTED_EDGE('',*,*,#2749,.F.);
#2083=ORIENTED_EDGE('',*,*,#2514,.F.);
#2084=ORIENTED_EDGE('',*,*,#2529,.F.);
#2085=ORIENTED_EDGE('',*,*,#2845,.F.);
#2086=ORIENTED_EDGE('',*,*,#2675,.F.);
#2087=ORIENTED_EDGE('',*,*,#2845,.T.);
#2088=ORIENTED_EDGE('',*,*,#2722,.F.);
#2089=ORIENTED_EDGE('',*,*,#2724,.F.);
#2090=ORIENTED_EDGE('',*,*,#2820,.F.);
#2091=ORIENTED_EDGE('',*,*,#2786,.F.);
#2092=ORIENTED_EDGE('',*,*,#2825,.F.);
#2093=ORIENTED_EDGE('',*,*,#2474,.F.);
#2094=ORIENTED_EDGE('',*,*,#2823,.F.);
#2095=ORIENTED_EDGE('',*,*,#2612,.F.);
#2096=ORIENTED_EDGE('',*,*,#2827,.F.);
#2097=ORIENTED_EDGE('',*,*,#2763,.F.);
#2098=ORIENTED_EDGE('',*,*,#2846,.F.);
#2099=ORIENTED_EDGE('',*,*,#2847,.T.);
#2100=ORIENTED_EDGE('',*,*,#2848,.F.);
#2101=ORIENTED_EDGE('',*,*,#2849,.T.);
#2102=ORIENTED_EDGE('',*,*,#2850,.T.);
#2103=ORIENTED_EDGE('',*,*,#2851,.F.);
#2104=ORIENTED_EDGE('',*,*,#2852,.F.);
#2105=ORIENTED_EDGE('',*,*,#2853,.T.);
#2106=ORIENTED_EDGE('',*,*,#2854,.F.);
#2107=ORIENTED_EDGE('',*,*,#2855,.F.);
#2108=ORIENTED_EDGE('',*,*,#2856,.T.);
#2109=ORIENTED_EDGE('',*,*,#2857,.F.);
#2110=ORIENTED_EDGE('',*,*,#2858,.T.);
#2111=ORIENTED_EDGE('',*,*,#2859,.T.);
#2112=ORIENTED_EDGE('',*,*,#2860,.T.);
#2113=ORIENTED_EDGE('',*,*,#2861,.F.);
#2114=ORIENTED_EDGE('',*,*,#2862,.T.);
#2115=ORIENTED_EDGE('',*,*,#2863,.T.);
#2116=ORIENTED_EDGE('',*,*,#2864,.F.);
#2117=ORIENTED_EDGE('',*,*,#2865,.T.);
#2118=ORIENTED_EDGE('',*,*,#2866,.T.);
#2119=ORIENTED_EDGE('',*,*,#2867,.T.);
#2120=ORIENTED_EDGE('',*,*,#2868,.T.);
#2121=ORIENTED_EDGE('',*,*,#2869,.F.);
#2122=ORIENTED_EDGE('',*,*,#2870,.T.);
#2123=ORIENTED_EDGE('',*,*,#2871,.T.);
#2124=ORIENTED_EDGE('',*,*,#2872,.F.);
#2125=ORIENTED_EDGE('',*,*,#2873,.T.);
#2126=ORIENTED_EDGE('',*,*,#2874,.F.);
#2127=ORIENTED_EDGE('',*,*,#2875,.T.);
#2128=ORIENTED_EDGE('',*,*,#2876,.T.);
#2129=ORIENTED_EDGE('',*,*,#2877,.T.);
#2130=ORIENTED_EDGE('',*,*,#2878,.T.);
#2131=ORIENTED_EDGE('',*,*,#2879,.T.);
#2132=ORIENTED_EDGE('',*,*,#2880,.T.);
#2133=ORIENTED_EDGE('',*,*,#2881,.T.);
#2134=ORIENTED_EDGE('',*,*,#2882,.T.);
#2135=ORIENTED_EDGE('',*,*,#2883,.T.);
#2136=ORIENTED_EDGE('',*,*,#2864,.T.);
#2137=ORIENTED_EDGE('',*,*,#2884,.T.);
#2138=ORIENTED_EDGE('',*,*,#2856,.F.);
#2139=ORIENTED_EDGE('',*,*,#2885,.T.);
#2140=ORIENTED_EDGE('',*,*,#2886,.T.);
#2141=ORIENTED_EDGE('',*,*,#2887,.T.);
#2142=ORIENTED_EDGE('',*,*,#2888,.F.);
#2143=ORIENTED_EDGE('',*,*,#2889,.T.);
#2144=ORIENTED_EDGE('',*,*,#2890,.T.);
#2145=ORIENTED_EDGE('',*,*,#2891,.T.);
#2146=ORIENTED_EDGE('',*,*,#2892,.F.);
#2147=ORIENTED_EDGE('',*,*,#2893,.F.);
#2148=ORIENTED_EDGE('',*,*,#2894,.F.);
#2149=ORIENTED_EDGE('',*,*,#2895,.T.);
#2150=ORIENTED_EDGE('',*,*,#2896,.T.);
#2151=ORIENTED_EDGE('',*,*,#2897,.F.);
#2152=ORIENTED_EDGE('',*,*,#2888,.T.);
#2153=ORIENTED_EDGE('',*,*,#2898,.F.);
#2154=ORIENTED_EDGE('',*,*,#2899,.T.);
#2155=ORIENTED_EDGE('',*,*,#2900,.F.);
#2156=ORIENTED_EDGE('',*,*,#2886,.F.);
#2157=ORIENTED_EDGE('',*,*,#2901,.F.);
#2158=ORIENTED_EDGE('',*,*,#2902,.T.);
#2159=ORIENTED_EDGE('',*,*,#2903,.F.);
#2160=ORIENTED_EDGE('',*,*,#2854,.T.);
#2161=ORIENTED_EDGE('',*,*,#2904,.T.);
#2162=ORIENTED_EDGE('',*,*,#2905,.T.);
#2163=ORIENTED_EDGE('',*,*,#2906,.T.);
#2164=ORIENTED_EDGE('',*,*,#2907,.T.);
#2165=ORIENTED_EDGE('',*,*,#2908,.T.);
#2166=ORIENTED_EDGE('',*,*,#2859,.F.);
#2167=ORIENTED_EDGE('',*,*,#2909,.T.);
#2168=ORIENTED_EDGE('',*,*,#2910,.T.);
#2169=ORIENTED_EDGE('',*,*,#2911,.T.);
#2170=ORIENTED_EDGE('',*,*,#2892,.T.);
#2171=ORIENTED_EDGE('',*,*,#2912,.T.);
#2172=ORIENTED_EDGE('',*,*,#2913,.T.);
#2173=ORIENTED_EDGE('',*,*,#2914,.T.);
#2174=ORIENTED_EDGE('',*,*,#2890,.F.);
#2175=ORIENTED_EDGE('',*,*,#2915,.T.);
#2176=ORIENTED_EDGE('',*,*,#2874,.T.);
#2177=ORIENTED_EDGE('',*,*,#2916,.T.);
#2178=ORIENTED_EDGE('',*,*,#2866,.F.);
#2179=ORIENTED_EDGE('',*,*,#2917,.T.);
#2180=ORIENTED_EDGE('',*,*,#2915,.F.);
#2181=ORIENTED_EDGE('',*,*,#2893,.T.);
#2182=ORIENTED_EDGE('',*,*,#2911,.F.);
#2183=ORIENTED_EDGE('',*,*,#2918,.T.);
#2184=ORIENTED_EDGE('',*,*,#2905,.F.);
#2185=ORIENTED_EDGE('',*,*,#2865,.F.);
#2186=ORIENTED_EDGE('',*,*,#2885,.F.);
#2187=ORIENTED_EDGE('',*,*,#2855,.T.);
#2188=ORIENTED_EDGE('',*,*,#2903,.T.);
#2189=ORIENTED_EDGE('',*,*,#2919,.T.);
#2190=ORIENTED_EDGE('',*,*,#2898,.T.);
#2191=ORIENTED_EDGE('',*,*,#2889,.F.);
#2192=ORIENTED_EDGE('',*,*,#2897,.T.);
#2193=ORIENTED_EDGE('',*,*,#2920,.T.);
#2194=ORIENTED_EDGE('',*,*,#2848,.T.);
#2195=ORIENTED_EDGE('',*,*,#2921,.T.);
#2196=ORIENTED_EDGE('',*,*,#2880,.F.);
#2197=ORIENTED_EDGE('',*,*,#2922,.T.);
#2198=ORIENTED_EDGE('',*,*,#2876,.F.);
#2199=ORIENTED_EDGE('',*,*,#2923,.T.);
#2200=ORIENTED_EDGE('',*,*,#2924,.F.);
#2201=ORIENTED_EDGE('',*,*,#2925,.T.);
#2202=ORIENTED_EDGE('',*,*,#2926,.T.);
#2203=ORIENTED_EDGE('',*,*,#2927,.T.);
#2204=ORIENTED_EDGE('',*,*,#2869,.T.);
#2205=ORIENTED_EDGE('',*,*,#2926,.F.);
#2206=ORIENTED_EDGE('',*,*,#2928,.T.);
#2207=ORIENTED_EDGE('',*,*,#2929,.T.);
#2208=ORIENTED_EDGE('',*,*,#2907,.F.);
#2209=ORIENTED_EDGE('',*,*,#2930,.T.);
#2210=ORIENTED_EDGE('',*,*,#2909,.F.);
#2211=ORIENTED_EDGE('',*,*,#2891,.F.);
#2212=ORIENTED_EDGE('',*,*,#2914,.F.);
#2213=ORIENTED_EDGE('',*,*,#2931,.T.);
#2214=ORIENTED_EDGE('',*,*,#2932,.T.);
#2215=ORIENTED_EDGE('',*,*,#2933,.F.);
#2216=ORIENTED_EDGE('',*,*,#2934,.T.);
#2217=ORIENTED_EDGE('',*,*,#2935,.T.);
#2218=ORIENTED_EDGE('',*,*,#2936,.T.);
#2219=ORIENTED_EDGE('',*,*,#2937,.F.);
#2220=ORIENTED_EDGE('',*,*,#2938,.T.);
#2221=ORIENTED_EDGE('',*,*,#2939,.T.);
#2222=ORIENTED_EDGE('',*,*,#2851,.T.);
#2223=ORIENTED_EDGE('',*,*,#2940,.T.);
#2224=ORIENTED_EDGE('',*,*,#2941,.F.);
#2225=ORIENTED_EDGE('',*,*,#2942,.T.);
#2226=ORIENTED_EDGE('',*,*,#2943,.T.);
#2227=ORIENTED_EDGE('',*,*,#2944,.T.);
#2228=ORIENTED_EDGE('',*,*,#2945,.T.);
#2229=ORIENTED_EDGE('',*,*,#2946,.T.);
#2230=ORIENTED_EDGE('',*,*,#2937,.T.);
#2231=ORIENTED_EDGE('',*,*,#2947,.T.);
#2232=ORIENTED_EDGE('',*,*,#2948,.T.);
#2233=ORIENTED_EDGE('',*,*,#2894,.T.);
#2234=ORIENTED_EDGE('',*,*,#2887,.F.);
#2235=ORIENTED_EDGE('',*,*,#2900,.T.);
#2236=ORIENTED_EDGE('',*,*,#2949,.T.);
#2237=ORIENTED_EDGE('',*,*,#2901,.T.);
#2238=ORIENTED_EDGE('',*,*,#2941,.T.);
#2239=ORIENTED_EDGE('',*,*,#2950,.T.);
#2240=ORIENTED_EDGE('',*,*,#2857,.T.);
#2241=ORIENTED_EDGE('',*,*,#2884,.F.);
#2242=ORIENTED_EDGE('',*,*,#2863,.F.);
#2243=ORIENTED_EDGE('',*,*,#2951,.T.);
#2244=ORIENTED_EDGE('',*,*,#2933,.T.);
#2245=ORIENTED_EDGE('',*,*,#2952,.T.);
#2246=ORIENTED_EDGE('',*,*,#2924,.T.);
#2247=ORIENTED_EDGE('',*,*,#2868,.F.);
#2248=ORIENTED_EDGE('',*,*,#2953,.T.);
#2249=ORIENTED_EDGE('',*,*,#2872,.T.);
#2250=ORIENTED_EDGE('',*,*,#2954,.T.);
#2251=ORIENTED_EDGE('',*,*,#2878,.F.);
#2252=ORIENTED_EDGE('',*,*,#2955,.T.);
#2253=ORIENTED_EDGE('',*,*,#2882,.F.);
#2254=ORIENTED_EDGE('',*,*,#2956,.T.);
#2255=ORIENTED_EDGE('',*,*,#2846,.T.);
#2256=ORIENTED_EDGE('',*,*,#2939,.F.);
#2257=ORIENTED_EDGE('',*,*,#2957,.T.);
#2258=ORIENTED_EDGE('',*,*,#2950,.F.);
#2259=ORIENTED_EDGE('',*,*,#2944,.F.);
#2260=ORIENTED_EDGE('',*,*,#2958,.F.);
#2261=ORIENTED_EDGE('',*,*,#2858,.F.);
#2262=ORIENTED_EDGE('',*,*,#2904,.F.);
#2263=ORIENTED_EDGE('',*,*,#2853,.F.);
#2264=ORIENTED_EDGE('',*,*,#2959,.F.);
#2265=ORIENTED_EDGE('',*,*,#2945,.F.);
#2266=ORIENTED_EDGE('',*,*,#2852,.T.);
#2267=ORIENTED_EDGE('',*,*,#2958,.T.);
#2268=ORIENTED_EDGE('',*,*,#2960,.F.);
#2269=ORIENTED_EDGE('',*,*,#2959,.T.);
#2270=ORIENTED_EDGE('',*,*,#2957,.F.);
#2271=ORIENTED_EDGE('',*,*,#2938,.F.);
#2272=ORIENTED_EDGE('',*,*,#2961,.F.);
#2273=ORIENTED_EDGE('',*,*,#2942,.F.);
#2274=ORIENTED_EDGE('',*,*,#2960,.T.);
#2275=ORIENTED_EDGE('',*,*,#2943,.F.);
#2276=ORIENTED_EDGE('',*,*,#2961,.T.);
#2277=ORIENTED_EDGE('',*,*,#2946,.F.);
#2278=ORIENTED_EDGE('',*,*,#2920,.F.);
#2279=ORIENTED_EDGE('',*,*,#2896,.F.);
#2280=ORIENTED_EDGE('',*,*,#2962,.F.);
#2281=ORIENTED_EDGE('',*,*,#2849,.F.);
#2282=ORIENTED_EDGE('',*,*,#2895,.F.);
#2283=ORIENTED_EDGE('',*,*,#2948,.F.);
#2284=ORIENTED_EDGE('',*,*,#2963,.F.);
#2285=ORIENTED_EDGE('',*,*,#2962,.T.);
#2286=ORIENTED_EDGE('',*,*,#2940,.F.);
#2287=ORIENTED_EDGE('',*,*,#2850,.F.);
#2288=ORIENTED_EDGE('',*,*,#2963,.T.);
#2289=ORIENTED_EDGE('',*,*,#2947,.F.);
#2290=ORIENTED_EDGE('',*,*,#2908,.F.);
#2291=ORIENTED_EDGE('',*,*,#2929,.F.);
#2292=ORIENTED_EDGE('',*,*,#2964,.F.);
#2293=ORIENTED_EDGE('',*,*,#2860,.F.);
#2294=ORIENTED_EDGE('',*,*,#2951,.F.);
#2295=ORIENTED_EDGE('',*,*,#2862,.F.);
#2296=ORIENTED_EDGE('',*,*,#2965,.F.);
#2297=ORIENTED_EDGE('',*,*,#2934,.F.);
#2298=ORIENTED_EDGE('',*,*,#2952,.F.);
#2299=ORIENTED_EDGE('',*,*,#2936,.F.);
#2300=ORIENTED_EDGE('',*,*,#2966,.F.);
#2301=ORIENTED_EDGE('',*,*,#2925,.F.);
#2302=ORIENTED_EDGE('',*,*,#2861,.T.);
#2303=ORIENTED_EDGE('',*,*,#2964,.T.);
#2304=ORIENTED_EDGE('',*,*,#2967,.F.);
#2305=ORIENTED_EDGE('',*,*,#2965,.T.);
#2306=ORIENTED_EDGE('',*,*,#2966,.T.);
#2307=ORIENTED_EDGE('',*,*,#2935,.F.);
#2308=ORIENTED_EDGE('',*,*,#2967,.T.);
#2309=ORIENTED_EDGE('',*,*,#2928,.F.);
#2310=ORIENTED_EDGE('',*,*,#2968,.F.);
#2311=ORIENTED_EDGE('',*,*,#2912,.F.);
#2312=ORIENTED_EDGE('',*,*,#2917,.F.);
#2313=ORIENTED_EDGE('',*,*,#2871,.F.);
#2314=ORIENTED_EDGE('',*,*,#2913,.F.);
#2315=ORIENTED_EDGE('',*,*,#2968,.T.);
#2316=ORIENTED_EDGE('',*,*,#2969,.F.);
#2317=ORIENTED_EDGE('',*,*,#2931,.F.);
#2318=ORIENTED_EDGE('',*,*,#2927,.F.);
#2319=ORIENTED_EDGE('',*,*,#2932,.F.);
#2320=ORIENTED_EDGE('',*,*,#2969,.T.);
#2321=ORIENTED_EDGE('',*,*,#2870,.F.);
#2322=ORIENTED_EDGE('',*,*,#2916,.F.);
#2323=ORIENTED_EDGE('',*,*,#2873,.F.);
#2324=ORIENTED_EDGE('',*,*,#2953,.F.);
#2325=ORIENTED_EDGE('',*,*,#2867,.F.);
#2326=ORIENTED_EDGE('',*,*,#2921,.F.);
#2327=ORIENTED_EDGE('',*,*,#2847,.F.);
#2328=ORIENTED_EDGE('',*,*,#2956,.F.);
#2329=ORIENTED_EDGE('',*,*,#2881,.F.);
#2330=ORIENTED_EDGE('',*,*,#2922,.F.);
#2331=ORIENTED_EDGE('',*,*,#2883,.F.);
#2332=ORIENTED_EDGE('',*,*,#2955,.F.);
#2333=ORIENTED_EDGE('',*,*,#2877,.F.);
#2334=ORIENTED_EDGE('',*,*,#2923,.F.);
#2335=ORIENTED_EDGE('',*,*,#2879,.F.);
#2336=ORIENTED_EDGE('',*,*,#2954,.F.);
#2337=ORIENTED_EDGE('',*,*,#2875,.F.);
#2338=ORIENTED_EDGE('',*,*,#2918,.F.);
#2339=ORIENTED_EDGE('',*,*,#2910,.F.);
#2340=ORIENTED_EDGE('',*,*,#2930,.F.);
#2341=ORIENTED_EDGE('',*,*,#2906,.F.);
#2342=ORIENTED_EDGE('',*,*,#2919,.F.);
#2343=ORIENTED_EDGE('',*,*,#2902,.F.);
#2344=ORIENTED_EDGE('',*,*,#2949,.F.);
#2345=ORIENTED_EDGE('',*,*,#2899,.F.);
#2346=EDGE_CURVE('',#2970,#2970,#3363,.T.);
#2347=EDGE_CURVE('',#2971,#2971,#3364,.T.);
#2348=EDGE_CURVE('',#2972,#2973,#108,.T.);
#2349=EDGE_CURVE('',#2973,#2974,#109,.T.);
#2350=EDGE_CURVE('',#2974,#2975,#3365,.T.);
#2351=EDGE_CURVE('',#2975,#2976,#110,.T.);
#2352=EDGE_CURVE('',#2977,#2976,#111,.T.);
#2353=EDGE_CURVE('',#2977,#2978,#112,.T.);
#2354=EDGE_CURVE('',#2978,#2979,#3366,.F.);
#2355=EDGE_CURVE('',#2979,#2980,#113,.T.);
#2356=EDGE_CURVE('',#2980,#2981,#3367,.T.);
#2357=EDGE_CURVE('',#2982,#2981,#114,.T.);
#2358=EDGE_CURVE('',#2982,#2983,#3368,.T.);
#2359=EDGE_CURVE('',#2983,#2984,#115,.T.);
#2360=EDGE_CURVE('',#2984,#2985,#3369,.T.);
#2361=EDGE_CURVE('',#2985,#2986,#116,.T.);
#2362=EDGE_CURVE('',#2986,#2987,#3370,.T.);
#2363=EDGE_CURVE('',#2988,#2987,#117,.T.);
#2364=EDGE_CURVE('',#2988,#2989,#3371,.F.);
#2365=EDGE_CURVE('',#2990,#2989,#118,.T.);
#2366=EDGE_CURVE('',#2990,#2991,#119,.T.);
#2367=EDGE_CURVE('',#2992,#2991,#120,.T.);
#2368=EDGE_CURVE('',#2992,#2993,#3372,.T.);
#2369=EDGE_CURVE('',#2994,#2993,#121,.T.);
#2370=EDGE_CURVE('',#2994,#2995,#122,.F.);
#2371=EDGE_CURVE('',#2995,#2972,#123,.T.);
#2372=EDGE_CURVE('',#2996,#2997,#124,.T.);
#2373=EDGE_CURVE('',#2997,#2974,#125,.T.);
#2374=EDGE_CURVE('',#2973,#2998,#3373,.F.);
#2375=EDGE_CURVE('',#2999,#2998,#126,.T.);
#2376=EDGE_CURVE('',#2999,#2996,#3374,.F.);
#2377=EDGE_CURVE('',#2975,#3000,#127,.F.);
#2378=EDGE_CURVE('',#3000,#3001,#128,.T.);
#2379=EDGE_CURVE('',#3001,#2976,#129,.T.);
#2380=EDGE_CURVE('',#3001,#3002,#130,.T.);
#2381=EDGE_CURVE('',#3002,#2977,#131,.T.);
#2382=EDGE_CURVE('',#3002,#3003,#132,.T.);
#2383=EDGE_CURVE('',#3003,#3004,#103,.T.);
#2384=EDGE_CURVE('',#3004,#2978,#133,.T.);
#2385=EDGE_CURVE('',#2989,#3005,#134,.F.);
#2386=EDGE_CURVE('',#3006,#3005,#135,.T.);
#2387=EDGE_CURVE('',#3006,#2990,#136,.T.);
#2388=EDGE_CURVE('',#3006,#3007,#137,.T.);
#2389=EDGE_CURVE('',#3007,#2991,#138,.T.);
#2390=EDGE_CURVE('',#3008,#3007,#139,.T.);
#2391=EDGE_CURVE('',#3008,#2992,#140,.T.);
#2392=EDGE_CURVE('',#2993,#3009,#141,.F.);
#2393=EDGE_CURVE('',#3010,#3009,#142,.T.);
#2394=EDGE_CURVE('',#3010,#3011,#3375,.T.);
#2395=EDGE_CURVE('',#3011,#3012,#143,.T.);
#2396=EDGE_CURVE('',#3012,#2994,#3376,.T.);
#2397=EDGE_CURVE('',#3013,#3013,#3377,.F.);
#2398=EDGE_CURVE('',#3014,#3015,#144,.T.);
#2399=EDGE_CURVE('',#3015,#3016,#145,.F.);
#2400=EDGE_CURVE('',#3017,#3016,#146,.T.);
#2401=EDGE_CURVE('',#3017,#3018,#3378,.F.);
#2402=EDGE_CURVE('',#3019,#3018,#147,.T.);
#2403=EDGE_CURVE('',#3019,#3014,#3379,.F.);
#2404=EDGE_CURVE('',#3020,#3021,#148,.F.);
#2405=EDGE_CURVE('',#3021,#2986,#149,.T.);
#2406=EDGE_CURVE('',#2985,#3020,#150,.F.);
#2407=EDGE_CURVE('',#3022,#3022,#3380,.F.);
#2408=EDGE_CURVE('',#2983,#3023,#151,.F.);
#2409=EDGE_CURVE('',#3024,#3023,#152,.T.);
#2410=EDGE_CURVE('',#3024,#2984,#153,.T.);
#2411=EDGE_CURVE('',#2981,#3025,#154,.F.);
#2412=EDGE_CURVE('',#3025,#3026,#155,.T.);
#2413=EDGE_CURVE('',#3026,#2982,#156,.T.);
#2414=EDGE_CURVE('',#3027,#3028,#157,.T.);
#2415=EDGE_CURVE('',#3028,#2980,#158,.T.);
#2416=EDGE_CURVE('',#2979,#3027,#159,.F.);
#2417=EDGE_CURVE('',#2998,#3015,#160,.F.);
#2418=EDGE_CURVE('',#3014,#2999,#161,.T.);
#2419=EDGE_CURVE('',#3029,#3030,#162,.T.);
#2420=EDGE_CURVE('',#3030,#3024,#163,.T.);
#2421=EDGE_CURVE('',#3023,#3031,#164,.F.);
#2422=EDGE_CURVE('',#3031,#3032,#165,.F.);
#2423=EDGE_CURVE('',#3032,#3003,#3381,.F.);
#2424=EDGE_CURVE('',#3000,#2997,#3382,.T.);
#2425=EDGE_CURVE('',#2996,#3019,#166,.F.);
#2426=EDGE_CURVE('',#3018,#3010,#167,.T.);
#2427=EDGE_CURVE('',#3009,#3008,#3383,.T.);
#2428=EDGE_CURVE('',#3005,#3029,#3384,.F.);
#2429=EDGE_CURVE('',#3016,#3012,#168,.T.);
#2430=EDGE_CURVE('',#3011,#3017,#169,.F.);
#2431=EDGE_CURVE('',#2987,#3030,#170,.F.);
#2432=EDGE_CURVE('',#3029,#2988,#171,.T.);
#2433=EDGE_CURVE('',#2995,#3016,#52,.T.);
#2434=EDGE_CURVE('',#3015,#2972,#53,.F.);
#2435=EDGE_CURVE('',#3030,#3021,#54,.T.);
#2436=EDGE_CURVE('',#3020,#3024,#55,.F.);
#2437=EDGE_CURVE('',#3027,#3004,#3385,.F.);
#2438=EDGE_CURVE('',#3027,#3032,#3386,.T.);
#2439=EDGE_CURVE('',#3028,#3031,#3387,.T.);
#2440=EDGE_CURVE('',#3025,#3028,#3388,.T.);
#2441=EDGE_CURVE('',#3025,#3031,#3389,.F.);
#2442=EDGE_CURVE('',#3023,#3026,#56,.T.);
#2443=EDGE_CURVE('',#3033,#3034,#3390,.T.);
#2444=EDGE_CURVE('',#3033,#3035,#172,.T.);
#2445=EDGE_CURVE('',#3035,#3036,#173,.F.);
#2446=EDGE_CURVE('',#3036,#3037,#174,.T.);
#2447=EDGE_CURVE('',#3037,#3038,#175,.T.);
#2448=EDGE_CURVE('',#3038,#3039,#176,.F.);
#2449=EDGE_CURVE('',#3039,#3040,#177,.F.);
#2450=EDGE_CURVE('',#3040,#3041,#178,.F.);
#2451=EDGE_CURVE('',#3041,#3042,#179,.F.);
#2452=EDGE_CURVE('',#3042,#3043,#180,.T.);
#2453=EDGE_CURVE('',#3043,#3044,#3391,.T.);
#2454=EDGE_CURVE('',#3045,#3044,#181,.T.);
#2455=EDGE_CURVE('',#3045,#3046,#3392,.T.);
#2456=EDGE_CURVE('',#3046,#3047,#182,.T.);
#2457=EDGE_CURVE('',#3047,#3048,#183,.T.);
#2458=EDGE_CURVE('',#3048,#3049,#184,.F.);
#2459=EDGE_CURVE('',#3049,#3050,#185,.T.);
#2460=EDGE_CURVE('',#3050,#3051,#186,.F.);
#2461=EDGE_CURVE('',#3051,#3052,#187,.T.);
#2462=EDGE_CURVE('',#3052,#3053,#188,.T.);
#2463=EDGE_CURVE('',#3053,#3054,#189,.T.);
#2464=EDGE_CURVE('',#3054,#3055,#190,.T.);
#2465=EDGE_CURVE('',#3056,#3055,#3393,.T.);
#2466=EDGE_CURVE('',#3056,#3057,#191,.T.);
#2467=EDGE_CURVE('',#3057,#3058,#192,.F.);
#2468=EDGE_CURVE('',#3058,#3034,#193,.F.);
#2469=EDGE_CURVE('',#3059,#3060,#194,.T.);
#2470=EDGE_CURVE('',#3059,#3061,#195,.T.);
#2471=EDGE_CURVE('',#3061,#3062,#196,.T.);
#2472=EDGE_CURVE('',#3060,#3062,#197,.T.);
#2473=EDGE_CURVE('',#3063,#3064,#198,.T.);
#2474=EDGE_CURVE('',#3064,#3065,#199,.T.);
#2475=EDGE_CURVE('',#3066,#3065,#200,.T.);
#2476=EDGE_CURVE('',#3066,#3063,#201,.T.);
#2477=EDGE_CURVE('',#3067,#3068,#202,.F.);
#2478=EDGE_CURVE('',#3068,#3069,#203,.F.);
#2479=EDGE_CURVE('',#3069,#3070,#204,.T.);
#2480=EDGE_CURVE('',#3070,#3067,#205,.T.);
#2481=EDGE_CURVE('',#3071,#3072,#206,.T.);
#2482=EDGE_CURVE('',#3071,#3073,#3394,.T.);
#2483=EDGE_CURVE('',#3074,#3073,#207,.T.);
#2484=EDGE_CURVE('',#3074,#3075,#3395,.T.);
#2485=EDGE_CURVE('',#3076,#3075,#208,.T.);
#2486=EDGE_CURVE('',#3077,#3076,#209,.T.);
#2487=EDGE_CURVE('',#3077,#3078,#210,.T.);
#2488=EDGE_CURVE('',#3078,#3079,#3396,.T.);
#2489=EDGE_CURVE('',#3080,#3079,#211,.T.);
#2490=EDGE_CURVE('',#3080,#3081,#3397,.T.);
#2491=EDGE_CURVE('',#3081,#3082,#212,.T.);
#2492=EDGE_CURVE('',#3083,#3082,#213,.T.);
#2493=EDGE_CURVE('',#3083,#3084,#3398,.F.);
#2494=EDGE_CURVE('',#3085,#3084,#214,.T.);
#2495=EDGE_CURVE('',#3085,#3086,#215,.T.);
#2496=EDGE_CURVE('',#3086,#3087,#216,.T.);
#2497=EDGE_CURVE('',#3087,#3088,#217,.T.);
#2498=EDGE_CURVE('',#3089,#3088,#218,.T.);
#2499=EDGE_CURVE('',#3089,#3090,#219,.T.);
#2500=EDGE_CURVE('',#3091,#3090,#220,.T.);
#2501=EDGE_CURVE('',#3091,#3092,#221,.T.);
#2502=EDGE_CURVE('',#3093,#3092,#222,.T.);
#2503=EDGE_CURVE('',#3094,#3093,#223,.T.);
#2504=EDGE_CURVE('',#3095,#3094,#224,.T.);
#2505=EDGE_CURVE('',#3095,#3096,#225,.F.);
#2506=EDGE_CURVE('',#3097,#3096,#226,.T.);
#2507=EDGE_CURVE('',#3098,#3097,#227,.T.);
#2508=EDGE_CURVE('',#3098,#3099,#228,.T.);
#2509=EDGE_CURVE('',#3100,#3099,#229,.T.);
#2510=EDGE_CURVE('',#3101,#3100,#230,.T.);
#2511=EDGE_CURVE('',#3101,#3102,#3399,.F.);
#2512=EDGE_CURVE('',#3102,#3103,#231,.T.);
#2513=EDGE_CURVE('',#3103,#3104,#232,.T.);
#2514=EDGE_CURVE('',#3104,#3105,#3400,.T.);
#2515=EDGE_CURVE('',#3105,#3106,#233,.T.);
#2516=EDGE_CURVE('',#3106,#3107,#3401,.T.);
#2517=EDGE_CURVE('',#3107,#3108,#234,.T.);
#2518=EDGE_CURVE('',#3109,#3108,#235,.T.);
#2519=EDGE_CURVE('',#3110,#3109,#236,.T.);
#2520=EDGE_CURVE('',#3110,#3111,#3402,.T.);
#2521=EDGE_CURVE('',#3111,#3112,#237,.T.);
#2522=EDGE_CURVE('',#3112,#3070,#3403,.T.);
#2523=EDGE_CURVE('',#3069,#3113,#3404,.F.);
#2524=EDGE_CURVE('',#3113,#3114,#238,.T.);
#2525=EDGE_CURVE('',#3114,#3115,#239,.T.);
#2526=EDGE_CURVE('',#3116,#3115,#240,.T.);
#2527=EDGE_CURVE('',#3116,#3072,#3405,.F.);
#2528=EDGE_CURVE('',#3117,#3118,#241,.T.);
#2529=EDGE_CURVE('',#3118,#3104,#242,.F.);
#2530=EDGE_CURVE('',#3103,#3117,#243,.T.);
#2531=EDGE_CURVE('',#3119,#3120,#244,.T.);
#2532=EDGE_CURVE('',#3120,#3121,#3406,.F.);
#2533=EDGE_CURVE('',#3121,#3122,#245,.T.);
#2534=EDGE_CURVE('',#3123,#3122,#246,.T.);
#2535=EDGE_CURVE('',#3124,#3123,#247,.T.);
#2536=EDGE_CURVE('',#3124,#3125,#3407,.T.);
#2537=EDGE_CURVE('',#3126,#3125,#248,.T.);
#2538=EDGE_CURVE('',#3126,#3087,#249,.T.);
#2539=EDGE_CURVE('',#3127,#3086,#250,.T.);
#2540=EDGE_CURVE('',#3127,#3128,#3408,.T.);
#2541=EDGE_CURVE('',#3128,#3129,#251,.F.);
#2542=EDGE_CURVE('',#3129,#3130,#3409,.T.);
#2543=EDGE_CURVE('',#3099,#3130,#252,.T.);
#2544=EDGE_CURVE('',#3131,#3098,#253,.T.);
#2545=EDGE_CURVE('',#3131,#3132,#254,.T.);
#2546=EDGE_CURVE('',#3132,#3133,#3410,.T.);
#2547=EDGE_CURVE('',#3133,#3134,#255,.T.);
#2548=EDGE_CURVE('',#3134,#3135,#256,.T.);
#2549=EDGE_CURVE('',#3136,#3135,#257,.T.);
#2550=EDGE_CURVE('',#3136,#3137,#3411,.F.);
#2551=EDGE_CURVE('',#3138,#3137,#258,.T.);
#2552=EDGE_CURVE('',#3138,#3063,#259,.T.);
#2553=EDGE_CURVE('',#3119,#3066,#260,.T.);
#2554=EDGE_CURVE('',#3139,#3140,#261,.F.);
#2555=EDGE_CURVE('',#3140,#3101,#262,.F.);
#2556=EDGE_CURVE('',#3139,#3100,#263,.T.);
#2557=EDGE_CURVE('',#3090,#3141,#3412,.F.);
#2558=EDGE_CURVE('',#3141,#3142,#264,.T.);
#2559=EDGE_CURVE('',#3143,#3142,#265,.T.);
#2560=EDGE_CURVE('',#3143,#3144,#3413,.T.);
#2561=EDGE_CURVE('',#3144,#3145,#266,.T.);
#2562=EDGE_CURVE('',#3146,#3145,#267,.T.);
#2563=EDGE_CURVE('',#3147,#3146,#268,.T.);
#2564=EDGE_CURVE('',#3147,#3148,#3414,.F.);
#2565=EDGE_CURVE('',#3149,#3148,#269,.T.);
#2566=EDGE_CURVE('',#3149,#3091,#270,.T.);
#2567=EDGE_CURVE('',#3150,#3151,#271,.T.);
#2568=EDGE_CURVE('',#3150,#3089,#3415,.T.);
#2569=EDGE_CURVE('',#3152,#3088,#272,.T.);
#2570=EDGE_CURVE('',#3152,#3153,#273,.T.);
#2571=EDGE_CURVE('',#3153,#3154,#3416,.T.);
#2572=EDGE_CURVE('',#3154,#3155,#274,.T.);
#2573=EDGE_CURVE('',#3155,#3156,#275,.T.);
#2574=EDGE_CURVE('',#3157,#3156,#276,.T.);
#2575=EDGE_CURVE('',#3157,#3158,#3417,.F.);
#2576=EDGE_CURVE('',#3151,#3158,#277,.T.);
#2577=EDGE_CURVE('',#3075,#3159,#278,.T.);
#2578=EDGE_CURVE('',#3159,#3160,#279,.F.);
#2579=EDGE_CURVE('',#3076,#3160,#280,.T.);
#2580=EDGE_CURVE('',#3161,#3162,#281,.T.);
#2581=EDGE_CURVE('',#3162,#3078,#282,.F.);
#2582=EDGE_CURVE('',#3077,#3161,#283,.T.);
#2583=EDGE_CURVE('',#3163,#3164,#284,.T.);
#2584=EDGE_CURVE('',#3164,#3165,#285,.T.);
#2585=EDGE_CURVE('',#3166,#3165,#286,.T.);
#2586=EDGE_CURVE('',#3163,#3166,#287,.T.);
#2587=EDGE_CURVE('',#3167,#3168,#288,.T.);
#2588=EDGE_CURVE('',#3168,#3143,#289,.F.);
#2589=EDGE_CURVE('',#3142,#3167,#290,.T.);
#2590=EDGE_CURVE('',#3158,#3120,#291,.F.);
#2591=EDGE_CURVE('',#3119,#3151,#292,.T.);
#2592=EDGE_CURVE('',#3137,#3169,#293,.T.);
#2593=EDGE_CURVE('',#3169,#3170,#294,.T.);
#2594=EDGE_CURVE('',#3138,#3170,#295,.T.);
#2595=EDGE_CURVE('',#3171,#3092,#296,.T.);
#2596=EDGE_CURVE('',#3149,#3171,#297,.T.);
#2597=EDGE_CURVE('',#3148,#3172,#298,.T.);
#2598=EDGE_CURVE('',#3171,#3172,#299,.T.);
#2599=EDGE_CURVE('',#3173,#3174,#300,.T.);
#2600=EDGE_CURVE('',#3173,#3147,#301,.F.);
#2601=EDGE_CURVE('',#3146,#3174,#302,.T.);
#2602=EDGE_CURVE('',#3174,#3175,#303,.T.);
#2603=EDGE_CURVE('',#3145,#3175,#304,.T.);
#2604=EDGE_CURVE('',#3144,#3176,#305,.T.);
#2605=EDGE_CURVE('',#3176,#3175,#306,.T.);
#2606=EDGE_CURVE('',#3177,#3178,#307,.T.);
#2607=EDGE_CURVE('',#3178,#3179,#308,.T.);
#2608=EDGE_CURVE('',#3179,#3180,#309,.T.);
#2609=EDGE_CURVE('',#3167,#3180,#310,.T.);
#2610=EDGE_CURVE('',#3141,#3150,#311,.F.);
#2611=EDGE_CURVE('',#3065,#3177,#312,.T.);
#2612=EDGE_CURVE('',#3179,#3181,#313,.F.);
#2613=EDGE_CURVE('',#3181,#3182,#314,.T.);
#2614=EDGE_CURVE('',#3180,#3182,#315,.T.);
#2615=EDGE_CURVE('',#3181,#3183,#316,.T.);
#2616=EDGE_CURVE('',#3183,#3184,#317,.F.);
#2617=EDGE_CURVE('',#3184,#3064,#318,.T.);
#2618=EDGE_CURVE('',#3185,#3170,#319,.T.);
#2619=EDGE_CURVE('',#3185,#3186,#320,.T.);
#2620=EDGE_CURVE('',#3186,#3163,#321,.T.);
#2621=EDGE_CURVE('',#3166,#3182,#322,.T.);
#2622=EDGE_CURVE('',#3187,#3188,#323,.T.);
#2623=EDGE_CURVE('',#3187,#3189,#324,.F.);
#2624=EDGE_CURVE('',#3189,#3190,#325,.T.);
#2625=EDGE_CURVE('',#3190,#3188,#326,.T.);
#2626=EDGE_CURVE('',#3191,#3188,#327,.T.);
#2627=EDGE_CURVE('',#3192,#3190,#328,.T.);
#2628=EDGE_CURVE('',#3192,#3191,#329,.T.);
#2629=EDGE_CURVE('',#3193,#3192,#330,.T.);
#2630=EDGE_CURVE('',#3193,#3194,#331,.T.);
#2631=EDGE_CURVE('',#3194,#3191,#332,.T.);
#2632=EDGE_CURVE('',#3195,#3196,#333,.T.);
#2633=EDGE_CURVE('',#3196,#3197,#334,.F.);
#2634=EDGE_CURVE('',#3198,#3197,#335,.T.);
#2635=EDGE_CURVE('',#3198,#3195,#336,.T.);
#2636=EDGE_CURVE('',#3195,#3093,#337,.T.);
#2637=EDGE_CURVE('',#3198,#3094,#338,.T.);
#2638=EDGE_CURVE('',#3176,#3168,#3418,.T.);
#2639=EDGE_CURVE('',#3165,#3187,#3419,.T.);
#2640=EDGE_CURVE('',#3194,#3196,#3420,.F.);
#2641=EDGE_CURVE('',#3172,#3173,#3421,.F.);
#2642=EDGE_CURVE('',#3197,#3193,#3422,.F.);
#2643=EDGE_CURVE('',#3189,#3164,#3423,.T.);
#2644=EDGE_CURVE('',#3186,#3095,#3424,.F.);
#2645=EDGE_CURVE('',#3199,#3200,#339,.T.);
#2646=EDGE_CURVE('',#3199,#3201,#3425,.T.);
#2647=EDGE_CURVE('',#3202,#3201,#340,.T.);
#2648=EDGE_CURVE('',#3202,#3097,#341,.T.);
#2649=EDGE_CURVE('',#3096,#3185,#3426,.T.);
#2650=EDGE_CURVE('',#3169,#3203,#3427,.F.);
#2651=EDGE_CURVE('',#3203,#3204,#342,.T.);
#2652=EDGE_CURVE('',#3200,#3204,#343,.T.);
#2653=EDGE_CURVE('',#3126,#3152,#344,.T.);
#2654=EDGE_CURVE('',#3125,#3153,#345,.T.);
#2655=EDGE_CURVE('',#3154,#3124,#346,.F.);
#2656=EDGE_CURVE('',#3123,#3155,#347,.T.);
#2657=EDGE_CURVE('',#3122,#3156,#348,.T.);
#2658=EDGE_CURVE('',#3121,#3157,#349,.T.);
#2659=EDGE_CURVE('',#3203,#3136,#350,.F.);
#2660=EDGE_CURVE('',#3135,#3204,#351,.T.);
#2661=EDGE_CURVE('',#3134,#3200,#352,.T.);
#2662=EDGE_CURVE('',#3133,#3199,#353,.T.);
#2663=EDGE_CURVE('',#3201,#3132,#354,.F.);
#2664=EDGE_CURVE('',#3131,#3202,#355,.T.);
#2665=EDGE_CURVE('',#3108,#3205,#356,.T.);
#2666=EDGE_CURVE('',#3205,#3206,#357,.F.);
#2667=EDGE_CURVE('',#3109,#3206,#358,.T.);
#2668=EDGE_CURVE('',#3206,#3207,#359,.F.);
#2669=EDGE_CURVE('',#3207,#3110,#360,.F.);
#2670=EDGE_CURVE('',#3160,#3161,#361,.F.);
#2671=EDGE_CURVE('',#3107,#3208,#362,.T.);
#2672=EDGE_CURVE('',#3208,#3205,#363,.T.);
#2673=EDGE_CURVE('',#3209,#3210,#364,.T.);
#2674=EDGE_CURVE('',#3210,#3106,#365,.F.);
#2675=EDGE_CURVE('',#3105,#3209,#366,.T.);
#2676=EDGE_CURVE('',#3079,#3211,#367,.T.);
#2677=EDGE_CURVE('',#3211,#3212,#368,.F.);
#2678=EDGE_CURVE('',#3212,#3080,#369,.F.);
#2679=EDGE_CURVE('',#3213,#3214,#370,.T.);
#2680=EDGE_CURVE('',#3214,#3112,#371,.F.);
#2681=EDGE_CURVE('',#3111,#3213,#372,.T.);
#2682=EDGE_CURVE('',#3073,#3215,#373,.T.);
#2683=EDGE_CURVE('',#3215,#3216,#374,.F.);
#2684=EDGE_CURVE('',#3216,#3074,#375,.F.);
#2685=EDGE_CURVE('',#3084,#3217,#376,.T.);
#2686=EDGE_CURVE('',#3217,#3218,#377,.F.);
#2687=EDGE_CURVE('',#3085,#3218,#378,.T.);
#2688=EDGE_CURVE('',#3102,#3219,#379,.T.);
#2689=EDGE_CURVE('',#3219,#3117,#380,.T.);
#2690=EDGE_CURVE('',#3081,#3220,#381,.T.);
#2691=EDGE_CURVE('',#3220,#3221,#382,.T.);
#2692=EDGE_CURVE('',#3082,#3221,#383,.T.);
#2693=EDGE_CURVE('',#3221,#3222,#384,.F.);
#2694=EDGE_CURVE('',#3222,#3083,#385,.F.);
#2695=EDGE_CURVE('',#3072,#3223,#386,.T.);
#2696=EDGE_CURVE('',#3223,#3224,#387,.F.);
#2697=EDGE_CURVE('',#3224,#3071,#388,.F.);
#2698=EDGE_CURVE('',#3113,#3225,#389,.T.);
#2699=EDGE_CURVE('',#3225,#3226,#390,.T.);
#2700=EDGE_CURVE('',#3114,#3226,#391,.T.);
#2701=EDGE_CURVE('',#3226,#3227,#392,.T.);
#2702=EDGE_CURVE('',#3115,#3227,#393,.T.);
#2703=EDGE_CURVE('',#3227,#3228,#394,.F.);
#2704=EDGE_CURVE('',#3228,#3116,#395,.F.);
#2705=EDGE_CURVE('',#3044,#3229,#396,.T.);
#2706=EDGE_CURVE('',#3229,#3230,#397,.T.);
#2707=EDGE_CURVE('',#3230,#3045,#398,.T.);
#2708=EDGE_CURVE('',#3231,#3232,#399,.F.);
#2709=EDGE_CURVE('',#3232,#3043,#400,.F.);
#2710=EDGE_CURVE('',#3043,#3139,#3428,.T.);
#2711=EDGE_CURVE('',#3130,#3231,#104,.T.);
#2712=EDGE_CURVE('',#3233,#3234,#401,.F.);
#2713=EDGE_CURVE('',#3234,#3235,#402,.F.);
#2714=EDGE_CURVE('',#3235,#3236,#403,.T.);
#2715=EDGE_CURVE('',#3236,#3233,#404,.T.);
#2716=EDGE_CURVE('',#3218,#3046,#3429,.T.);
#2717=EDGE_CURVE('',#3046,#3237,#405,.F.);
#2718=EDGE_CURVE('',#3237,#3238,#406,.T.);
#2719=EDGE_CURVE('',#3238,#3127,#105,.F.);
#2720=EDGE_CURVE('',#3219,#3042,#3430,.T.);
#2721=EDGE_CURVE('',#3117,#3041,#57,.T.);
#2722=EDGE_CURVE('',#3040,#3118,#58,.T.);
#2723=EDGE_CURVE('',#3039,#3210,#59,.T.);
#2724=EDGE_CURVE('',#3209,#3040,#60,.F.);
#2725=EDGE_CURVE('',#3208,#3039,#61,.F.);
#2726=EDGE_CURVE('',#3205,#3038,#62,.T.);
#2727=EDGE_CURVE('',#3206,#3037,#63,.T.);
#2728=EDGE_CURVE('',#3036,#3207,#64,.T.);
#2729=EDGE_CURVE('',#3035,#3214,#65,.T.);
#2730=EDGE_CURVE('',#3213,#3036,#66,.F.);
#2731=EDGE_CURVE('',#3033,#3068,#3431,.T.);
#2732=EDGE_CURVE('',#3067,#3035,#67,.F.);
#2733=EDGE_CURVE('',#3225,#3034,#3432,.T.);
#2734=EDGE_CURVE('',#3226,#3058,#68,.T.);
#2735=EDGE_CURVE('',#3227,#3057,#69,.T.);
#2736=EDGE_CURVE('',#3056,#3228,#3433,.T.);
#2737=EDGE_CURVE('',#3223,#3055,#3434,.T.);
#2738=EDGE_CURVE('',#3054,#3224,#70,.T.);
#2739=EDGE_CURVE('',#3215,#3054,#71,.F.);
#2740=EDGE_CURVE('',#3053,#3216,#72,.T.);
#2741=EDGE_CURVE('',#3159,#3053,#73,.F.);
#2742=EDGE_CURVE('',#3160,#3052,#74,.T.);
#2743=EDGE_CURVE('',#3161,#3051,#75,.T.);
#2744=EDGE_CURVE('',#3050,#3162,#76,.T.);
#2745=EDGE_CURVE('',#3211,#3050,#77,.F.);
#2746=EDGE_CURVE('',#3049,#3212,#78,.T.);
#2747=EDGE_CURVE('',#3047,#3222,#3435,.T.);
#2748=EDGE_CURVE('',#3048,#3221,#79,.F.);
#2749=EDGE_CURVE('',#3220,#3049,#80,.F.);
#2750=EDGE_CURVE('',#3237,#3234,#3436,.T.);
#2751=EDGE_CURVE('',#3238,#3233,#3437,.T.);
#2752=EDGE_CURVE('',#3128,#3233,#3438,.T.);
#2753=EDGE_CURVE('',#3235,#3232,#3439,.T.);
#2754=EDGE_CURVE('',#3236,#3231,#3440,.T.);
#2755=EDGE_CURVE('',#3129,#3236,#3441,.T.);
#2756=EDGE_CURVE('',#3239,#3240,#407,.T.);
#2757=EDGE_CURVE('',#3240,#3241,#408,.F.);
#2758=EDGE_CURVE('',#3242,#3241,#409,.T.);
#2759=EDGE_CURVE('',#3242,#3239,#410,.T.);
#2760=EDGE_CURVE('',#3243,#3242,#411,.T.);
#2761=EDGE_CURVE('',#3243,#3244,#412,.T.);
#2762=EDGE_CURVE('',#3244,#3239,#413,.T.);
#2763=EDGE_CURVE('',#3245,#3246,#414,.T.);
#2764=EDGE_CURVE('',#3246,#3247,#415,.F.);
#2765=EDGE_CURVE('',#3247,#3248,#416,.T.);
#2766=EDGE_CURVE('',#3248,#3249,#3442,.T.);
#2767=EDGE_CURVE('',#3249,#3250,#417,.T.);
#2768=EDGE_CURVE('',#3251,#3250,#418,.T.);
#2769=EDGE_CURVE('',#3252,#3251,#419,.T.);
#2770=EDGE_CURVE('',#3252,#3253,#420,.T.);
#2771=EDGE_CURVE('',#3253,#3254,#3443,.F.);
#2772=EDGE_CURVE('',#3254,#3255,#421,.F.);
#2773=EDGE_CURVE('',#3255,#3061,#422,.T.);
#2774=EDGE_CURVE('',#3256,#3059,#423,.T.);
#2775=EDGE_CURVE('',#3256,#3257,#424,.F.);
#2776=EDGE_CURVE('',#3257,#3258,#3444,.F.);
#2777=EDGE_CURVE('',#3259,#3258,#425,.T.);
#2778=EDGE_CURVE('',#3243,#3259,#426,.T.);
#2779=EDGE_CURVE('',#3241,#3260,#3445,.T.);
#2780=EDGE_CURVE('',#3260,#3261,#427,.F.);
#2781=EDGE_CURVE('',#3261,#3245,#428,.F.);
#2782=EDGE_CURVE('',#3250,#3262,#429,.T.);
#2783=EDGE_CURVE('',#3263,#3262,#430,.T.);
#2784=EDGE_CURVE('',#3251,#3263,#431,.T.);
#2785=EDGE_CURVE('',#3264,#3265,#432,.F.);
#2786=EDGE_CURVE('',#3265,#3266,#433,.F.);
#2787=EDGE_CURVE('',#3266,#3267,#434,.F.);
#2788=EDGE_CURVE('',#3267,#3268,#435,.F.);
#2789=EDGE_CURVE('',#3268,#3240,#3446,.F.);
#2790=EDGE_CURVE('',#3244,#3269,#436,.T.);
#2791=EDGE_CURVE('',#3269,#3270,#437,.T.);
#2792=EDGE_CURVE('',#3270,#3271,#3447,.T.);
#2793=EDGE_CURVE('',#3271,#3272,#438,.F.);
#2794=EDGE_CURVE('',#3272,#3060,#439,.T.);
#2795=EDGE_CURVE('',#3273,#3062,#440,.T.);
#2796=EDGE_CURVE('',#3273,#3274,#441,.F.);
#2797=EDGE_CURVE('',#3274,#3275,#3448,.T.);
#2798=EDGE_CURVE('',#3276,#3275,#442,.T.);
#2799=EDGE_CURVE('',#3276,#3263,#443,.T.);
#2800=EDGE_CURVE('',#3277,#3262,#444,.T.);
#2801=EDGE_CURVE('',#3277,#3278,#3449,.F.);
#2802=EDGE_CURVE('',#3278,#3264,#445,.T.);
#2803=EDGE_CURVE('',#3249,#3277,#446,.T.);
#2804=EDGE_CURVE('',#3255,#3273,#447,.T.);
#2805=EDGE_CURVE('',#3276,#3252,#448,.T.);
#2806=EDGE_CURVE('',#3272,#3256,#449,.T.);
#2807=EDGE_CURVE('',#3269,#3259,#450,.T.);
#2808=EDGE_CURVE('',#3258,#3270,#451,.F.);
#2809=EDGE_CURVE('',#3275,#3253,#452,.T.);
#2810=EDGE_CURVE('',#3274,#3254,#453,.T.);
#2811=EDGE_CURVE('',#3257,#3271,#454,.T.);
#2812=EDGE_CURVE('',#3278,#3248,#455,.F.);
#2813=EDGE_CURVE('',#3247,#3279,#81,.T.);
#2814=EDGE_CURVE('',#3279,#3280,#456,.F.);
#2815=EDGE_CURVE('',#3280,#3264,#82,.T.);
#2816=EDGE_CURVE('',#3260,#3268,#457,.F.);
#2817=EDGE_CURVE('',#3267,#3281,#83,.F.);
#2818=EDGE_CURVE('',#3281,#3282,#458,.F.);
#2819=EDGE_CURVE('',#3282,#3261,#84,.F.);
#2820=EDGE_CURVE('',#3266,#3064,#85,.T.);
#2821=EDGE_CURVE('',#3281,#3184,#86,.T.);
#2822=EDGE_CURVE('',#3282,#3183,#87,.T.);
#2823=EDGE_CURVE('',#3181,#3245,#88,.T.);
#2824=EDGE_CURVE('',#3177,#3280,#89,.F.);
#2825=EDGE_CURVE('',#3065,#3265,#90,.T.);
#2826=EDGE_CURVE('',#3178,#3279,#91,.F.);
#2827=EDGE_CURVE('',#3246,#3179,#92,.T.);
#2828=EDGE_CURVE('',#3225,#3068,#3450,.F.);
#2829=EDGE_CURVE('',#3223,#3228,#3451,.F.);
#2830=EDGE_CURVE('',#3237,#3230,#93,.F.);
#2831=EDGE_CURVE('',#3234,#3230,#94,.F.);
#2832=EDGE_CURVE('',#3235,#3229,#95,.F.);
#2833=EDGE_CURVE('',#3232,#3229,#96,.F.);
#2834=EDGE_CURVE('',#3047,#3217,#97,.T.);
#2835=EDGE_CURVE('',#3222,#3217,#98,.T.);
#2836=EDGE_CURVE('',#3140,#3042,#99,.F.);
#2837=EDGE_CURVE('',#3140,#3219,#100,.F.);
#2838=EDGE_CURVE('',#3215,#3224,#3452,.T.);
#2839=EDGE_CURVE('',#3067,#3214,#3453,.T.);
#2840=EDGE_CURVE('',#3159,#3216,#3454,.T.);
#2841=EDGE_CURVE('',#3213,#3207,#3455,.T.);
#2842=EDGE_CURVE('',#3211,#3162,#3456,.T.);
#2843=EDGE_CURVE('',#3208,#3210,#3457,.T.);
#2844=EDGE_CURVE('',#3220,#3212,#3458,.T.);
#2845=EDGE_CURVE('',#3209,#3118,#3459,.T.);
#2846=EDGE_CURVE('',#3283,#3284,#459,.T.);
#2847=EDGE_CURVE('',#3283,#3285,#460,.F.);
#2848=EDGE_CURVE('',#3286,#3285,#461,.T.);
#2849=EDGE_CURVE('',#3286,#3287,#462,.T.);
#2850=EDGE_CURVE('',#3287,#3288,#463,.F.);
#2851=EDGE_CURVE('',#3284,#3288,#464,.T.);
#2852=EDGE_CURVE('',#3289,#3290,#3460,.F.);
#2853=EDGE_CURVE('',#3289,#3291,#465,.F.);
#2854=EDGE_CURVE('',#3292,#3291,#466,.T.);
#2855=EDGE_CURVE('',#3293,#3292,#467,.T.);
#2856=EDGE_CURVE('',#3293,#3294,#468,.T.);
#2857=EDGE_CURVE('',#3295,#3294,#469,.T.);
#2858=EDGE_CURVE('',#3295,#3290,#470,.F.);
#2859=EDGE_CURVE('',#3296,#3297,#471,.T.);
#2860=EDGE_CURVE('',#3297,#3298,#472,.T.);
#2861=EDGE_CURVE('',#3299,#3298,#3461,.T.);
#2862=EDGE_CURVE('',#3299,#3300,#473,.T.);
#2863=EDGE_CURVE('',#3300,#3301,#474,.T.);
#2864=EDGE_CURVE('',#3302,#3301,#475,.T.);
#2865=EDGE_CURVE('',#3302,#3296,#476,.T.);
#2866=EDGE_CURVE('',#3303,#3304,#477,.T.);
#2867=EDGE_CURVE('',#3304,#3305,#478,.T.);
#2868=EDGE_CURVE('',#3305,#3306,#479,.T.);
#2869=EDGE_CURVE('',#3307,#3306,#480,.T.);
#2870=EDGE_CURVE('',#3307,#3308,#481,.T.);
#2871=EDGE_CURVE('',#3308,#3303,#482,.F.);
#2872=EDGE_CURVE('',#3309,#3310,#483,.T.);
#2873=EDGE_CURVE('',#3309,#3311,#484,.F.);
#2874=EDGE_CURVE('',#3312,#3311,#485,.T.);
#2875=EDGE_CURVE('',#3312,#3310,#486,.T.);
#2876=EDGE_CURVE('',#3313,#3314,#487,.T.);
#2877=EDGE_CURVE('',#3314,#3315,#488,.T.);
#2878=EDGE_CURVE('',#3315,#3316,#489,.T.);
#2879=EDGE_CURVE('',#3316,#3313,#490,.F.);
#2880=EDGE_CURVE('',#3317,#3318,#491,.T.);
#2881=EDGE_CURVE('',#3318,#3319,#492,.T.);
#2882=EDGE_CURVE('',#3319,#3320,#493,.T.);
#2883=EDGE_CURVE('',#3320,#3317,#494,.F.);
#2884=EDGE_CURVE('',#3301,#3294,#495,.T.);
#2885=EDGE_CURVE('',#3293,#3302,#496,.T.);
#2886=EDGE_CURVE('',#3321,#3322,#497,.T.);
#2887=EDGE_CURVE('',#3322,#3323,#498,.T.);
#2888=EDGE_CURVE('',#3324,#3323,#499,.T.);
#2889=EDGE_CURVE('',#3324,#3321,#500,.T.);
#2890=EDGE_CURVE('',#3325,#3326,#501,.T.);
#2891=EDGE_CURVE('',#3326,#3327,#502,.T.);
#2892=EDGE_CURVE('',#3328,#3327,#503,.T.);
#2893=EDGE_CURVE('',#3325,#3328,#504,.T.);
#2894=EDGE_CURVE('',#3329,#3323,#505,.T.);
#2895=EDGE_CURVE('',#3329,#3330,#106,.T.);
#2896=EDGE_CURVE('',#3330,#3331,#506,.F.);
#2897=EDGE_CURVE('',#3324,#3331,#507,.T.);
#2898=EDGE_CURVE('',#3332,#3321,#508,.T.);
#2899=EDGE_CURVE('',#3332,#3333,#509,.T.);
#2900=EDGE_CURVE('',#3322,#3333,#510,.T.);
#2901=EDGE_CURVE('',#3334,#3335,#511,.T.);
#2902=EDGE_CURVE('',#3334,#3336,#512,.F.);
#2903=EDGE_CURVE('',#3292,#3336,#513,.T.);
#2904=EDGE_CURVE('',#3291,#3335,#3462,.T.);
#2905=EDGE_CURVE('',#3296,#3337,#514,.T.);
#2906=EDGE_CURVE('',#3337,#3338,#515,.T.);
#2907=EDGE_CURVE('',#3338,#3339,#516,.T.);
#2908=EDGE_CURVE('',#3339,#3297,#3463,.F.);
#2909=EDGE_CURVE('',#3327,#3340,#517,.T.);
#2910=EDGE_CURVE('',#3340,#3341,#518,.F.);
#2911=EDGE_CURVE('',#3341,#3328,#519,.T.);
#2912=EDGE_CURVE('',#3342,#3343,#520,.T.);
#2913=EDGE_CURVE('',#3343,#3344,#107,.F.);
#2914=EDGE_CURVE('',#3344,#3326,#521,.T.);
#2915=EDGE_CURVE('',#3325,#3342,#522,.T.);
#2916=EDGE_CURVE('',#3311,#3304,#3464,.F.);
#2917=EDGE_CURVE('',#3303,#3342,#3465,.T.);
#2918=EDGE_CURVE('',#3341,#3337,#3466,.F.);
#2919=EDGE_CURVE('',#3336,#3332,#3467,.F.);
#2920=EDGE_CURVE('',#3331,#3286,#3468,.T.);
#2921=EDGE_CURVE('',#3285,#3318,#3469,.F.);
#2922=EDGE_CURVE('',#3317,#3314,#3470,.F.);
#2923=EDGE_CURVE('',#3313,#3312,#3471,.F.);
#2924=EDGE_CURVE('',#3345,#3306,#523,.T.);
#2925=EDGE_CURVE('',#3345,#3346,#524,.F.);
#2926=EDGE_CURVE('',#3346,#3347,#525,.T.);
#2927=EDGE_CURVE('',#3347,#3307,#3472,.T.);
#2928=EDGE_CURVE('',#3346,#3348,#526,.T.);
#2929=EDGE_CURVE('',#3348,#3339,#527,.F.);
#2930=EDGE_CURVE('',#3338,#3340,#3473,.T.);
#2931=EDGE_CURVE('',#3344,#3349,#3474,.F.);
#2932=EDGE_CURVE('',#3349,#3347,#528,.F.);
#2933=EDGE_CURVE('',#3350,#3351,#529,.T.);
#2934=EDGE_CURVE('',#3350,#3352,#530,.F.);
#2935=EDGE_CURVE('',#3352,#3353,#531,.F.);
#2936=EDGE_CURVE('',#3353,#3351,#532,.T.);
#2937=EDGE_CURVE('',#3354,#3355,#533,.T.);
#2938=EDGE_CURVE('',#3354,#3356,#534,.T.);
#2939=EDGE_CURVE('',#3356,#3284,#535,.T.);
#2940=EDGE_CURVE('',#3288,#3355,#3475,.F.);
#2941=EDGE_CURVE('',#3357,#3358,#536,.T.);
#2942=EDGE_CURVE('',#3357,#3359,#537,.F.);
#2943=EDGE_CURVE('',#3359,#3360,#538,.F.);
#2944=EDGE_CURVE('',#3360,#3358,#539,.T.);
#2945=EDGE_CURVE('',#3335,#3361,#540,.T.);
#2946=EDGE_CURVE('',#3361,#3354,#541,.T.);
#2947=EDGE_CURVE('',#3355,#3362,#542,.T.);
#2948=EDGE_CURVE('',#3362,#3329,#3476,.F.);
#2949=EDGE_CURVE('',#3333,#3334,#3477,.T.);
#2950=EDGE_CURVE('',#3358,#3295,#3478,.T.);
#2951=EDGE_CURVE('',#3300,#3350,#3479,.T.);
#2952=EDGE_CURVE('',#3351,#3345,#3480,.F.);
#2953=EDGE_CURVE('',#3305,#3309,#3481,.T.);
#2954=EDGE_CURVE('',#3310,#3316,#3482,.T.);
#2955=EDGE_CURVE('',#3315,#3320,#3483,.T.);
#2956=EDGE_CURVE('',#3319,#3283,#3484,.T.);
#2957=EDGE_CURVE('',#3356,#3357,#3485,.F.);
#2958=EDGE_CURVE('',#3290,#3360,#3486,.T.);
#2959=EDGE_CURVE('',#3361,#3289,#3487,.T.);
#2960=EDGE_CURVE('',#3361,#3360,#3488,.F.);
#2961=EDGE_CURVE('',#3359,#3354,#101,.F.);
#2962=EDGE_CURVE('',#3287,#3330,#3489,.F.);
#2963=EDGE_CURVE('',#3287,#3362,#3490,.T.);
#2964=EDGE_CURVE('',#3298,#3348,#3491,.T.);
#2965=EDGE_CURVE('',#3352,#3299,#3492,.T.);
#2966=EDGE_CURVE('',#3346,#3353,#102,.T.);
#2967=EDGE_CURVE('',#3352,#3348,#3493,.T.);
#2968=EDGE_CURVE('',#3343,#3308,#3494,.F.);
#2969=EDGE_CURVE('',#3349,#3308,#3495,.T.);
#2970=VERTEX_POINT('',#6046);
#2971=VERTEX_POINT('',#6048);
#2972=VERTEX_POINT('',#6051);
#2973=VERTEX_POINT('',#6052);
#2974=VERTEX_POINT('',#6054);
#2975=VERTEX_POINT('',#6056);
#2976=VERTEX_POINT('',#6058);
#2977=VERTEX_POINT('',#6060);
#2978=VERTEX_POINT('',#6062);
#2979=VERTEX_POINT('',#6064);
#2980=VERTEX_POINT('',#6066);
#2981=VERTEX_POINT('',#6068);
#2982=VERTEX_POINT('',#6070);
#2983=VERTEX_POINT('',#6072);
#2984=VERTEX_POINT('',#6074);
#2985=VERTEX_POINT('',#6076);
#2986=VERTEX_POINT('',#6078);
#2987=VERTEX_POINT('',#6080);
#2988=VERTEX_POINT('',#6082);
#2989=VERTEX_POINT('',#6084);
#2990=VERTEX_POINT('',#6086);
#2991=VERTEX_POINT('',#6088);
#2992=VERTEX_POINT('',#6090);
#2993=VERTEX_POINT('',#6092);
#2994=VERTEX_POINT('',#6094);
#2995=VERTEX_POINT('',#6096);
#2996=VERTEX_POINT('',#6100);
#2997=VERTEX_POINT('',#6101);
#2998=VERTEX_POINT('',#6104);
#2999=VERTEX_POINT('',#6106);
#3000=VERTEX_POINT('',#6110);
#3001=VERTEX_POINT('',#6112);
#3002=VERTEX_POINT('',#6116);
#3003=VERTEX_POINT('',#6120);
#3004=VERTEX_POINT('',#6126);
#3005=VERTEX_POINT('',#6130);
#3006=VERTEX_POINT('',#6132);
#3007=VERTEX_POINT('',#6136);
#3008=VERTEX_POINT('',#6140);
#3009=VERTEX_POINT('',#6144);
#3010=VERTEX_POINT('',#6146);
#3011=VERTEX_POINT('',#6148);
#3012=VERTEX_POINT('',#6150);
#3013=VERTEX_POINT('',#6154);
#3014=VERTEX_POINT('',#6156);
#3015=VERTEX_POINT('',#6157);
#3016=VERTEX_POINT('',#6159);
#3017=VERTEX_POINT('',#6161);
#3018=VERTEX_POINT('',#6163);
#3019=VERTEX_POINT('',#6165);
#3020=VERTEX_POINT('',#6169);
#3021=VERTEX_POINT('',#6170);
#3022=VERTEX_POINT('',#6175);
#3023=VERTEX_POINT('',#6177);
#3024=VERTEX_POINT('',#6179);
#3025=VERTEX_POINT('',#6183);
#3026=VERTEX_POINT('',#6185);
#3027=VERTEX_POINT('',#6189);
#3028=VERTEX_POINT('',#6190);
#3029=VERTEX_POINT('',#6198);
#3030=VERTEX_POINT('',#6199);
#3031=VERTEX_POINT('',#6202);
#3032=VERTEX_POINT('',#6204);
#3033=VERTEX_POINT('',#6250);
#3034=VERTEX_POINT('',#6251);
#3035=VERTEX_POINT('',#6253);
#3036=VERTEX_POINT('',#6255);
#3037=VERTEX_POINT('',#6257);
#3038=VERTEX_POINT('',#6259);
#3039=VERTEX_POINT('',#6261);
#3040=VERTEX_POINT('',#6263);
#3041=VERTEX_POINT('',#6265);
#3042=VERTEX_POINT('',#6267);
#3043=VERTEX_POINT('',#6269);
#3044=VERTEX_POINT('',#6271);
#3045=VERTEX_POINT('',#6273);
#3046=VERTEX_POINT('',#6275);
#3047=VERTEX_POINT('',#6277);
#3048=VERTEX_POINT('',#6279);
#3049=VERTEX_POINT('',#6281);
#3050=VERTEX_POINT('',#6283);
#3051=VERTEX_POINT('',#6285);
#3052=VERTEX_POINT('',#6287);
#3053=VERTEX_POINT('',#6289);
#3054=VERTEX_POINT('',#6291);
#3055=VERTEX_POINT('',#6293);
#3056=VERTEX_POINT('',#6295);
#3057=VERTEX_POINT('',#6297);
#3058=VERTEX_POINT('',#6299);
#3059=VERTEX_POINT('',#6303);
#3060=VERTEX_POINT('',#6304);
#3061=VERTEX_POINT('',#6306);
#3062=VERTEX_POINT('',#6308);
#3063=VERTEX_POINT('',#6312);
#3064=VERTEX_POINT('',#6313);
#3065=VERTEX_POINT('',#6315);
#3066=VERTEX_POINT('',#6317);
#3067=VERTEX_POINT('',#6321);
#3068=VERTEX_POINT('',#6322);
#3069=VERTEX_POINT('',#6324);
#3070=VERTEX_POINT('',#6326);
#3071=VERTEX_POINT('',#6330);
#3072=VERTEX_POINT('',#6331);
#3073=VERTEX_POINT('',#6333);
#3074=VERTEX_POINT('',#6335);
#3075=VERTEX_POINT('',#6337);
#3076=VERTEX_POINT('',#6339);
#3077=VERTEX_POINT('',#6341);
#3078=VERTEX_POINT('',#6343);
#3079=VERTEX_POINT('',#6345);
#3080=VERTEX_POINT('',#6347);
#3081=VERTEX_POINT('',#6349);
#3082=VERTEX_POINT('',#6351);
#3083=VERTEX_POINT('',#6353);
#3084=VERTEX_POINT('',#6355);
#3085=VERTEX_POINT('',#6357);
#3086=VERTEX_POINT('',#6359);
#3087=VERTEX_POINT('',#6361);
#3088=VERTEX_POINT('',#6363);
#3089=VERTEX_POINT('',#6365);
#3090=VERTEX_POINT('',#6367);
#3091=VERTEX_POINT('',#6369);
#3092=VERTEX_POINT('',#6371);
#3093=VERTEX_POINT('',#6373);
#3094=VERTEX_POINT('',#6375);
#3095=VERTEX_POINT('',#6377);
#3096=VERTEX_POINT('',#6379);
#3097=VERTEX_POINT('',#6381);
#3098=VERTEX_POINT('',#6383);
#3099=VERTEX_POINT('',#6385);
#3100=VERTEX_POINT('',#6387);
#3101=VERTEX_POINT('',#6389);
#3102=VERTEX_POINT('',#6391);
#3103=VERTEX_POINT('',#6393);
#3104=VERTEX_POINT('',#6395);
#3105=VERTEX_POINT('',#6397);
#3106=VERTEX_POINT('',#6399);
#3107=VERTEX_POINT('',#6401);
#3108=VERTEX_POINT('',#6403);
#3109=VERTEX_POINT('',#6405);
#3110=VERTEX_POINT('',#6407);
#3111=VERTEX_POINT('',#6409);
#3112=VERTEX_POINT('',#6411);
#3113=VERTEX_POINT('',#6414);
#3114=VERTEX_POINT('',#6416);
#3115=VERTEX_POINT('',#6418);
#3116=VERTEX_POINT('',#6420);
#3117=VERTEX_POINT('',#6424);
#3118=VERTEX_POINT('',#6425);
#3119=VERTEX_POINT('',#6430);
#3120=VERTEX_POINT('',#6431);
#3121=VERTEX_POINT('',#6433);
#3122=VERTEX_POINT('',#6435);
#3123=VERTEX_POINT('',#6437);
#3124=VERTEX_POINT('',#6439);
#3125=VERTEX_POINT('',#6441);
#3126=VERTEX_POINT('',#6443);
#3127=VERTEX_POINT('',#6446);
#3128=VERTEX_POINT('',#6448);
#3129=VERTEX_POINT('',#6450);
#3130=VERTEX_POINT('',#6452);
#3131=VERTEX_POINT('',#6455);
#3132=VERTEX_POINT('',#6457);
#3133=VERTEX_POINT('',#6459);
#3134=VERTEX_POINT('',#6461);
#3135=VERTEX_POINT('',#6463);
#3136=VERTEX_POINT('',#6465);
#3137=VERTEX_POINT('',#6467);
#3138=VERTEX_POINT('',#6469);
#3139=VERTEX_POINT('',#6474);
#3140=VERTEX_POINT('',#6475);
#3141=VERTEX_POINT('',#6480);
#3142=VERTEX_POINT('',#6482);
#3143=VERTEX_POINT('',#6484);
#3144=VERTEX_POINT('',#6486);
#3145=VERTEX_POINT('',#6488);
#3146=VERTEX_POINT('',#6490);
#3147=VERTEX_POINT('',#6492);
#3148=VERTEX_POINT('',#6494);
#3149=VERTEX_POINT('',#6496);
#3150=VERTEX_POINT('',#6500);
#3151=VERTEX_POINT('',#6501);
#3152=VERTEX_POINT('',#6504);
#3153=VERTEX_POINT('',#6506);
#3154=VERTEX_POINT('',#6508);
#3155=VERTEX_POINT('',#6510);
#3156=VERTEX_POINT('',#6512);
#3157=VERTEX_POINT('',#6514);
#3158=VERTEX_POINT('',#6516);
#3159=VERTEX_POINT('',#6520);
#3160=VERTEX_POINT('',#6522);
#3161=VERTEX_POINT('',#6526);
#3162=VERTEX_POINT('',#6527);
#3163=VERTEX_POINT('',#6532);
#3164=VERTEX_POINT('',#6533);
#3165=VERTEX_POINT('',#6535);
#3166=VERTEX_POINT('',#6537);
#3167=VERTEX_POINT('',#6541);
#3168=VERTEX_POINT('',#6542);
#3169=VERTEX_POINT('',#6550);
#3170=VERTEX_POINT('',#6552);
#3171=VERTEX_POINT('',#6556);
#3172=VERTEX_POINT('',#6560);
#3173=VERTEX_POINT('',#6564);
#3174=VERTEX_POINT('',#6565);
#3175=VERTEX_POINT('',#6570);
#3176=VERTEX_POINT('',#6574);
#3177=VERTEX_POINT('',#6578);
#3178=VERTEX_POINT('',#6579);
#3179=VERTEX_POINT('',#6581);
#3180=VERTEX_POINT('',#6583);
#3181=VERTEX_POINT('',#6589);
#3182=VERTEX_POINT('',#6591);
#3183=VERTEX_POINT('',#6595);
#3184=VERTEX_POINT('',#6597);
#3185=VERTEX_POINT('',#6600);
#3186=VERTEX_POINT('',#6602);
#3187=VERTEX_POINT('',#6607);
#3188=VERTEX_POINT('',#6608);
#3189=VERTEX_POINT('',#6610);
#3190=VERTEX_POINT('',#6612);
#3191=VERTEX_POINT('',#6616);
#3192=VERTEX_POINT('',#6618);
#3193=VERTEX_POINT('',#6622);
#3194=VERTEX_POINT('',#6624);
#3195=VERTEX_POINT('',#6628);
#3196=VERTEX_POINT('',#6629);
#3197=VERTEX_POINT('',#6631);
#3198=VERTEX_POINT('',#6633);
#3199=VERTEX_POINT('',#6649);
#3200=VERTEX_POINT('',#6650);
#3201=VERTEX_POINT('',#6652);
#3202=VERTEX_POINT('',#6654);
#3203=VERTEX_POINT('',#6658);
#3204=VERTEX_POINT('',#6660);
#3205=VERTEX_POINT('',#6686);
#3206=VERTEX_POINT('',#6688);
#3207=VERTEX_POINT('',#6692);
#3208=VERTEX_POINT('',#6698);
#3209=VERTEX_POINT('',#6702);
#3210=VERTEX_POINT('',#6703);
#3211=VERTEX_POINT('',#6708);
#3212=VERTEX_POINT('',#6710);
#3213=VERTEX_POINT('',#6714);
#3214=VERTEX_POINT('',#6715);
#3215=VERTEX_POINT('',#6720);
#3216=VERTEX_POINT('',#6722);
#3217=VERTEX_POINT('',#6726);
#3218=VERTEX_POINT('',#6728);
#3219=VERTEX_POINT('',#6732);
#3220=VERTEX_POINT('',#6736);
#3221=VERTEX_POINT('',#6738);
#3222=VERTEX_POINT('',#6742);
#3223=VERTEX_POINT('',#6746);
#3224=VERTEX_POINT('',#6748);
#3225=VERTEX_POINT('',#6752);
#3226=VERTEX_POINT('',#6754);
#3227=VERTEX_POINT('',#6758);
#3228=VERTEX_POINT('',#6762);
#3229=VERTEX_POINT('',#6766);
#3230=VERTEX_POINT('',#6768);
#3231=VERTEX_POINT('',#6772);
#3232=VERTEX_POINT('',#6773);
#3233=VERTEX_POINT('',#6783);
#3234=VERTEX_POINT('',#6784);
#3235=VERTEX_POINT('',#6786);
#3236=VERTEX_POINT('',#6788);
#3237=VERTEX_POINT('',#6793);
#3238=VERTEX_POINT('',#6795);
#3239=VERTEX_POINT('',#6873);
#3240=VERTEX_POINT('',#6874);
#3241=VERTEX_POINT('',#6876);
#3242=VERTEX_POINT('',#6878);
#3243=VERTEX_POINT('',#6882);
#3244=VERTEX_POINT('',#6884);
#3245=VERTEX_POINT('',#6888);
#3246=VERTEX_POINT('',#6889);
#3247=VERTEX_POINT('',#6891);
#3248=VERTEX_POINT('',#6893);
#3249=VERTEX_POINT('',#6895);
#3250=VERTEX_POINT('',#6897);
#3251=VERTEX_POINT('',#6899);
#3252=VERTEX_POINT('',#6901);
#3253=VERTEX_POINT('',#6903);
#3254=VERTEX_POINT('',#6905);
#3255=VERTEX_POINT('',#6907);
#3256=VERTEX_POINT('',#6910);
#3257=VERTEX_POINT('',#6912);
#3258=VERTEX_POINT('',#6914);
#3259=VERTEX_POINT('',#6916);
#3260=VERTEX_POINT('',#6919);
#3261=VERTEX_POINT('',#6921);
#3262=VERTEX_POINT('',#6925);
#3263=VERTEX_POINT('',#6927);
#3264=VERTEX_POINT('',#6931);
#3265=VERTEX_POINT('',#6932);
#3266=VERTEX_POINT('',#6934);
#3267=VERTEX_POINT('',#6936);
#3268=VERTEX_POINT('',#6938);
#3269=VERTEX_POINT('',#6941);
#3270=VERTEX_POINT('',#6943);
#3271=VERTEX_POINT('',#6945);
#3272=VERTEX_POINT('',#6947);
#3273=VERTEX_POINT('',#6950);
#3274=VERTEX_POINT('',#6952);
#3275=VERTEX_POINT('',#6954);
#3276=VERTEX_POINT('',#6956);
#3277=VERTEX_POINT('',#6959);
#3278=VERTEX_POINT('',#6961);
#3279=VERTEX_POINT('',#6986);
#3280=VERTEX_POINT('',#6988);
#3281=VERTEX_POINT('',#6993);
#3282=VERTEX_POINT('',#6995);
#3283=VERTEX_POINT('',#7307);
#3284=VERTEX_POINT('',#7308);
#3285=VERTEX_POINT('',#7310);
#3286=VERTEX_POINT('',#7312);
#3287=VERTEX_POINT('',#7314);
#3288=VERTEX_POINT('',#7316);
#3289=VERTEX_POINT('',#7320);
#3290=VERTEX_POINT('',#7321);
#3291=VERTEX_POINT('',#7323);
#3292=VERTEX_POINT('',#7325);
#3293=VERTEX_POINT('',#7327);
#3294=VERTEX_POINT('',#7329);
#3295=VERTEX_POINT('',#7331);
#3296=VERTEX_POINT('',#7335);
#3297=VERTEX_POINT('',#7336);
#3298=VERTEX_POINT('',#7338);
#3299=VERTEX_POINT('',#7340);
#3300=VERTEX_POINT('',#7342);
#3301=VERTEX_POINT('',#7344);
#3302=VERTEX_POINT('',#7346);
#3303=VERTEX_POINT('',#7350);
#3304=VERTEX_POINT('',#7351);
#3305=VERTEX_POINT('',#7353);
#3306=VERTEX_POINT('',#7355);
#3307=VERTEX_POINT('',#7357);
#3308=VERTEX_POINT('',#7359);
#3309=VERTEX_POINT('',#7363);
#3310=VERTEX_POINT('',#7364);
#3311=VERTEX_POINT('',#7366);
#3312=VERTEX_POINT('',#7368);
#3313=VERTEX_POINT('',#7372);
#3314=VERTEX_POINT('',#7373);
#3315=VERTEX_POINT('',#7375);
#3316=VERTEX_POINT('',#7377);
#3317=VERTEX_POINT('',#7381);
#3318=VERTEX_POINT('',#7382);
#3319=VERTEX_POINT('',#7384);
#3320=VERTEX_POINT('',#7386);
#3321=VERTEX_POINT('',#7393);
#3322=VERTEX_POINT('',#7394);
#3323=VERTEX_POINT('',#7396);
#3324=VERTEX_POINT('',#7398);
#3325=VERTEX_POINT('',#7402);
#3326=VERTEX_POINT('',#7403);
#3327=VERTEX_POINT('',#7405);
#3328=VERTEX_POINT('',#7407);
#3329=VERTEX_POINT('',#7411);
#3330=VERTEX_POINT('',#7417);
#3331=VERTEX_POINT('',#7419);
#3332=VERTEX_POINT('',#7423);
#3333=VERTEX_POINT('',#7425);
#3334=VERTEX_POINT('',#7429);
#3335=VERTEX_POINT('',#7430);
#3336=VERTEX_POINT('',#7432);
#3337=VERTEX_POINT('',#7437);
#3338=VERTEX_POINT('',#7439);
#3339=VERTEX_POINT('',#7441);
#3340=VERTEX_POINT('',#7445);
#3341=VERTEX_POINT('',#7447);
#3342=VERTEX_POINT('',#7451);
#3343=VERTEX_POINT('',#7452);
#3344=VERTEX_POINT('',#7458);
#3345=VERTEX_POINT('',#7472);
#3346=VERTEX_POINT('',#7474);
#3347=VERTEX_POINT('',#7476);
#3348=VERTEX_POINT('',#7480);
#3349=VERTEX_POINT('',#7484);
#3350=VERTEX_POINT('',#7488);
#3351=VERTEX_POINT('',#7489);
#3352=VERTEX_POINT('',#7491);
#3353=VERTEX_POINT('',#7493);
#3354=VERTEX_POINT('',#7497);
#3355=VERTEX_POINT('',#7498);
#3356=VERTEX_POINT('',#7500);
#3357=VERTEX_POINT('',#7505);
#3358=VERTEX_POINT('',#7506);
#3359=VERTEX_POINT('',#7508);
#3360=VERTEX_POINT('',#7510);
#3361=VERTEX_POINT('',#7514);
#3362=VERTEX_POINT('',#7517);
#3363=CIRCLE('',#4362,0.00525);
#3364=CIRCLE('',#4363,0.00525);
#3365=CIRCLE('',#4365,0.001);
#3366=CIRCLE('',#4366,0.001);
#3367=CIRCLE('',#4367,0.001);
#3368=CIRCLE('',#4368,0.001);
#3369=CIRCLE('',#4369,0.001);
#3370=CIRCLE('',#4370,0.001);
#3371=CIRCLE('',#4371,0.001);
#3372=CIRCLE('',#4372,0.001);
#3373=CIRCLE('',#4374,0.001);
#3374=CIRCLE('',#4375,0.001);
#3375=CIRCLE('',#4383,0.001);
#3376=CIRCLE('',#4384,0.001);
#3377=CIRCLE('',#4386,0.00625);
#3378=CIRCLE('',#4387,0.001);
#3379=CIRCLE('',#4388,0.001);
#3380=CIRCLE('',#4391,0.00625);
#3381=CIRCLE('',#4396,0.002);
#3382=CIRCLE('',#4397,0.001);
#3383=CIRCLE('',#4398,0.001);
#3384=CIRCLE('',#4399,0.001);
#3385=CIRCLE('',#4415,0.001);
#3386=CIRCLE('',#4417,0.001);
#3387=CIRCLE('',#4419,0.001);
#3388=CIRCLE('',#4421,0.001);
#3389=CIRCLE('',#4423,0.001);
#3390=CIRCLE('',#4434,0.001);
#3391=CIRCLE('',#4435,0.002);
#3392=CIRCLE('',#4436,0.002);
#3393=CIRCLE('',#4437,0.001);
#3394=CIRCLE('',#4442,0.002);
#3395=CIRCLE('',#4443,0.002);
#3396=CIRCLE('',#4444,0.002);
#3397=CIRCLE('',#4445,0.002);
#3398=CIRCLE('',#4446,0.002);
#3399=CIRCLE('',#4447,0.002);
#3400=CIRCLE('',#4448,0.002);
#3401=CIRCLE('',#4449,0.002);
#3402=CIRCLE('',#4450,0.002);
#3403=CIRCLE('',#4451,0.002);
#3404=CIRCLE('',#4452,0.002);
#3405=CIRCLE('',#4453,0.002);
#3406=CIRCLE('',#4456,0.001);
#3407=CIRCLE('',#4457,0.001);
#3408=CIRCLE('',#4458,0.002);
#3409=CIRCLE('',#4459,0.002);
#3410=CIRCLE('',#4460,0.001);
#3411=CIRCLE('',#4461,0.001);
#3412=CIRCLE('',#4464,0.001);
#3413=CIRCLE('',#4465,0.001);
#3414=CIRCLE('',#4466,0.001);
#3415=CIRCLE('',#4468,0.001);
#3416=CIRCLE('',#4469,0.001);
#3417=CIRCLE('',#4470,0.001);
#3418=CIRCLE('',#4491,0.001);
#3419=CIRCLE('',#4492,0.001);
#3420=CIRCLE('',#4493,0.001);
#3421=CIRCLE('',#4494,0.001);
#3422=CIRCLE('',#4496,0.001);
#3423=CIRCLE('',#4497,0.001);
#3424=CIRCLE('',#4498,0.001);
#3425=CIRCLE('',#4500,0.001);
#3426=CIRCLE('',#4501,0.001);
#3427=CIRCLE('',#4502,0.001);
#3428=CIRCLE('',#4531,0.002);
#3429=CIRCLE('',#4534,0.002);
#3430=CIRCLE('',#4545,0.001);
#3431=CIRCLE('',#4563,0.001);
#3432=CIRCLE('',#4566,0.001);
#3433=CIRCLE('',#4571,0.001);
#3434=CIRCLE('',#4573,0.001);
#3435=CIRCLE('',#4589,0.001);
#3436=CIRCLE('',#4594,0.001);
#3437=CIRCLE('',#4595,0.001);
#3438=CIRCLE('',#4597,0.001);
#3439=CIRCLE('',#4599,0.001);
#3440=CIRCLE('',#4600,0.001);
#3441=CIRCLE('',#4602,0.001);
#3442=CIRCLE('',#4608,0.002);
#3443=CIRCLE('',#4609,0.0005);
#3444=CIRCLE('',#4610,0.0005);
#3445=CIRCLE('',#4611,0.002);
#3446=CIRCLE('',#4614,0.002);
#3447=CIRCLE('',#4615,0.0005);
#3448=CIRCLE('',#4616,0.0005);
#3449=CIRCLE('',#4617,0.002);
#3450=CIRCLE('',#4652,0.002);
#3451=CIRCLE('',#4655,0.002);
#3452=CIRCLE('',#4673,0.002);
#3453=CIRCLE('',#4675,0.002);
#3454=CIRCLE('',#4677,0.002);
#3455=CIRCLE('',#4679,0.002);
#3456=CIRCLE('',#4681,0.002);
#3457=CIRCLE('',#4683,0.002);
#3458=CIRCLE('',#4685,0.002);
#3459=CIRCLE('',#4687,0.002);
#3460=CIRCLE('',#4693,0.002);
#3461=CIRCLE('',#4695,0.002);
#3462=CIRCLE('',#4706,0.001);
#3463=CIRCLE('',#4708,0.001);
#3464=CIRCLE('',#4712,0.001);
#3465=CIRCLE('',#4713,0.001);
#3466=CIRCLE('',#4714,0.001);
#3467=CIRCLE('',#4715,0.001);
#3468=CIRCLE('',#4716,0.001);
#3469=CIRCLE('',#4717,0.001);
#3470=CIRCLE('',#4718,0.001);
#3471=CIRCLE('',#4719,0.001);
#3472=CIRCLE('',#4721,0.001);
#3473=CIRCLE('',#4723,0.001);
#3474=CIRCLE('',#4724,0.002);
#3475=CIRCLE('',#4727,0.001);
#3476=CIRCLE('',#4730,0.002);
#3477=CIRCLE('',#4731,0.001);
#3478=CIRCLE('',#4733,0.001);
#3479=CIRCLE('',#4734,0.001);
#3480=CIRCLE('',#4735,0.001);
#3481=CIRCLE('',#4736,0.001);
#3482=CIRCLE('',#4737,0.001);
#3483=CIRCLE('',#4738,0.001);
#3484=CIRCLE('',#4739,0.001);
#3485=CIRCLE('',#4740,0.001);
#3486=CIRCLE('',#4742,0.001);
#3487=CIRCLE('',#4744,0.001);
#3488=CIRCLE('',#4746,0.001);
#3489=CIRCLE('',#4751,0.001);
#3490=CIRCLE('',#4753,0.001);
#3491=CIRCLE('',#4756,0.001);
#3492=CIRCLE('',#4758,0.001);
#3493=CIRCLE('',#4762,0.001);
#3494=CIRCLE('',#4765,0.001);
#3495=CIRCLE('',#4767,0.001);
#3496=EDGE_LOOP('',(#1098));
#3497=EDGE_LOOP('',(#1099));
#3498=EDGE_LOOP('',(#1100,#1101,#1102,#1103,#1104,#1105,#1106,#1107,#1108,
#1109,#1110,#1111,#1112,#1113,#1114,#1115,#1116,#1117,#1118,#1119,#1120,
#1121,#1122,#1123));
#3499=EDGE_LOOP('',(#1124,#1125,#1126,#1127,#1128,#1129));
#3500=EDGE_LOOP('',(#1130,#1131,#1132,#1133));
#3501=EDGE_LOOP('',(#1134,#1135,#1136,#1137));
#3502=EDGE_LOOP('',(#1138,#1139,#1140,#1141,#1142));
#3503=EDGE_LOOP('',(#1143,#1144,#1145,#1146));
#3504=EDGE_LOOP('',(#1147,#1148,#1149,#1150));
#3505=EDGE_LOOP('',(#1151,#1152,#1153,#1154));
#3506=EDGE_LOOP('',(#1155,#1156,#1157,#1158,#1159,#1160));
#3507=EDGE_LOOP('',(#1161));
#3508=EDGE_LOOP('',(#1162,#1163,#1164,#1165,#1166,#1167));
#3509=EDGE_LOOP('',(#1168,#1169,#1170,#1171));
#3510=EDGE_LOOP('',(#1172));
#3511=EDGE_LOOP('',(#1173,#1174,#1175,#1176));
#3512=EDGE_LOOP('',(#1177,#1178,#1179,#1180));
#3513=EDGE_LOOP('',(#1181,#1182,#1183,#1184));
#3514=EDGE_LOOP('',(#1185,#1186,#1187,#1188));
#3515=EDGE_LOOP('',(#1189,#1190,#1191,#1192,#1193,#1194,#1195,#1196,#1197,
#1198,#1199,#1200,#1201,#1202,#1203,#1204,#1205,#1206,#1207,#1208));
#3516=EDGE_LOOP('',(#1209,#1210,#1211,#1212));
#3517=EDGE_LOOP('',(#1213,#1214,#1215,#1216));
#3518=EDGE_LOOP('',(#1217,#1218,#1219,#1220));
#3519=EDGE_LOOP('',(#1221,#1222,#1223,#1224));
#3520=EDGE_LOOP('',(#1225,#1226,#1227,#1228));
#3521=EDGE_LOOP('',(#1229));
#3522=EDGE_LOOP('',(#1230));
#3523=EDGE_LOOP('',(#1231));
#3524=EDGE_LOOP('',(#1232));
#3525=EDGE_LOOP('',(#1233,#1234,#1235,#1236));
#3526=EDGE_LOOP('',(#1237,#1238,#1239,#1240));
#3527=EDGE_LOOP('',(#1241,#1242,#1243,#1244));
#3528=EDGE_LOOP('',(#1245,#1246,#1247,#1248));
#3529=EDGE_LOOP('',(#1249,#1250,#1251,#1252));
#3530=EDGE_LOOP('',(#1253,#1254,#1255,#1256));
#3531=EDGE_LOOP('',(#1257,#1258,#1259,#1260));
#3532=EDGE_LOOP('',(#1261,#1262,#1263));
#3533=EDGE_LOOP('',(#1264,#1265,#1266,#1267));
#3534=EDGE_LOOP('',(#1268,#1269,#1270,#1271));
#3535=EDGE_LOOP('',(#1272,#1273,#1274,#1275));
#3536=EDGE_LOOP('',(#1276,#1277,#1278,#1279));
#3537=EDGE_LOOP('',(#1280,#1281,#1282,#1283));
#3538=EDGE_LOOP('',(#1284,#1285,#1286,#1287));
#3539=EDGE_LOOP('',(#1288,#1289,#1290,#1291));
#3540=EDGE_LOOP('',(#1292,#1293,#1294,#1295,#1296,#1297,#1298,#1299,#1300,
#1301,#1302,#1303,#1304,#1305,#1306,#1307,#1308,#1309,#1310,#1311,#1312,
#1313,#1314,#1315,#1316,#1317));
#3541=EDGE_LOOP('',(#1318,#1319,#1320,#1321));
#3542=EDGE_LOOP('',(#1322,#1323,#1324,#1325));
#3543=EDGE_LOOP('',(#1326,#1327,#1328,#1329));
#3544=EDGE_LOOP('',(#1330,#1331,#1332,#1333,#1334,#1335,#1336,#1337,#1338,
#1339,#1340,#1341,#1342,#1343,#1344,#1345,#1346,#1347,#1348,#1349,#1350,
#1351,#1352,#1353,#1354,#1355,#1356,#1357,#1358,#1359,#1360,#1361,#1362,
#1363,#1364,#1365,#1366,#1367,#1368,#1369,#1370,#1371,#1372,#1373,#1374,
#1375,#1376,#1377));
#3545=EDGE_LOOP('',(#1378,#1379,#1380,#1381));
#3546=EDGE_LOOP('',(#1382,#1383,#1384,#1385,#1386,#1387,#1388,#1389,#1390,
#1391,#1392,#1393,#1394,#1395,#1396,#1397,#1398,#1399,#1400,#1401,#1402,
#1403,#1404,#1405,#1406,#1407));
#3547=EDGE_LOOP('',(#1408,#1409,#1410,#1411));
#3548=EDGE_LOOP('',(#1412,#1413,#1414,#1415,#1416,#1417,#1418,#1419,#1420,
#1421,#1422));
#3549=EDGE_LOOP('',(#1423,#1424,#1425,#1426,#1427,#1428,#1429,#1430,#1431,
#1432,#1433));
#3550=EDGE_LOOP('',(#1434,#1435,#1436,#1437));
#3551=EDGE_LOOP('',(#1438,#1439,#1440,#1441));
#3552=EDGE_LOOP('',(#1442,#1443,#1444,#1445));
#3553=EDGE_LOOP('',(#1446,#1447,#1448,#1449));
#3554=EDGE_LOOP('',(#1450,#1451,#1452,#1453));
#3555=EDGE_LOOP('',(#1454,#1455,#1456,#1457));
#3556=EDGE_LOOP('',(#1458,#1459,#1460,#1461));
#3557=EDGE_LOOP('',(#1462,#1463,#1464,#1465));
#3558=EDGE_LOOP('',(#1466,#1467,#1468,#1469));
#3559=EDGE_LOOP('',(#1470,#1471,#1472,#1473));
#3560=EDGE_LOOP('',(#1474,#1475,#1476,#1477));
#3561=EDGE_LOOP('',(#1478,#1479,#1480,#1481,#1482,#1483,#1484,#1485,#1486,
#1487,#1488,#1489));
#3562=EDGE_LOOP('',(#1490,#1491,#1492,#1493));
#3563=EDGE_LOOP('',(#1494,#1495,#1496,#1497,#1498,#1499,#1500,#1501,#1502,
#1503,#1504,#1505));
#3564=EDGE_LOOP('',(#1506,#1507,#1508,#1509));
#3565=EDGE_LOOP('',(#1510,#1511,#1512,#1513));
#3566=EDGE_LOOP('',(#1514,#1515,#1516,#1517));
#3567=EDGE_LOOP('',(#1518,#1519,#1520,#1521));
#3568=EDGE_LOOP('',(#1522,#1523,#1524,#1525));
#3569=EDGE_LOOP('',(#1526,#1527,#1528,#1529,#1530,#1531,#1532,#1533,#1534,
#1535,#1536,#1537,#1538,#1539,#1540,#1541,#1542,#1543,#1544,#1545));
#3570=EDGE_LOOP('',(#1546,#1547,#1548,#1549,#1550,#1551,#1552,#1553,#1554,
#1555,#1556));
#3571=EDGE_LOOP('',(#1557,#1558,#1559,#1560,#1561,#1562,#1563,#1564,#1565,
#1566,#1567));
#3572=EDGE_LOOP('',(#1568,#1569,#1570,#1571));
#3573=EDGE_LOOP('',(#1572,#1573,#1574,#1575));
#3574=EDGE_LOOP('',(#1576,#1577,#1578,#1579));
#3575=EDGE_LOOP('',(#1580,#1581,#1582,#1583));
#3576=EDGE_LOOP('',(#1584,#1585,#1586,#1587));
#3577=EDGE_LOOP('',(#1588,#1589,#1590,#1591));
#3578=EDGE_LOOP('',(#1592,#1593,#1594,#1595));
#3579=EDGE_LOOP('',(#1596,#1597,#1598,#1599));
#3580=EDGE_LOOP('',(#1600,#1601,#1602,#1603));
#3581=EDGE_LOOP('',(#1604,#1605,#1606,#1607));
#3582=EDGE_LOOP('',(#1608,#1609,#1610,#1611));
#3583=EDGE_LOOP('',(#1612,#1613,#1614,#1615));
#3584=EDGE_LOOP('',(#1616,#1617,#1618,#1619));
#3585=EDGE_LOOP('',(#1620,#1621,#1622,#1623));
#3586=EDGE_LOOP('',(#1624,#1625,#1626,#1627));
#3587=EDGE_LOOP('',(#1628,#1629,#1630,#1631));
#3588=EDGE_LOOP('',(#1632,#1633,#1634,#1635));
#3589=EDGE_LOOP('',(#1636,#1637,#1638,#1639));
#3590=EDGE_LOOP('',(#1640,#1641,#1642,#1643));
#3591=EDGE_LOOP('',(#1644,#1645,#1646,#1647));
#3592=EDGE_LOOP('',(#1648,#1649,#1650,#1651));
#3593=EDGE_LOOP('',(#1652,#1653,#1654,#1655));
#3594=EDGE_LOOP('',(#1656,#1657,#1658,#1659));
#3595=EDGE_LOOP('',(#1660,#1661,#1662,#1663));
#3596=EDGE_LOOP('',(#1664,#1665,#1666,#1667));
#3597=EDGE_LOOP('',(#1668,#1669,#1670,#1671));
#3598=EDGE_LOOP('',(#1672,#1673,#1674,#1675));
#3599=EDGE_LOOP('',(#1676,#1677,#1678,#1679,#1680,#1681,#1682));
#3600=EDGE_LOOP('',(#1683,#1684,#1685,#1686));
#3601=EDGE_LOOP('',(#1687,#1688,#1689,#1690,#1691,#1692,#1693));
#3602=EDGE_LOOP('',(#1694,#1695,#1696,#1697));
#3603=EDGE_LOOP('',(#1698,#1699,#1700,#1701));
#3604=EDGE_LOOP('',(#1702,#1703,#1704,#1705));
#3605=EDGE_LOOP('',(#1706,#1707,#1708,#1709));
#3606=EDGE_LOOP('',(#1710,#1711,#1712,#1713));
#3607=EDGE_LOOP('',(#1714,#1715,#1716,#1717));
#3608=EDGE_LOOP('',(#1718,#1719,#1720,#1721));
#3609=EDGE_LOOP('',(#1722,#1723,#1724,#1725));
#3610=EDGE_LOOP('',(#1726,#1727,#1728,#1729));
#3611=EDGE_LOOP('',(#1730,#1731,#1732,#1733));
#3612=EDGE_LOOP('',(#1734,#1735,#1736,#1737));
#3613=EDGE_LOOP('',(#1738,#1739,#1740,#1741));
#3614=EDGE_LOOP('',(#1742,#1743,#1744,#1745));
#3615=EDGE_LOOP('',(#1746,#1747,#1748,#1749));
#3616=EDGE_LOOP('',(#1750,#1751,#1752,#1753));
#3617=EDGE_LOOP('',(#1754,#1755,#1756,#1757));
#3618=EDGE_LOOP('',(#1758,#1759,#1760,#1761));
#3619=EDGE_LOOP('',(#1762,#1763,#1764,#1765));
#3620=EDGE_LOOP('',(#1766,#1767,#1768,#1769));
#3621=EDGE_LOOP('',(#1770,#1771,#1772,#1773));
#3622=EDGE_LOOP('',(#1774,#1775,#1776,#1777));
#3623=EDGE_LOOP('',(#1778,#1779,#1780,#1781));
#3624=EDGE_LOOP('',(#1782,#1783,#1784,#1785));
#3625=EDGE_LOOP('',(#1786,#1787,#1788,#1789));
#3626=EDGE_LOOP('',(#1790,#1791,#1792,#1793));
#3627=EDGE_LOOP('',(#1794,#1795,#1796,#1797));
#3628=EDGE_LOOP('',(#1798,#1799,#1800,#1801));
#3629=EDGE_LOOP('',(#1802,#1803,#1804,#1805));
#3630=EDGE_LOOP('',(#1806,#1807,#1808,#1809));
#3631=EDGE_LOOP('',(#1810,#1811,#1812,#1813));
#3632=EDGE_LOOP('',(#1814,#1815,#1816,#1817));
#3633=EDGE_LOOP('',(#1818,#1819,#1820,#1821));
#3634=EDGE_LOOP('',(#1822,#1823,#1824,#1825));
#3635=EDGE_LOOP('',(#1826,#1827,#1828,#1829));
#3636=EDGE_LOOP('',(#1830,#1831,#1832,#1833));
#3637=EDGE_LOOP('',(#1834,#1835,#1836,#1837));
#3638=EDGE_LOOP('',(#1838,#1839,#1840,#1841,#1842,#1843,#1844,#1845,#1846,
#1847,#1848,#1849,#1850,#1851,#1852,#1853,#1854,#1855,#1856,#1857,#1858,
#1859));
#3639=EDGE_LOOP('',(#1860,#1861,#1862,#1863));
#3640=EDGE_LOOP('',(#1864,#1865,#1866,#1867,#1868,#1869,#1870,#1871,#1872,
#1873,#1874,#1875,#1876,#1877,#1878,#1879,#1880,#1881,#1882,#1883,#1884,
#1885));
#3641=EDGE_LOOP('',(#1886,#1887,#1888,#1889));
#3642=EDGE_LOOP('',(#1890,#1891,#1892,#1893));
#3643=EDGE_LOOP('',(#1894,#1895,#1896,#1897));
#3644=EDGE_LOOP('',(#1898,#1899,#1900,#1901));
#3645=EDGE_LOOP('',(#1902,#1903,#1904,#1905));
#3646=EDGE_LOOP('',(#1906,#1907,#1908,#1909));
#3647=EDGE_LOOP('',(#1910,#1911,#1912,#1913));
#3648=EDGE_LOOP('',(#1914,#1915,#1916,#1917));
#3649=EDGE_LOOP('',(#1918,#1919,#1920,#1921));
#3650=EDGE_LOOP('',(#1922,#1923,#1924,#1925));
#3651=EDGE_LOOP('',(#1926,#1927,#1928,#1929));
#3652=EDGE_LOOP('',(#1930,#1931,#1932,#1933,#1934,#1935));
#3653=EDGE_LOOP('',(#1936,#1937,#1938,#1939,#1940,#1941));
#3654=EDGE_LOOP('',(#1942,#1943,#1944,#1945,#1946));
#3655=EDGE_LOOP('',(#1947,#1948,#1949,#1950));
#3656=EDGE_LOOP('',(#1951,#1952,#1953,#1954,#1955));
#3657=EDGE_LOOP('',(#1956,#1957,#1958,#1959,#1960));
#3658=EDGE_LOOP('',(#1961,#1962,#1963,#1964));
#3659=EDGE_LOOP('',(#1965,#1966,#1967,#1968,#1969));
#3660=EDGE_LOOP('',(#1970,#1971,#1972,#1973));
#3661=EDGE_LOOP('',(#1974,#1975,#1976,#1977));
#3662=EDGE_LOOP('',(#1978,#1979,#1980,#1981));
#3663=EDGE_LOOP('',(#1982,#1983,#1984,#1985));
#3664=EDGE_LOOP('',(#1986,#1987,#1988,#1989));
#3665=EDGE_LOOP('',(#1990,#1991,#1992,#1993));
#3666=EDGE_LOOP('',(#1994,#1995,#1996,#1997));
#3667=EDGE_LOOP('',(#1998,#1999,#2000));
#3668=EDGE_LOOP('',(#2001,#2002,#2003,#2004));
#3669=EDGE_LOOP('',(#2005,#2006,#2007));
#3670=EDGE_LOOP('',(#2008,#2009,#2010,#2011));
#3671=EDGE_LOOP('',(#2012,#2013,#2014,#2015));
#3672=EDGE_LOOP('',(#2016,#2017,#2018));
#3673=EDGE_LOOP('',(#2019,#2020,#2021,#2022));
#3674=EDGE_LOOP('',(#2023,#2024,#2025,#2026));
#3675=EDGE_LOOP('',(#2027,#2028,#2029));
#3676=EDGE_LOOP('',(#2030,#2031,#2032,#2033));
#3677=EDGE_LOOP('',(#2034,#2035,#2036,#2037));
#3678=EDGE_LOOP('',(#2038,#2039,#2040));
#3679=EDGE_LOOP('',(#2041,#2042,#2043,#2044));
#3680=EDGE_LOOP('',(#2045,#2046,#2047));
#3681=EDGE_LOOP('',(#2048,#2049,#2050,#2051));
#3682=EDGE_LOOP('',(#2052,#2053,#2054));
#3683=EDGE_LOOP('',(#2055,#2056,#2057,#2058));
#3684=EDGE_LOOP('',(#2059,#2060,#2061));
#3685=EDGE_LOOP('',(#2062,#2063,#2064,#2065));
#3686=EDGE_LOOP('',(#2066,#2067,#2068));
#3687=EDGE_LOOP('',(#2069,#2070,#2071,#2072));
#3688=EDGE_LOOP('',(#2073,#2074,#2075));
#3689=EDGE_LOOP('',(#2076,#2077,#2078,#2079));
#3690=EDGE_LOOP('',(#2080,#2081,#2082));
#3691=EDGE_LOOP('',(#2083,#2084,#2085,#2086));
#3692=EDGE_LOOP('',(#2087,#2088,#2089));
#3693=EDGE_LOOP('',(#2090,#2091,#2092,#2093));
#3694=EDGE_LOOP('',(#2094,#2095,#2096,#2097));
#3695=EDGE_LOOP('',(#2098,#2099,#2100,#2101,#2102,#2103));
#3696=EDGE_LOOP('',(#2104,#2105,#2106,#2107,#2108,#2109,#2110));
#3697=EDGE_LOOP('',(#2111,#2112,#2113,#2114,#2115,#2116,#2117));
#3698=EDGE_LOOP('',(#2118,#2119,#2120,#2121,#2122,#2123));
#3699=EDGE_LOOP('',(#2124,#2125,#2126,#2127));
#3700=EDGE_LOOP('',(#2128,#2129,#2130,#2131));
#3701=EDGE_LOOP('',(#2132,#2133,#2134,#2135));
#3702=EDGE_LOOP('',(#2136,#2137,#2138,#2139));
#3703=EDGE_LOOP('',(#2140,#2141,#2142,#2143));
#3704=EDGE_LOOP('',(#2144,#2145,#2146,#2147));
#3705=EDGE_LOOP('',(#2148,#2149,#2150,#2151,#2152));
#3706=EDGE_LOOP('',(#2153,#2154,#2155,#2156));
#3707=EDGE_LOOP('',(#2157,#2158,#2159,#2160,#2161));
#3708=EDGE_LOOP('',(#2162,#2163,#2164,#2165,#2166));
#3709=EDGE_LOOP('',(#2167,#2168,#2169,#2170));
#3710=EDGE_LOOP('',(#2171,#2172,#2173,#2174,#2175));
#3711=EDGE_LOOP('',(#2176,#2177,#2178,#2179,#2180,#2181,#2182,#2183,#2184,
#2185,#2186,#2187,#2188,#2189,#2190,#2191,#2192,#2193,#2194,#2195,#2196,
#2197,#2198,#2199));
#3712=EDGE_LOOP('',(#2200,#2201,#2202,#2203,#2204));
#3713=EDGE_LOOP('',(#2205,#2206,#2207,#2208,#2209,#2210,#2211,#2212,#2213,
#2214));
#3714=EDGE_LOOP('',(#2215,#2216,#2217,#2218));
#3715=EDGE_LOOP('',(#2219,#2220,#2221,#2222,#2223));
#3716=EDGE_LOOP('',(#2224,#2225,#2226,#2227));
#3717=EDGE_LOOP('',(#2228,#2229,#2230,#2231,#2232,#2233,#2234,#2235,#2236,
#2237));
#3718=EDGE_LOOP('',(#2238,#2239,#2240,#2241,#2242,#2243,#2244,#2245,#2246,
#2247,#2248,#2249,#2250,#2251,#2252,#2253,#2254,#2255,#2256,#2257));
#3719=EDGE_LOOP('',(#2258,#2259,#2260,#2261));
#3720=EDGE_LOOP('',(#2262,#2263,#2264,#2265));
#3721=EDGE_LOOP('',(#2266,#2267,#2268,#2269));
#3722=EDGE_LOOP('',(#2270,#2271,#2272,#2273));
#3723=EDGE_LOOP('',(#2274,#2275,#2276,#2277));
#3724=EDGE_LOOP('',(#2278,#2279,#2280,#2281));
#3725=EDGE_LOOP('',(#2282,#2283,#2284,#2285));
#3726=EDGE_LOOP('',(#2286,#2287,#2288,#2289));
#3727=EDGE_LOOP('',(#2290,#2291,#2292,#2293));
#3728=EDGE_LOOP('',(#2294,#2295,#2296,#2297));
#3729=EDGE_LOOP('',(#2298,#2299,#2300,#2301));
#3730=EDGE_LOOP('',(#2302,#2303,#2304,#2305));
#3731=EDGE_LOOP('',(#2306,#2307,#2308,#2309));
#3732=EDGE_LOOP('',(#2310,#2311,#2312,#2313));
#3733=EDGE_LOOP('',(#2314,#2315,#2316,#2317));
#3734=EDGE_LOOP('',(#2318,#2319,#2320,#2321));
#3735=EDGE_LOOP('',(#2322,#2323,#2324,#2325));
#3736=EDGE_LOOP('',(#2326,#2327,#2328,#2329));
#3737=EDGE_LOOP('',(#2330,#2331,#2332,#2333));
#3738=EDGE_LOOP('',(#2334,#2335,#2336,#2337));
#3739=EDGE_LOOP('',(#2338,#2339,#2340,#2341));
#3740=EDGE_LOOP('',(#2342,#2343,#2344,#2345));
#3741=FACE_BOUND('',#3496,.T.);
#3742=FACE_BOUND('',#3497,.T.);
#3743=FACE_BOUND('',#3498,.T.);
#3744=FACE_BOUND('',#3499,.T.);
#3745=FACE_BOUND('',#3500,.T.);
#3746=FACE_BOUND('',#3501,.T.);
#3747=FACE_BOUND('',#3502,.T.);
#3748=FACE_BOUND('',#3503,.T.);
#3749=FACE_BOUND('',#3504,.T.);
#3750=FACE_BOUND('',#3505,.T.);
#3751=FACE_BOUND('',#3506,.T.);
#3752=FACE_BOUND('',#3507,.T.);
#3753=FACE_BOUND('',#3508,.T.);
#3754=FACE_BOUND('',#3509,.T.);
#3755=FACE_BOUND('',#3510,.T.);
#3756=FACE_BOUND('',#3511,.T.);
#3757=FACE_BOUND('',#3512,.T.);
#3758=FACE_BOUND('',#3513,.T.);
#3759=FACE_BOUND('',#3514,.T.);
#3760=FACE_BOUND('',#3515,.T.);
#3761=FACE_BOUND('',#3516,.T.);
#3762=FACE_BOUND('',#3517,.T.);
#3763=FACE_BOUND('',#3518,.T.);
#3764=FACE_BOUND('',#3519,.T.);
#3765=FACE_BOUND('',#3520,.T.);
#3766=FACE_BOUND('',#3521,.T.);
#3767=FACE_BOUND('',#3522,.T.);
#3768=FACE_BOUND('',#3523,.T.);
#3769=FACE_BOUND('',#3524,.T.);
#3770=FACE_BOUND('',#3525,.T.);
#3771=FACE_BOUND('',#3526,.T.);
#3772=FACE_BOUND('',#3527,.T.);
#3773=FACE_BOUND('',#3528,.T.);
#3774=FACE_BOUND('',#3529,.T.);
#3775=FACE_BOUND('',#3530,.T.);
#3776=FACE_BOUND('',#3531,.T.);
#3777=FACE_BOUND('',#3532,.T.);
#3778=FACE_BOUND('',#3533,.T.);
#3779=FACE_BOUND('',#3534,.T.);
#3780=FACE_BOUND('',#3535,.T.);
#3781=FACE_BOUND('',#3536,.T.);
#3782=FACE_BOUND('',#3537,.T.);
#3783=FACE_BOUND('',#3538,.T.);
#3784=FACE_BOUND('',#3539,.T.);
#3785=FACE_BOUND('',#3540,.T.);
#3786=FACE_BOUND('',#3541,.T.);
#3787=FACE_BOUND('',#3542,.T.);
#3788=FACE_BOUND('',#3543,.T.);
#3789=FACE_BOUND('',#3544,.T.);
#3790=FACE_BOUND('',#3545,.T.);
#3791=FACE_BOUND('',#3546,.T.);
#3792=FACE_BOUND('',#3547,.T.);
#3793=FACE_BOUND('',#3548,.T.);
#3794=FACE_BOUND('',#3549,.T.);
#3795=FACE_BOUND('',#3550,.T.);
#3796=FACE_BOUND('',#3551,.T.);
#3797=FACE_BOUND('',#3552,.T.);
#3798=FACE_BOUND('',#3553,.T.);
#3799=FACE_BOUND('',#3554,.T.);
#3800=FACE_BOUND('',#3555,.T.);
#3801=FACE_BOUND('',#3556,.T.);
#3802=FACE_BOUND('',#3557,.T.);
#3803=FACE_BOUND('',#3558,.T.);
#3804=FACE_BOUND('',#3559,.T.);
#3805=FACE_BOUND('',#3560,.T.);
#3806=FACE_BOUND('',#3561,.T.);
#3807=FACE_BOUND('',#3562,.T.);
#3808=FACE_BOUND('',#3563,.T.);
#3809=FACE_BOUND('',#3564,.T.);
#3810=FACE_BOUND('',#3565,.T.);
#3811=FACE_BOUND('',#3566,.T.);
#3812=FACE_BOUND('',#3567,.T.);
#3813=FACE_BOUND('',#3568,.T.);
#3814=FACE_BOUND('',#3569,.T.);
#3815=FACE_BOUND('',#3570,.T.);
#3816=FACE_BOUND('',#3571,.T.);
#3817=FACE_BOUND('',#3572,.T.);
#3818=FACE_BOUND('',#3573,.T.);
#3819=FACE_BOUND('',#3574,.T.);
#3820=FACE_BOUND('',#3575,.T.);
#3821=FACE_BOUND('',#3576,.T.);
#3822=FACE_BOUND('',#3577,.T.);
#3823=FACE_BOUND('',#3578,.T.);
#3824=FACE_BOUND('',#3579,.T.);
#3825=FACE_BOUND('',#3580,.T.);
#3826=FACE_BOUND('',#3581,.T.);
#3827=FACE_BOUND('',#3582,.T.);
#3828=FACE_BOUND('',#3583,.T.);
#3829=FACE_BOUND('',#3584,.T.);
#3830=FACE_BOUND('',#3585,.T.);
#3831=FACE_BOUND('',#3586,.T.);
#3832=FACE_BOUND('',#3587,.T.);
#3833=FACE_BOUND('',#3588,.T.);
#3834=FACE_BOUND('',#3589,.T.);
#3835=FACE_BOUND('',#3590,.T.);
#3836=FACE_BOUND('',#3591,.T.);
#3837=FACE_BOUND('',#3592,.T.);
#3838=FACE_BOUND('',#3593,.T.);
#3839=FACE_BOUND('',#3594,.T.);
#3840=FACE_BOUND('',#3595,.T.);
#3841=FACE_BOUND('',#3596,.T.);
#3842=FACE_BOUND('',#3597,.T.);
#3843=FACE_BOUND('',#3598,.T.);
#3844=FACE_BOUND('',#3599,.T.);
#3845=FACE_BOUND('',#3600,.T.);
#3846=FACE_BOUND('',#3601,.T.);
#3847=FACE_BOUND('',#3602,.T.);
#3848=FACE_BOUND('',#3603,.T.);
#3849=FACE_BOUND('',#3604,.T.);
#3850=FACE_BOUND('',#3605,.T.);
#3851=FACE_BOUND('',#3606,.T.);
#3852=FACE_BOUND('',#3607,.T.);
#3853=FACE_BOUND('',#3608,.T.);
#3854=FACE_BOUND('',#3609,.T.);
#3855=FACE_BOUND('',#3610,.T.);
#3856=FACE_BOUND('',#3611,.T.);
#3857=FACE_BOUND('',#3612,.T.);
#3858=FACE_BOUND('',#3613,.T.);
#3859=FACE_BOUND('',#3614,.T.);
#3860=FACE_BOUND('',#3615,.T.);
#3861=FACE_BOUND('',#3616,.T.);
#3862=FACE_BOUND('',#3617,.T.);
#3863=FACE_BOUND('',#3618,.T.);
#3864=FACE_BOUND('',#3619,.T.);
#3865=FACE_BOUND('',#3620,.T.);
#3866=FACE_BOUND('',#3621,.T.);
#3867=FACE_BOUND('',#3622,.T.);
#3868=FACE_BOUND('',#3623,.T.);
#3869=FACE_BOUND('',#3624,.T.);
#3870=FACE_BOUND('',#3625,.T.);
#3871=FACE_BOUND('',#3626,.T.);
#3872=FACE_BOUND('',#3627,.T.);
#3873=FACE_BOUND('',#3628,.T.);
#3874=FACE_BOUND('',#3629,.T.);
#3875=FACE_BOUND('',#3630,.T.);
#3876=FACE_BOUND('',#3631,.T.);
#3877=FACE_BOUND('',#3632,.T.);
#3878=FACE_BOUND('',#3633,.T.);
#3879=FACE_BOUND('',#3634,.T.);
#3880=FACE_BOUND('',#3635,.T.);
#3881=FACE_BOUND('',#3636,.T.);
#3882=FACE_BOUND('',#3637,.T.);
#3883=FACE_BOUND('',#3638,.T.);
#3884=FACE_BOUND('',#3639,.T.);
#3885=FACE_BOUND('',#3640,.T.);
#3886=FACE_BOUND('',#3641,.T.);
#3887=FACE_BOUND('',#3642,.T.);
#3888=FACE_BOUND('',#3643,.T.);
#3889=FACE_BOUND('',#3644,.T.);
#3890=FACE_BOUND('',#3645,.T.);
#3891=FACE_BOUND('',#3646,.T.);
#3892=FACE_BOUND('',#3647,.T.);
#3893=FACE_BOUND('',#3648,.T.);
#3894=FACE_BOUND('',#3649,.T.);
#3895=FACE_BOUND('',#3650,.T.);
#3896=FACE_BOUND('',#3651,.T.);
#3897=FACE_BOUND('',#3652,.T.);
#3898=FACE_BOUND('',#3653,.T.);
#3899=FACE_BOUND('',#3654,.T.);
#3900=FACE_BOUND('',#3655,.T.);
#3901=FACE_BOUND('',#3656,.T.);
#3902=FACE_BOUND('',#3657,.T.);
#3903=FACE_BOUND('',#3658,.T.);
#3904=FACE_BOUND('',#3659,.T.);
#3905=FACE_BOUND('',#3660,.T.);
#3906=FACE_BOUND('',#3661,.T.);
#3907=FACE_BOUND('',#3662,.T.);
#3908=FACE_BOUND('',#3663,.T.);
#3909=FACE_BOUND('',#3664,.T.);
#3910=FACE_BOUND('',#3665,.T.);
#3911=FACE_BOUND('',#3666,.T.);
#3912=FACE_BOUND('',#3667,.T.);
#3913=FACE_BOUND('',#3668,.T.);
#3914=FACE_BOUND('',#3669,.T.);
#3915=FACE_BOUND('',#3670,.T.);
#3916=FACE_BOUND('',#3671,.T.);
#3917=FACE_BOUND('',#3672,.T.);
#3918=FACE_BOUND('',#3673,.T.);
#3919=FACE_BOUND('',#3674,.T.);
#3920=FACE_BOUND('',#3675,.T.);
#3921=FACE_BOUND('',#3676,.T.);
#3922=FACE_BOUND('',#3677,.T.);
#3923=FACE_BOUND('',#3678,.T.);
#3924=FACE_BOUND('',#3679,.T.);
#3925=FACE_BOUND('',#3680,.T.);
#3926=FACE_BOUND('',#3681,.T.);
#3927=FACE_BOUND('',#3682,.T.);
#3928=FACE_BOUND('',#3683,.T.);
#3929=FACE_BOUND('',#3684,.T.);
#3930=FACE_BOUND('',#3685,.T.);
#3931=FACE_BOUND('',#3686,.T.);
#3932=FACE_BOUND('',#3687,.T.);
#3933=FACE_BOUND('',#3688,.T.);
#3934=FACE_BOUND('',#3689,.T.);
#3935=FACE_BOUND('',#3690,.T.);
#3936=FACE_BOUND('',#3691,.T.);
#3937=FACE_BOUND('',#3692,.T.);
#3938=FACE_BOUND('',#3693,.T.);
#3939=FACE_BOUND('',#3694,.T.);
#3940=FACE_BOUND('',#3695,.T.);
#3941=FACE_BOUND('',#3696,.T.);
#3942=FACE_BOUND('',#3697,.T.);
#3943=FACE_BOUND('',#3698,.T.);
#3944=FACE_BOUND('',#3699,.T.);
#3945=FACE_BOUND('',#3700,.T.);
#3946=FACE_BOUND('',#3701,.T.);
#3947=FACE_BOUND('',#3702,.T.);
#3948=FACE_BOUND('',#3703,.T.);
#3949=FACE_BOUND('',#3704,.T.);
#3950=FACE_BOUND('',#3705,.T.);
#3951=FACE_BOUND('',#3706,.T.);
#3952=FACE_BOUND('',#3707,.T.);
#3953=FACE_BOUND('',#3708,.T.);
#3954=FACE_BOUND('',#3709,.T.);
#3955=FACE_BOUND('',#3710,.T.);
#3956=FACE_BOUND('',#3711,.T.);
#3957=FACE_BOUND('',#3712,.T.);
#3958=FACE_BOUND('',#3713,.T.);
#3959=FACE_BOUND('',#3714,.T.);
#3960=FACE_BOUND('',#3715,.T.);
#3961=FACE_BOUND('',#3716,.T.);
#3962=FACE_BOUND('',#3717,.T.);
#3963=FACE_BOUND('',#3718,.T.);
#3964=FACE_BOUND('',#3719,.T.);
#3965=FACE_BOUND('',#3720,.T.);
#3966=FACE_BOUND('',#3721,.T.);
#3967=FACE_BOUND('',#3722,.T.);
#3968=FACE_BOUND('',#3723,.T.);
#3969=FACE_BOUND('',#3724,.T.);
#3970=FACE_BOUND('',#3725,.T.);
#3971=FACE_BOUND('',#3726,.T.);
#3972=FACE_BOUND('',#3727,.T.);
#3973=FACE_BOUND('',#3728,.T.);
#3974=FACE_BOUND('',#3729,.T.);
#3975=FACE_BOUND('',#3730,.T.);
#3976=FACE_BOUND('',#3731,.T.);
#3977=FACE_BOUND('',#3732,.T.);
#3978=FACE_BOUND('',#3733,.T.);
#3979=FACE_BOUND('',#3734,.T.);
#3980=FACE_BOUND('',#3735,.T.);
#3981=FACE_BOUND('',#3736,.T.);
#3982=FACE_BOUND('',#3737,.T.);
#3983=FACE_BOUND('',#3738,.T.);
#3984=FACE_BOUND('',#3739,.T.);
#3985=FACE_BOUND('',#3740,.T.);
#3986=CYLINDRICAL_SURFACE('',#4361,0.00525);
#3987=CYLINDRICAL_SURFACE('',#4402,0.001);
#3988=CYLINDRICAL_SURFACE('',#4404,0.001);
#3989=CYLINDRICAL_SURFACE('',#4406,0.001);
#3990=CYLINDRICAL_SURFACE('',#4409,0.001);
#3991=CYLINDRICAL_SURFACE('',#4411,0.001);
#3992=CYLINDRICAL_SURFACE('',#4413,0.001);
#3993=CYLINDRICAL_SURFACE('',#4414,0.001);
#3994=CYLINDRICAL_SURFACE('',#4418,0.001);
#3995=CYLINDRICAL_SURFACE('',#4420,0.001);
#3996=CYLINDRICAL_SURFACE('',#4424,0.001);
#3997=CYLINDRICAL_SURFACE('',#4426,0.001);
#3998=CYLINDRICAL_SURFACE('',#4427,0.001);
#3999=CYLINDRICAL_SURFACE('',#4428,0.001);
#4000=CYLINDRICAL_SURFACE('',#4429,0.001);
#4001=CYLINDRICAL_SURFACE('',#4430,0.001);
#4002=CYLINDRICAL_SURFACE('',#4431,0.001);
#4003=CYLINDRICAL_SURFACE('',#4535,0.001);
#4004=CYLINDRICAL_SURFACE('',#4536,0.001);
#4005=CYLINDRICAL_SURFACE('',#4537,0.001);
#4006=CYLINDRICAL_SURFACE('',#4538,0.001);
#4007=CYLINDRICAL_SURFACE('',#4539,0.001);
#4008=CYLINDRICAL_SURFACE('',#4540,0.001);
#4009=CYLINDRICAL_SURFACE('',#4541,0.001);
#4010=CYLINDRICAL_SURFACE('',#4542,0.001);
#4011=CYLINDRICAL_SURFACE('',#4543,0.001);
#4012=CYLINDRICAL_SURFACE('',#4544,0.001);
#4013=CYLINDRICAL_SURFACE('',#4547,0.001);
#4014=CYLINDRICAL_SURFACE('',#4549,0.001);
#4015=CYLINDRICAL_SURFACE('',#4552,0.001);
#4016=CYLINDRICAL_SURFACE('',#4555,0.001);
#4017=CYLINDRICAL_SURFACE('',#4557,0.001);
#4018=CYLINDRICAL_SURFACE('',#4559,0.001);
#4019=CYLINDRICAL_SURFACE('',#4562,0.001);
#4020=CYLINDRICAL_SURFACE('',#4565,0.001);
#4021=CYLINDRICAL_SURFACE('',#4568,0.001);
#4022=CYLINDRICAL_SURFACE('',#4570,0.001);
#4023=CYLINDRICAL_SURFACE('',#4572,0.001);
#4024=CYLINDRICAL_SURFACE('',#4575,0.001);
#4025=CYLINDRICAL_SURFACE('',#4578,0.001);
#4026=CYLINDRICAL_SURFACE('',#4581,0.001);
#4027=CYLINDRICAL_SURFACE('',#4583,0.001);
#4028=CYLINDRICAL_SURFACE('',#4585,0.001);
#4029=CYLINDRICAL_SURFACE('',#4588,0.001);
#4030=CYLINDRICAL_SURFACE('',#4591,0.001);
#4031=CYLINDRICAL_SURFACE('',#4593,0.001);
#4032=CYLINDRICAL_SURFACE('',#4598,0.001);
#4033=CYLINDRICAL_SURFACE('',#4601,0.001);
#4034=CYLINDRICAL_SURFACE('',#4604,0.001);
#4035=CYLINDRICAL_SURFACE('',#4627,0.0005);
#4036=CYLINDRICAL_SURFACE('',#4628,0.0005);
#4037=CYLINDRICAL_SURFACE('',#4635,0.002);
#4038=CYLINDRICAL_SURFACE('',#4638,0.002);
#4039=CYLINDRICAL_SURFACE('',#4640,0.002);
#4040=CYLINDRICAL_SURFACE('',#4642,0.002);
#4041=CYLINDRICAL_SURFACE('',#4645,0.002);
#4042=CYLINDRICAL_SURFACE('',#4647,0.002);
#4043=CYLINDRICAL_SURFACE('',#4649,0.002);
#4044=CYLINDRICAL_SURFACE('',#4650,0.002);
#4045=CYLINDRICAL_SURFACE('',#4651,0.002);
#4046=CYLINDRICAL_SURFACE('',#4654,0.002);
#4047=CYLINDRICAL_SURFACE('',#4657,0.002);
#4048=CYLINDRICAL_SURFACE('',#4660,0.002);
#4049=CYLINDRICAL_SURFACE('',#4663,0.002);
#4050=CYLINDRICAL_SURFACE('',#4664,0.002);
#4051=CYLINDRICAL_SURFACE('',#4667,0.002);
#4052=CYLINDRICAL_SURFACE('',#4668,0.002);
#4053=CYLINDRICAL_SURFACE('',#4671,0.002);
#4054=CYLINDRICAL_SURFACE('',#4672,0.002);
#4055=CYLINDRICAL_SURFACE('',#4674,0.002);
#4056=CYLINDRICAL_SURFACE('',#4676,0.002);
#4057=CYLINDRICAL_SURFACE('',#4678,0.002);
#4058=CYLINDRICAL_SURFACE('',#4680,0.002);
#4059=CYLINDRICAL_SURFACE('',#4682,0.002);
#4060=CYLINDRICAL_SURFACE('',#4684,0.002);
#4061=CYLINDRICAL_SURFACE('',#4686,0.002);
#4062=CYLINDRICAL_SURFACE('',#4688,0.002);
#4063=CYLINDRICAL_SURFACE('',#4689,0.002);
#4064=CYLINDRICAL_SURFACE('',#4741,0.001);
#4065=CYLINDRICAL_SURFACE('',#4743,0.001);
#4066=CYLINDRICAL_SURFACE('',#4747,0.001);
#4067=CYLINDRICAL_SURFACE('',#4749,0.001);
#4068=CYLINDRICAL_SURFACE('',#4750,0.001);
#4069=CYLINDRICAL_SURFACE('',#4754,0.001);
#4070=CYLINDRICAL_SURFACE('',#4755,0.001);
#4071=CYLINDRICAL_SURFACE('',#4757,0.001);
#4072=CYLINDRICAL_SURFACE('',#4759,0.001);
#4073=CYLINDRICAL_SURFACE('',#4763,0.001);
#4074=CYLINDRICAL_SURFACE('',#4764,0.001);
#4075=CYLINDRICAL_SURFACE('',#4768,0.001);
#4076=CYLINDRICAL_SURFACE('',#4769,0.001);
#4077=CYLINDRICAL_SURFACE('',#4770,0.001);
#4078=CYLINDRICAL_SURFACE('',#4771,0.001);
#4079=CYLINDRICAL_SURFACE('',#4772,0.001);
#4080=CYLINDRICAL_SURFACE('',#4773,0.001);
#4081=CYLINDRICAL_SURFACE('',#4774,0.001);
#4082=ADVANCED_FACE('',(#3741,#3742),#3986,.F.);
#4083=ADVANCED_FACE('',(#3743),#978,.T.);
#4084=ADVANCED_FACE('',(#3744),#979,.T.);
#4085=ADVANCED_FACE('',(#3745),#980,.T.);
#4086=ADVANCED_FACE('',(#3746),#981,.F.);
#4087=ADVANCED_FACE('',(#3747),#982,.T.);
#4088=ADVANCED_FACE('',(#3748),#983,.F.);
#4089=ADVANCED_FACE('',(#3749),#984,.T.);
#4090=ADVANCED_FACE('',(#3750),#985,.F.);
#4091=ADVANCED_FACE('',(#3751),#986,.F.);
#4092=ADVANCED_FACE('',(#3752,#3753),#987,.T.);
#4093=ADVANCED_FACE('',(#3754),#988,.T.);
#4094=ADVANCED_FACE('',(#3755,#3756),#989,.T.);
#4095=ADVANCED_FACE('',(#3757),#990,.F.);
#4096=ADVANCED_FACE('',(#3758),#991,.T.);
#4097=ADVANCED_FACE('',(#3759),#992,.T.);
#4098=ADVANCED_FACE('',(#3760),#993,.T.);
#4099=ADVANCED_FACE('',(#3761),#994,.F.);
#4100=ADVANCED_FACE('',(#3762),#995,.F.);
#4101=ADVANCED_FACE('',(#3763),#3987,.T.);
#4102=ADVANCED_FACE('',(#3764),#3988,.T.);
#4103=ADVANCED_FACE('',(#3765),#3989,.T.);
#4104=ADVANCED_FACE('',(#3766,#3767),#41,.T.);
#4105=ADVANCED_FACE('',(#3768,#3769),#42,.T.);
#4106=ADVANCED_FACE('',(#3770),#3990,.T.);
#4107=ADVANCED_FACE('',(#3771),#3991,.T.);
#4108=ADVANCED_FACE('',(#3772),#3992,.T.);
#4109=ADVANCED_FACE('',(#3773),#3993,.F.);
#4110=ADVANCED_FACE('',(#3774),#43,.T.);
#4111=ADVANCED_FACE('',(#3775),#3994,.T.);
#4112=ADVANCED_FACE('',(#3776),#3995,.T.);
#4113=ADVANCED_FACE('',(#3777),#40,.T.);
#4114=ADVANCED_FACE('',(#3778),#3996,.T.);
#4115=ADVANCED_FACE('',(#3779),#3997,.T.);
#4116=ADVANCED_FACE('',(#3780),#3998,.T.);
#4117=ADVANCED_FACE('',(#3781),#3999,.T.);
#4118=ADVANCED_FACE('',(#3782),#4000,.F.);
#4119=ADVANCED_FACE('',(#3783),#4001,.T.);
#4120=ADVANCED_FACE('',(#3784),#4002,.T.);
#4121=ADVANCED_FACE('',(#3785),#996,.F.);
#4122=ADVANCED_FACE('',(#3786),#997,.T.);
#4123=ADVANCED_FACE('',(#3787),#998,.T.);
#4124=ADVANCED_FACE('',(#3788),#999,.T.);
#4125=ADVANCED_FACE('',(#3789),#1000,.T.);
#4126=ADVANCED_FACE('',(#3790),#1001,.F.);
#4127=ADVANCED_FACE('',(#3791),#1002,.F.);
#4128=ADVANCED_FACE('',(#3792),#1003,.T.);
#4129=ADVANCED_FACE('',(#3793),#1004,.F.);
#4130=ADVANCED_FACE('',(#3794),#1005,.T.);
#4131=ADVANCED_FACE('',(#3795),#1006,.T.);
#4132=ADVANCED_FACE('',(#3796),#1007,.F.);
#4133=ADVANCED_FACE('',(#3797),#1008,.F.);
#4134=ADVANCED_FACE('',(#3798),#1009,.F.);
#4135=ADVANCED_FACE('',(#3799),#1010,.F.);
#4136=ADVANCED_FACE('',(#3800),#1011,.F.);
#4137=ADVANCED_FACE('',(#3801),#1012,.F.);
#4138=ADVANCED_FACE('',(#3802),#1013,.T.);
#4139=ADVANCED_FACE('',(#3803),#1014,.T.);
#4140=ADVANCED_FACE('',(#3804),#1015,.T.);
#4141=ADVANCED_FACE('',(#3805),#1016,.F.);
#4142=ADVANCED_FACE('',(#3806),#1017,.T.);
#4143=ADVANCED_FACE('',(#3807),#1018,.T.);
#4144=ADVANCED_FACE('',(#3808),#1019,.F.);
#4145=ADVANCED_FACE('',(#3809),#1020,.T.);
#4146=ADVANCED_FACE('',(#3810),#1021,.F.);
#4147=ADVANCED_FACE('',(#3811),#1022,.F.);
#4148=ADVANCED_FACE('',(#3812),#1023,.F.);
#4149=ADVANCED_FACE('',(#3813),#1024,.T.);
#4150=ADVANCED_FACE('',(#3814),#1025,.T.);
#4151=ADVANCED_FACE('',(#3815),#1026,.F.);
#4152=ADVANCED_FACE('',(#3816),#1027,.T.);
#4153=ADVANCED_FACE('',(#3817),#1028,.F.);
#4154=ADVANCED_FACE('',(#3818),#1029,.T.);
#4155=ADVANCED_FACE('',(#3819),#1030,.T.);
#4156=ADVANCED_FACE('',(#3820),#1031,.T.);
#4157=ADVANCED_FACE('',(#3821),#1032,.F.);
#4158=ADVANCED_FACE('',(#3822),#1033,.T.);
#4159=ADVANCED_FACE('',(#3823),#1034,.F.);
#4160=ADVANCED_FACE('',(#3824),#1035,.F.);
#4161=ADVANCED_FACE('',(#3825),#1036,.F.);
#4162=ADVANCED_FACE('',(#3826),#1037,.T.);
#4163=ADVANCED_FACE('',(#3827),#1038,.T.);
#4164=ADVANCED_FACE('',(#3828),#1039,.T.);
#4165=ADVANCED_FACE('',(#3829),#1040,.T.);
#4166=ADVANCED_FACE('',(#3830),#1041,.F.);
#4167=ADVANCED_FACE('',(#3831),#1042,.F.);
#4168=ADVANCED_FACE('',(#3832),#1043,.T.);
#4169=ADVANCED_FACE('',(#3833),#1044,.F.);
#4170=ADVANCED_FACE('',(#3834),#1045,.T.);
#4171=ADVANCED_FACE('',(#3835),#1046,.T.);
#4172=ADVANCED_FACE('',(#3836),#1047,.F.);
#4173=ADVANCED_FACE('',(#3837),#1048,.F.);
#4174=ADVANCED_FACE('',(#3838),#1049,.T.);
#4175=ADVANCED_FACE('',(#3839),#1050,.T.);
#4176=ADVANCED_FACE('',(#3840),#1051,.F.);
#4177=ADVANCED_FACE('',(#3841),#1052,.F.);
#4178=ADVANCED_FACE('',(#3842),#1053,.T.);
#4179=ADVANCED_FACE('',(#3843),#1054,.T.);
#4180=ADVANCED_FACE('',(#3844),#1055,.F.);
#4181=ADVANCED_FACE('',(#3845),#1056,.F.);
#4182=ADVANCED_FACE('',(#3846),#1057,.F.);
#4183=ADVANCED_FACE('',(#3847),#4003,.F.);
#4184=ADVANCED_FACE('',(#3848),#4004,.F.);
#4185=ADVANCED_FACE('',(#3849),#4005,.T.);
#4186=ADVANCED_FACE('',(#3850),#4006,.T.);
#4187=ADVANCED_FACE('',(#3851),#4007,.F.);
#4188=ADVANCED_FACE('',(#3852),#4008,.T.);
#4189=ADVANCED_FACE('',(#3853),#4009,.T.);
#4190=ADVANCED_FACE('',(#3854),#4010,.T.);
#4191=ADVANCED_FACE('',(#3855),#4011,.T.);
#4192=ADVANCED_FACE('',(#3856),#4012,.F.);
#4193=ADVANCED_FACE('',(#3857),#4013,.F.);
#4194=ADVANCED_FACE('',(#3858),#4014,.F.);
#4195=ADVANCED_FACE('',(#3859),#4015,.F.);
#4196=ADVANCED_FACE('',(#3860),#4016,.F.);
#4197=ADVANCED_FACE('',(#3861),#4017,.F.);
#4198=ADVANCED_FACE('',(#3862),#4018,.F.);
#4199=ADVANCED_FACE('',(#3863),#4019,.F.);
#4200=ADVANCED_FACE('',(#3864),#4020,.F.);
#4201=ADVANCED_FACE('',(#3865),#4021,.F.);
#4202=ADVANCED_FACE('',(#3866),#4022,.F.);
#4203=ADVANCED_FACE('',(#3867),#4023,.F.);
#4204=ADVANCED_FACE('',(#3868),#4024,.F.);
#4205=ADVANCED_FACE('',(#3869),#4025,.F.);
#4206=ADVANCED_FACE('',(#3870),#4026,.F.);
#4207=ADVANCED_FACE('',(#3871),#4027,.F.);
#4208=ADVANCED_FACE('',(#3872),#4028,.F.);
#4209=ADVANCED_FACE('',(#3873),#4029,.F.);
#4210=ADVANCED_FACE('',(#3874),#4030,.F.);
#4211=ADVANCED_FACE('',(#3875),#4031,.F.);
#4212=ADVANCED_FACE('',(#3876),#44,.T.);
#4213=ADVANCED_FACE('',(#3877),#4032,.F.);
#4214=ADVANCED_FACE('',(#3878),#4033,.T.);
#4215=ADVANCED_FACE('',(#3879),#45,.T.);
#4216=ADVANCED_FACE('',(#3880),#4034,.F.);
#4217=ADVANCED_FACE('',(#3881),#1058,.F.);
#4218=ADVANCED_FACE('',(#3882),#1059,.T.);
#4219=ADVANCED_FACE('',(#3883),#1060,.F.);
#4220=ADVANCED_FACE('',(#3884),#1061,.F.);
#4221=ADVANCED_FACE('',(#3885),#1062,.T.);
#4222=ADVANCED_FACE('',(#3886),#1063,.F.);
#4223=ADVANCED_FACE('',(#3887),#1064,.T.);
#4224=ADVANCED_FACE('',(#3888),#1065,.T.);
#4225=ADVANCED_FACE('',(#3889),#1066,.F.);
#4226=ADVANCED_FACE('',(#3890),#1067,.T.);
#4227=ADVANCED_FACE('',(#3891),#1068,.F.);
#4228=ADVANCED_FACE('',(#3892),#1069,.T.);
#4229=ADVANCED_FACE('',(#3893),#1070,.T.);
#4230=ADVANCED_FACE('',(#3894),#1071,.T.);
#4231=ADVANCED_FACE('',(#3895),#4035,.T.);
#4232=ADVANCED_FACE('',(#3896),#4036,.T.);
#4233=ADVANCED_FACE('',(#3897),#1072,.F.);
#4234=ADVANCED_FACE('',(#3898),#1073,.T.);
#4235=ADVANCED_FACE('',(#3899),#4037,.F.);
#4236=ADVANCED_FACE('',(#3900),#4038,.F.);
#4237=ADVANCED_FACE('',(#3901),#4039,.F.);
#4238=ADVANCED_FACE('',(#3902),#4040,.F.);
#4239=ADVANCED_FACE('',(#3903),#4041,.F.);
#4240=ADVANCED_FACE('',(#3904),#4042,.F.);
#4241=ADVANCED_FACE('',(#3905),#4043,.F.);
#4242=ADVANCED_FACE('',(#3906),#4044,.F.);
#4243=ADVANCED_FACE('',(#3907),#4045,.F.);
#4244=ADVANCED_FACE('',(#3908),#46,.F.);
#4245=ADVANCED_FACE('',(#3909),#4046,.F.);
#4246=ADVANCED_FACE('',(#3910),#47,.F.);
#4247=ADVANCED_FACE('',(#3911),#4047,.F.);
#4248=ADVANCED_FACE('',(#3912),#10,.F.);
#4249=ADVANCED_FACE('',(#3913),#4048,.F.);
#4250=ADVANCED_FACE('',(#3914),#11,.F.);
#4251=ADVANCED_FACE('',(#3915),#4049,.F.);
#4252=ADVANCED_FACE('',(#3916),#4050,.F.);
#4253=ADVANCED_FACE('',(#3917),#12,.F.);
#4254=ADVANCED_FACE('',(#3918),#4051,.F.);
#4255=ADVANCED_FACE('',(#3919),#4052,.F.);
#4256=ADVANCED_FACE('',(#3920),#13,.F.);
#4257=ADVANCED_FACE('',(#3921),#4053,.F.);
#4258=ADVANCED_FACE('',(#3922),#4054,.T.);
#4259=ADVANCED_FACE('',(#3923),#14,.T.);
#4260=ADVANCED_FACE('',(#3924),#4055,.T.);
#4261=ADVANCED_FACE('',(#3925),#15,.T.);
#4262=ADVANCED_FACE('',(#3926),#4056,.T.);
#4263=ADVANCED_FACE('',(#3927),#16,.T.);
#4264=ADVANCED_FACE('',(#3928),#4057,.T.);
#4265=ADVANCED_FACE('',(#3929),#17,.T.);
#4266=ADVANCED_FACE('',(#3930),#4058,.T.);
#4267=ADVANCED_FACE('',(#3931),#18,.T.);
#4268=ADVANCED_FACE('',(#3932),#4059,.T.);
#4269=ADVANCED_FACE('',(#3933),#19,.T.);
#4270=ADVANCED_FACE('',(#3934),#4060,.T.);
#4271=ADVANCED_FACE('',(#3935),#20,.T.);
#4272=ADVANCED_FACE('',(#3936),#4061,.T.);
#4273=ADVANCED_FACE('',(#3937),#21,.T.);
#4274=ADVANCED_FACE('',(#3938),#4062,.F.);
#4275=ADVANCED_FACE('',(#3939),#4063,.F.);
#4276=ADVANCED_FACE('',(#3940),#1074,.F.);
#4277=ADVANCED_FACE('',(#3941),#1075,.F.);
#4278=ADVANCED_FACE('',(#3942),#1076,.T.);
#4279=ADVANCED_FACE('',(#3943),#1077,.T.);
#4280=ADVANCED_FACE('',(#3944),#1078,.F.);
#4281=ADVANCED_FACE('',(#3945),#1079,.T.);
#4282=ADVANCED_FACE('',(#3946),#1080,.T.);
#4283=ADVANCED_FACE('',(#3947),#1081,.T.);
#4284=ADVANCED_FACE('',(#3948),#1082,.T.);
#4285=ADVANCED_FACE('',(#3949),#1083,.F.);
#4286=ADVANCED_FACE('',(#3950),#1084,.F.);
#4287=ADVANCED_FACE('',(#3951),#1085,.F.);
#4288=ADVANCED_FACE('',(#3952),#1086,.F.);
#4289=ADVANCED_FACE('',(#3953),#1087,.T.);
#4290=ADVANCED_FACE('',(#3954),#1088,.T.);
#4291=ADVANCED_FACE('',(#3955),#1089,.T.);
#4292=ADVANCED_FACE('',(#3956),#1090,.F.);
#4293=ADVANCED_FACE('',(#3957),#1091,.F.);
#4294=ADVANCED_FACE('',(#3958),#1092,.T.);
#4295=ADVANCED_FACE('',(#3959),#1093,.T.);
#4296=ADVANCED_FACE('',(#3960),#1094,.T.);
#4297=ADVANCED_FACE('',(#3961),#1095,.T.);
#4298=ADVANCED_FACE('',(#3962),#1096,.T.);
#4299=ADVANCED_FACE('',(#3963),#1097,.T.);
#4300=ADVANCED_FACE('',(#3964),#4064,.T.);
#4301=ADVANCED_FACE('',(#3965),#4065,.T.);
#4302=ADVANCED_FACE('',(#3966),#48,.T.);
#4303=ADVANCED_FACE('',(#3967),#4066,.F.);
#4304=ADVANCED_FACE('',(#3968),#4067,.F.);
#4305=ADVANCED_FACE('',(#3969),#4068,.F.);
#4306=ADVANCED_FACE('',(#3970),#49,.T.);
#4307=ADVANCED_FACE('',(#3971),#4069,.T.);
#4308=ADVANCED_FACE('',(#3972),#4070,.T.);
#4309=ADVANCED_FACE('',(#3973),#4071,.T.);
#4310=ADVANCED_FACE('',(#3974),#4072,.F.);
#4311=ADVANCED_FACE('',(#3975),#50,.T.);
#4312=ADVANCED_FACE('',(#3976),#4073,.F.);
#4313=ADVANCED_FACE('',(#3977),#4074,.F.);
#4314=ADVANCED_FACE('',(#3978),#51,.T.);
#4315=ADVANCED_FACE('',(#3979),#4075,.T.);
#4316=ADVANCED_FACE('',(#3980),#4076,.T.);
#4317=ADVANCED_FACE('',(#3981),#4077,.T.);
#4318=ADVANCED_FACE('',(#3982),#4078,.T.);
#4319=ADVANCED_FACE('',(#3983),#4079,.T.);
#4320=ADVANCED_FACE('',(#3984),#4080,.T.);
#4321=ADVANCED_FACE('',(#3985),#4081,.T.);
#4322=CLOSED_SHELL('',(#4082,#4083,#4084,#4085,#4086,#4087,#4088,#4089,
#4090,#4091,#4092,#4093,#4094,#4095,#4096,#4097,#4098,#4099,#4100,#4101,
#4102,#4103,#4104,#4105,#4106,#4107,#4108,#4109,#4110,#4111,#4112,#4113,
#4114,#4115,#4116,#4117,#4118,#4119,#4120));
#4323=CLOSED_SHELL('',(#4121,#4122,#4123,#4124,#4125,#4126,#4127,#4128,
#4129,#4130,#4131,#4132,#4133,#4134,#4135,#4136,#4137,#4138,#4139,#4140,
#4141,#4142,#4143,#4144,#4145,#4146,#4147,#4148,#4149,#4150,#4151,#4152,
#4153,#4154,#4155,#4156,#4157,#4158,#4159,#4160,#4161,#4162,#4163,#4164,
#4165,#4166,#4167,#4168,#4169,#4170,#4171,#4172,#4173,#4174,#4175,#4176,
#4177,#4178,#4179,#4180,#4181,#4182,#4183,#4184,#4185,#4186,#4187,#4188,
#4189,#4190,#4191,#4192,#4193,#4194,#4195,#4196,#4197,#4198,#4199,#4200,
#4201,#4202,#4203,#4204,#4205,#4206,#4207,#4208,#4209,#4210,#4211,#4212,
#4213,#4214,#4215,#4216,#4217,#4218,#4219,#4220,#4221,#4222,#4223,#4224,
#4225,#4226,#4227,#4228,#4229,#4230,#4231,#4232,#4233,#4234,#4235,#4236,
#4237,#4238,#4239,#4240,#4241,#4242,#4243,#4244,#4245,#4246,#4247,#4248,
#4249,#4250,#4251,#4252,#4253,#4254,#4255,#4256,#4257,#4258,#4259,#4260,
#4261,#4262,#4263,#4264,#4265,#4266,#4267,#4268,#4269,#4270,#4271,#4272,
#4273,#4274,#4275));
#4324=CLOSED_SHELL('',(#4276,#4277,#4278,#4279,#4280,#4281,#4282,#4283,
#4284,#4285,#4286,#4287,#4288,#4289,#4290,#4291,#4292,#4293,#4294,#4295,
#4296,#4297,#4298,#4299,#4300,#4301,#4302,#4303,#4304,#4305,#4306,#4307,
#4308,#4309,#4310,#4311,#4312,#4313,#4314,#4315,#4316,#4317,#4318,#4319,
#4320,#4321));
#4325=STYLED_ITEM('',(#4328),#4349);
#4326=STYLED_ITEM('',(#4329),#4350);
#4327=STYLED_ITEM('',(#4330),#4351);
#4328=PRESENTATION_STYLE_ASSIGNMENT((#4331));
#4329=PRESENTATION_STYLE_ASSIGNMENT((#4332));
#4330=PRESENTATION_STYLE_ASSIGNMENT((#4333));
#4331=SURFACE_STYLE_USAGE(.BOTH.,#4334);
#4332=SURFACE_STYLE_USAGE(.BOTH.,#4335);
#4333=SURFACE_STYLE_USAGE(.BOTH.,#4336);
#4334=SURFACE_SIDE_STYLE('',(#4337));
#4335=SURFACE_SIDE_STYLE('',(#4338));
#4336=SURFACE_SIDE_STYLE('',(#4339));
#4337=SURFACE_STYLE_FILL_AREA(#4340);
#4338=SURFACE_STYLE_FILL_AREA(#4341);
#4339=SURFACE_STYLE_FILL_AREA(#4342);
#4340=FILL_AREA_STYLE('',(#4343));
#4341=FILL_AREA_STYLE('',(#4344));
#4342=FILL_AREA_STYLE('',(#4345));
#4343=FILL_AREA_STYLE_COLOUR('',#4346);
#4344=FILL_AREA_STYLE_COLOUR('',#4347);
#4345=FILL_AREA_STYLE_COLOUR('',#4348);
#4346=COLOUR_RGB('',0.654901960784314,0.823529411764706,0.576470588235294);
#4347=COLOUR_RGB('',0.596078431372549,0.176470588235294,0.0509803921568627);
#4348=COLOUR_RGB('',0.231372549019608,0.380392156862745,0.705882352941177);
#4349=MANIFOLD_SOLID_BREP('Part 1',#4322);
#4350=MANIFOLD_SOLID_BREP('Part 1',#4323);
#4351=MANIFOLD_SOLID_BREP('Part 2',#4324);
#4352=SHAPE_DEFINITION_REPRESENTATION(#7576,#4356);
#4353=SHAPE_DEFINITION_REPRESENTATION(#7577,#4357);
#4354=SHAPE_DEFINITION_REPRESENTATION(#7579,#4358);
#4355=SHAPE_DEFINITION_REPRESENTATION(#7581,#4359);
#4356=SHAPE_REPRESENTATION('HACKATHON_ASSEMBLY',(#4360,#4432,#4690,#4775),
#7565);
#4357=SHAPE_REPRESENTATION('Part 1',(#4360),#7566);
#4358=SHAPE_REPRESENTATION('Part 1',(#4360),#7567);
#4359=SHAPE_REPRESENTATION('Part 2',(#4360),#7568);
#4360=AXIS2_PLACEMENT_3D('',#6043,#4776,#4777);
#4361=AXIS2_PLACEMENT_3D('',#6044,#4778,#4779);
#4362=AXIS2_PLACEMENT_3D('',#6045,#4780,#4781);
#4363=AXIS2_PLACEMENT_3D('',#6047,#4782,#4783);
#4364=AXIS2_PLACEMENT_3D('',#6049,#4784,#4785);
#4365=AXIS2_PLACEMENT_3D('',#6055,#4788,#4789);
#4366=AXIS2_PLACEMENT_3D('',#6063,#4793,#4794);
#4367=AXIS2_PLACEMENT_3D('',#6067,#4796,#4797);
#4368=AXIS2_PLACEMENT_3D('',#6071,#4799,#4800);
#4369=AXIS2_PLACEMENT_3D('',#6075,#4802,#4803);
#4370=AXIS2_PLACEMENT_3D('',#6079,#4805,#4806);
#4371=AXIS2_PLACEMENT_3D('',#6083,#4808,#4809);
#4372=AXIS2_PLACEMENT_3D('',#6091,#4813,#4814);
#4373=AXIS2_PLACEMENT_3D('',#6098,#4818,#4819);
#4374=AXIS2_PLACEMENT_3D('',#6103,#4822,#4823);
#4375=AXIS2_PLACEMENT_3D('',#6107,#4825,#4826);
#4376=AXIS2_PLACEMENT_3D('',#6108,#4827,#4828);
#4377=AXIS2_PLACEMENT_3D('',#6114,#4832,#4833);
#4378=AXIS2_PLACEMENT_3D('',#6118,#4836,#4837);
#4379=AXIS2_PLACEMENT_3D('',#6128,#4840,#4841);
#4380=AXIS2_PLACEMENT_3D('',#6134,#4845,#4846);
#4381=AXIS2_PLACEMENT_3D('',#6138,#4849,#4850);
#4382=AXIS2_PLACEMENT_3D('',#6142,#4853,#4854);
#4383=AXIS2_PLACEMENT_3D('',#6147,#4857,#4858);
#4384=AXIS2_PLACEMENT_3D('',#6151,#4860,#4861);
#4385=AXIS2_PLACEMENT_3D('',#6152,#4862,#4863);
#4386=AXIS2_PLACEMENT_3D('',#6153,#4864,#4865);
#4387=AXIS2_PLACEMENT_3D('',#6162,#4869,#4870);
#4388=AXIS2_PLACEMENT_3D('',#6166,#4872,#4873);
#4389=AXIS2_PLACEMENT_3D('',#6167,#4874,#4875);
#4390=AXIS2_PLACEMENT_3D('',#6173,#4879,#4880);
#4391=AXIS2_PLACEMENT_3D('',#6174,#4881,#4882);
#4392=AXIS2_PLACEMENT_3D('',#6181,#4886,#4887);
#4393=AXIS2_PLACEMENT_3D('',#6187,#4891,#4892);
#4394=AXIS2_PLACEMENT_3D('',#6193,#4896,#4897);
#4395=AXIS2_PLACEMENT_3D('',#6196,#4900,#4901);
#4396=AXIS2_PLACEMENT_3D('',#6205,#4906,#4907);
#4397=AXIS2_PLACEMENT_3D('',#6206,#4908,#4909);
#4398=AXIS2_PLACEMENT_3D('',#6209,#4912,#4913);
#4399=AXIS2_PLACEMENT_3D('',#6210,#4914,#4915);
#4400=AXIS2_PLACEMENT_3D('',#6211,#4916,#4917);
#4401=AXIS2_PLACEMENT_3D('',#6214,#4920,#4921);
#4402=AXIS2_PLACEMENT_3D('',#6217,#4924,#4925);
#4403=AXIS2_PLACEMENT_3D('',#6218,#4926,#4927);
#4404=AXIS2_PLACEMENT_3D('',#6219,#4928,#4929);
#4405=AXIS2_PLACEMENT_3D('',#6220,#4930,#4931);
#4406=AXIS2_PLACEMENT_3D('',#6221,#4932,#4933);
#4407=AXIS2_PLACEMENT_3D('',#6222,#4934,#4935);
#4408=AXIS2_PLACEMENT_3D('',#6223,#4936,#4937);
#4409=AXIS2_PLACEMENT_3D('',#6224,#4938,#4939);
#4410=AXIS2_PLACEMENT_3D('',#6225,#4940,#4941);
#4411=AXIS2_PLACEMENT_3D('',#6226,#4942,#4943);
#4412=AXIS2_PLACEMENT_3D('',#6227,#4944,#4945);
#4413=AXIS2_PLACEMENT_3D('',#6228,#4946,#4947);
#4414=AXIS2_PLACEMENT_3D('',#6229,#4948,#4949);
#4415=AXIS2_PLACEMENT_3D('',#6230,#4950,#4951);
#4416=AXIS2_PLACEMENT_3D('',#6231,#4952,#4953);
#4417=AXIS2_PLACEMENT_3D('',#6232,#4954,#4955);
#4418=AXIS2_PLACEMENT_3D('',#6233,#4956,#4957);
#4419=AXIS2_PLACEMENT_3D('',#6234,#4958,#4959);
#4420=AXIS2_PLACEMENT_3D('',#6235,#4960,#4961);
#4421=AXIS2_PLACEMENT_3D('',#6236,#4962,#4963);
#4422=AXIS2_PLACEMENT_3D('',#6237,#4964,#4965);
#4423=AXIS2_PLACEMENT_3D('',#6238,#4966,#4967);
#4424=AXIS2_PLACEMENT_3D('',#6239,#4968,#4969);
#4425=AXIS2_PLACEMENT_3D('',#6240,#4970,#4971);
#4426=AXIS2_PLACEMENT_3D('',#6241,#4972,#4973);
#4427=AXIS2_PLACEMENT_3D('',#6242,#4974,#4975);
#4428=AXIS2_PLACEMENT_3D('',#6243,#4976,#4977);
#4429=AXIS2_PLACEMENT_3D('',#6244,#4978,#4979);
#4430=AXIS2_PLACEMENT_3D('',#6245,#4980,#4981);
#4431=AXIS2_PLACEMENT_3D('',#6246,#4982,#4983);
#4432=AXIS2_PLACEMENT_3D('',#6247,#4984,#4985);
#4433=AXIS2_PLACEMENT_3D('',#6248,#4986,#4987);
#4434=AXIS2_PLACEMENT_3D('',#6249,#4988,#4989);
#4435=AXIS2_PLACEMENT_3D('',#6270,#4999,#5000);
#4436=AXIS2_PLACEMENT_3D('',#6274,#5002,#5003);
#4437=AXIS2_PLACEMENT_3D('',#6294,#5013,#5014);
#4438=AXIS2_PLACEMENT_3D('',#6301,#5018,#5019);
#4439=AXIS2_PLACEMENT_3D('',#6310,#5024,#5025);
#4440=AXIS2_PLACEMENT_3D('',#6319,#5030,#5031);
#4441=AXIS2_PLACEMENT_3D('',#6328,#5036,#5037);
#4442=AXIS2_PLACEMENT_3D('',#6332,#5039,#5040);
#4443=AXIS2_PLACEMENT_3D('',#6336,#5042,#5043);
#4444=AXIS2_PLACEMENT_3D('',#6344,#5047,#5048);
#4445=AXIS2_PLACEMENT_3D('',#6348,#5050,#5051);
#4446=AXIS2_PLACEMENT_3D('',#6354,#5054,#5055);
#4447=AXIS2_PLACEMENT_3D('',#6390,#5073,#5074);
#4448=AXIS2_PLACEMENT_3D('',#6396,#5077,#5078);
#4449=AXIS2_PLACEMENT_3D('',#6400,#5080,#5081);
#4450=AXIS2_PLACEMENT_3D('',#6408,#5085,#5086);
#4451=AXIS2_PLACEMENT_3D('',#6412,#5088,#5089);
#4452=AXIS2_PLACEMENT_3D('',#6413,#5090,#5091);
#4453=AXIS2_PLACEMENT_3D('',#6421,#5095,#5096);
#4454=AXIS2_PLACEMENT_3D('',#6422,#5097,#5098);
#4455=AXIS2_PLACEMENT_3D('',#6428,#5102,#5103);
#4456=AXIS2_PLACEMENT_3D('',#6432,#5105,#5106);
#4457=AXIS2_PLACEMENT_3D('',#6440,#5110,#5111);
#4458=AXIS2_PLACEMENT_3D('',#6447,#5115,#5116);
#4459=AXIS2_PLACEMENT_3D('',#6451,#5118,#5119);
#4460=AXIS2_PLACEMENT_3D('',#6458,#5123,#5124);
#4461=AXIS2_PLACEMENT_3D('',#6466,#5128,#5129);
#4462=AXIS2_PLACEMENT_3D('',#6472,#5133,#5134);
#4463=AXIS2_PLACEMENT_3D('',#6478,#5138,#5139);
#4464=AXIS2_PLACEMENT_3D('',#6479,#5140,#5141);
#4465=AXIS2_PLACEMENT_3D('',#6485,#5144,#5145);
#4466=AXIS2_PLACEMENT_3D('',#6493,#5149,#5150);
#4467=AXIS2_PLACEMENT_3D('',#6498,#5153,#5154);
#4468=AXIS2_PLACEMENT_3D('',#6502,#5156,#5157);
#4469=AXIS2_PLACEMENT_3D('',#6507,#5160,#5161);
#4470=AXIS2_PLACEMENT_3D('',#6515,#5165,#5166);
#4471=AXIS2_PLACEMENT_3D('',#6518,#5168,#5169);
#4472=AXIS2_PLACEMENT_3D('',#6524,#5173,#5174);
#4473=AXIS2_PLACEMENT_3D('',#6530,#5178,#5179);
#4474=AXIS2_PLACEMENT_3D('',#6539,#5184,#5185);
#4475=AXIS2_PLACEMENT_3D('',#6545,#5189,#5190);
#4476=AXIS2_PLACEMENT_3D('',#6548,#5193,#5194);
#4477=AXIS2_PLACEMENT_3D('',#6554,#5198,#5199);
#4478=AXIS2_PLACEMENT_3D('',#6558,#5202,#5203);
#4479=AXIS2_PLACEMENT_3D('',#6562,#5206,#5207);
#4480=AXIS2_PLACEMENT_3D('',#6568,#5211,#5212);
#4481=AXIS2_PLACEMENT_3D('',#6572,#5215,#5216);
#4482=AXIS2_PLACEMENT_3D('',#6576,#5219,#5220);
#4483=AXIS2_PLACEMENT_3D('',#6587,#5227,#5228);
#4484=AXIS2_PLACEMENT_3D('',#6593,#5232,#5233);
#4485=AXIS2_PLACEMENT_3D('',#6605,#5241,#5242);
#4486=AXIS2_PLACEMENT_3D('',#6614,#5247,#5248);
#4487=AXIS2_PLACEMENT_3D('',#6620,#5252,#5253);
#4488=AXIS2_PLACEMENT_3D('',#6626,#5257,#5258);
#4489=AXIS2_PLACEMENT_3D('',#6635,#5263,#5264);
#4490=AXIS2_PLACEMENT_3D('',#6638,#5267,#5268);
#4491=AXIS2_PLACEMENT_3D('',#6639,#5269,#5270);
#4492=AXIS2_PLACEMENT_3D('',#6640,#5271,#5272);
#4493=AXIS2_PLACEMENT_3D('',#6641,#5273,#5274);
#4494=AXIS2_PLACEMENT_3D('',#6642,#5275,#5276);
#4495=AXIS2_PLACEMENT_3D('',#6643,#5277,#5278);
#4496=AXIS2_PLACEMENT_3D('',#6644,#5279,#5280);
#4497=AXIS2_PLACEMENT_3D('',#6645,#5281,#5282);
#4498=AXIS2_PLACEMENT_3D('',#6646,#5283,#5284);
#4499=AXIS2_PLACEMENT_3D('',#6647,#5285,#5286);
#4500=AXIS2_PLACEMENT_3D('',#6651,#5288,#5289);
#4501=AXIS2_PLACEMENT_3D('',#6656,#5292,#5293);
#4502=AXIS2_PLACEMENT_3D('',#6657,#5294,#5295);
#4503=AXIS2_PLACEMENT_3D('',#6662,#5298,#5299);
#4504=AXIS2_PLACEMENT_3D('',#6664,#5301,#5302);
#4505=AXIS2_PLACEMENT_3D('',#6666,#5304,#5305);
#4506=AXIS2_PLACEMENT_3D('',#6669,#5308,#5309);
#4507=AXIS2_PLACEMENT_3D('',#6671,#5311,#5312);
#4508=AXIS2_PLACEMENT_3D('',#6673,#5314,#5315);
#4509=AXIS2_PLACEMENT_3D('',#6676,#5318,#5319);
#4510=AXIS2_PLACEMENT_3D('',#6678,#5321,#5322);
#4511=AXIS2_PLACEMENT_3D('',#6680,#5324,#5325);
#4512=AXIS2_PLACEMENT_3D('',#6683,#5328,#5329);
#4513=AXIS2_PLACEMENT_3D('',#6684,#5330,#5331);
#4514=AXIS2_PLACEMENT_3D('',#6690,#5335,#5336);
#4515=AXIS2_PLACEMENT_3D('',#6694,#5339,#5340);
#4516=AXIS2_PLACEMENT_3D('',#6696,#5342,#5343);
#4517=AXIS2_PLACEMENT_3D('',#6700,#5346,#5347);
#4518=AXIS2_PLACEMENT_3D('',#6706,#5351,#5352);
#4519=AXIS2_PLACEMENT_3D('',#6712,#5356,#5357);
#4520=AXIS2_PLACEMENT_3D('',#6718,#5361,#5362);
#4521=AXIS2_PLACEMENT_3D('',#6724,#5366,#5367);
#4522=AXIS2_PLACEMENT_3D('',#6730,#5371,#5372);
#4523=AXIS2_PLACEMENT_3D('',#6734,#5375,#5376);
#4524=AXIS2_PLACEMENT_3D('',#6740,#5380,#5381);
#4525=AXIS2_PLACEMENT_3D('',#6744,#5384,#5385);
#4526=AXIS2_PLACEMENT_3D('',#6750,#5389,#5390);
#4527=AXIS2_PLACEMENT_3D('',#6756,#5394,#5395);
#4528=AXIS2_PLACEMENT_3D('',#6760,#5398,#5399);
#4529=AXIS2_PLACEMENT_3D('',#6764,#5402,#5403);
#4530=AXIS2_PLACEMENT_3D('',#6770,#5407,#5408);
#4531=AXIS2_PLACEMENT_3D('',#6775,#5411,#5412);
#4532=AXIS2_PLACEMENT_3D('',#6781,#5413,#5414);
#4533=AXIS2_PLACEMENT_3D('',#6790,#5419,#5420);
#4534=AXIS2_PLACEMENT_3D('',#6791,#5421,#5422);
#4535=AXIS2_PLACEMENT_3D('',#6801,#5425,#5426);
#4536=AXIS2_PLACEMENT_3D('',#6802,#5427,#5428);
#4537=AXIS2_PLACEMENT_3D('',#6803,#5429,#5430);
#4538=AXIS2_PLACEMENT_3D('',#6804,#5431,#5432);
#4539=AXIS2_PLACEMENT_3D('',#6805,#5433,#5434);
#4540=AXIS2_PLACEMENT_3D('',#6806,#5435,#5436);
#4541=AXIS2_PLACEMENT_3D('',#6807,#5437,#5438);
#4542=AXIS2_PLACEMENT_3D('',#6808,#5439,#5440);
#4543=AXIS2_PLACEMENT_3D('',#6809,#5441,#5442);
#4544=AXIS2_PLACEMENT_3D('',#6810,#5443,#5444);
#4545=AXIS2_PLACEMENT_3D('',#6811,#5445,#5446);
#4546=AXIS2_PLACEMENT_3D('',#6812,#5447,#5448);
#4547=AXIS2_PLACEMENT_3D('',#6813,#5449,#5450);
#4548=AXIS2_PLACEMENT_3D('',#6814,#5451,#5452);
#4549=AXIS2_PLACEMENT_3D('',#6815,#5453,#5454);
#4550=AXIS2_PLACEMENT_3D('',#6816,#5455,#5456);
#4551=AXIS2_PLACEMENT_3D('',#6817,#5457,#5458);
#4552=AXIS2_PLACEMENT_3D('',#6818,#5459,#5460);
#4553=AXIS2_PLACEMENT_3D('',#6819,#5461,#5462);
#4554=AXIS2_PLACEMENT_3D('',#6820,#5463,#5464);
#4555=AXIS2_PLACEMENT_3D('',#6821,#5465,#5466);
#4556=AXIS2_PLACEMENT_3D('',#6822,#5467,#5468);
#4557=AXIS2_PLACEMENT_3D('',#6823,#5469,#5470);
#4558=AXIS2_PLACEMENT_3D('',#6824,#5471,#5472);
#4559=AXIS2_PLACEMENT_3D('',#6825,#5473,#5474);
#4560=AXIS2_PLACEMENT_3D('',#6826,#5475,#5476);
#4561=AXIS2_PLACEMENT_3D('',#6827,#5477,#5478);
#4562=AXIS2_PLACEMENT_3D('',#6828,#5479,#5480);
#4563=AXIS2_PLACEMENT_3D('',#6829,#5481,#5482);
#4564=AXIS2_PLACEMENT_3D('',#6830,#5483,#5484);
#4565=AXIS2_PLACEMENT_3D('',#6831,#5485,#5486);
#4566=AXIS2_PLACEMENT_3D('',#6832,#5487,#5488);
#4567=AXIS2_PLACEMENT_3D('',#6833,#5489,#5490);
#4568=AXIS2_PLACEMENT_3D('',#6834,#5491,#5492);
#4569=AXIS2_PLACEMENT_3D('',#6835,#5493,#5494);
#4570=AXIS2_PLACEMENT_3D('',#6836,#5495,#5496);
#4571=AXIS2_PLACEMENT_3D('',#6837,#5497,#5498);
#4572=AXIS2_PLACEMENT_3D('',#6838,#5499,#5500);
#4573=AXIS2_PLACEMENT_3D('',#6839,#5501,#5502);
#4574=AXIS2_PLACEMENT_3D('',#6840,#5503,#5504);
#4575=AXIS2_PLACEMENT_3D('',#6841,#5505,#5506);
#4576=AXIS2_PLACEMENT_3D('',#6842,#5507,#5508);
#4577=AXIS2_PLACEMENT_3D('',#6843,#5509,#5510);
#4578=AXIS2_PLACEMENT_3D('',#6844,#5511,#5512);
#4579=AXIS2_PLACEMENT_3D('',#6845,#5513,#5514);
#4580=AXIS2_PLACEMENT_3D('',#6846,#5515,#5516);
#4581=AXIS2_PLACEMENT_3D('',#6847,#5517,#5518);
#4582=AXIS2_PLACEMENT_3D('',#6848,#5519,#5520);
#4583=AXIS2_PLACEMENT_3D('',#6849,#5521,#5522);
#4584=AXIS2_PLACEMENT_3D('',#6850,#5523,#5524);
#4585=AXIS2_PLACEMENT_3D('',#6851,#5525,#5526);
#4586=AXIS2_PLACEMENT_3D('',#6852,#5527,#5528);
#4587=AXIS2_PLACEMENT_3D('',#6853,#5529,#5530);
#4588=AXIS2_PLACEMENT_3D('',#6854,#5531,#5532);
#4589=AXIS2_PLACEMENT_3D('',#6855,#5533,#5534);
#4590=AXIS2_PLACEMENT_3D('',#6856,#5535,#5536);
#4591=AXIS2_PLACEMENT_3D('',#6857,#5537,#5538);
#4592=AXIS2_PLACEMENT_3D('',#6858,#5539,#5540);
#4593=AXIS2_PLACEMENT_3D('',#6859,#5541,#5542);
#4594=AXIS2_PLACEMENT_3D('',#6860,#5543,#5544);
#4595=AXIS2_PLACEMENT_3D('',#6861,#5545,#5546);
#4596=AXIS2_PLACEMENT_3D('',#6862,#5547,#5548);
#4597=AXIS2_PLACEMENT_3D('',#6863,#5549,#5550);
#4598=AXIS2_PLACEMENT_3D('',#6864,#5551,#5552);
#4599=AXIS2_PLACEMENT_3D('',#6865,#5553,#5554);
#4600=AXIS2_PLACEMENT_3D('',#6866,#5555,#5556);
#4601=AXIS2_PLACEMENT_3D('',#6867,#5557,#5558);
#4602=AXIS2_PLACEMENT_3D('',#6868,#5559,#5560);
#4603=AXIS2_PLACEMENT_3D('',#6869,#5561,#5562);
#4604=AXIS2_PLACEMENT_3D('',#6870,#5563,#5564);
#4605=AXIS2_PLACEMENT_3D('',#6871,#5565,#5566);
#4606=AXIS2_PLACEMENT_3D('',#6880,#5571,#5572);
#4607=AXIS2_PLACEMENT_3D('',#6886,#5576,#5577);
#4608=AXIS2_PLACEMENT_3D('',#6894,#5581,#5582);
#4609=AXIS2_PLACEMENT_3D('',#6904,#5587,#5588);
#4610=AXIS2_PLACEMENT_3D('',#6913,#5593,#5594);
#4611=AXIS2_PLACEMENT_3D('',#6918,#5597,#5598);
#4612=AXIS2_PLACEMENT_3D('',#6923,#5601,#5602);
#4613=AXIS2_PLACEMENT_3D('',#6929,#5606,#5607);
#4614=AXIS2_PLACEMENT_3D('',#6939,#5612,#5613);
#4615=AXIS2_PLACEMENT_3D('',#6944,#5616,#5617);
#4616=AXIS2_PLACEMENT_3D('',#6953,#5622,#5623);
#4617=AXIS2_PLACEMENT_3D('',#6960,#5627,#5628);
#4618=AXIS2_PLACEMENT_3D('',#6963,#5630,#5631);
#4619=AXIS2_PLACEMENT_3D('',#6965,#5633,#5634);
#4620=AXIS2_PLACEMENT_3D('',#6967,#5636,#5637);
#4621=AXIS2_PLACEMENT_3D('',#6969,#5639,#5640);
#4622=AXIS2_PLACEMENT_3D('',#6971,#5642,#5643);
#4623=AXIS2_PLACEMENT_3D('',#6973,#5645,#5646);
#4624=AXIS2_PLACEMENT_3D('',#6975,#5648,#5649);
#4625=AXIS2_PLACEMENT_3D('',#6977,#5651,#5652);
#4626=AXIS2_PLACEMENT_3D('',#6979,#5654,#5655);
#4627=AXIS2_PLACEMENT_3D('',#6981,#5657,#5658);
#4628=AXIS2_PLACEMENT_3D('',#6982,#5659,#5660);
#4629=AXIS2_PLACEMENT_3D('',#6983,#5661,#5662);
#4630=AXIS2_PLACEMENT_3D('',#6985,#5664,#5665);
#4631=AXIS2_PLACEMENT_3D('',#6989,#5667,#5668);
#4632=AXIS2_PLACEMENT_3D('',#6990,#5669,#5670);
#4633=AXIS2_PLACEMENT_3D('',#6992,#5672,#5673);
#4634=AXIS2_PLACEMENT_3D('',#6996,#5675,#5676);
#4635=AXIS2_PLACEMENT_3D('',#6997,#5677,#5678);
#4636=AXIS2_PLACEMENT_3D('',#6998,#5679,#5680);
#4637=AXIS2_PLACEMENT_3D('',#6999,#5681,#5682);
#4638=AXIS2_PLACEMENT_3D('',#7000,#5683,#5684);
#4639=AXIS2_PLACEMENT_3D('',#7001,#5685,#5686);
#4640=AXIS2_PLACEMENT_3D('',#7002,#5687,#5688);
#4641=AXIS2_PLACEMENT_3D('',#7003,#5689,#5690);
#4642=AXIS2_PLACEMENT_3D('',#7004,#5691,#5692);
#4643=AXIS2_PLACEMENT_3D('',#7005,#5693,#5694);
#4644=AXIS2_PLACEMENT_3D('',#7006,#5695,#5696);
#4645=AXIS2_PLACEMENT_3D('',#7007,#5697,#5698);
#4646=AXIS2_PLACEMENT_3D('',#7008,#5699,#5700);
#4647=AXIS2_PLACEMENT_3D('',#7009,#5701,#5702);
#4648=AXIS2_PLACEMENT_3D('',#7010,#5703,#5704);
#4649=AXIS2_PLACEMENT_3D('',#7011,#5705,#5706);
#4650=AXIS2_PLACEMENT_3D('',#7012,#5707,#5708);
#4651=AXIS2_PLACEMENT_3D('',#7013,#5709,#5710);
#4652=AXIS2_PLACEMENT_3D('',#7014,#5711,#5712);
#4653=AXIS2_PLACEMENT_3D('',#7015,#5713,#5714);
#4654=AXIS2_PLACEMENT_3D('',#7016,#5715,#5716);
#4655=AXIS2_PLACEMENT_3D('',#7017,#5717,#5718);
#4656=AXIS2_PLACEMENT_3D('',#7018,#5719,#5720);
#4657=AXIS2_PLACEMENT_3D('',#7019,#5721,#5722);
#4658=AXIS2_PLACEMENT_3D('',#7020,#5723,#5724);
#4659=AXIS2_PLACEMENT_3D('',#7042,#5725,#5726);
#4660=AXIS2_PLACEMENT_3D('',#7043,#5727,#5728);
#4661=AXIS2_PLACEMENT_3D('',#7044,#5729,#5730);
#4662=AXIS2_PLACEMENT_3D('',#7066,#5731,#5732);
#4663=AXIS2_PLACEMENT_3D('',#7067,#5733,#5734);
#4664=AXIS2_PLACEMENT_3D('',#7068,#5735,#5736);
#4665=AXIS2_PLACEMENT_3D('',#7069,#5737,#5738);
#4666=AXIS2_PLACEMENT_3D('',#7091,#5739,#5740);
#4667=AXIS2_PLACEMENT_3D('',#7092,#5741,#5742);
#4668=AXIS2_PLACEMENT_3D('',#7093,#5743,#5744);
#4669=AXIS2_PLACEMENT_3D('',#7094,#5745,#5746);
#4670=AXIS2_PLACEMENT_3D('',#7116,#5747,#5748);
#4671=AXIS2_PLACEMENT_3D('',#7117,#5749,#5750);
#4672=AXIS2_PLACEMENT_3D('',#7118,#5751,#5752);
#4673=AXIS2_PLACEMENT_3D('',#7119,#5753,#5754);
#4674=AXIS2_PLACEMENT_3D('',#7141,#5755,#5756);
#4675=AXIS2_PLACEMENT_3D('',#7142,#5757,#5758);
#4676=AXIS2_PLACEMENT_3D('',#7164,#5759,#5760);
#4677=AXIS2_PLACEMENT_3D('',#7165,#5761,#5762);
#4678=AXIS2_PLACEMENT_3D('',#7187,#5763,#5764);
#4679=AXIS2_PLACEMENT_3D('',#7188,#5765,#5766);
#4680=AXIS2_PLACEMENT_3D('',#7210,#5767,#5768);
#4681=AXIS2_PLACEMENT_3D('',#7211,#5769,#5770);
#4682=AXIS2_PLACEMENT_3D('',#7233,#5771,#5772);
#4683=AXIS2_PLACEMENT_3D('',#7234,#5773,#5774);
#4684=AXIS2_PLACEMENT_3D('',#7256,#5775,#5776);
#4685=AXIS2_PLACEMENT_3D('',#7257,#5777,#5778);
#4686=AXIS2_PLACEMENT_3D('',#7279,#5779,#5780);
#4687=AXIS2_PLACEMENT_3D('',#7280,#5781,#5782);
#4688=AXIS2_PLACEMENT_3D('',#7302,#5783,#5784);
#4689=AXIS2_PLACEMENT_3D('',#7303,#5785,#5786);
#4690=AXIS2_PLACEMENT_3D('',#7304,#5787,#5788);
#4691=AXIS2_PLACEMENT_3D('',#7305,#5789,#5790);
#4692=AXIS2_PLACEMENT_3D('',#7318,#5797,#5798);
#4693=AXIS2_PLACEMENT_3D('',#7319,#5799,#5800);
#4694=AXIS2_PLACEMENT_3D('',#7333,#5807,#5808);
#4695=AXIS2_PLACEMENT_3D('',#7339,#5811,#5812);
#4696=AXIS2_PLACEMENT_3D('',#7348,#5817,#5818);
#4697=AXIS2_PLACEMENT_3D('',#7361,#5825,#5826);
#4698=AXIS2_PLACEMENT_3D('',#7370,#5831,#5832);
#4699=AXIS2_PLACEMENT_3D('',#7379,#5837,#5838);
#4700=AXIS2_PLACEMENT_3D('',#7388,#5843,#5844);
#4701=AXIS2_PLACEMENT_3D('',#7391,#5847,#5848);
#4702=AXIS2_PLACEMENT_3D('',#7400,#5853,#5854);
#4703=AXIS2_PLACEMENT_3D('',#7409,#5859,#5860);
#4704=AXIS2_PLACEMENT_3D('',#7421,#5864,#5865);
#4705=AXIS2_PLACEMENT_3D('',#7427,#5869,#5870);
#4706=AXIS2_PLACEMENT_3D('',#7434,#5874,#5875);
#4707=AXIS2_PLACEMENT_3D('',#7435,#5876,#5877);
#4708=AXIS2_PLACEMENT_3D('',#7442,#5881,#5882);
#4709=AXIS2_PLACEMENT_3D('',#7443,#5883,#5884);
#4710=AXIS2_PLACEMENT_3D('',#7449,#5888,#5889);
#4711=AXIS2_PLACEMENT_3D('',#7461,#5893,#5894);
#4712=AXIS2_PLACEMENT_3D('',#7462,#5895,#5896);
#4713=AXIS2_PLACEMENT_3D('',#7463,#5897,#5898);
#4714=AXIS2_PLACEMENT_3D('',#7464,#5899,#5900);
#4715=AXIS2_PLACEMENT_3D('',#7465,#5901,#5902);
#4716=AXIS2_PLACEMENT_3D('',#7466,#5903,#5904);
#4717=AXIS2_PLACEMENT_3D('',#7467,#5905,#5906);
#4718=AXIS2_PLACEMENT_3D('',#7468,#5907,#5908);
#4719=AXIS2_PLACEMENT_3D('',#7469,#5909,#5910);
#4720=AXIS2_PLACEMENT_3D('',#7470,#5911,#5912);
#4721=AXIS2_PLACEMENT_3D('',#7477,#5916,#5917);
#4722=AXIS2_PLACEMENT_3D('',#7478,#5918,#5919);
#4723=AXIS2_PLACEMENT_3D('',#7482,#5922,#5923);
#4724=AXIS2_PLACEMENT_3D('',#7483,#5924,#5925);
#4725=AXIS2_PLACEMENT_3D('',#7486,#5927,#5928);
#4726=AXIS2_PLACEMENT_3D('',#7495,#5933,#5934);
#4727=AXIS2_PLACEMENT_3D('',#7502,#5938,#5939);
#4728=AXIS2_PLACEMENT_3D('',#7503,#5940,#5941);
#4729=AXIS2_PLACEMENT_3D('',#7512,#5946,#5947);
#4730=AXIS2_PLACEMENT_3D('',#7518,#5951,#5952);
#4731=AXIS2_PLACEMENT_3D('',#7519,#5953,#5954);
#4732=AXIS2_PLACEMENT_3D('',#7520,#5955,#5956);
#4733=AXIS2_PLACEMENT_3D('',#7521,#5957,#5958);
#4734=AXIS2_PLACEMENT_3D('',#7522,#5959,#5960);
#4735=AXIS2_PLACEMENT_3D('',#7523,#5961,#5962);
#4736=AXIS2_PLACEMENT_3D('',#7524,#5963,#5964);
#4737=AXIS2_PLACEMENT_3D('',#7525,#5965,#5966);
#4738=AXIS2_PLACEMENT_3D('',#7526,#5967,#5968);
#4739=AXIS2_PLACEMENT_3D('',#7527,#5969,#5970);
#4740=AXIS2_PLACEMENT_3D('',#7528,#5971,#5972);
#4741=AXIS2_PLACEMENT_3D('',#7529,#5973,#5974);
#4742=AXIS2_PLACEMENT_3D('',#7530,#5975,#5976);
#4743=AXIS2_PLACEMENT_3D('',#7531,#5977,#5978);
#4744=AXIS2_PLACEMENT_3D('',#7532,#5979,#5980);
#4745=AXIS2_PLACEMENT_3D('',#7533,#5981,#5982);
#4746=AXIS2_PLACEMENT_3D('',#7534,#5983,#5984);
#4747=AXIS2_PLACEMENT_3D('',#7535,#5985,#5986);
#4748=AXIS2_PLACEMENT_3D('',#7536,#5987,#5988);
#4749=AXIS2_PLACEMENT_3D('',#7537,#5989,#5990);
#4750=AXIS2_PLACEMENT_3D('',#7538,#5991,#5992);
#4751=AXIS2_PLACEMENT_3D('',#7539,#5993,#5994);
#4752=AXIS2_PLACEMENT_3D('',#7540,#5995,#5996);
#4753=AXIS2_PLACEMENT_3D('',#7541,#5997,#5998);
#4754=AXIS2_PLACEMENT_3D('',#7542,#5999,#6000);
#4755=AXIS2_PLACEMENT_3D('',#7543,#6001,#6002);
#4756=AXIS2_PLACEMENT_3D('',#7544,#6003,#6004);
#4757=AXIS2_PLACEMENT_3D('',#7545,#6005,#6006);
#4758=AXIS2_PLACEMENT_3D('',#7546,#6007,#6008);
#4759=AXIS2_PLACEMENT_3D('',#7547,#6009,#6010);
#4760=AXIS2_PLACEMENT_3D('',#7548,#6011,#6012);
#4761=AXIS2_PLACEMENT_3D('',#7549,#6013,#6014);
#4762=AXIS2_PLACEMENT_3D('',#7550,#6015,#6016);
#4763=AXIS2_PLACEMENT_3D('',#7551,#6017,#6018);
#4764=AXIS2_PLACEMENT_3D('',#7552,#6019,#6020);
#4765=AXIS2_PLACEMENT_3D('',#7553,#6021,#6022);
#4766=AXIS2_PLACEMENT_3D('',#7554,#6023,#6024);
#4767=AXIS2_PLACEMENT_3D('',#7555,#6025,#6026);
#4768=AXIS2_PLACEMENT_3D('',#7556,#6027,#6028);
#4769=AXIS2_PLACEMENT_3D('',#7557,#6029,#6030);
#4770=AXIS2_PLACEMENT_3D('',#7558,#6031,#6032);
#4771=AXIS2_PLACEMENT_3D('',#7559,#6033,#6034);
#4772=AXIS2_PLACEMENT_3D('',#7560,#6035,#6036);
#4773=AXIS2_PLACEMENT_3D('',#7561,#6037,#6038);
#4774=AXIS2_PLACEMENT_3D('',#7562,#6039,#6040);
#4775=AXIS2_PLACEMENT_3D('',#7563,#6041,#6042);
#4776=DIRECTION('',(0.,0.,1.));
#4777=DIRECTION('',(1.,0.,0.));
#4778=DIRECTION('',(1.69241314729444E-16,0.,1.));
#4779=DIRECTION('',(1.,0.,-1.69241314729444E-16));
#4780=DIRECTION('',(1.57702134179709E-16,0.,-1.));
#4781=DIRECTION('',(-1.,0.,-1.57702134179709E-16));
#4782=DIRECTION('',(1.69241314729444E-16,0.,1.));
#4783=DIRECTION('',(1.,0.,-1.69241314729444E-16));
#4784=DIRECTION('',(0.,-1.,0.));
#4785=DIRECTION('',(1.,0.,0.));
#4786=DIRECTION('',(0.,0.,-1.));
#4787=DIRECTION('',(-1.,0.,0.));
#4788=DIRECTION('',(0.,-1.,0.));
#4789=DIRECTION('',(0.,0.,-1.));
#4790=DIRECTION('',(0.,0.,-1.));
#4791=DIRECTION('',(-1.,0.,0.));
#4792=DIRECTION('',(0.,0.,1.));
#4793=DIRECTION('',(0.,-1.,0.));
#4794=DIRECTION('',(0.,0.,-1.));
#4795=DIRECTION('',(1.,0.,-1.33440267382831E-16));
#4796=DIRECTION('',(0.,-1.,0.));
#4797=DIRECTION('',(0.,0.,-1.));
#4798=DIRECTION('',(0.,0.,-1.));
#4799=DIRECTION('',(0.,-1.,0.));
#4800=DIRECTION('',(0.,0.,-1.));
#4801=DIRECTION('',(-1.,0.,1.69241314729444E-16));
#4802=DIRECTION('',(0.,-1.,0.));
#4803=DIRECTION('',(0.,0.,-1.));
#4804=DIRECTION('',(0.,0.,-1.));
#4805=DIRECTION('',(0.,-1.,0.));
#4806=DIRECTION('',(0.,0.,-1.));
#4807=DIRECTION('',(-1.,0.,-1.33440267382831E-16));
#4808=DIRECTION('',(0.,-1.,0.));
#4809=DIRECTION('',(0.,0.,-1.));
#4810=DIRECTION('',(0.,0.,1.));
#4811=DIRECTION('',(1.,0.,0.));
#4812=DIRECTION('',(0.,0.,-1.));
#4813=DIRECTION('',(0.,-1.,0.));
#4814=DIRECTION('',(0.,0.,-1.));
#4815=DIRECTION('',(1.,0.,2.16840434497101E-16));
#4816=DIRECTION('',(0.,0.,-1.));
#4817=DIRECTION('',(1.,0.,1.57702134179709E-16));
#4818=DIRECTION('',(0.,0.,1.));
#4819=DIRECTION('',(1.,0.,0.));
#4820=DIRECTION('',(-1.,6.93889390390723E-16,0.));
#4821=DIRECTION('',(0.,-1.,0.));
#4822=DIRECTION('',(0.,0.,1.));
#4823=DIRECTION('',(1.,0.,0.));
#4824=DIRECTION('',(0.,-1.,0.));
#4825=DIRECTION('',(0.,0.,1.));
#4826=DIRECTION('',(1.,0.,0.));
#4827=DIRECTION('',(-1.,0.,0.));
#4828=DIRECTION('',(0.,0.,1.));
#4829=DIRECTION('',(0.,-1.,0.));
#4830=DIRECTION('',(0.,0.,-1.));
#4831=DIRECTION('',(0.,-1.,0.));
#4832=DIRECTION('',(0.,0.,1.));
#4833=DIRECTION('',(1.,0.,0.));
#4834=DIRECTION('',(1.,-6.93889390390723E-16,0.));
#4835=DIRECTION('',(0.,-1.,0.));
#4836=DIRECTION('',(1.,0.,0.));
#4837=DIRECTION('',(0.,0.,-1.));
#4838=DIRECTION('',(0.,0.,1.));
#4839=DIRECTION('',(0.,-1.,0.));
#4840=DIRECTION('',(1.,0.,0.));
#4841=DIRECTION('',(0.,0.,-1.));
#4842=DIRECTION('',(0.,-1.,0.));
#4843=DIRECTION('',(0.,0.,1.));
#4844=DIRECTION('',(0.,-1.,0.));
#4845=DIRECTION('',(0.,0.,-1.));
#4846=DIRECTION('',(-1.,0.,0.));
#4847=DIRECTION('',(1.,-6.93889390390723E-16,0.));
#4848=DIRECTION('',(0.,-1.,0.));
#4849=DIRECTION('',(-1.,0.,0.));
#4850=DIRECTION('',(0.,0.,1.));
#4851=DIRECTION('',(0.,0.,-1.));
#4852=DIRECTION('',(0.,-1.,0.));
#4853=DIRECTION('',(2.16840434497101E-16,0.,-1.));
#4854=DIRECTION('',(-1.,0.,-2.16840434497101E-16));
#4855=DIRECTION('',(0.,-1.,0.));
#4856=DIRECTION('',(1.,-6.93889390390723E-16,2.16840434497101E-16));
#4857=DIRECTION('',(2.16840434497101E-16,0.,-1.));
#4858=DIRECTION('',(-1.,0.,-2.16840434497101E-16));
#4859=DIRECTION('',(0.,-1.,0.));
#4860=DIRECTION('',(2.16840434497101E-16,0.,-1.));
#4861=DIRECTION('',(-1.,0.,-2.16840434497101E-16));
#4862=DIRECTION('',(1.57702134179709E-16,0.,-1.));
#4863=DIRECTION('',(-1.,0.,-1.57702134179709E-16));
#4864=DIRECTION('',(1.57702134179709E-16,0.,-1.));
#4865=DIRECTION('',(-1.,0.,-1.57702134179709E-16));
#4866=DIRECTION('',(0.,-1.,0.));
#4867=DIRECTION('',(1.,0.,1.57702134179709E-16));
#4868=DIRECTION('',(0.,-1.,0.));
#4869=DIRECTION('',(1.57702134179709E-16,0.,-1.));
#4870=DIRECTION('',(-1.,0.,-1.57702134179709E-16));
#4871=DIRECTION('',(-1.,0.,-1.57702134179709E-16));
#4872=DIRECTION('',(1.57702134179709E-16,0.,-1.));
#4873=DIRECTION('',(-1.,0.,-1.57702134179709E-16));
#4874=DIRECTION('',(-1.,0.,0.));
#4875=DIRECTION('',(0.,0.,1.));
#4876=DIRECTION('',(0.,0.,1.));
#4877=DIRECTION('',(0.,-1.,0.));
#4878=DIRECTION('',(0.,-1.,0.));
#4879=DIRECTION('',(1.69241314729444E-16,0.,1.));
#4880=DIRECTION('',(1.,0.,-1.69241314729444E-16));
#4881=DIRECTION('',(1.69241314729444E-16,0.,1.));
#4882=DIRECTION('',(1.,0.,-1.69241314729444E-16));
#4883=DIRECTION('',(0.,-1.,0.));
#4884=DIRECTION('',(1.,0.,-1.69241314729444E-16));
#4885=DIRECTION('',(0.,-1.,0.));
#4886=DIRECTION('',(-1.,0.,0.));
#4887=DIRECTION('',(0.,0.,1.));
#4888=DIRECTION('',(0.,-1.,0.));
#4889=DIRECTION('',(0.,0.,1.));
#4890=DIRECTION('',(0.,-1.,0.));
#4891=DIRECTION('',(-1.33440267382831E-16,0.,-1.));
#4892=DIRECTION('',(-1.,0.,1.33440267382831E-16));
#4893=DIRECTION('',(1.,-6.93889390390723E-16,-1.33440267382831E-16));
#4894=DIRECTION('',(0.,-1.,0.));
#4895=DIRECTION('',(0.,-1.,0.));
#4896=DIRECTION('',(-1.,0.,0.));
#4897=DIRECTION('',(0.,0.,1.));
#4898=DIRECTION('',(0.,0.,-1.));
#4899=DIRECTION('',(0.,0.,-1.));
#4900=DIRECTION('',(6.93889390390723E-16,1.,0.));
#4901=DIRECTION('',(-1.,6.93889390390723E-16,0.));
#4902=DIRECTION('',(-1.,6.93889390390723E-16,-1.33440267382831E-16));
#4903=DIRECTION('',(0.,0.,1.));
#4904=DIRECTION('',(0.,0.,1.));
#4905=DIRECTION('',(1.,-6.93889390390723E-16,-1.33440267382831E-16));
#4906=DIRECTION('',(6.93889390390723E-16,1.,0.));
#4907=DIRECTION('',(-1.,6.93889390390723E-16,0.));
#4908=DIRECTION('',(6.93889390390723E-16,1.,0.));
#4909=DIRECTION('',(-1.,6.93889390390723E-16,0.));
#4910=DIRECTION('',(0.,0.,-1.));
#4911=DIRECTION('',(0.,0.,-1.));
#4912=DIRECTION('',(6.93889390390723E-16,1.,0.));
#4913=DIRECTION('',(-1.,6.93889390390723E-16,0.));
#4914=DIRECTION('',(6.93889390390723E-16,1.,0.));
#4915=DIRECTION('',(-1.,6.93889390390723E-16,0.));
#4916=DIRECTION('',(-1.,0.,0.));
#4917=DIRECTION('',(0.,0.,1.));
#4918=DIRECTION('',(0.,0.,-1.));
#4919=DIRECTION('',(0.,0.,-1.));
#4920=DIRECTION('',(-1.33440267382831E-16,0.,1.));
#4921=DIRECTION('',(1.,0.,1.33440267382831E-16));
#4922=DIRECTION('',(0.,-1.,0.));
#4923=DIRECTION('',(0.,-1.,0.));
#4924=DIRECTION('',(0.,0.,1.));
#4925=DIRECTION('',(1.,0.,0.));
#4926=DIRECTION('',(0.707106781186548,0.,0.707106781186548));
#4927=DIRECTION('',(0.707106781186548,0.,-0.707106781186548));
#4928=DIRECTION('',(0.,0.,-1.));
#4929=DIRECTION('',(-1.,0.,0.));
#4930=DIRECTION('',(0.707106781186548,0.,-0.707106781186548));
#4931=DIRECTION('',(0.707106781186548,0.,0.707106781186548));
#4932=DIRECTION('',(1.,0.,1.57702134179709E-16));
#4933=DIRECTION('',(1.57702134179709E-16,0.,-1.));
#4934=DIRECTION('',(1.57702134179709E-16,0.,-1.));
#4935=DIRECTION('',(-1.,0.,-1.57702134179709E-16));
#4936=DIRECTION('',(1.69241314729444E-16,0.,1.));
#4937=DIRECTION('',(1.,0.,-1.69241314729444E-16));
#4938=DIRECTION('',(0.,1.,0.));
#4939=DIRECTION('',(0.,0.,1.));
#4940=DIRECTION('',(0.,0.707106781186548,0.707106781186548));
#4941=DIRECTION('',(0.,0.707106781186548,-0.707106781186548));
#4942=DIRECTION('',(0.,-1.,0.));
#4943=DIRECTION('',(0.,0.,-1.));
#4944=DIRECTION('',(0.,-0.707106781186548,0.707106781186548));
#4945=DIRECTION('',(0.,-0.707106781186548,-0.707106781186548));
#4946=DIRECTION('',(0.,0.,1.));
#4947=DIRECTION('',(1.,0.,0.));
#4948=DIRECTION('',(0.,1.,0.));
#4949=DIRECTION('',(0.,0.,1.));
#4950=DIRECTION('',(6.93889390390723E-16,1.,0.));
#4951=DIRECTION('',(-1.,6.93889390390723E-16,0.));
#4952=DIRECTION('',(6.93889390390723E-16,1.,0.));
#4953=DIRECTION('',(-1.,6.93889390390723E-16,0.));
#4954=DIRECTION('',(1.,0.,0.));
#4955=DIRECTION('',(0.,0.,-1.));
#4956=DIRECTION('',(1.,-6.93889390390723E-16,-1.33440267382831E-16));
#4957=DIRECTION('',(6.93889390390723E-16,1.,0.));
#4958=DIRECTION('',(1.,0.,0.));
#4959=DIRECTION('',(0.,0.,-1.));
#4960=DIRECTION('',(0.,1.,0.));
#4961=DIRECTION('',(0.,0.,1.));
#4962=DIRECTION('',(0.,1.,-3.46944695195361E-15));
#4963=DIRECTION('',(0.,3.46944695195361E-15,1.));
#4964=DIRECTION('',(0.,-6.93889390390723E-15,-1.));
#4965=DIRECTION('',(0.,1.,-6.93889390390723E-15));
#4966=DIRECTION('',(8.67361737988403E-16,0.,-1.));
#4967=DIRECTION('',(-1.,0.,-8.67361737988403E-16));
#4968=DIRECTION('',(0.,1.,0.));
#4969=DIRECTION('',(0.,0.,1.));
#4970=DIRECTION('',(0.,0.707106781186548,-0.707106781186548));
#4971=DIRECTION('',(0.,0.707106781186548,0.707106781186548));
#4972=DIRECTION('',(0.,0.,-1.));
#4973=DIRECTION('',(-1.,0.,0.));
#4974=DIRECTION('',(0.,0.,1.));
#4975=DIRECTION('',(1.,0.,0.));
#4976=DIRECTION('',(0.,0.,-1.));
#4977=DIRECTION('',(-1.,0.,0.));
#4978=DIRECTION('',(0.,1.,0.));
#4979=DIRECTION('',(0.,0.,1.));
#4980=DIRECTION('',(0.,-1.,0.));
#4981=DIRECTION('',(0.,0.,-1.));
#4982=DIRECTION('',(0.,-1.,0.));
#4983=DIRECTION('',(0.,0.,-1.));
#4984=DIRECTION('',(0.,0.,1.));
#4985=DIRECTION('',(1.,0.,0.));
#4986=DIRECTION('',(0.,0.,-1.));
#4987=DIRECTION('',(-1.,0.,0.));
#4988=DIRECTION('',(0.,0.,-1.));
#4989=DIRECTION('',(-1.,0.,0.));
#4990=DIRECTION('',(-1.,0.,0.));
#4991=DIRECTION('',(0.,-1.,0.));
#4992=DIRECTION('',(1.,0.,0.));
#4993=DIRECTION('',(0.,1.,0.));
#4994=DIRECTION('',(1.,0.,0.));
#4995=DIRECTION('',(0.,-1.,0.));
#4996=DIRECTION('',(-1.,0.,0.));
#4997=DIRECTION('',(3.30423519233678E-16,-1.,0.));
#4998=DIRECTION('',(-1.,0.,0.));
#4999=DIRECTION('',(0.,0.,-1.));
#5000=DIRECTION('',(-1.,0.,0.));
#5001=DIRECTION('',(1.,0.,0.));
#5002=DIRECTION('',(0.,0.,-1.));
#5003=DIRECTION('',(-1.,0.,0.));
#5004=DIRECTION('',(-1.,0.,0.));
#5005=DIRECTION('',(3.30423519233678E-16,-1.,0.));
#5006=DIRECTION('',(-1.,0.,0.));
#5007=DIRECTION('',(0.,-1.,0.));
#5008=DIRECTION('',(1.,0.,0.));
#5009=DIRECTION('',(1.15648231731787E-16,-1.,0.));
#5010=DIRECTION('',(1.,0.,0.));
#5011=DIRECTION('',(0.,-1.,0.));
#5012=DIRECTION('',(-1.,0.,0.));
#5013=DIRECTION('',(0.,0.,-1.));
#5014=DIRECTION('',(-1.,0.,0.));
#5015=DIRECTION('',(3.33600668457078E-16,-1.,0.));
#5016=DIRECTION('',(-1.,-1.4065325480893E-16,0.));
#5017=DIRECTION('',(3.33600668457079E-16,-1.,0.));
#5018=DIRECTION('',(-2.06522328766534E-16,0.,-1.));
#5019=DIRECTION('',(1.,0.,-2.06522328766534E-16));
#5020=DIRECTION('',(0.,1.,0.));
#5021=DIRECTION('',(-1.,-1.15648231731787E-16,2.06522328766534E-16));
#5022=DIRECTION('',(0.,1.,0.));
#5023=DIRECTION('',(-1.,0.,2.06522328766534E-16));
#5024=DIRECTION('',(-2.06522328766534E-16,0.,-1.));
#5025=DIRECTION('',(-1.,0.,2.06522328766534E-16));
#5026=DIRECTION('',(0.,-1.,0.));
#5027=DIRECTION('',(-1.,0.,2.06522328766534E-16));
#5028=DIRECTION('',(0.,-1.,0.));
#5029=DIRECTION('',(1.,0.,-2.06522328766534E-16));
#5030=DIRECTION('',(0.,-1.,0.));
#5031=DIRECTION('',(0.,0.,-1.));
#5032=DIRECTION('',(-1.,0.,0.));
#5033=DIRECTION('',(0.,0.,-1.));
#5034=DIRECTION('',(-1.,0.,0.));
#5035=DIRECTION('',(1.7347234759768E-16,0.,-1.));
#5036=DIRECTION('',(0.,0.,1.));
#5037=DIRECTION('',(1.,0.,0.));
#5038=DIRECTION('',(-1.,0.,0.));
#5039=DIRECTION('',(0.,0.,1.));
#5040=DIRECTION('',(1.,0.,0.));
#5041=DIRECTION('',(0.,-1.,0.));
#5042=DIRECTION('',(0.,0.,1.));
#5043=DIRECTION('',(1.,0.,0.));
#5044=DIRECTION('',(1.,0.,0.));
#5045=DIRECTION('',(1.15648231731787E-16,-1.,0.));
#5046=DIRECTION('',(1.,0.,0.));
#5047=DIRECTION('',(0.,0.,1.));
#5048=DIRECTION('',(1.,0.,0.));
#5049=DIRECTION('',(0.,-1.,0.));
#5050=DIRECTION('',(0.,0.,1.));
#5051=DIRECTION('',(1.,0.,0.));
#5052=DIRECTION('',(-1.,0.,0.));
#5053=DIRECTION('',(3.30423519233678E-16,-1.,0.));
#5054=DIRECTION('',(0.,0.,1.));
#5055=DIRECTION('',(1.,0.,0.));
#5056=DIRECTION('',(-1.,0.,0.));
#5057=DIRECTION('',(0.,1.,0.));
#5058=DIRECTION('',(-1.,0.,7.88510670898549E-17));
#5059=DIRECTION('',(0.,-1.,0.));
#5060=DIRECTION('',(1.,0.,0.));
#5061=DIRECTION('',(0.,-1.,0.));
#5062=DIRECTION('',(-1.,0.,0.));
#5063=DIRECTION('',(0.,-1.,0.));
#5064=DIRECTION('',(-1.,0.,7.88510670898549E-17));
#5065=DIRECTION('',(0.,-1.,0.));
#5066=DIRECTION('',(-1.,0.,0.));
#5067=DIRECTION('',(0.,-1.,0.));
#5068=DIRECTION('',(1.,0.,0.));
#5069=DIRECTION('',(0.,-1.,0.));
#5070=DIRECTION('',(-1.,0.,7.88510670898549E-17));
#5071=DIRECTION('',(0.,1.,0.));
#5072=DIRECTION('',(-1.,0.,0.));
#5073=DIRECTION('',(0.,0.,1.));
#5074=DIRECTION('',(1.,0.,0.));
#5075=DIRECTION('',(3.30423519233678E-16,-1.,0.));
#5076=DIRECTION('',(-1.,0.,0.));
#5077=DIRECTION('',(0.,0.,1.));
#5078=DIRECTION('',(1.,0.,0.));
#5079=DIRECTION('',(0.,-1.,0.));
#5080=DIRECTION('',(0.,0.,1.));
#5081=DIRECTION('',(1.,0.,0.));
#5082=DIRECTION('',(1.,0.,0.));
#5083=DIRECTION('',(0.,1.,0.));
#5084=DIRECTION('',(1.,0.,0.));
#5085=DIRECTION('',(0.,0.,1.));
#5086=DIRECTION('',(1.,0.,0.));
#5087=DIRECTION('',(0.,-1.,0.));
#5088=DIRECTION('',(0.,0.,1.));
#5089=DIRECTION('',(1.,0.,0.));
#5090=DIRECTION('',(0.,0.,1.));
#5091=DIRECTION('',(1.,0.,0.));
#5092=DIRECTION('',(3.33600668457079E-16,-1.,0.));
#5093=DIRECTION('',(-1.,-1.4065325480893E-16,0.));
#5094=DIRECTION('',(3.33600668457078E-16,-1.,0.));
#5095=DIRECTION('',(0.,0.,1.));
#5096=DIRECTION('',(1.,0.,0.));
#5097=DIRECTION('',(0.,-1.,0.));
#5098=DIRECTION('',(0.,0.,-1.));
#5099=DIRECTION('',(-1.,0.,0.));
#5100=DIRECTION('',(1.7347234759768E-16,0.,-1.));
#5101=DIRECTION('',(0.,0.,-1.));
#5102=DIRECTION('',(0.,-1.,0.));
#5103=DIRECTION('',(1.,0.,0.));
#5104=DIRECTION('',(1.,0.,0.));
#5105=DIRECTION('',(0.,-1.,0.));
#5106=DIRECTION('',(0.,0.,-1.));
#5107=DIRECTION('',(0.,0.,-1.));
#5108=DIRECTION('',(-1.,0.,-1.7347234759768E-16));
#5109=DIRECTION('',(0.,0.,-1.));
#5110=DIRECTION('',(0.,-1.,0.));
#5111=DIRECTION('',(0.,0.,-1.));
#5112=DIRECTION('',(1.,0.,0.));
#5113=DIRECTION('',(0.,0.,1.));
#5114=DIRECTION('',(0.,0.,1.));
#5115=DIRECTION('',(0.,-1.,0.));
#5116=DIRECTION('',(0.,0.,-1.));
#5117=DIRECTION('',(-1.,0.,1.80700362080917E-16));
#5118=DIRECTION('',(0.,-1.,0.));
#5119=DIRECTION('',(0.,0.,-1.));
#5120=DIRECTION('',(-1.0842021724855E-16,0.,-1.));
#5121=DIRECTION('',(0.,0.,1.));
#5122=DIRECTION('',(-1.,0.,0.));
#5123=DIRECTION('',(0.,-1.,0.));
#5124=DIRECTION('',(0.,0.,-1.));
#5125=DIRECTION('',(0.,0.,-1.));
#5126=DIRECTION('',(1.,0.,-1.7347234759768E-16));
#5127=DIRECTION('',(0.,0.,-1.));
#5128=DIRECTION('',(0.,-1.,0.));
#5129=DIRECTION('',(0.,0.,-1.));
#5130=DIRECTION('',(-1.,0.,0.));
#5131=DIRECTION('',(-6.93889390390723E-16,0.,-1.));
#5132=DIRECTION('',(-6.93889390390723E-16,0.,-1.));
#5133=DIRECTION('',(0.,-1.,0.));
#5134=DIRECTION('',(0.,0.,-1.));
#5135=DIRECTION('',(-1.,0.,0.));
#5136=DIRECTION('',(0.,0.,-1.));
#5137=DIRECTION('',(1.0842021724855E-16,0.,1.));
#5138=DIRECTION('',(0.,1.,0.));
#5139=DIRECTION('',(-1.,0.,0.));
#5140=DIRECTION('',(0.,1.,0.));
#5141=DIRECTION('',(0.,0.,1.));
#5142=DIRECTION('',(0.,0.,-1.));
#5143=DIRECTION('',(-1.,0.,0.));
#5144=DIRECTION('',(0.,1.,0.));
#5145=DIRECTION('',(0.,0.,1.));
#5146=DIRECTION('',(0.,0.,-1.));
#5147=DIRECTION('',(-1.,0.,-1.7347234759768E-16));
#5148=DIRECTION('',(0.,0.,-1.));
#5149=DIRECTION('',(0.,1.,0.));
#5150=DIRECTION('',(0.,0.,1.));
#5151=DIRECTION('',(1.,0.,0.));
#5152=DIRECTION('',(0.,0.,1.));
#5153=DIRECTION('',(0.,1.,0.));
#5154=DIRECTION('',(-1.,0.,0.));
#5155=DIRECTION('',(0.,0.,-1.));
#5156=DIRECTION('',(0.,1.,0.));
#5157=DIRECTION('',(0.,0.,1.));
#5158=DIRECTION('',(0.,0.,1.));
#5159=DIRECTION('',(1.,0.,0.));
#5160=DIRECTION('',(0.,1.,0.));
#5161=DIRECTION('',(0.,0.,1.));
#5162=DIRECTION('',(0.,0.,-1.));
#5163=DIRECTION('',(-1.,0.,-1.7347234759768E-16));
#5164=DIRECTION('',(0.,0.,-1.));
#5165=DIRECTION('',(0.,1.,0.));
#5166=DIRECTION('',(0.,0.,1.));
#5167=DIRECTION('',(1.,0.,0.));
#5168=DIRECTION('',(0.,1.,0.));
#5169=DIRECTION('',(0.,0.,1.));
#5170=DIRECTION('',(1.7347234759768E-16,0.,-1.));
#5171=DIRECTION('',(1.,0.,0.));
#5172=DIRECTION('',(0.,0.,-1.));
#5173=DIRECTION('',(0.,1.,0.));
#5174=DIRECTION('',(0.,0.,1.));
#5175=DIRECTION('',(1.,0.,0.));
#5176=DIRECTION('',(1.7347234759768E-16,0.,-1.));
#5177=DIRECTION('',(0.,0.,-1.));
#5178=DIRECTION('',(0.,0.,-1.));
#5179=DIRECTION('',(-1.,0.,0.));
#5180=DIRECTION('',(-1.,0.,0.));
#5181=DIRECTION('',(0.,-1.,0.));
#5182=DIRECTION('',(-1.,0.,0.));
#5183=DIRECTION('',(0.,-1.,0.));
#5184=DIRECTION('',(0.,0.,-1.));
#5185=DIRECTION('',(-1.,0.,0.));
#5186=DIRECTION('',(1.,0.,0.));
#5187=DIRECTION('',(0.,-1.,0.));
#5188=DIRECTION('',(0.,-1.,0.));
#5189=DIRECTION('',(0.,0.,-1.));
#5190=DIRECTION('',(-1.,0.,0.));
#5191=DIRECTION('',(0.,-1.,0.));
#5192=DIRECTION('',(0.,-1.,0.));
#5193=DIRECTION('',(0.,0.,-1.));
#5194=DIRECTION('',(-1.,0.,0.));
#5195=DIRECTION('',(0.,-1.,0.));
#5196=DIRECTION('',(1.,0.,0.));
#5197=DIRECTION('',(0.,-1.,0.));
#5198=DIRECTION('',(1.,0.,0.));
#5199=DIRECTION('',(0.,0.,-1.));
#5200=DIRECTION('',(0.,0.,1.));
#5201=DIRECTION('',(0.,-1.,0.));
#5202=DIRECTION('',(0.,0.,-1.));
#5203=DIRECTION('',(-1.,0.,0.));
#5204=DIRECTION('',(0.,-1.,0.));
#5205=DIRECTION('',(1.,0.,0.));
#5206=DIRECTION('',(-1.,0.,0.));
#5207=DIRECTION('',(0.,0.,1.));
#5208=DIRECTION('',(0.,0.,-1.));
#5209=DIRECTION('',(0.,-1.,0.));
#5210=DIRECTION('',(0.,-1.,0.));
#5211=DIRECTION('',(-1.73472347597681E-16,0.,1.));
#5212=DIRECTION('',(1.,0.,1.73472347597681E-16));
#5213=DIRECTION('',(-1.,0.,-1.7347234759768E-16));
#5214=DIRECTION('',(0.,-1.,0.));
#5215=DIRECTION('',(-1.,0.,0.));
#5216=DIRECTION('',(0.,0.,1.));
#5217=DIRECTION('',(0.,-1.,0.));
#5218=DIRECTION('',(0.,0.,-1.));
#5219=DIRECTION('',(-1.,0.,6.93889390390723E-16));
#5220=DIRECTION('',(6.93889390390723E-16,0.,1.));
#5221=DIRECTION('',(0.,-1.,0.));
#5222=DIRECTION('',(-6.93889390390723E-16,-5.63631388811543E-32,-1.));
#5223=DIRECTION('',(0.,-1.,0.));
#5224=DIRECTION('',(-6.93889390390723E-16,0.,-1.));
#5225=DIRECTION('',(0.,-1.,0.));
#5226=DIRECTION('',(6.93889390390723E-16,0.,1.));
#5227=DIRECTION('',(-2.06522328766534E-16,0.,-1.));
#5228=DIRECTION('',(-1.,0.,2.06522328766534E-16));
#5229=DIRECTION('',(-1.,-1.15648231731787E-16,2.06522328766534E-16));
#5230=DIRECTION('',(0.,-1.,0.));
#5231=DIRECTION('',(1.,0.,-2.06522328766534E-16));
#5232=DIRECTION('',(-1.,0.,6.93889390390723E-16));
#5233=DIRECTION('',(6.93889390390723E-16,0.,1.));
#5234=DIRECTION('',(6.93889390390723E-16,5.63631388811543E-32,1.));
#5235=DIRECTION('',(0.,-1.,0.));
#5236=DIRECTION('',(-6.93889390390723E-16,0.,-1.));
#5237=DIRECTION('',(0.,0.,-1.));
#5238=DIRECTION('',(0.,-1.,0.));
#5239=DIRECTION('',(0.,0.,-1.));
#5240=DIRECTION('',(-6.93889390390723E-16,0.,-1.));
#5241=DIRECTION('',(-1.,0.,0.));
#5242=DIRECTION('',(0.,0.,1.));
#5243=DIRECTION('',(0.,0.,-1.));
#5244=DIRECTION('',(0.,-1.,0.));
#5245=DIRECTION('',(0.,0.,-1.));
#5246=DIRECTION('',(0.,-1.,0.));
#5247=DIRECTION('',(-1.73472347597681E-16,0.,-1.));
#5248=DIRECTION('',(-1.,0.,1.73472347597681E-16));
#5249=DIRECTION('',(1.,0.,-1.7347234759768E-16));
#5250=DIRECTION('',(1.,0.,-1.7347234759768E-16));
#5251=DIRECTION('',(0.,-1.,0.));
#5252=DIRECTION('',(-1.,0.,0.));
#5253=DIRECTION('',(0.,0.,1.));
#5254=DIRECTION('',(0.,0.,-1.));
#5255=DIRECTION('',(0.,-1.,0.));
#5256=DIRECTION('',(0.,0.,-1.));
#5257=DIRECTION('',(0.,0.,1.));
#5258=DIRECTION('',(1.,0.,0.));
#5259=DIRECTION('',(-1.,0.,0.));
#5260=DIRECTION('',(0.,-1.,0.));
#5261=DIRECTION('',(-1.,0.,0.));
#5262=DIRECTION('',(0.,-1.,0.));
#5263=DIRECTION('',(1.,0.,0.));
#5264=DIRECTION('',(0.,0.,-1.));
#5265=DIRECTION('',(0.,0.,1.));
#5266=DIRECTION('',(0.,0.,1.));
#5267=DIRECTION('',(0.,-1.,0.));
#5268=DIRECTION('',(1.,0.,0.));
#5269=DIRECTION('',(0.,-1.,0.));
#5270=DIRECTION('',(0.,0.,-1.));
#5271=DIRECTION('',(0.,-1.,0.));
#5272=DIRECTION('',(0.,0.,-1.));
#5273=DIRECTION('',(0.,-1.,0.));
#5274=DIRECTION('',(0.,0.,-1.));
#5275=DIRECTION('',(0.,-1.,0.));
#5276=DIRECTION('',(0.,0.,-1.));
#5277=DIRECTION('',(0.,1.,0.));
#5278=DIRECTION('',(-1.,0.,0.));
#5279=DIRECTION('',(0.,1.,0.));
#5280=DIRECTION('',(0.,0.,1.));
#5281=DIRECTION('',(0.,1.,0.));
#5282=DIRECTION('',(0.,0.,1.));
#5283=DIRECTION('',(0.,1.,0.));
#5284=DIRECTION('',(0.,0.,1.));
#5285=DIRECTION('',(0.,1.,0.));
#5286=DIRECTION('',(-1.,0.,0.));
#5287=DIRECTION('',(0.,0.,-1.));
#5288=DIRECTION('',(0.,1.,0.));
#5289=DIRECTION('',(0.,0.,1.));
#5290=DIRECTION('',(-1.,0.,0.));
#5291=DIRECTION('',(0.,0.,1.));
#5292=DIRECTION('',(0.,1.,0.));
#5293=DIRECTION('',(0.,0.,1.));
#5294=DIRECTION('',(0.,1.,0.));
#5295=DIRECTION('',(0.,0.,1.));
#5296=DIRECTION('',(0.,0.,-1.));
#5297=DIRECTION('',(1.,0.,-1.7347234759768E-16));
#5298=DIRECTION('',(1.,0.,0.));
#5299=DIRECTION('',(0.,0.,-1.));
#5300=DIRECTION('',(0.,-1.,0.));
#5301=DIRECTION('',(0.,0.,-1.));
#5302=DIRECTION('',(-1.,0.,0.));
#5303=DIRECTION('',(0.,-1.,0.));
#5304=DIRECTION('',(-1.,0.,0.));
#5305=DIRECTION('',(0.,0.,1.));
#5306=DIRECTION('',(0.,-1.,0.));
#5307=DIRECTION('',(0.,-1.,0.));
#5308=DIRECTION('',(-1.7347234759768E-16,0.,1.));
#5309=DIRECTION('',(1.,0.,1.7347234759768E-16));
#5310=DIRECTION('',(0.,-1.,0.));
#5311=DIRECTION('',(-1.,0.,0.));
#5312=DIRECTION('',(0.,0.,1.));
#5313=DIRECTION('',(0.,-1.,0.));
#5314=DIRECTION('',(-1.,0.,0.));
#5315=DIRECTION('',(0.,0.,1.));
#5316=DIRECTION('',(0.,-1.,0.));
#5317=DIRECTION('',(0.,-1.,0.));
#5318=DIRECTION('',(-1.7347234759768E-16,0.,-1.));
#5319=DIRECTION('',(-1.,0.,1.7347234759768E-16));
#5320=DIRECTION('',(0.,-1.,0.));
#5321=DIRECTION('',(-1.,0.,0.));
#5322=DIRECTION('',(0.,0.,1.));
#5323=DIRECTION('',(0.,-1.,0.));
#5324=DIRECTION('',(0.,0.,1.));
#5325=DIRECTION('',(1.,0.,0.));
#5326=DIRECTION('',(0.,-1.,0.));
#5327=DIRECTION('',(0.,-1.,0.));
#5328=DIRECTION('',(1.,0.,0.));
#5329=DIRECTION('',(0.,0.,-1.));
#5330=DIRECTION('',(-1.,0.,0.));
#5331=DIRECTION('',(0.,0.,1.));
#5332=DIRECTION('',(0.,0.,-1.));
#5333=DIRECTION('',(0.,1.,0.));
#5334=DIRECTION('',(0.,0.,-1.));
#5335=DIRECTION('',(0.,1.,0.));
#5336=DIRECTION('',(0.,0.,1.));
#5337=DIRECTION('',(1.,0.,0.));
#5338=DIRECTION('',(1.7347234759768E-16,0.,-1.));
#5339=DIRECTION('',(1.,1.15648231731787E-16,0.));
#5340=DIRECTION('',(-1.15648231731787E-16,1.,0.));
#5341=DIRECTION('',(1.15648231731787E-16,-1.,0.));
#5342=DIRECTION('',(0.,1.,0.));
#5343=DIRECTION('',(0.,0.,1.));
#5344=DIRECTION('',(1.7347234759768E-16,0.,-1.));
#5345=DIRECTION('',(1.,0.,0.));
#5346=DIRECTION('',(1.,0.,1.7347234759768E-16));
#5347=DIRECTION('',(1.7347234759768E-16,0.,-1.));
#5348=DIRECTION('',(0.,-1.,0.));
#5349=DIRECTION('',(1.7347234759768E-16,0.,-1.));
#5350=DIRECTION('',(1.7347234759768E-16,0.,-1.));
#5351=DIRECTION('',(1.,0.,1.7347234759768E-16));
#5352=DIRECTION('',(1.7347234759768E-16,0.,-1.));
#5353=DIRECTION('',(1.7347234759768E-16,0.,-1.));
#5354=DIRECTION('',(0.,-1.,0.));
#5355=DIRECTION('',(1.7347234759768E-16,0.,-1.));
#5356=DIRECTION('',(1.,0.,1.7347234759768E-16));
#5357=DIRECTION('',(1.7347234759768E-16,0.,-1.));
#5358=DIRECTION('',(0.,-1.,0.));
#5359=DIRECTION('',(1.7347234759768E-16,0.,-1.));
#5360=DIRECTION('',(1.7347234759768E-16,0.,-1.));
#5361=DIRECTION('',(1.,0.,1.7347234759768E-16));
#5362=DIRECTION('',(1.7347234759768E-16,0.,-1.));
#5363=DIRECTION('',(1.7347234759768E-16,0.,-1.));
#5364=DIRECTION('',(0.,-1.,0.));
#5365=DIRECTION('',(1.7347234759768E-16,0.,-1.));
#5366=DIRECTION('',(0.,-1.,0.));
#5367=DIRECTION('',(0.,0.,-1.));
#5368=DIRECTION('',(0.,0.,-1.));
#5369=DIRECTION('',(-1.,0.,0.));
#5370=DIRECTION('',(0.,0.,-1.));
#5371=DIRECTION('',(1.,3.30423519233678E-16,0.));
#5372=DIRECTION('',(-3.30423519233678E-16,1.,0.));
#5373=DIRECTION('',(0.,0.,-1.));
#5374=DIRECTION('',(3.30423519233678E-16,-1.,0.));
#5375=DIRECTION('',(0.,-1.,0.));
#5376=DIRECTION('',(0.,0.,-1.));
#5377=DIRECTION('',(1.7347234759768E-16,0.,-1.));
#5378=DIRECTION('',(-1.,0.,0.));
#5379=DIRECTION('',(0.,0.,-1.));
#5380=DIRECTION('',(1.,3.30423519233678E-16,0.));
#5381=DIRECTION('',(-3.30423519233678E-16,1.,0.));
#5382=DIRECTION('',(3.30423519233678E-16,-1.,0.));
#5383=DIRECTION('',(0.,0.,-1.));
#5384=DIRECTION('',(0.,-1.,0.));
#5385=DIRECTION('',(0.,0.,-1.));
#5386=DIRECTION('',(0.,0.,-1.));
#5387=DIRECTION('',(-1.,0.,0.));
#5388=DIRECTION('',(1.7347234759768E-16,0.,-1.));
#5389=DIRECTION('',(1.,3.33600668457079E-16,0.));
#5390=DIRECTION('',(-3.33600668457079E-16,1.,0.));
#5391=DIRECTION('',(0.,0.,-1.));
#5392=DIRECTION('',(3.33600668457079E-16,-1.,0.));
#5393=DIRECTION('',(0.,0.,-1.));
#5394=DIRECTION('',(1.4065325480893E-16,-1.,0.));
#5395=DIRECTION('',(1.,1.4065325480893E-16,0.));
#5396=DIRECTION('',(-1.,-1.4065325480893E-16,0.));
#5397=DIRECTION('',(0.,0.,-1.));
#5398=DIRECTION('',(1.,3.33600668457078E-16,0.));
#5399=DIRECTION('',(-3.33600668457078E-16,1.,0.));
#5400=DIRECTION('',(3.33600668457078E-16,-1.,0.));
#5401=DIRECTION('',(0.,0.,-1.));
#5402=DIRECTION('',(0.,1.,0.));
#5403=DIRECTION('',(-1.,0.,0.));
#5404=DIRECTION('',(-1.0842021724855E-16,0.,-1.));
#5405=DIRECTION('',(-1.,0.,1.80700362080917E-16));
#5406=DIRECTION('',(0.,0.,1.));
#5407=DIRECTION('',(1.,0.,-1.0842021724855E-16));
#5408=DIRECTION('',(-1.0842021724855E-16,0.,-1.));
#5409=DIRECTION('',(0.,1.,0.));
#5410=DIRECTION('',(-1.0842021724855E-16,0.,-1.));
#5411=DIRECTION('',(1.,0.,-1.0842021724855E-16));
#5412=DIRECTION('',(-1.0842021724855E-16,0.,-1.));
#5413=DIRECTION('',(-1.80700362080917E-16,0.,-1.));
#5414=DIRECTION('',(-1.,0.,1.80700362080917E-16));
#5415=DIRECTION('',(0.,1.,0.));
#5416=DIRECTION('',(-1.,0.,1.80700362080917E-16));
#5417=DIRECTION('',(0.,1.,0.));
#5418=DIRECTION('',(-1.,0.,1.80700362080917E-16));
#5419=DIRECTION('',(-1.,0.,0.));
#5420=DIRECTION('',(0.,0.,1.));
#5421=DIRECTION('',(-1.,0.,0.));
#5422=DIRECTION('',(0.,0.,1.));
#5423=DIRECTION('',(0.,0.,1.));
#5424=DIRECTION('',(0.,1.,0.));
#5425=DIRECTION('',(0.,1.,0.));
#5426=DIRECTION('',(0.,0.,1.));
#5427=DIRECTION('',(0.,1.,0.));
#5428=DIRECTION('',(0.,0.,1.));
#5429=DIRECTION('',(0.,1.,0.));
#5430=DIRECTION('',(0.,0.,1.));
#5431=DIRECTION('',(0.,-1.,0.));
#5432=DIRECTION('',(0.,0.,-1.));
#5433=DIRECTION('',(0.,1.,0.));
#5434=DIRECTION('',(0.,0.,1.));
#5435=DIRECTION('',(0.,-1.,0.));
#5436=DIRECTION('',(0.,0.,-1.));
#5437=DIRECTION('',(0.,1.,0.));
#5438=DIRECTION('',(0.,0.,1.));
#5439=DIRECTION('',(0.,-1.,0.));
#5440=DIRECTION('',(0.,0.,-1.));
#5441=DIRECTION('',(0.,1.,0.));
#5442=DIRECTION('',(0.,0.,1.));
#5443=DIRECTION('',(-3.30423519233678E-16,1.,0.));
#5444=DIRECTION('',(-1.,-3.30423519233678E-16,0.));
#5445=DIRECTION('',(0.,1.,0.));
#5446=DIRECTION('',(0.,0.,1.));
#5447=DIRECTION('',(0.707106781186547,0.707106781186548,0.));
#5448=DIRECTION('',(0.707106781186548,-0.707106781186548,0.));
#5449=DIRECTION('',(1.,0.,0.));
#5450=DIRECTION('',(0.,0.,-1.));
#5451=DIRECTION('',(-0.316227766016838,-0.948683298050513,0.));
#5452=DIRECTION('',(-0.948683298050514,0.316227766016838,0.));
#5453=DIRECTION('',(0.,1.,0.));
#5454=DIRECTION('',(0.,0.,1.));
#5455=DIRECTION('',(0.948683298050514,-0.316227766016837,0.));
#5456=DIRECTION('',(-0.316227766016837,-0.948683298050514,0.));
#5457=DIRECTION('',(-0.948683298050514,-0.316227766016837,0.));
#5458=DIRECTION('',(-0.316227766016837,0.948683298050514,0.));
#5459=DIRECTION('',(-1.,0.,0.));
#5460=DIRECTION('',(0.,0.,1.));
#5461=DIRECTION('',(0.316227766016838,-0.948683298050513,0.));
#5462=DIRECTION('',(-0.948683298050514,-0.316227766016838,0.));
#5463=DIRECTION('',(-0.707106781186548,0.707106781186548,0.));
#5464=DIRECTION('',(-0.707106781186548,-0.707106781186548,0.));
#5465=DIRECTION('',(0.,1.,0.));
#5466=DIRECTION('',(0.,0.,1.));
#5467=DIRECTION('',(0.707106781186548,0.707106781186548,0.));
#5468=DIRECTION('',(0.707106781186548,-0.707106781186548,0.));
#5469=DIRECTION('',(1.,0.,0.));
#5470=DIRECTION('',(0.,0.,-1.));
#5471=DIRECTION('',(-0.316227766016838,-0.948683298050513,0.));
#5472=DIRECTION('',(-0.948683298050514,0.316227766016838,0.));
#5473=DIRECTION('',(0.,1.,0.));
#5474=DIRECTION('',(0.,0.,1.));
#5475=DIRECTION('',(0.948683298050514,-0.316227766016838,0.));
#5476=DIRECTION('',(-0.316227766016838,-0.948683298050514,0.));
#5477=DIRECTION('',(-0.948683298050514,-0.316227766016837,0.));
#5478=DIRECTION('',(-0.316227766016837,0.948683298050514,0.));
#5479=DIRECTION('',(-1.,0.,0.));
#5480=DIRECTION('',(0.,0.,1.));
#5481=DIRECTION('',(1.,0.,0.));
#5482=DIRECTION('',(0.,0.,-1.));
#5483=DIRECTION('',(0.316227766016838,-0.948683298050513,0.));
#5484=DIRECTION('',(-0.948683298050514,-0.316227766016838,0.));
#5485=DIRECTION('',(-3.33600668457079E-16,1.,0.));
#5486=DIRECTION('',(-1.,-3.33600668457079E-16,0.));
#5487=DIRECTION('',(0.,1.,0.));
#5488=DIRECTION('',(0.,0.,1.));
#5489=DIRECTION('',(0.707106781186547,0.707106781186548,0.));
#5490=DIRECTION('',(0.707106781186548,-0.707106781186547,0.));
#5491=DIRECTION('',(1.,1.4065325480893E-16,0.));
#5492=DIRECTION('',(-1.4065325480893E-16,1.,0.));
#5493=DIRECTION('',(0.707106781186548,-0.707106781186547,0.));
#5494=DIRECTION('',(0.707106781186547,0.707106781186548,0.));
#5495=DIRECTION('',(3.33600668457078E-16,-1.,0.));
#5496=DIRECTION('',(1.,3.33600668457078E-16,0.));
#5497=DIRECTION('',(0.,1.,0.));
#5498=DIRECTION('',(0.,0.,1.));
#5499=DIRECTION('',(-1.,0.,0.));
#5500=DIRECTION('',(0.,0.,1.));
#5501=DIRECTION('',(-1.,0.,0.));
#5502=DIRECTION('',(0.,0.,1.));
#5503=DIRECTION('',(0.316227766016838,0.948683298050513,0.));
#5504=DIRECTION('',(0.948683298050514,-0.316227766016838,0.));
#5505=DIRECTION('',(0.,-1.,0.));
#5506=DIRECTION('',(0.,0.,-1.));
#5507=DIRECTION('',(0.948683298050514,0.316227766016838,0.));
#5508=DIRECTION('',(0.316227766016838,-0.948683298050514,0.));
#5509=DIRECTION('',(-0.948683298050514,0.316227766016837,0.));
#5510=DIRECTION('',(0.316227766016837,0.948683298050514,0.));
#5511=DIRECTION('',(1.,0.,0.));
#5512=DIRECTION('',(0.,0.,-1.));
#5513=DIRECTION('',(-0.316227766016838,0.948683298050513,0.));
#5514=DIRECTION('',(0.948683298050514,0.316227766016838,0.));
#5515=DIRECTION('',(0.707106781186548,-0.707106781186548,0.));
#5516=DIRECTION('',(0.707106781186548,0.707106781186548,0.));
#5517=DIRECTION('',(1.15648231731787E-16,-1.,0.));
#5518=DIRECTION('',(1.,1.15648231731787E-16,0.));
#5519=DIRECTION('',(-0.707106781186548,-0.707106781186548,0.));
#5520=DIRECTION('',(-0.707106781186548,0.707106781186548,0.));
#5521=DIRECTION('',(-1.,0.,0.));
#5522=DIRECTION('',(0.,0.,1.));
#5523=DIRECTION('',(0.316227766016838,0.948683298050513,0.));
#5524=DIRECTION('',(0.948683298050514,-0.316227766016838,0.));
#5525=DIRECTION('',(0.,-1.,0.));
#5526=DIRECTION('',(0.,0.,-1.));
#5527=DIRECTION('',(0.948683298050514,0.316227766016837,0.));
#5528=DIRECTION('',(0.316227766016837,-0.948683298050514,0.));
#5529=DIRECTION('',(-0.948683298050514,0.316227766016837,0.));
#5530=DIRECTION('',(0.316227766016837,0.948683298050514,0.));
#5531=DIRECTION('',(3.30423519233678E-16,-1.,0.));
#5532=DIRECTION('',(1.,3.30423519233678E-16,0.));
#5533=DIRECTION('',(0.,1.,0.));
#5534=DIRECTION('',(0.,0.,1.));
#5535=DIRECTION('',(0.707106781186548,-0.707106781186548,0.));
#5536=DIRECTION('',(0.707106781186547,0.707106781186548,0.));
#5537=DIRECTION('',(1.,0.,0.));
#5538=DIRECTION('',(0.,0.,-1.));
#5539=DIRECTION('',(-0.316227766016838,0.948683298050513,0.));
#5540=DIRECTION('',(0.948683298050514,0.316227766016838,0.));
#5541=DIRECTION('',(0.,-1.,0.));
#5542=DIRECTION('',(0.,0.,-1.));
#5543=DIRECTION('',(0.,-1.,0.));
#5544=DIRECTION('',(0.,0.,-1.));
#5545=DIRECTION('',(0.,-1.,0.));
#5546=DIRECTION('',(0.,0.,-1.));
#5547=DIRECTION('',(0.,-1.,0.));
#5548=DIRECTION('',(0.,0.,-1.));
#5549=DIRECTION('',(1.,0.,0.));
#5550=DIRECTION('',(0.,0.,-1.));
#5551=DIRECTION('',(0.,-1.,0.));
#5552=DIRECTION('',(0.,0.,-1.));
#5553=DIRECTION('',(0.,-1.,0.));
#5554=DIRECTION('',(0.,0.,-1.));
#5555=DIRECTION('',(0.,-1.,0.));
#5556=DIRECTION('',(0.,0.,-1.));
#5557=DIRECTION('',(-1.,0.,1.80700362080917E-16));
#5558=DIRECTION('',(1.80700362080917E-16,0.,1.));
#5559=DIRECTION('',(1.,0.,0.));
#5560=DIRECTION('',(0.,0.,-1.));
#5561=DIRECTION('',(0.,-1.,0.));
#5562=DIRECTION('',(0.,0.,-1.));
#5563=DIRECTION('',(0.,1.,0.));
#5564=DIRECTION('',(0.,0.,1.));
#5565=DIRECTION('',(-2.06522328766534E-16,0.,-1.));
#5566=DIRECTION('',(1.,0.,-2.06522328766534E-16));
#5567=DIRECTION('',(-1.,0.,2.06522328766534E-16));
#5568=DIRECTION('',(0.,1.,0.));
#5569=DIRECTION('',(-1.,-1.15648231731787E-16,2.06522328766534E-16));
#5570=DIRECTION('',(-3.46944695195362E-16,1.,7.16518264049416E-32));
#5571=DIRECTION('',(1.,3.46944695195362E-16,-2.06522328766534E-16));
#5572=DIRECTION('',(-3.46944695195362E-16,1.,0.));
#5573=DIRECTION('',(2.06522328766534E-16,0.,1.));
#5574=DIRECTION('',(-3.46944695195362E-16,1.,7.16518264049416E-32));
#5575=DIRECTION('',(2.06522328766534E-16,0.,1.));
#5576=DIRECTION('',(-1.15648231731787E-16,1.,2.38839421349806E-32));
#5577=DIRECTION('',(-1.,-1.15648231731787E-16,0.));
#5578=DIRECTION('',(-1.,-1.15648231731787E-16,2.06522328766534E-16));
#5579=DIRECTION('',(-6.93889390390723E-16,-5.63631388811543E-32,-1.));
#5580=DIRECTION('',(-0.707106781186548,-8.17756488897801E-17,-0.707106781186547));
#5581=DIRECTION('',(-1.15648231731787E-16,1.,2.38839421349806E-32));
#5582=DIRECTION('',(-1.,-1.15648231731787E-16,0.));
#5583=DIRECTION('',(-1.,-1.15648231731787E-16,2.06522328766534E-16));
#5584=DIRECTION('',(2.06522328766534E-16,0.,1.));
#5585=DIRECTION('',(-1.,-1.15648231731787E-16,2.06522328766534E-16));
#5586=DIRECTION('',(2.76213567469482E-48,-2.38839421349806E-32,1.));
#5587=DIRECTION('',(-1.15648231731787E-16,1.,2.38839421349806E-32));
#5588=DIRECTION('',(-1.,-1.15648231731787E-16,0.));
#5589=DIRECTION('',(0.707106781186543,8.17756488897794E-17,-0.707106781186553));
#5590=DIRECTION('',(2.06522328766534E-16,0.,1.));
#5591=DIRECTION('',(2.06522328766534E-16,0.,1.));
#5592=DIRECTION('',(0.707106781186553,8.17756488897805E-17,0.707106781186543));
#5593=DIRECTION('',(-1.15648231731787E-16,1.,2.38839421349806E-32));
#5594=DIRECTION('',(-1.,-1.15648231731787E-16,0.));
#5595=DIRECTION('',(2.76213567469482E-48,-2.38839421349806E-32,1.));
#5596=DIRECTION('',(-1.,-1.15648231731787E-16,2.06522328766534E-16));
#5597=DIRECTION('',(-1.15648231731787E-16,1.,2.38839421349806E-32));
#5598=DIRECTION('',(-1.,-1.15648231731787E-16,0.));
#5599=DIRECTION('',(0.707106781186547,8.17756488897799E-17,-0.707106781186548));
#5600=DIRECTION('',(6.93889390390723E-16,5.63631388811543E-32,1.));
#5601=DIRECTION('',(1.,3.46944695195362E-16,-2.06522328766534E-16));
#5602=DIRECTION('',(-3.46944695195362E-16,1.,0.));
#5603=DIRECTION('',(-3.46944695195362E-16,1.,7.16518264049416E-32));
#5604=DIRECTION('',(2.06522328766534E-16,0.,1.));
#5605=DIRECTION('',(-3.46944695195362E-16,1.,7.16518264049416E-32));
#5606=DIRECTION('',(0.,1.,0.));
#5607=DIRECTION('',(0.,0.,1.));
#5608=DIRECTION('',(6.93889390390723E-16,0.,1.));
#5609=DIRECTION('',(-1.,0.,2.06522328766534E-16));
#5610=DIRECTION('',(-6.93889390390723E-16,0.,-1.));
#5611=DIRECTION('',(-0.707106781186547,0.,0.707106781186548));
#5612=DIRECTION('',(0.,1.,0.));
#5613=DIRECTION('',(0.,0.,1.));
#5614=DIRECTION('',(-1.,0.,2.06522328766534E-16));
#5615=DIRECTION('',(2.76213567469482E-48,-2.38839421349806E-32,1.));
#5616=DIRECTION('',(0.,1.,0.));
#5617=DIRECTION('',(0.,0.,1.));
#5618=DIRECTION('',(-0.707106781186553,0.,-0.707106781186543));
#5619=DIRECTION('',(2.06522328766534E-16,0.,1.));
#5620=DIRECTION('',(2.06522328766534E-16,0.,1.));
#5621=DIRECTION('',(-0.707106781186543,0.,0.707106781186553));
#5622=DIRECTION('',(0.,1.,0.));
#5623=DIRECTION('',(0.,0.,1.));
#5624=DIRECTION('',(2.76213567469482E-48,-2.38839421349806E-32,1.));
#5625=DIRECTION('',(-1.,0.,2.06522328766534E-16));
#5626=DIRECTION('',(-1.,0.,2.06522328766534E-16));
#5627=DIRECTION('',(0.,1.,0.));
#5628=DIRECTION('',(0.,0.,1.));
#5629=DIRECTION('',(0.707106781186548,0.,0.707106781186547));
#5630=DIRECTION('',(-2.06522328766534E-16,0.,-1.));
#5631=DIRECTION('',(1.,0.,-2.06522328766534E-16));
#5632=DIRECTION('',(0.,1.,0.));
#5633=DIRECTION('',(1.,0.,-2.06522328766534E-16));
#5634=DIRECTION('',(-2.06522328766534E-16,0.,-1.));
#5635=DIRECTION('',(4.93256734984134E-48,1.,2.38839421349806E-32));
#5636=DIRECTION('',(-2.06522328766534E-16,0.,-1.));
#5637=DIRECTION('',(1.,0.,-2.06522328766534E-16));
#5638=DIRECTION('',(1.15648231731787E-16,-1.,-2.38839421349806E-32));
#5639=DIRECTION('',(1.,0.,-2.06522328766534E-16));
#5640=DIRECTION('',(-2.06522328766534E-16,0.,-1.));
#5641=DIRECTION('',(-4.93256734984134E-48,-1.,-2.38839421349806E-32));
#5642=DIRECTION('',(-2.06522328766534E-16,0.,-1.));
#5643=DIRECTION('',(1.,0.,-2.06522328766534E-16));
#5644=DIRECTION('',(1.15648231731787E-16,-1.,-2.38839421349806E-32));
#5645=DIRECTION('',(1.,1.15648231731787E-16,0.));
#5646=DIRECTION('',(-1.15648231731787E-16,1.,0.));
#5647=DIRECTION('',(1.15648231731787E-16,-1.,-2.38839421349806E-32));
#5648=DIRECTION('',(1.,1.15648231731787E-16,0.));
#5649=DIRECTION('',(-1.15648231731787E-16,1.,0.));
#5650=DIRECTION('',(1.15648231731787E-16,-1.,-2.38839421349806E-32));
#5651=DIRECTION('',(0.707106781186552,-1.68884974451118E-32,0.707106781186543));
#5652=DIRECTION('',(4.93256734984134E-48,1.,2.38839421349806E-32));
#5653=DIRECTION('',(-4.93256734984134E-48,-1.,-2.38839421349806E-32));
#5654=DIRECTION('',(-0.707106781186543,-1.6888497445112E-32,0.707106781186552));
#5655=DIRECTION('',(4.93256734984134E-48,1.,2.38839421349806E-32));
#5656=DIRECTION('',(4.93256734984134E-48,1.,2.38839421349806E-32));
#5657=DIRECTION('',(1.15648231731787E-16,-1.,-2.38839421349806E-32));
#5658=DIRECTION('',(1.,1.15648231731787E-16,0.));
#5659=DIRECTION('',(1.15648231731787E-16,-1.,-2.38839421349806E-32));
#5660=DIRECTION('',(1.,1.15648231731787E-16,0.));
#5661=DIRECTION('',(0.707106781186547,0.,-0.707106781186548));
#5662=DIRECTION('',(0.,-1.,0.));
#5663=DIRECTION('',(0.,1.,0.));
#5664=DIRECTION('',(0.707106781186547,0.,-0.707106781186548));
#5665=DIRECTION('',(-0.707106781186548,-7.97095154236468E-32,-0.707106781186547));
#5666=DIRECTION('',(0.,-1.,0.));
#5667=DIRECTION('',(0.707106781186547,0.,-0.707106781186548));
#5668=DIRECTION('',(-0.707106781186548,0.,-0.707106781186547));
#5669=DIRECTION('',(0.707106781186548,0.,0.707106781186547));
#5670=DIRECTION('',(0.,1.,0.));
#5671=DIRECTION('',(0.,-1.,0.));
#5672=DIRECTION('',(0.707106781186548,0.,0.707106781186547));
#5673=DIRECTION('',(0.707106781186547,0.,-0.707106781186548));
#5674=DIRECTION('',(0.,1.,0.));
#5675=DIRECTION('',(0.707106781186548,0.,0.707106781186547));
#5676=DIRECTION('',(0.707106781186547,-7.97095154236467E-32,-0.707106781186548));
#5677=DIRECTION('',(-6.93889390390723E-16,0.,-1.));
#5678=DIRECTION('',(-1.,0.,6.93889390390723E-16));
#5679=DIRECTION('',(-0.707106781186548,0.,-0.707106781186547));
#5680=DIRECTION('',(0.707106781186547,0.,-0.707106781186548));
#5681=DIRECTION('',(-4.9065389333868E-16,0.707106781186548,-0.707106781186548));
#5682=DIRECTION('',(4.9065389333868E-16,0.707106781186548,0.707106781186548));
#5683=DIRECTION('',(0.,1.,0.));
#5684=DIRECTION('',(0.,0.,1.));
#5685=DIRECTION('',(4.9065389333868E-16,0.707106781186548,0.707106781186548));
#5686=DIRECTION('',(-4.9065389333868E-16,0.707106781186548,-0.707106781186548));
#5687=DIRECTION('',(-6.93889390390723E-16,-5.63631388811543E-32,-1.));
#5688=DIRECTION('',(-1.,0.,6.93889390390723E-16));
#5689=DIRECTION('',(-0.707106781186548,-8.177564888978E-17,-0.707106781186547));
#5690=DIRECTION('',(0.707106781186547,8.177564888978E-17,-0.707106781186548));
#5691=DIRECTION('',(-6.93889390390723E-16,0.,-1.));
#5692=DIRECTION('',(-1.,0.,6.93889390390723E-16));
#5693=DIRECTION('',(4.9065389333868E-16,-0.707106781186548,0.707106781186548));
#5694=DIRECTION('',(-4.9065389333868E-16,-0.707106781186548,-0.707106781186548));
#5695=DIRECTION('',(0.707106781186547,0.,-0.707106781186548));
#5696=DIRECTION('',(-0.707106781186548,0.,-0.707106781186547));
#5697=DIRECTION('',(0.,-1.,0.));
#5698=DIRECTION('',(0.,0.,-1.));
#5699=DIRECTION('',(-4.9065389333868E-16,-0.707106781186548,-0.707106781186548));
#5700=DIRECTION('',(4.9065389333868E-16,-0.707106781186548,0.707106781186548));
#5701=DIRECTION('',(-6.93889390390723E-16,-5.63631388811543E-32,-1.));
#5702=DIRECTION('',(-1.,0.,6.93889390390723E-16));
#5703=DIRECTION('',(0.707106781186547,8.177564888978E-17,-0.707106781186548));
#5704=DIRECTION('',(-0.707106781186548,-8.177564888978E-17,-0.707106781186547));
#5705=DIRECTION('',(0.,-1.,0.));
#5706=DIRECTION('',(0.,0.,-1.));
#5707=DIRECTION('',(0.,-1.,0.));
#5708=DIRECTION('',(0.,0.,-1.));
#5709=DIRECTION('',(0.,0.,-1.));
#5710=DIRECTION('',(-1.,0.,0.));
#5711=DIRECTION('',(0.,0.,-1.));
#5712=DIRECTION('',(-1.,0.,0.));
#5713=DIRECTION('',(0.,0.,-1.));
#5714=DIRECTION('',(-1.,0.,0.));
#5715=DIRECTION('',(0.,0.,1.));
#5716=DIRECTION('',(1.,0.,0.));
#5717=DIRECTION('',(0.,0.,-1.));
#5718=DIRECTION('',(-1.,0.,0.));
#5719=DIRECTION('',(0.,0.,-1.));
#5720=DIRECTION('',(-1.,0.,0.));
#5721=DIRECTION('',(0.,0.,1.));
#5722=DIRECTION('',(1.,0.,0.));
#5723=DIRECTION('',(0.447213595499958,0.,-0.894427190999916));
#5724=DIRECTION('',(0.894427190999916,0.,0.447213595499958));
#5725=DIRECTION('',(0.894427190999916,0.,-0.447213595499958));
#5726=DIRECTION('',(0.447213595499958,0.,0.894427190999916));
#5727=DIRECTION('',(-1.,0.,1.80700362080917E-16));
#5728=DIRECTION('',(1.80700362080917E-16,0.,1.));
#5729=DIRECTION('',(0.894427190999916,0.,0.447213595499958));
#5730=DIRECTION('',(-0.447213595499958,0.,0.894427190999916));
#5731=DIRECTION('',(0.447213595499958,0.,0.894427190999916));
#5732=DIRECTION('',(-0.894427190999916,0.,0.447213595499958));
#5733=DIRECTION('',(-1.0842021724855E-16,0.,-1.));
#5734=DIRECTION('',(-1.,0.,1.0842021724855E-16));
#5735=DIRECTION('',(-1.,0.,0.));
#5736=DIRECTION('',(0.,0.,1.));
#5737=DIRECTION('',(0.894427190999916,0.,-0.447213595499958));
#5738=DIRECTION('',(-0.447213595499958,0.,-0.894427190999916));
#5739=DIRECTION('',(0.447213595499958,0.,-0.894427190999916));
#5740=DIRECTION('',(-0.894427190999916,0.,-0.447213595499958));
#5741=DIRECTION('',(0.,0.,1.));
#5742=DIRECTION('',(1.,0.,0.));
#5743=DIRECTION('',(-1.,0.,0.));
#5744=DIRECTION('',(0.,0.,1.));
#5745=DIRECTION('',(0.894427190999916,0.,0.447213595499958));
#5746=DIRECTION('',(0.447213595499958,0.,-0.894427190999916));
#5747=DIRECTION('',(0.447213595499958,0.,0.894427190999916));
#5748=DIRECTION('',(0.894427190999916,0.,-0.447213595499958));
#5749=DIRECTION('',(0.,0.,-1.));
#5750=DIRECTION('',(-1.,0.,0.));
#5751=DIRECTION('',(1.7347234759768E-16,0.,-1.));
#5752=DIRECTION('',(-1.,0.,-1.7347234759768E-16));
#5753=DIRECTION('',(0.,0.,-1.));
#5754=DIRECTION('',(-1.,0.,0.));
#5755=DIRECTION('',(-1.7347234759768E-16,0.,1.));
#5756=DIRECTION('',(1.,0.,1.7347234759768E-16));
#5757=DIRECTION('',(0.,0.,-1.));
#5758=DIRECTION('',(-1.,0.,0.));
#5759=DIRECTION('',(1.7347234759768E-16,0.,-1.));
#5760=DIRECTION('',(-1.,0.,-1.7347234759768E-16));
#5761=DIRECTION('',(0.,0.,-1.));
#5762=DIRECTION('',(-1.,0.,0.));
#5763=DIRECTION('',(-1.7347234759768E-16,0.,1.));
#5764=DIRECTION('',(1.,0.,1.7347234759768E-16));
#5765=DIRECTION('',(0.,0.,-1.));
#5766=DIRECTION('',(-1.,0.,0.));
#5767=DIRECTION('',(-1.7347234759768E-16,0.,1.));
#5768=DIRECTION('',(1.,0.,1.7347234759768E-16));
#5769=DIRECTION('',(0.,0.,-1.));
#5770=DIRECTION('',(-1.,0.,0.));
#5771=DIRECTION('',(1.7347234759768E-16,0.,-1.));
#5772=DIRECTION('',(-1.,0.,-1.7347234759768E-16));
#5773=DIRECTION('',(0.,0.,-1.));
#5774=DIRECTION('',(-1.,0.,0.));
#5775=DIRECTION('',(-1.7347234759768E-16,0.,1.));
#5776=DIRECTION('',(1.,0.,1.7347234759768E-16));
#5777=DIRECTION('',(0.,0.,-1.));
#5778=DIRECTION('',(-1.,0.,0.));
#5779=DIRECTION('',(1.7347234759768E-16,0.,-1.));
#5780=DIRECTION('',(-1.,0.,-1.7347234759768E-16));
#5781=DIRECTION('',(0.,0.,-1.));
#5782=DIRECTION('',(-1.,0.,0.));
#5783=DIRECTION('',(1.,0.,-2.06522328766534E-16));
#5784=DIRECTION('',(-2.06522328766534E-16,0.,-1.));
#5785=DIRECTION('',(-1.,-1.15648231731787E-16,2.06522328766534E-16));
#5786=DIRECTION('',(2.06522328766534E-16,0.,1.));
#5787=DIRECTION('',(0.,0.,1.));
#5788=DIRECTION('',(1.,0.,0.));
#5789=DIRECTION('',(-1.33440267382831E-16,0.,1.));
#5790=DIRECTION('',(1.,0.,1.33440267382831E-16));
#5791=DIRECTION('',(1.,0.,1.33440267382831E-16));
#5792=DIRECTION('',(0.,-1.,0.));
#5793=DIRECTION('',(-1.,0.,-1.33440267382831E-16));
#5794=DIRECTION('',(0.,-1.,0.));
#5795=DIRECTION('',(1.,0.,1.33440267382831E-16));
#5796=DIRECTION('',(0.,1.,0.));
#5797=DIRECTION('',(-1.,0.,0.));
#5798=DIRECTION('',(0.,0.,1.));
#5799=DIRECTION('',(-1.,0.,0.));
#5800=DIRECTION('',(0.,0.,1.));
#5801=DIRECTION('',(0.,0.,1.));
#5802=DIRECTION('',(0.,-1.,0.));
#5803=DIRECTION('',(0.,0.,-1.));
#5804=DIRECTION('',(0.,-1.,0.));
#5805=DIRECTION('',(0.,0.,1.));
#5806=DIRECTION('',(0.,-1.,0.));
#5807=DIRECTION('',(-1.,0.,0.));
#5808=DIRECTION('',(0.,0.,1.));
#5809=DIRECTION('',(0.,-1.,0.));
#5810=DIRECTION('',(0.,0.,1.));
#5811=DIRECTION('',(-1.,0.,0.));
#5812=DIRECTION('',(0.,0.,1.));
#5813=DIRECTION('',(0.,-1.,0.));
#5814=DIRECTION('',(0.,0.,1.));
#5815=DIRECTION('',(0.,-1.,0.));
#5816=DIRECTION('',(0.,0.,-1.));
#5817=DIRECTION('',(-1.33440267382831E-16,0.,-1.));
#5818=DIRECTION('',(-1.,0.,1.33440267382831E-16));
#5819=DIRECTION('',(1.,0.,-1.33440267382831E-16));
#5820=DIRECTION('',(0.,-1.,0.));
#5821=DIRECTION('',(-1.,0.,1.33440267382831E-16));
#5822=DIRECTION('',(0.,-1.,0.));
#5823=DIRECTION('',(-1.,0.,1.33440267382831E-16));
#5824=DIRECTION('',(0.,-1.,0.));
#5825=DIRECTION('',(-1.,0.,0.));
#5826=DIRECTION('',(0.,0.,1.));
#5827=DIRECTION('',(0.,0.,1.));
#5828=DIRECTION('',(0.,-1.,0.));
#5829=DIRECTION('',(0.,0.,-1.));
#5830=DIRECTION('',(0.,-1.,0.));
#5831=DIRECTION('',(1.69241314729444E-16,0.,1.));
#5832=DIRECTION('',(1.,0.,-1.69241314729444E-16));
#5833=DIRECTION('',(-1.,0.,1.69241314729444E-16));
#5834=DIRECTION('',(0.,-1.,0.));
#5835=DIRECTION('',(1.,0.,-1.69241314729444E-16));
#5836=DIRECTION('',(0.,-1.,0.));
#5837=DIRECTION('',(-1.,0.,0.));
#5838=DIRECTION('',(0.,0.,1.));
#5839=DIRECTION('',(0.,0.,-1.));
#5840=DIRECTION('',(0.,-1.,0.));
#5841=DIRECTION('',(0.,0.,1.));
#5842=DIRECTION('',(0.,-1.,0.));
#5843=DIRECTION('',(1.57702134179709E-16,0.,-1.));
#5844=DIRECTION('',(-1.,0.,-1.57702134179709E-16));
#5845=DIRECTION('',(-1.,0.,-1.57702134179709E-16));
#5846=DIRECTION('',(1.,0.,1.57702134179709E-16));
#5847=DIRECTION('',(0.,0.,-1.));
#5848=DIRECTION('',(-1.,0.,0.));
#5849=DIRECTION('',(0.,-1.,0.));
#5850=DIRECTION('',(-1.,0.,0.));
#5851=DIRECTION('',(0.,-1.,0.));
#5852=DIRECTION('',(1.,0.,0.));
#5853=DIRECTION('',(0.,0.,1.));
#5854=DIRECTION('',(1.,0.,0.));
#5855=DIRECTION('',(0.,-1.,0.));
#5856=DIRECTION('',(-1.,0.,0.));
#5857=DIRECTION('',(0.,-1.,0.));
#5858=DIRECTION('',(-1.,0.,0.));
#5859=DIRECTION('',(1.,0.,0.));
#5860=DIRECTION('',(0.,0.,-1.));
#5861=DIRECTION('',(0.,0.,-1.));
#5862=DIRECTION('',(0.,-1.,0.));
#5863=DIRECTION('',(0.,0.,1.));
#5864=DIRECTION('',(-1.,0.,0.));
#5865=DIRECTION('',(0.,0.,1.));
#5866=DIRECTION('',(0.,0.,-1.));
#5867=DIRECTION('',(0.,-1.,0.));
#5868=DIRECTION('',(0.,0.,1.));
#5869=DIRECTION('',(2.16840434497101E-16,0.,-1.));
#5870=DIRECTION('',(-1.,0.,-2.16840434497101E-16));
#5871=DIRECTION('',(-1.,0.,-2.16840434497101E-16));
#5872=DIRECTION('',(0.,-1.,0.));
#5873=DIRECTION('',(1.,0.,2.16840434497101E-16));
#5874=DIRECTION('',(2.16840434497101E-16,0.,-1.));
#5875=DIRECTION('',(-1.,0.,-2.16840434497101E-16));
#5876=DIRECTION('',(0.,0.,1.));
#5877=DIRECTION('',(1.,0.,0.));
#5878=DIRECTION('',(-1.,0.,0.));
#5879=DIRECTION('',(0.,-1.,0.));
#5880=DIRECTION('',(1.,0.,0.));
#5881=DIRECTION('',(0.,0.,1.));
#5882=DIRECTION('',(1.,0.,0.));
#5883=DIRECTION('',(-1.,0.,0.));
#5884=DIRECTION('',(0.,0.,1.));
#5885=DIRECTION('',(0.,0.,1.));
#5886=DIRECTION('',(0.,-1.,0.));
#5887=DIRECTION('',(0.,0.,-1.));
#5888=DIRECTION('',(1.,0.,0.));
#5889=DIRECTION('',(0.,0.,-1.));
#5890=DIRECTION('',(0.,-1.,0.));
#5891=DIRECTION('',(0.,0.,-1.));
#5892=DIRECTION('',(0.,0.,1.));
#5893=DIRECTION('',(0.,-1.,0.));
#5894=DIRECTION('',(1.,0.,0.));
#5895=DIRECTION('',(0.,-1.,0.));
#5896=DIRECTION('',(0.,0.,-1.));
#5897=DIRECTION('',(0.,-1.,0.));
#5898=DIRECTION('',(0.,0.,-1.));
#5899=DIRECTION('',(0.,-1.,0.));
#5900=DIRECTION('',(0.,0.,-1.));
#5901=DIRECTION('',(0.,-1.,0.));
#5902=DIRECTION('',(0.,0.,-1.));
#5903=DIRECTION('',(0.,-1.,0.));
#5904=DIRECTION('',(0.,0.,-1.));
#5905=DIRECTION('',(0.,-1.,0.));
#5906=DIRECTION('',(0.,0.,-1.));
#5907=DIRECTION('',(0.,-1.,0.));
#5908=DIRECTION('',(0.,0.,-1.));
#5909=DIRECTION('',(0.,-1.,0.));
#5910=DIRECTION('',(0.,0.,-1.));
#5911=DIRECTION('',(1.,0.,0.));
#5912=DIRECTION('',(0.,0.,-1.));
#5913=DIRECTION('',(0.,0.,-1.));
#5914=DIRECTION('',(0.,-1.,0.));
#5915=DIRECTION('',(0.,0.,-1.));
#5916=DIRECTION('',(1.,0.,0.));
#5917=DIRECTION('',(0.,0.,-1.));
#5918=DIRECTION('',(0.,-1.,0.));
#5919=DIRECTION('',(0.,0.,-1.));
#5920=DIRECTION('',(-1.,0.,0.));
#5921=DIRECTION('',(0.,0.,1.));
#5922=DIRECTION('',(0.,-1.,0.));
#5923=DIRECTION('',(0.,0.,-1.));
#5924=DIRECTION('',(0.,-1.,0.));
#5925=DIRECTION('',(0.,0.,-1.));
#5926=DIRECTION('',(-1.,0.,1.33440267382831E-16));
#5927=DIRECTION('',(0.,0.,-1.));
#5928=DIRECTION('',(1.,0.,0.));
#5929=DIRECTION('',(1.,-6.93889390390723E-16,0.));
#5930=DIRECTION('',(0.,-1.,0.));
#5931=DIRECTION('',(-1.,0.,0.));
#5932=DIRECTION('',(0.,-1.,0.));
#5933=DIRECTION('',(1.,0.,0.));
#5934=DIRECTION('',(0.,0.,-1.));
#5935=DIRECTION('',(0.,0.,-1.));
#5936=DIRECTION('',(0.,-1.,0.));
#5937=DIRECTION('',(0.,0.,-1.));
#5938=DIRECTION('',(1.,0.,0.));
#5939=DIRECTION('',(0.,0.,-1.));
#5940=DIRECTION('',(0.,0.,-1.));
#5941=DIRECTION('',(1.,0.,0.));
#5942=DIRECTION('',(1.,-6.93889390390723E-16,0.));
#5943=DIRECTION('',(0.,-1.,0.));
#5944=DIRECTION('',(-1.,0.,0.));
#5945=DIRECTION('',(0.,-1.,0.));
#5946=DIRECTION('',(0.,-1.,0.));
#5947=DIRECTION('',(0.,0.,-1.));
#5948=DIRECTION('',(0.,0.,1.));
#5949=DIRECTION('',(-1.,0.,0.));
#5950=DIRECTION('',(1.,0.,1.33440267382831E-16));
#5951=DIRECTION('',(0.,-1.,0.));
#5952=DIRECTION('',(0.,0.,-1.));
#5953=DIRECTION('',(0.,-1.,0.));
#5954=DIRECTION('',(0.,0.,-1.));
#5955=DIRECTION('',(0.,-1.,0.));
#5956=DIRECTION('',(1.,0.,0.));
#5957=DIRECTION('',(0.,-1.,0.));
#5958=DIRECTION('',(0.,0.,-1.));
#5959=DIRECTION('',(0.,-1.,0.));
#5960=DIRECTION('',(0.,0.,-1.));
#5961=DIRECTION('',(0.,-1.,0.));
#5962=DIRECTION('',(0.,0.,-1.));
#5963=DIRECTION('',(0.,-1.,0.));
#5964=DIRECTION('',(0.,0.,-1.));
#5965=DIRECTION('',(0.,-1.,0.));
#5966=DIRECTION('',(0.,0.,-1.));
#5967=DIRECTION('',(0.,-1.,0.));
#5968=DIRECTION('',(0.,0.,-1.));
#5969=DIRECTION('',(0.,-1.,0.));
#5970=DIRECTION('',(0.,0.,-1.));
#5971=DIRECTION('',(0.,-1.,0.));
#5972=DIRECTION('',(0.,0.,-1.));
#5973=DIRECTION('',(0.,1.,0.));
#5974=DIRECTION('',(0.,0.,1.));
#5975=DIRECTION('',(0.,1.,0.));
#5976=DIRECTION('',(0.,0.,1.));
#5977=DIRECTION('',(0.,0.,-1.));
#5978=DIRECTION('',(-1.,0.,0.));
#5979=DIRECTION('',(0.,0.,1.));
#5980=DIRECTION('',(1.,0.,0.));
#5981=DIRECTION('',(-1.,0.,0.));
#5982=DIRECTION('',(0.,0.,1.));
#5983=DIRECTION('',(-1.,0.,0.));
#5984=DIRECTION('',(0.,0.,1.));
#5985=DIRECTION('',(0.,1.,0.));
#5986=DIRECTION('',(0.,0.,1.));
#5987=DIRECTION('',(0.707106781186548,0.707106781186548,0.));
#5988=DIRECTION('',(0.707106781186548,-0.707106781186548,0.));
#5989=DIRECTION('',(1.,0.,0.));
#5990=DIRECTION('',(0.,0.,-1.));
#5991=DIRECTION('',(0.,1.,0.));
#5992=DIRECTION('',(0.,0.,1.));
#5993=DIRECTION('',(0.,-1.,0.));
#5994=DIRECTION('',(0.,0.,-1.));
#5995=DIRECTION('',(0.,-1.,0.));
#5996=DIRECTION('',(0.,0.,-1.));
#5997=DIRECTION('',(-1.,0.,0.));
#5998=DIRECTION('',(0.,0.,1.));
#5999=DIRECTION('',(-1.,0.,-1.33440267382831E-16));
#6000=DIRECTION('',(-1.33440267382831E-16,0.,1.));
#6001=DIRECTION('',(0.,0.,1.));
#6002=DIRECTION('',(1.,0.,0.));
#6003=DIRECTION('',(0.,0.,1.));
#6004=DIRECTION('',(1.,0.,0.));
#6005=DIRECTION('',(0.,-1.,0.));
#6006=DIRECTION('',(0.,0.,-1.));
#6007=DIRECTION('',(0.,1.,0.));
#6008=DIRECTION('',(0.,0.,1.));
#6009=DIRECTION('',(0.,-1.,0.));
#6010=DIRECTION('',(0.,0.,-1.));
#6011=DIRECTION('',(0.707106781186548,-0.707106781186548,0.));
#6012=DIRECTION('',(0.707106781186548,0.707106781186548,0.));
#6013=DIRECTION('',(-1.,0.,0.));
#6014=DIRECTION('',(0.,0.,1.));
#6015=DIRECTION('',(-1.,0.,0.));
#6016=DIRECTION('',(0.,0.,1.));
#6017=DIRECTION('',(1.,0.,0.));
#6018=DIRECTION('',(0.,0.,-1.));
#6019=DIRECTION('',(0.,1.,0.));
#6020=DIRECTION('',(0.,0.,1.));
#6021=DIRECTION('',(0.,-1.,0.));
#6022=DIRECTION('',(0.,0.,-1.));
#6023=DIRECTION('',(0.,-1.,0.));
#6024=DIRECTION('',(0.,0.,-1.));
#6025=DIRECTION('',(1.,0.,0.));
#6026=DIRECTION('',(0.,0.,-1.));
#6027=DIRECTION('',(-1.,0.,1.33440267382831E-16));
#6028=DIRECTION('',(1.33440267382831E-16,0.,1.));
#6029=DIRECTION('',(0.,1.,0.));
#6030=DIRECTION('',(0.,0.,1.));
#6031=DIRECTION('',(0.,1.,0.));
#6032=DIRECTION('',(0.,0.,1.));
#6033=DIRECTION('',(0.,-1.,0.));
#6034=DIRECTION('',(0.,0.,-1.));
#6035=DIRECTION('',(0.,1.,0.));
#6036=DIRECTION('',(0.,0.,1.));
#6037=DIRECTION('',(0.,-1.,0.));
#6038=DIRECTION('',(0.,0.,-1.));
#6039=DIRECTION('',(0.,-1.,0.));
#6040=DIRECTION('',(0.,0.,-1.));
#6041=DIRECTION('',(0.,0.,1.));
#6042=DIRECTION('',(1.,0.,0.));
#6043=CARTESIAN_POINT('',(0.,0.,0.));
#6044=CARTESIAN_POINT('',(-3.36367113024771E-18,0.01525,-0.011));
#6045=CARTESIAN_POINT('',(2.75017136435349E-19,0.01525,0.0105));
#6046=CARTESIAN_POINT('',(-0.00525,0.01525,0.0105));
#6047=CARTESIAN_POINT('',(6.98120423258959E-19,0.01525,0.013));
#6048=CARTESIAN_POINT('',(0.00525,0.01525,0.013));
#6049=CARTESIAN_POINT('',(-3.46944695195361E-18,0.,0.007));
#6050=CARTESIAN_POINT('',(0.012,0.,0.007));
#6051=CARTESIAN_POINT('',(0.012,0.,0.0105));
#6052=CARTESIAN_POINT('',(0.012,0.,0.0015));
#6053=CARTESIAN_POINT('',(0.01,0.,0.0015));
#6054=CARTESIAN_POINT('',(0.01,0.,0.0015));
#6055=CARTESIAN_POINT('',(0.01,0.,0.0005));
#6056=CARTESIAN_POINT('',(0.009,0.,0.0005));
#6057=CARTESIAN_POINT('',(0.009,0.,0.00075));
#6058=CARTESIAN_POINT('',(0.009,0.,2.16840434497101E-19));
#6059=CARTESIAN_POINT('',(0.0115,0.,-8.67361737988404E-19));
#6060=CARTESIAN_POINT('',(0.014,0.,-8.67361737988404E-19));
#6061=CARTESIAN_POINT('',(0.014,0.,0.0015));
#6062=CARTESIAN_POINT('',(0.014,0.,0.002));
#6063=CARTESIAN_POINT('',(0.015,0.,0.002));
#6064=CARTESIAN_POINT('',(0.015,0.,0.003));
#6065=CARTESIAN_POINT('',(0.01725,0.,0.003));
#6066=CARTESIAN_POINT('',(0.0195,0.,0.003));
#6067=CARTESIAN_POINT('',(0.0195,0.,0.004));
#6068=CARTESIAN_POINT('',(0.0205,0.,0.004));
#6069=CARTESIAN_POINT('',(0.0205,0.,0.0085));
#6070=CARTESIAN_POINT('',(0.0205,0.,0.013));
#6071=CARTESIAN_POINT('',(0.0195,0.,0.013));
#6072=CARTESIAN_POINT('',(0.0195,0.,0.014));
#6073=CARTESIAN_POINT('',(-3.46944695195361E-18,0.,0.014));
#6074=CARTESIAN_POINT('',(-0.0195,0.,0.014));
#6075=CARTESIAN_POINT('',(-0.0195,0.,0.013));
#6076=CARTESIAN_POINT('',(-0.0205,0.,0.013));
#6077=CARTESIAN_POINT('',(-0.0205,0.,0.0085));
#6078=CARTESIAN_POINT('',(-0.0205,0.,0.004));
#6079=CARTESIAN_POINT('',(-0.0195,0.,0.004));
#6080=CARTESIAN_POINT('',(-0.0195,0.,0.003));
#6081=CARTESIAN_POINT('',(-0.01725,0.,0.003));
#6082=CARTESIAN_POINT('',(-0.015,0.,0.003));
#6083=CARTESIAN_POINT('',(-0.015,0.,0.002));
#6084=CARTESIAN_POINT('',(-0.014,0.,0.002));
#6085=CARTESIAN_POINT('',(-0.014,0.,0.0015));
#6086=CARTESIAN_POINT('',(-0.014,0.,-8.67361737988404E-19));
#6087=CARTESIAN_POINT('',(-0.0115,0.,-8.67361737988404E-19));
#6088=CARTESIAN_POINT('',(-0.009,0.,2.16840434497101E-19));
#6089=CARTESIAN_POINT('',(-0.009,0.,0.00075));
#6090=CARTESIAN_POINT('',(-0.009,0.,0.0005));
#6091=CARTESIAN_POINT('',(-0.01,0.,0.0005));
#6092=CARTESIAN_POINT('',(-0.01,0.,0.0015));
#6093=CARTESIAN_POINT('',(-0.01,0.,0.0015));
#6094=CARTESIAN_POINT('',(-0.012,0.,0.0015));
#6095=CARTESIAN_POINT('',(-0.012,0.,0.0095));
#6096=CARTESIAN_POINT('',(-0.012,0.,0.0105));
#6097=CARTESIAN_POINT('',(-4.0214044215826E-18,0.,0.0105));
#6098=CARTESIAN_POINT('',(0.01,0.095,0.0015));
#6099=CARTESIAN_POINT('',(0.01,0.03,0.0015));
#6100=CARTESIAN_POINT('',(0.012,0.03,0.0015));
#6101=CARTESIAN_POINT('',(0.01,0.03,0.0015));
#6102=CARTESIAN_POINT('',(0.01,0.095,0.0015));
#6103=CARTESIAN_POINT('',(0.012,0.001,0.0015));
#6104=CARTESIAN_POINT('',(0.011,0.001,0.0015));
#6105=CARTESIAN_POINT('',(0.011,0.095,0.0015));
#6106=CARTESIAN_POINT('',(0.011,0.029,0.0015));
#6107=CARTESIAN_POINT('',(0.012,0.029,0.0015));
#6108=CARTESIAN_POINT('',(0.009,0.095,0.00075));
#6109=CARTESIAN_POINT('',(0.009,0.095,0.0005));
#6110=CARTESIAN_POINT('',(0.009,0.03,0.0005));
#6111=CARTESIAN_POINT('',(0.009,0.03,0.00075));
#6112=CARTESIAN_POINT('',(0.009,0.03,-8.67361737988404E-19));
#6113=CARTESIAN_POINT('',(0.009,0.095,2.16840434497101E-19));
#6114=CARTESIAN_POINT('',(0.0115,0.095,-8.67361737988404E-19));
#6115=CARTESIAN_POINT('',(-0.0165,0.03,-8.67361737988404E-19));
#6116=CARTESIAN_POINT('',(0.014,0.03,-8.67361737988404E-19));
#6117=CARTESIAN_POINT('',(0.014,0.095,-8.67361737988404E-19));
#6118=CARTESIAN_POINT('',(0.014,0.095,0.0015));
#6119=CARTESIAN_POINT('',(0.014,0.03,0.0015));
#6120=CARTESIAN_POINT('',(0.014,0.03,0.000267949192431124));
#6121=CARTESIAN_POINT('',(0.014,0.03,0.000267949192431124));
#6122=CARTESIAN_POINT('',(0.014,0.03,0.000614603298381227));
#6123=CARTESIAN_POINT('',(0.014,0.0297328454292329,0.00126783664217654));
#6124=CARTESIAN_POINT('',(0.014,0.0292412977277103,0.00175870106580832));
#6125=CARTESIAN_POINT('',(0.014,0.029,0.002));
#6126=CARTESIAN_POINT('',(0.014,0.029,0.002));
#6127=CARTESIAN_POINT('',(0.014,0.,0.002));
#6128=CARTESIAN_POINT('',(-0.014,0.095,0.0015));
#6129=CARTESIAN_POINT('',(-0.014,0.03,0.002));
#6130=CARTESIAN_POINT('',(-0.014,0.03,0.002));
#6131=CARTESIAN_POINT('',(-0.014,0.03,0.0015));
#6132=CARTESIAN_POINT('',(-0.014,0.03,-8.67361737988404E-19));
#6133=CARTESIAN_POINT('',(-0.014,0.095,-8.67361737988404E-19));
#6134=CARTESIAN_POINT('',(-0.0115,0.095,-8.67361737988404E-19));
#6135=CARTESIAN_POINT('',(-0.0165,0.03,-8.67361737988404E-19));
#6136=CARTESIAN_POINT('',(-0.009,0.03,-8.67361737988404E-19));
#6137=CARTESIAN_POINT('',(-0.009,0.095,2.16840434497101E-19));
#6138=CARTESIAN_POINT('',(-0.009,0.095,0.00075));
#6139=CARTESIAN_POINT('',(-0.009,0.03,0.00075));
#6140=CARTESIAN_POINT('',(-0.009,0.03,0.0005));
#6141=CARTESIAN_POINT('',(-0.009,0.095,0.0005));
#6142=CARTESIAN_POINT('',(-0.01,0.095,0.0015));
#6143=CARTESIAN_POINT('',(-0.01,0.095,0.0015));
#6144=CARTESIAN_POINT('',(-0.01,0.03,0.0015));
#6145=CARTESIAN_POINT('',(-0.01,0.03,0.0015));
#6146=CARTESIAN_POINT('',(-0.012,0.03,0.0015));
#6147=CARTESIAN_POINT('',(-0.012,0.029,0.0015));
#6148=CARTESIAN_POINT('',(-0.011,0.029,0.0015));
#6149=CARTESIAN_POINT('',(-0.011,0.095,0.0015));
#6150=CARTESIAN_POINT('',(-0.011,0.001,0.0015));
#6151=CARTESIAN_POINT('',(-0.012,0.001,0.0015));
#6152=CARTESIAN_POINT('',(0.,0.095,0.0095));
#6153=CARTESIAN_POINT('',(4.32719270615058E-19,0.01525,0.0095));
#6154=CARTESIAN_POINT('',(-0.00625,0.01525,0.0095));
#6155=CARTESIAN_POINT('',(0.011,0.095,0.0095));
#6156=CARTESIAN_POINT('',(0.011,0.029,0.0095));
#6157=CARTESIAN_POINT('',(0.011,0.001,0.0095));
#6158=CARTESIAN_POINT('',(0.,0.001,0.0095));
#6159=CARTESIAN_POINT('',(-0.011,0.001,0.0095));
#6160=CARTESIAN_POINT('',(-0.011,0.095,0.0095));
#6161=CARTESIAN_POINT('',(-0.011,0.029,0.0095));
#6162=CARTESIAN_POINT('',(-0.012,0.029,0.0095));
#6163=CARTESIAN_POINT('',(-0.012,0.03,0.0095));
#6164=CARTESIAN_POINT('',(0.,0.03,0.0095));
#6165=CARTESIAN_POINT('',(0.012,0.03,0.0095));
#6166=CARTESIAN_POINT('',(0.012,0.029,0.0095));
#6167=CARTESIAN_POINT('',(-0.0205,0.095,0.0085));
#6168=CARTESIAN_POINT('',(-0.0205,0.029,0.0085));
#6169=CARTESIAN_POINT('',(-0.0205,0.029,0.013));
#6170=CARTESIAN_POINT('',(-0.0205,0.029,0.004));
#6171=CARTESIAN_POINT('',(-0.0205,0.,0.004));
#6172=CARTESIAN_POINT('',(-0.0205,0.095,0.013));
#6173=CARTESIAN_POINT('',(-3.46944695195361E-18,0.095,0.014));
#6174=CARTESIAN_POINT('',(8.67361737988404E-19,0.01525,0.014));
#6175=CARTESIAN_POINT('',(0.00625,0.01525,0.014));
#6176=CARTESIAN_POINT('',(0.0195,0.03,0.014));
#6177=CARTESIAN_POINT('',(0.0195,0.03,0.014));
#6178=CARTESIAN_POINT('',(-3.46944695195361E-18,0.03,0.014));
#6179=CARTESIAN_POINT('',(-0.0195,0.03,0.014));
#6180=CARTESIAN_POINT('',(-0.0195,0.095,0.014));
#6181=CARTESIAN_POINT('',(0.0205,0.095,0.0085));
#6182=CARTESIAN_POINT('',(0.0205,0.03,0.004));
#6183=CARTESIAN_POINT('',(0.0205,0.029,0.004));
#6184=CARTESIAN_POINT('',(0.0205,0.029,0.014));
#6185=CARTESIAN_POINT('',(0.0205,0.029,0.013));
#6186=CARTESIAN_POINT('',(0.0205,0.,0.013));
#6187=CARTESIAN_POINT('',(0.01725,0.095,0.003));
#6188=CARTESIAN_POINT('',(0.01725,0.029,0.003));
#6189=CARTESIAN_POINT('',(0.015,0.029,0.003));
#6190=CARTESIAN_POINT('',(0.0195,0.029,0.003));
#6191=CARTESIAN_POINT('',(0.0195,0.,0.003));
#6192=CARTESIAN_POINT('',(0.015,0.03,0.003));
#6193=CARTESIAN_POINT('',(0.011,0.095,0.0055));
#6194=CARTESIAN_POINT('',(0.011,0.001,0.0055));
#6195=CARTESIAN_POINT('',(0.011,0.029,0.0055));
#6196=CARTESIAN_POINT('',(-0.0165,0.03,0.008));
#6197=CARTESIAN_POINT('',(-0.01725,0.03,0.003));
#6198=CARTESIAN_POINT('',(-0.015,0.03,0.003));
#6199=CARTESIAN_POINT('',(-0.0195,0.03,0.003));
#6200=CARTESIAN_POINT('',(-0.0195,0.03,0.008));
#6201=CARTESIAN_POINT('',(0.0195,0.03,0.003));
#6202=CARTESIAN_POINT('',(0.0195,0.03,0.004));
#6203=CARTESIAN_POINT('',(-0.0165,0.03,0.004));
#6204=CARTESIAN_POINT('',(0.015,0.03,0.004));
#6205=CARTESIAN_POINT('',(0.015,0.03,0.002));
#6206=CARTESIAN_POINT('',(0.01,0.03,0.0005));
#6207=CARTESIAN_POINT('',(0.012,0.03,0.008));
#6208=CARTESIAN_POINT('',(-0.012,0.03,0.0015));
#6209=CARTESIAN_POINT('',(-0.01,0.03,0.0005));
#6210=CARTESIAN_POINT('',(-0.015,0.03,0.002));
#6211=CARTESIAN_POINT('',(-0.011,0.095,0.0055));
#6212=CARTESIAN_POINT('',(-0.011,0.001,0.0015));
#6213=CARTESIAN_POINT('',(-0.011,0.029,0.0095));
#6214=CARTESIAN_POINT('',(-0.01725,0.095,0.003));
#6215=CARTESIAN_POINT('',(-0.0195,0.03,0.003));
#6216=CARTESIAN_POINT('',(-0.015,0.,0.003));
#6217=CARTESIAN_POINT('',(-0.012,0.001,0.0055));
#6218=CARTESIAN_POINT('',(-0.012,0.001,0.0105));
#6219=CARTESIAN_POINT('',(0.012,0.001,0.007));
#6220=CARTESIAN_POINT('',(0.012,0.001,0.0105));
#6221=CARTESIAN_POINT('',(-4.0214044215826E-18,0.001,0.0105));
#6222=CARTESIAN_POINT('',(2.75017136435349E-19,0.01525,0.0105));
#6223=CARTESIAN_POINT('',(6.98120423258959E-19,0.01525,0.013));
#6224=CARTESIAN_POINT('',(-0.0195,0.095,0.004));
#6225=CARTESIAN_POINT('',(-0.0195,0.029,0.004));
#6226=CARTESIAN_POINT('',(-0.0195,0.095,0.013));
#6227=CARTESIAN_POINT('',(-0.0195,0.029,0.013));
#6228=CARTESIAN_POINT('',(-0.0195,0.029,0.008));
#6229=CARTESIAN_POINT('',(0.015,0.095,0.002));
#6230=CARTESIAN_POINT('',(0.015,0.029,0.002));
#6231=CARTESIAN_POINT('',(0.015,0.029,0.002));
#6232=CARTESIAN_POINT('',(0.015,0.029,0.004));
#6233=CARTESIAN_POINT('',(0.01725,0.029,0.004));
#6234=CARTESIAN_POINT('',(0.0195,0.029,0.004));
#6235=CARTESIAN_POINT('',(0.0195,0.095,0.004));
#6236=CARTESIAN_POINT('',(0.0195,0.029,0.004));
#6237=CARTESIAN_POINT('',(0.0195,0.029,0.004));
#6238=CARTESIAN_POINT('',(0.0195,0.029,0.004));
#6239=CARTESIAN_POINT('',(0.0195,0.095,0.013));
#6240=CARTESIAN_POINT('',(0.0195,0.029,0.013));
#6241=CARTESIAN_POINT('',(0.0195,0.029,0.0085));
#6242=CARTESIAN_POINT('',(-0.012,0.029,0.008));
#6243=CARTESIAN_POINT('',(0.012,0.029,0.0055));
#6244=CARTESIAN_POINT('',(-0.015,0.095,0.002));
#6245=CARTESIAN_POINT('',(0.01,0.095,0.0005));
#6246=CARTESIAN_POINT('',(-0.01,0.095,0.0005));
#6247=CARTESIAN_POINT('',(-0.00751641115628708,0.,0.0146730148931409));
#6248=CARTESIAN_POINT('',(-0.0165,0.03,0.005));
#6249=CARTESIAN_POINT('',(0.00725,0.026,0.005));
#6250=CARTESIAN_POINT('',(0.00725,0.027,0.005));
#6251=CARTESIAN_POINT('',(0.00825,0.026,0.005));
#6252=CARTESIAN_POINT('',(-0.0165,0.027,0.005));
#6253=CARTESIAN_POINT('',(0.004,0.027,0.005));
#6254=CARTESIAN_POINT('',(0.004,0.035,0.005));
#6255=CARTESIAN_POINT('',(0.004,0.036,0.005));
#6256=CARTESIAN_POINT('',(-0.0165,0.036,0.005));
#6257=CARTESIAN_POINT('',(0.009,0.036,0.005));
#6258=CARTESIAN_POINT('',(0.009,0.03,0.005));
#6259=CARTESIAN_POINT('',(0.009,0.064,0.005));
#6260=CARTESIAN_POINT('',(0.005,0.064,0.005));
#6261=CARTESIAN_POINT('',(0.004,0.064,0.005));
#6262=CARTESIAN_POINT('',(0.004,0.072,0.005));
#6263=CARTESIAN_POINT('',(0.004,0.073,0.005));
#6264=CARTESIAN_POINT('',(0.00925,0.073,0.005));
#6265=CARTESIAN_POINT('',(0.00825,0.073,0.005));
#6266=CARTESIAN_POINT('',(0.00825,0.093,0.005));
#6267=CARTESIAN_POINT('',(0.00825,0.091,0.005));
#6268=CARTESIAN_POINT('',(-0.0165,0.091,0.005));
#6269=CARTESIAN_POINT('',(0.006,0.091,0.005));
#6270=CARTESIAN_POINT('',(0.004,0.091,0.005));
#6271=CARTESIAN_POINT('',(0.004,0.089,0.005));
#6272=CARTESIAN_POINT('',(-0.0165,0.089,0.005));
#6273=CARTESIAN_POINT('',(-0.004,0.089,0.005));
#6274=CARTESIAN_POINT('',(-0.004,0.091,0.005));
#6275=CARTESIAN_POINT('',(-0.006,0.091,0.005));
#6276=CARTESIAN_POINT('',(-0.0165,0.091,0.005));
#6277=CARTESIAN_POINT('',(-0.00825,0.091,0.005));
#6278=CARTESIAN_POINT('',(-0.00825,0.03,0.005));
#6279=CARTESIAN_POINT('',(-0.00825,0.073,0.005));
#6280=CARTESIAN_POINT('',(-0.005,0.073,0.005));
#6281=CARTESIAN_POINT('',(-0.004,0.073,0.005));
#6282=CARTESIAN_POINT('',(-0.004,0.03,0.005));
#6283=CARTESIAN_POINT('',(-0.004,0.064,0.005));
#6284=CARTESIAN_POINT('',(-0.01,0.064,0.005));
#6285=CARTESIAN_POINT('',(-0.009,0.064,0.005));
#6286=CARTESIAN_POINT('',(-0.009,0.03,0.005));
#6287=CARTESIAN_POINT('',(-0.009,0.036,0.005));
#6288=CARTESIAN_POINT('',(-0.0165,0.036,0.005));
#6289=CARTESIAN_POINT('',(-0.004,0.036,0.005));
#6290=CARTESIAN_POINT('',(-0.004,0.03,0.005));
#6291=CARTESIAN_POINT('',(-0.004,0.027,0.005));
#6292=CARTESIAN_POINT('',(-0.0165,0.027,0.005));
#6293=CARTESIAN_POINT('',(-0.00725,0.027,0.005));
#6294=CARTESIAN_POINT('',(-0.00725,0.026,0.005));
#6295=CARTESIAN_POINT('',(-0.00825,0.026,0.005));
#6296=CARTESIAN_POINT('',(-0.00825,0.03,0.005));
#6297=CARTESIAN_POINT('',(-0.00825,0.003,0.005));
#6298=CARTESIAN_POINT('',(0.00925,0.003,0.005));
#6299=CARTESIAN_POINT('',(0.00825,0.003,0.005));
#6300=CARTESIAN_POINT('',(0.00825,0.028,0.005));
#6301=CARTESIAN_POINT('',(-8.26089315066139E-19,0.0475,-0.004));
#6302=CARTESIAN_POINT('',(0.04,0.0475,-0.004));
#6303=CARTESIAN_POINT('',(0.04,0.0275,-0.004));
#6304=CARTESIAN_POINT('',(0.04,0.0675,-0.004));
#6305=CARTESIAN_POINT('',(9.5822515407947E-18,0.0275,-0.004));
#6306=CARTESIAN_POINT('',(-0.04,0.0275,-0.004));
#6307=CARTESIAN_POINT('',(-0.04,0.0475,-0.004));
#6308=CARTESIAN_POINT('',(-0.04,0.0675,-0.004));
#6309=CARTESIAN_POINT('',(-7.76498321897337E-18,0.0675,-0.004));
#6310=CARTESIAN_POINT('',(0.0095,0.03,-3.44670175013679E-18));
#6311=CARTESIAN_POINT('',(0.019,0.03,-5.20417042793042E-18));
#6312=CARTESIAN_POINT('',(0.019,0.095,-5.20417042793042E-18));
#6313=CARTESIAN_POINT('',(0.019,0.0695,-5.20417042793042E-18));
#6314=CARTESIAN_POINT('',(-0.021,0.0695,2.85222927724252E-18));
#6315=CARTESIAN_POINT('',(-0.019,0.0695,2.60208521396521E-18));
#6316=CARTESIAN_POINT('',(-0.019,0.03,2.60208521396521E-18));
#6317=CARTESIAN_POINT('',(-0.019,0.095,2.60208521396521E-18));
#6318=CARTESIAN_POINT('',(0.0095,0.095,-3.44670175013679E-18));
#6319=CARTESIAN_POINT('',(-1.7347234759768E-18,0.028,0.01));
#6320=CARTESIAN_POINT('',(-1.7347234759768E-18,0.028,0.006));
#6321=CARTESIAN_POINT('',(0.007,0.028,0.006));
#6322=CARTESIAN_POINT('',(0.00725,0.028,0.006));
#6323=CARTESIAN_POINT('',(0.00725,0.028,0.01));
#6324=CARTESIAN_POINT('',(0.00725,0.028,0.01));
#6325=CARTESIAN_POINT('',(-1.7347234759768E-18,0.028,0.01));
#6326=CARTESIAN_POINT('',(0.007,0.028,0.01));
#6327=CARTESIAN_POINT('',(0.007,0.028,0.006));
#6328=CARTESIAN_POINT('',(0.,0.0475,0.01));
#6329=CARTESIAN_POINT('',(-1.7347234759768E-18,0.028,0.01));
#6330=CARTESIAN_POINT('',(-0.007,0.028,0.01));
#6331=CARTESIAN_POINT('',(-0.00725,0.028,0.01));
#6332=CARTESIAN_POINT('',(-0.007,0.03,0.01));
#6333=CARTESIAN_POINT('',(-0.005,0.03,0.01));
#6334=CARTESIAN_POINT('',(-0.005,0.107815641868528,0.01));
#6335=CARTESIAN_POINT('',(-0.005,0.033,0.01));
#6336=CARTESIAN_POINT('',(-0.007,0.033,0.01));
#6337=CARTESIAN_POINT('',(-0.007,0.035,0.01));
#6338=CARTESIAN_POINT('',(6.93889390390723E-18,0.035,0.01));
#6339=CARTESIAN_POINT('',(-0.01,0.035,0.01));
#6340=CARTESIAN_POINT('',(-0.01,0.05,0.01));
#6341=CARTESIAN_POINT('',(-0.01,0.065,0.01));
#6342=CARTESIAN_POINT('',(5.20417042793042E-18,0.065,0.01));
#6343=CARTESIAN_POINT('',(-0.007,0.065,0.01));
#6344=CARTESIAN_POINT('',(-0.007,0.067,0.01));
#6345=CARTESIAN_POINT('',(-0.005,0.067,0.01));
#6346=CARTESIAN_POINT('',(-0.005,0.107815641868528,0.01));
#6347=CARTESIAN_POINT('',(-0.005,0.07,0.01));
#6348=CARTESIAN_POINT('',(-0.007,0.07,0.01));
#6349=CARTESIAN_POINT('',(-0.007,0.072,0.01));
#6350=CARTESIAN_POINT('',(1.04083408558608E-17,0.072,0.01));
#6351=CARTESIAN_POINT('',(-0.00925,0.072,0.01));
#6352=CARTESIAN_POINT('',(-0.00925,0.0825,0.01));
#6353=CARTESIAN_POINT('',(-0.00925,0.091,0.01));
#6354=CARTESIAN_POINT('',(-0.00725,0.091,0.01));
#6355=CARTESIAN_POINT('',(-0.00725,0.093,0.01));
#6356=CARTESIAN_POINT('',(3.46944695195361E-18,0.093,0.01));
#6357=CARTESIAN_POINT('',(-0.006,0.093,0.01));
#6358=CARTESIAN_POINT('',(-0.006,0.089,0.01));
#6359=CARTESIAN_POINT('',(-0.006,0.095,0.01));
#6360=CARTESIAN_POINT('',(0.0055,0.095,0.01));
#6361=CARTESIAN_POINT('',(-0.011,0.095,0.01));
#6362=CARTESIAN_POINT('',(-0.011,0.095,0.01));
#6363=CARTESIAN_POINT('',(-0.011,0.07,0.01));
#6364=CARTESIAN_POINT('',(1.7347234759768E-18,0.07,0.01));
#6365=CARTESIAN_POINT('',(-0.018,0.07,0.01));
#6366=CARTESIAN_POINT('',(-0.018,0.0475,0.01));
#6367=CARTESIAN_POINT('',(-0.018,0.03,0.01));
#6368=CARTESIAN_POINT('',(0.,0.03,0.01));
#6369=CARTESIAN_POINT('',(-0.011,0.03,0.01));
#6370=CARTESIAN_POINT('',(-0.011,0.03,0.01));
#6371=CARTESIAN_POINT('',(-0.011,0.,0.01));
#6372=CARTESIAN_POINT('',(0.0055,0.,0.01));
#6373=CARTESIAN_POINT('',(0.011,0.,0.01));
#6374=CARTESIAN_POINT('',(0.011,0.03,0.01));
#6375=CARTESIAN_POINT('',(0.011,0.03,0.01));
#6376=CARTESIAN_POINT('',(0.,0.03,0.01));
#6377=CARTESIAN_POINT('',(0.018,0.03,0.01));
#6378=CARTESIAN_POINT('',(0.018,0.07,0.01));
#6379=CARTESIAN_POINT('',(0.018,0.07,0.01));
#6380=CARTESIAN_POINT('',(1.7347234759768E-18,0.07,0.01));
#6381=CARTESIAN_POINT('',(0.011,0.07,0.01));
#6382=CARTESIAN_POINT('',(0.011,0.095,0.01));
#6383=CARTESIAN_POINT('',(0.011,0.095,0.01));
#6384=CARTESIAN_POINT('',(0.0055,0.095,0.01));
#6385=CARTESIAN_POINT('',(0.006,0.095,0.01));
#6386=CARTESIAN_POINT('',(0.006,0.089,0.01));
#6387=CARTESIAN_POINT('',(0.006,0.093,0.01));
#6388=CARTESIAN_POINT('',(3.46944695195361E-18,0.093,0.01));
#6389=CARTESIAN_POINT('',(0.00725,0.093,0.01));
#6390=CARTESIAN_POINT('',(0.00725,0.091,0.01));
#6391=CARTESIAN_POINT('',(0.00925,0.091,0.01));
#6392=CARTESIAN_POINT('',(0.00925,0.0825,0.01));
#6393=CARTESIAN_POINT('',(0.00925,0.072,0.01));
#6394=CARTESIAN_POINT('',(1.04083408558608E-17,0.072,0.01));
#6395=CARTESIAN_POINT('',(0.007,0.072,0.01));
#6396=CARTESIAN_POINT('',(0.007,0.07,0.01));
#6397=CARTESIAN_POINT('',(0.005,0.07,0.01));
#6398=CARTESIAN_POINT('',(0.005,0.107815641868528,0.01));
#6399=CARTESIAN_POINT('',(0.005,0.067,0.01));
#6400=CARTESIAN_POINT('',(0.007,0.067,0.01));
#6401=CARTESIAN_POINT('',(0.007,0.065,0.01));
#6402=CARTESIAN_POINT('',(5.20417042793042E-18,0.065,0.01));
#6403=CARTESIAN_POINT('',(0.01,0.065,0.01));
#6404=CARTESIAN_POINT('',(0.01,0.05,0.01));
#6405=CARTESIAN_POINT('',(0.01,0.035,0.01));
#6406=CARTESIAN_POINT('',(6.93889390390723E-18,0.035,0.01));
#6407=CARTESIAN_POINT('',(0.007,0.035,0.01));
#6408=CARTESIAN_POINT('',(0.007,0.033,0.01));
#6409=CARTESIAN_POINT('',(0.005,0.033,0.01));
#6410=CARTESIAN_POINT('',(0.005,0.107815641868528,0.01));
#6411=CARTESIAN_POINT('',(0.005,0.03,0.01));
#6412=CARTESIAN_POINT('',(0.007,0.03,0.01));
#6413=CARTESIAN_POINT('',(0.00725,0.026,0.01));
#6414=CARTESIAN_POINT('',(0.00925,0.026,0.01));
#6415=CARTESIAN_POINT('',(0.00925,0.015,0.01));
#6416=CARTESIAN_POINT('',(0.00925,0.002,0.01));
#6417=CARTESIAN_POINT('',(5.20417042793042E-18,0.002,0.01));
#6418=CARTESIAN_POINT('',(-0.00925,0.002,0.01));
#6419=CARTESIAN_POINT('',(-0.00925,0.015,0.01));
#6420=CARTESIAN_POINT('',(-0.00925,0.026,0.01));
#6421=CARTESIAN_POINT('',(-0.00725,0.026,0.01));
#6422=CARTESIAN_POINT('',(1.04083408558608E-17,0.072,0.01));
#6423=CARTESIAN_POINT('',(0.005,0.072,0.006));
#6424=CARTESIAN_POINT('',(0.00925,0.072,0.006));
#6425=CARTESIAN_POINT('',(0.007,0.072,0.006));
#6426=CARTESIAN_POINT('',(0.007,0.072,0.01));
#6427=CARTESIAN_POINT('',(0.00925,0.072,0.01));
#6428=CARTESIAN_POINT('',(0.,0.095,0.0025));
#6429=CARTESIAN_POINT('',(-0.0165,0.095,0.005));
#6430=CARTESIAN_POINT('',(-0.019,0.095,0.005));
#6431=CARTESIAN_POINT('',(-0.015,0.095,0.005));
#6432=CARTESIAN_POINT('',(-0.015,0.095,0.004));
#6433=CARTESIAN_POINT('',(-0.014,0.095,0.004));
#6434=CARTESIAN_POINT('',(-0.014,0.095,0.0035));
#6435=CARTESIAN_POINT('',(-0.014,0.095,0.002));
#6436=CARTESIAN_POINT('',(-0.0115,0.095,0.002));
#6437=CARTESIAN_POINT('',(-0.009,0.095,0.002));
#6438=CARTESIAN_POINT('',(-0.009,0.095,0.003));
#6439=CARTESIAN_POINT('',(-0.009,0.095,0.003));
#6440=CARTESIAN_POINT('',(-0.01,0.095,0.003));
#6441=CARTESIAN_POINT('',(-0.01,0.095,0.004));
#6442=CARTESIAN_POINT('',(-0.01,0.095,0.004));
#6443=CARTESIAN_POINT('',(-0.011,0.095,0.004));
#6444=CARTESIAN_POINT('',(-0.011,0.095,0.0045));
#6445=CARTESIAN_POINT('',(-0.006,0.095,0.006));
#6446=CARTESIAN_POINT('',(-0.006,0.095,0.00473205080756888));
#6447=CARTESIAN_POINT('',(-0.005,0.095,0.003));
#6448=CARTESIAN_POINT('',(-0.005,0.095,0.001));
#6449=CARTESIAN_POINT('',(-2.71050543121376E-19,0.095,0.001));
#6450=CARTESIAN_POINT('',(0.005,0.095,0.001));
#6451=CARTESIAN_POINT('',(0.005,0.095,0.003));
#6452=CARTESIAN_POINT('',(0.006,0.095,0.00473205080756888));
#6453=CARTESIAN_POINT('',(0.006,0.095,0.006));
#6454=CARTESIAN_POINT('',(0.011,0.095,0.0045));
#6455=CARTESIAN_POINT('',(0.011,0.095,0.004));
#6456=CARTESIAN_POINT('',(0.01,0.095,0.004));
#6457=CARTESIAN_POINT('',(0.01,0.095,0.004));
#6458=CARTESIAN_POINT('',(0.01,0.095,0.003));
#6459=CARTESIAN_POINT('',(0.009,0.095,0.003));
#6460=CARTESIAN_POINT('',(0.009,0.095,0.003));
#6461=CARTESIAN_POINT('',(0.009,0.095,0.002));
#6462=CARTESIAN_POINT('',(0.0115,0.095,0.002));
#6463=CARTESIAN_POINT('',(0.014,0.095,0.002));
#6464=CARTESIAN_POINT('',(0.014,0.095,0.0035));
#6465=CARTESIAN_POINT('',(0.014,0.095,0.004));
#6466=CARTESIAN_POINT('',(0.015,0.095,0.004));
#6467=CARTESIAN_POINT('',(0.015,0.095,0.005));
#6468=CARTESIAN_POINT('',(0.0165,0.095,0.005));
#6469=CARTESIAN_POINT('',(0.019,0.095,0.005));
#6470=CARTESIAN_POINT('',(0.019,0.095,0.0025));
#6471=CARTESIAN_POINT('',(-0.019,0.095,0.0025));
#6472=CARTESIAN_POINT('',(3.46944695195361E-18,0.093,0.01));
#6473=CARTESIAN_POINT('',(3.46944695195361E-18,0.093,0.007));
#6474=CARTESIAN_POINT('',(0.006,0.093,0.007));
#6475=CARTESIAN_POINT('',(0.00725,0.093,0.007));
#6476=CARTESIAN_POINT('',(0.00725,0.093,0.01));
#6477=CARTESIAN_POINT('',(0.006,0.093,0.01));
#6478=CARTESIAN_POINT('',(0.,0.03,0.0025));
#6479=CARTESIAN_POINT('',(-0.018,0.03,0.009));
#6480=CARTESIAN_POINT('',(-0.019,0.03,0.009));
#6481=CARTESIAN_POINT('',(-0.019,0.03,0.01));
#6482=CARTESIAN_POINT('',(-0.019,0.03,0.005));
#6483=CARTESIAN_POINT('',(0.,0.03,0.005));
#6484=CARTESIAN_POINT('',(-0.015,0.03,0.005));
#6485=CARTESIAN_POINT('',(-0.015,0.03,0.004));
#6486=CARTESIAN_POINT('',(-0.014,0.03,0.004));
#6487=CARTESIAN_POINT('',(-0.014,0.03,0.0035));
#6488=CARTESIAN_POINT('',(-0.014,0.03,0.002));
#6489=CARTESIAN_POINT('',(-0.0115,0.03,0.002));
#6490=CARTESIAN_POINT('',(-0.009,0.03,0.002));
#6491=CARTESIAN_POINT('',(-0.009,0.03,0.003));
#6492=CARTESIAN_POINT('',(-0.009,0.03,0.003));
#6493=CARTESIAN_POINT('',(-0.01,0.03,0.003));
#6494=CARTESIAN_POINT('',(-0.01,0.03,0.004));
#6495=CARTESIAN_POINT('',(-0.01,0.03,0.004));
#6496=CARTESIAN_POINT('',(-0.011,0.03,0.004));
#6497=CARTESIAN_POINT('',(-0.011,0.03,0.0045));
#6498=CARTESIAN_POINT('',(0.,0.07,0.0025));
#6499=CARTESIAN_POINT('',(-0.019,0.07,0.01));
#6500=CARTESIAN_POINT('',(-0.019,0.07,0.009));
#6501=CARTESIAN_POINT('',(-0.019,0.07,0.005));
#6502=CARTESIAN_POINT('',(-0.018,0.07,0.009));
#6503=CARTESIAN_POINT('',(-0.011,0.07,0.0045));
#6504=CARTESIAN_POINT('',(-0.011,0.07,0.004));
#6505=CARTESIAN_POINT('',(-0.01,0.07,0.004));
#6506=CARTESIAN_POINT('',(-0.01,0.07,0.004));
#6507=CARTESIAN_POINT('',(-0.01,0.07,0.003));
#6508=CARTESIAN_POINT('',(-0.009,0.07,0.003));
#6509=CARTESIAN_POINT('',(-0.009,0.07,0.003));
#6510=CARTESIAN_POINT('',(-0.009,0.07,0.002));
#6511=CARTESIAN_POINT('',(-0.0115,0.07,0.002));
#6512=CARTESIAN_POINT('',(-0.014,0.07,0.002));
#6513=CARTESIAN_POINT('',(-0.014,0.07,0.0035));
#6514=CARTESIAN_POINT('',(-0.014,0.07,0.004));
#6515=CARTESIAN_POINT('',(-0.015,0.07,0.004));
#6516=CARTESIAN_POINT('',(-0.015,0.07,0.005));
#6517=CARTESIAN_POINT('',(1.7347234759768E-18,0.07,0.005));
#6518=CARTESIAN_POINT('',(6.93889390390723E-18,0.035,0.01));
#6519=CARTESIAN_POINT('',(-0.007,0.035,0.01));
#6520=CARTESIAN_POINT('',(-0.007,0.035,0.006));
#6521=CARTESIAN_POINT('',(6.93889390390723E-18,0.035,0.006));
#6522=CARTESIAN_POINT('',(-0.01,0.035,0.006));
#6523=CARTESIAN_POINT('',(-0.01,0.035,0.01));
#6524=CARTESIAN_POINT('',(5.20417042793042E-18,0.065,0.01));
#6525=CARTESIAN_POINT('',(-0.005,0.065,0.006));
#6526=CARTESIAN_POINT('',(-0.01,0.065,0.006));
#6527=CARTESIAN_POINT('',(-0.007,0.065,0.006));
#6528=CARTESIAN_POINT('',(-0.007,0.065,0.01));
#6529=CARTESIAN_POINT('',(-0.01,0.065,0.01));
#6530=CARTESIAN_POINT('',(-0.0165,0.03,0.005));
#6531=CARTESIAN_POINT('',(0.,0.03,0.005));
#6532=CARTESIAN_POINT('',(0.019,0.03,0.005));
#6533=CARTESIAN_POINT('',(0.015,0.03,0.005));
#6534=CARTESIAN_POINT('',(0.015,0.,0.005));
#6535=CARTESIAN_POINT('',(0.015,0.,0.005));
#6536=CARTESIAN_POINT('',(0.0165,0.,0.005));
#6537=CARTESIAN_POINT('',(0.019,0.,0.005));
#6538=CARTESIAN_POINT('',(0.019,0.03,0.005));
#6539=CARTESIAN_POINT('',(-0.0165,0.03,0.005));
#6540=CARTESIAN_POINT('',(-0.0165,0.,0.005));
#6541=CARTESIAN_POINT('',(-0.019,0.,0.005));
#6542=CARTESIAN_POINT('',(-0.015,0.,0.005));
#6543=CARTESIAN_POINT('',(-0.015,0.03,0.005));
#6544=CARTESIAN_POINT('',(-0.019,0.03,0.005));
#6545=CARTESIAN_POINT('',(-0.0165,0.03,0.005));
#6546=CARTESIAN_POINT('',(-0.015,0.03,0.005));
#6547=CARTESIAN_POINT('',(-0.019,0.03,0.005));
#6548=CARTESIAN_POINT('',(-0.0165,0.03,0.005));
#6549=CARTESIAN_POINT('',(0.015,0.07,0.005));
#6550=CARTESIAN_POINT('',(0.015,0.07,0.005));
#6551=CARTESIAN_POINT('',(1.7347234759768E-18,0.07,0.005));
#6552=CARTESIAN_POINT('',(0.019,0.07,0.005));
#6553=CARTESIAN_POINT('',(0.019,0.03,0.005));
#6554=CARTESIAN_POINT('',(-0.011,0.03,0.0045));
#6555=CARTESIAN_POINT('',(-0.011,0.,0.0045));
#6556=CARTESIAN_POINT('',(-0.011,0.,0.004));
#6557=CARTESIAN_POINT('',(-0.011,0.03,0.004));
#6558=CARTESIAN_POINT('',(-0.01,0.03,0.004));
#6559=CARTESIAN_POINT('',(-0.01,0.,0.004));
#6560=CARTESIAN_POINT('',(-0.01,0.,0.004));
#6561=CARTESIAN_POINT('',(-0.01,0.,0.004));
#6562=CARTESIAN_POINT('',(-0.009,0.03,0.003));
#6563=CARTESIAN_POINT('',(-0.009,0.,0.003));
#6564=CARTESIAN_POINT('',(-0.009,0.,0.003));
#6565=CARTESIAN_POINT('',(-0.009,0.,0.002));
#6566=CARTESIAN_POINT('',(-0.009,0.03,0.003));
#6567=CARTESIAN_POINT('',(-0.009,0.03,0.002));
#6568=CARTESIAN_POINT('',(-0.0115,0.03,0.002));
#6569=CARTESIAN_POINT('',(-0.0115,0.,0.002));
#6570=CARTESIAN_POINT('',(-0.014,0.,0.002));
#6571=CARTESIAN_POINT('',(-0.014,0.03,0.002));
#6572=CARTESIAN_POINT('',(-0.014,0.03,0.0035));
#6573=CARTESIAN_POINT('',(-0.014,0.03,0.004));
#6574=CARTESIAN_POINT('',(-0.014,0.,0.004));
#6575=CARTESIAN_POINT('',(-0.014,0.,0.0035));
#6576=CARTESIAN_POINT('',(-0.019,0.03,0.0025));
#6577=CARTESIAN_POINT('',(-0.019,0.03,0.00382842712474619));
#6578=CARTESIAN_POINT('',(-0.019,0.0695,0.00382842712474619));
#6579=CARTESIAN_POINT('',(-0.019,0.0255,0.00382842712474619));
#6580=CARTESIAN_POINT('',(-0.019,0.0255,0.0025));
#6581=CARTESIAN_POINT('',(-0.019,0.0255,2.60208521396521E-18));
#6582=CARTESIAN_POINT('',(-0.019,0.03,2.60208521396521E-18));
#6583=CARTESIAN_POINT('',(-0.019,0.,2.60208521396521E-18));
#6584=CARTESIAN_POINT('',(-0.019,0.,0.0025));
#6585=CARTESIAN_POINT('',(-0.019,0.03,0.009));
#6586=CARTESIAN_POINT('',(-0.019,0.0695,0.003));
#6587=CARTESIAN_POINT('',(0.0095,0.03,-3.44670175013679E-18));
#6588=CARTESIAN_POINT('',(0.0095,0.0255,-3.44670175013679E-18));
#6589=CARTESIAN_POINT('',(0.019,0.0255,-5.20417042793042E-18));
#6590=CARTESIAN_POINT('',(0.019,0.03,-5.20417042793042E-18));
#6591=CARTESIAN_POINT('',(0.019,0.,-5.20417042793042E-18));
#6592=CARTESIAN_POINT('',(0.0095,0.,-3.44670175013679E-18));
#6593=CARTESIAN_POINT('',(0.019,0.03,0.0025));
#6594=CARTESIAN_POINT('',(0.019,0.0255,0.003));
#6595=CARTESIAN_POINT('',(0.019,0.0255,0.00382842712474619));
#6596=CARTESIAN_POINT('',(0.019,0.0675,0.00382842712474619));
#6597=CARTESIAN_POINT('',(0.019,0.0695,0.00382842712474619));
#6598=CARTESIAN_POINT('',(0.019,0.0695,0.0025));
#6599=CARTESIAN_POINT('',(0.019,0.07,0.01));
#6600=CARTESIAN_POINT('',(0.019,0.07,0.009));
#6601=CARTESIAN_POINT('',(0.019,0.03,0.009));
#6602=CARTESIAN_POINT('',(0.019,0.03,0.009));
#6603=CARTESIAN_POINT('',(0.019,0.03,0.01));
#6604=CARTESIAN_POINT('',(0.019,0.,0.0025));
#6605=CARTESIAN_POINT('',(0.014,0.03,0.0035));
#6606=CARTESIAN_POINT('',(0.014,0.,0.0035));
#6607=CARTESIAN_POINT('',(0.014,0.,0.004));
#6608=CARTESIAN_POINT('',(0.014,0.,0.002));
#6609=CARTESIAN_POINT('',(0.014,0.03,0.004));
#6610=CARTESIAN_POINT('',(0.014,0.03,0.004));
#6611=CARTESIAN_POINT('',(0.014,0.03,0.0035));
#6612=CARTESIAN_POINT('',(0.014,0.03,0.002));
#6613=CARTESIAN_POINT('',(0.014,0.03,0.002));
#6614=CARTESIAN_POINT('',(0.0115,0.03,0.002));
#6615=CARTESIAN_POINT('',(0.0115,0.,0.002));
#6616=CARTESIAN_POINT('',(0.009,0.,0.002));
#6617=CARTESIAN_POINT('',(0.0115,0.03,0.002));
#6618=CARTESIAN_POINT('',(0.009,0.03,0.002));
#6619=CARTESIAN_POINT('',(0.009,0.03,0.002));
#6620=CARTESIAN_POINT('',(0.009,0.03,0.003));
#6621=CARTESIAN_POINT('',(0.009,0.03,0.003));
#6622=CARTESIAN_POINT('',(0.009,0.03,0.003));
#6623=CARTESIAN_POINT('',(0.009,0.,0.003));
#6624=CARTESIAN_POINT('',(0.009,0.,0.003));
#6625=CARTESIAN_POINT('',(0.009,0.,0.003));
#6626=CARTESIAN_POINT('',(0.01,0.03,0.004));
#6627=CARTESIAN_POINT('',(0.01,0.,0.004));
#6628=CARTESIAN_POINT('',(0.011,0.,0.004));
#6629=CARTESIAN_POINT('',(0.01,0.,0.004));
#6630=CARTESIAN_POINT('',(0.01,0.03,0.004));
#6631=CARTESIAN_POINT('',(0.01,0.03,0.004));
#6632=CARTESIAN_POINT('',(0.01,0.03,0.004));
#6633=CARTESIAN_POINT('',(0.011,0.03,0.004));
#6634=CARTESIAN_POINT('',(0.011,0.03,0.004));
#6635=CARTESIAN_POINT('',(0.011,0.03,0.0045));
#6636=CARTESIAN_POINT('',(0.011,0.,0.0045));
#6637=CARTESIAN_POINT('',(0.011,0.03,0.0045));
#6638=CARTESIAN_POINT('',(0.,0.,0.0025));
#6639=CARTESIAN_POINT('',(-0.015,0.,0.004));
#6640=CARTESIAN_POINT('',(0.015,0.,0.004));
#6641=CARTESIAN_POINT('',(0.01,0.,0.003));
#6642=CARTESIAN_POINT('',(-0.01,0.,0.003));
#6643=CARTESIAN_POINT('',(0.,0.03,0.0025));
#6644=CARTESIAN_POINT('',(0.01,0.03,0.003));
#6645=CARTESIAN_POINT('',(0.015,0.03,0.004));
#6646=CARTESIAN_POINT('',(0.018,0.03,0.009));
#6647=CARTESIAN_POINT('',(0.,0.07,0.0025));
#6648=CARTESIAN_POINT('',(0.009,0.07,0.003));
#6649=CARTESIAN_POINT('',(0.009,0.07,0.003));
#6650=CARTESIAN_POINT('',(0.009,0.07,0.002));
#6651=CARTESIAN_POINT('',(0.01,0.07,0.003));
#6652=CARTESIAN_POINT('',(0.01,0.07,0.004));
#6653=CARTESIAN_POINT('',(0.01,0.07,0.004));
#6654=CARTESIAN_POINT('',(0.011,0.07,0.004));
#6655=CARTESIAN_POINT('',(0.011,0.07,0.0045));
#6656=CARTESIAN_POINT('',(0.018,0.07,0.009));
#6657=CARTESIAN_POINT('',(0.015,0.07,0.004));
#6658=CARTESIAN_POINT('',(0.014,0.07,0.004));
#6659=CARTESIAN_POINT('',(0.014,0.07,0.0035));
#6660=CARTESIAN_POINT('',(0.014,0.07,0.002));
#6661=CARTESIAN_POINT('',(0.0115,0.07,0.002));
#6662=CARTESIAN_POINT('',(-0.011,0.095,0.0045));
#6663=CARTESIAN_POINT('',(-0.011,0.095,0.004));
#6664=CARTESIAN_POINT('',(-0.01,0.095,0.004));
#6665=CARTESIAN_POINT('',(-0.01,0.07,0.004));
#6666=CARTESIAN_POINT('',(-0.009,0.095,0.003));
#6667=CARTESIAN_POINT('',(-0.009,0.095,0.003));
#6668=CARTESIAN_POINT('',(-0.009,0.095,0.002));
#6669=CARTESIAN_POINT('',(-0.0115,0.095,0.002));
#6670=CARTESIAN_POINT('',(-0.014,0.095,0.002));
#6671=CARTESIAN_POINT('',(-0.014,0.095,0.0035));
#6672=CARTESIAN_POINT('',(-0.014,0.095,0.004));
#6673=CARTESIAN_POINT('',(0.014,0.095,0.0035));
#6674=CARTESIAN_POINT('',(0.014,0.095,0.004));
#6675=CARTESIAN_POINT('',(0.014,0.095,0.002));
#6676=CARTESIAN_POINT('',(0.0115,0.095,0.002));
#6677=CARTESIAN_POINT('',(0.009,0.095,0.002));
#6678=CARTESIAN_POINT('',(0.009,0.095,0.003));
#6679=CARTESIAN_POINT('',(0.009,0.07,0.003));
#6680=CARTESIAN_POINT('',(0.01,0.095,0.004));
#6681=CARTESIAN_POINT('',(0.01,0.095,0.004));
#6682=CARTESIAN_POINT('',(0.011,0.095,0.004));
#6683=CARTESIAN_POINT('',(0.011,0.095,0.0045));
#6684=CARTESIAN_POINT('',(0.01,0.05,0.01));
#6685=CARTESIAN_POINT('',(0.01,0.065,0.01));
#6686=CARTESIAN_POINT('',(0.01,0.065,0.006));
#6687=CARTESIAN_POINT('',(0.01,0.05,0.006));
#6688=CARTESIAN_POINT('',(0.01,0.035,0.006));
#6689=CARTESIAN_POINT('',(0.01,0.035,0.01));
#6690=CARTESIAN_POINT('',(6.93889390390723E-18,0.035,0.01));
#6691=CARTESIAN_POINT('',(6.93889390390723E-18,0.035,0.006));
#6692=CARTESIAN_POINT('',(0.007,0.035,0.006));
#6693=CARTESIAN_POINT('',(0.007,0.035,0.01));
#6694=CARTESIAN_POINT('',(-0.01,0.05,0.01));
#6695=CARTESIAN_POINT('',(-0.01,0.05,0.006));
#6696=CARTESIAN_POINT('',(5.20417042793042E-18,0.065,0.01));
#6697=CARTESIAN_POINT('',(0.007,0.065,0.01));
#6698=CARTESIAN_POINT('',(0.007,0.065,0.006));
#6699=CARTESIAN_POINT('',(0.01,0.065,0.006));
#6700=CARTESIAN_POINT('',(0.005,0.107815641868528,0.0075));
#6701=CARTESIAN_POINT('',(0.005,0.065,0.006));
#6702=CARTESIAN_POINT('',(0.005,0.07,0.006));
#6703=CARTESIAN_POINT('',(0.005,0.067,0.006));
#6704=CARTESIAN_POINT('',(0.005,0.067,0.0075));
#6705=CARTESIAN_POINT('',(0.005,0.07,0.0075));
#6706=CARTESIAN_POINT('',(-0.005,0.107815641868528,0.0075));
#6707=CARTESIAN_POINT('',(-0.005,0.067,0.006));
#6708=CARTESIAN_POINT('',(-0.005,0.067,0.006));
#6709=CARTESIAN_POINT('',(-0.005,0.107815641868528,0.006));
#6710=CARTESIAN_POINT('',(-0.005,0.07,0.006));
#6711=CARTESIAN_POINT('',(-0.005,0.07,0.01));
#6712=CARTESIAN_POINT('',(0.005,0.107815641868528,0.0075));
#6713=CARTESIAN_POINT('',(0.005,0.028,0.006));
#6714=CARTESIAN_POINT('',(0.005,0.033,0.006));
#6715=CARTESIAN_POINT('',(0.005,0.03,0.006));
#6716=CARTESIAN_POINT('',(0.005,0.03,0.01));
#6717=CARTESIAN_POINT('',(0.005,0.033,0.006));
#6718=CARTESIAN_POINT('',(-0.005,0.107815641868528,0.0075));
#6719=CARTESIAN_POINT('',(-0.005,0.03,0.0075));
#6720=CARTESIAN_POINT('',(-0.005,0.03,0.006));
#6721=CARTESIAN_POINT('',(-0.005,0.107815641868528,0.006));
#6722=CARTESIAN_POINT('',(-0.005,0.033,0.006));
#6723=CARTESIAN_POINT('',(-0.005,0.033,0.0075));
#6724=CARTESIAN_POINT('',(3.46944695195361E-18,0.093,0.01));
#6725=CARTESIAN_POINT('',(-0.00725,0.093,0.006));
#6726=CARTESIAN_POINT('',(-0.00725,0.093,0.007));
#6727=CARTESIAN_POINT('',(3.46944695195361E-18,0.093,0.007));
#6728=CARTESIAN_POINT('',(-0.006,0.093,0.007));
#6729=CARTESIAN_POINT('',(-0.006,0.093,0.01));
#6730=CARTESIAN_POINT('',(0.00925,0.0825,0.01));
#6731=CARTESIAN_POINT('',(0.00925,0.091,0.01));
#6732=CARTESIAN_POINT('',(0.00925,0.091,0.006));
#6733=CARTESIAN_POINT('',(0.00925,0.072,0.006));
#6734=CARTESIAN_POINT('',(1.04083408558608E-17,0.072,0.01));
#6735=CARTESIAN_POINT('',(-0.007,0.072,0.006));
#6736=CARTESIAN_POINT('',(-0.007,0.072,0.006));
#6737=CARTESIAN_POINT('',(-0.00925,0.072,0.006));
#6738=CARTESIAN_POINT('',(-0.00925,0.072,0.006));
#6739=CARTESIAN_POINT('',(-0.00925,0.072,0.01));
#6740=CARTESIAN_POINT('',(-0.00925,0.0825,0.01));
#6741=CARTESIAN_POINT('',(-0.00925,0.0825,0.006));
#6742=CARTESIAN_POINT('',(-0.00925,0.091,0.006));
#6743=CARTESIAN_POINT('',(-0.00925,0.091,0.01));
#6744=CARTESIAN_POINT('',(-1.7347234759768E-18,0.028,0.01));
#6745=CARTESIAN_POINT('',(-0.00725,0.028,0.006));
#6746=CARTESIAN_POINT('',(-0.00725,0.028,0.006));
#6747=CARTESIAN_POINT('',(-1.7347234759768E-18,0.028,0.006));
#6748=CARTESIAN_POINT('',(-0.007,0.028,0.006));
#6749=CARTESIAN_POINT('',(-0.007,0.028,0.01));
#6750=CARTESIAN_POINT('',(0.00925,0.015,0.01));
#6751=CARTESIAN_POINT('',(0.00925,0.026,0.01));
#6752=CARTESIAN_POINT('',(0.00925,0.026,0.006));
#6753=CARTESIAN_POINT('',(0.00925,0.002,0.006));
#6754=CARTESIAN_POINT('',(0.00925,0.002,0.006));
#6755=CARTESIAN_POINT('',(0.00925,0.002,0.01));
#6756=CARTESIAN_POINT('',(5.20417042793042E-18,0.002,0.01));
#6757=CARTESIAN_POINT('',(-0.00925,0.002,0.006));
#6758=CARTESIAN_POINT('',(-0.00925,0.002,0.006));
#6759=CARTESIAN_POINT('',(-0.00925,0.002,0.01));
#6760=CARTESIAN_POINT('',(-0.00925,0.015,0.01));
#6761=CARTESIAN_POINT('',(-0.00925,0.015,0.006));
#6762=CARTESIAN_POINT('',(-0.00925,0.026,0.006));
#6763=CARTESIAN_POINT('',(-0.00925,0.026,0.01));
#6764=CARTESIAN_POINT('',(0.,0.089,0.005));
#6765=CARTESIAN_POINT('',(0.004,0.089,0.005));
#6766=CARTESIAN_POINT('',(0.004,0.089,0.004));
#6767=CARTESIAN_POINT('',(-1.80700362080916E-19,0.089,0.004));
#6768=CARTESIAN_POINT('',(-0.004,0.089,0.004));
#6769=CARTESIAN_POINT('',(-0.004,0.089,0.005));
#6770=CARTESIAN_POINT('',(0.006,0.089,0.006));
#6771=CARTESIAN_POINT('',(0.006,0.089,0.003));
#6772=CARTESIAN_POINT('',(0.006,0.094,0.003));
#6773=CARTESIAN_POINT('',(0.006,0.091,0.003));
#6774=CARTESIAN_POINT('',(0.006,0.091,0.006));
#6775=CARTESIAN_POINT('',(0.006,0.091,0.007));
#6776=CARTESIAN_POINT('',(0.006,0.095,0.00473205080756888));
#6777=CARTESIAN_POINT('',(0.006,0.095,0.00438539670161877));
#6778=CARTESIAN_POINT('',(0.006,0.0947328454292369,0.00373216335781943));
#6779=CARTESIAN_POINT('',(0.006,0.0942412977277023,0.00324129893419972));
#6780=CARTESIAN_POINT('',(0.006,0.094,0.003));
#6781=CARTESIAN_POINT('',(-1.7347234759768E-18,0.089,0.002));
#6782=CARTESIAN_POINT('',(-0.005,0.089,0.002));
#6783=CARTESIAN_POINT('',(-0.005,0.094,0.002));
#6784=CARTESIAN_POINT('',(-0.005,0.091,0.002));
#6785=CARTESIAN_POINT('',(-1.7347234759768E-18,0.091,0.002));
#6786=CARTESIAN_POINT('',(0.005,0.091,0.002));
#6787=CARTESIAN_POINT('',(0.005,0.095,0.002));
#6788=CARTESIAN_POINT('',(0.005,0.094,0.002));
#6789=CARTESIAN_POINT('',(-1.7347234759768E-18,0.094,0.002));
#6790=CARTESIAN_POINT('',(-0.006,0.089,0.006));
#6791=CARTESIAN_POINT('',(-0.006,0.091,0.007));
#6792=CARTESIAN_POINT('',(-0.006,0.091,0.006));
#6793=CARTESIAN_POINT('',(-0.006,0.091,0.003));
#6794=CARTESIAN_POINT('',(-0.006,0.095,0.003));
#6795=CARTESIAN_POINT('',(-0.006,0.094,0.003));
#6796=CARTESIAN_POINT('',(-0.006,0.095,0.00473205080756888));
#6797=CARTESIAN_POINT('',(-0.006,0.095,0.00438539670161877));
#6798=CARTESIAN_POINT('',(-0.006,0.0947328454292371,0.00373216335781923));
#6799=CARTESIAN_POINT('',(-0.006,0.0942412977277019,0.00324129893420011));
#6800=CARTESIAN_POINT('',(-0.006,0.094,0.003));
#6801=CARTESIAN_POINT('',(0.01,0.095,0.003));
#6802=CARTESIAN_POINT('',(0.01,0.03,0.003));
#6803=CARTESIAN_POINT('',(0.018,0.03,0.009));
#6804=CARTESIAN_POINT('',(-0.018,0.0475,0.009));
#6805=CARTESIAN_POINT('',(-0.01,0.03,0.003));
#6806=CARTESIAN_POINT('',(-0.015,0.03,0.004));
#6807=CARTESIAN_POINT('',(0.015,0.03,0.004));
#6808=CARTESIAN_POINT('',(-0.015,0.095,0.004));
#6809=CARTESIAN_POINT('',(0.015,0.03,0.004));
#6810=CARTESIAN_POINT('',(0.00825,0.0825,0.006));
#6811=CARTESIAN_POINT('',(0.00825,0.091,0.006));
#6812=CARTESIAN_POINT('',(0.00825,0.073,0.006));
#6813=CARTESIAN_POINT('',(1.04083408558608E-17,0.073,0.006));
#6814=CARTESIAN_POINT('',(0.004,0.073,0.006));
#6815=CARTESIAN_POINT('',(0.004,0.107815641868528,0.006));
#6816=CARTESIAN_POINT('',(0.004,0.064,0.006));
#6817=CARTESIAN_POINT('',(0.004,0.073,0.006));
#6818=CARTESIAN_POINT('',(5.20417042793042E-18,0.064,0.006));
#6819=CARTESIAN_POINT('',(0.004,0.064,0.006));
#6820=CARTESIAN_POINT('',(0.009,0.064,0.006));
#6821=CARTESIAN_POINT('',(0.009,0.03,0.006));
#6822=CARTESIAN_POINT('',(0.009,0.036,0.006));
#6823=CARTESIAN_POINT('',(-0.0165,0.036,0.006));
#6824=CARTESIAN_POINT('',(0.004,0.036,0.006));
#6825=CARTESIAN_POINT('',(0.004,0.107815641868528,0.006));
#6826=CARTESIAN_POINT('',(0.004,0.027,0.006));
#6827=CARTESIAN_POINT('',(0.004,0.036,0.006));
#6828=CARTESIAN_POINT('',(-0.0165,0.027,0.006));
#6829=CARTESIAN_POINT('',(0.00725,0.027,0.006));
#6830=CARTESIAN_POINT('',(0.004,0.027,0.006));
#6831=CARTESIAN_POINT('',(0.00825,0.015,0.006));
#6832=CARTESIAN_POINT('',(0.00825,0.026,0.006));
#6833=CARTESIAN_POINT('',(0.00825,0.003,0.006));
#6834=CARTESIAN_POINT('',(5.06351717312149E-18,0.003,0.006));
#6835=CARTESIAN_POINT('',(-0.00825,0.003,0.006));
#6836=CARTESIAN_POINT('',(-0.00825,0.03,0.006));
#6837=CARTESIAN_POINT('',(-0.00825,0.026,0.006));
#6838=CARTESIAN_POINT('',(-0.0165,0.027,0.006));
#6839=CARTESIAN_POINT('',(-0.00725,0.027,0.006));
#6840=CARTESIAN_POINT('',(-0.004,0.027,0.006));
#6841=CARTESIAN_POINT('',(-0.004,0.03,0.006));
#6842=CARTESIAN_POINT('',(-0.004,0.027,0.006));
#6843=CARTESIAN_POINT('',(-0.004,0.036,0.006));
#6844=CARTESIAN_POINT('',(-0.0165,0.036,0.006));
#6845=CARTESIAN_POINT('',(-0.004,0.036,0.006));
#6846=CARTESIAN_POINT('',(-0.009,0.036,0.006));
#6847=CARTESIAN_POINT('',(-0.009,0.03,0.006));
#6848=CARTESIAN_POINT('',(-0.009,0.064,0.006));
#6849=CARTESIAN_POINT('',(5.20417042793042E-18,0.064,0.006));
#6850=CARTESIAN_POINT('',(-0.004,0.064,0.006));
#6851=CARTESIAN_POINT('',(-0.004,0.03,0.006));
#6852=CARTESIAN_POINT('',(-0.004,0.064,0.006));
#6853=CARTESIAN_POINT('',(-0.004,0.073,0.006));
#6854=CARTESIAN_POINT('',(-0.00825,0.03,0.006));
#6855=CARTESIAN_POINT('',(-0.00825,0.091,0.006));
#6856=CARTESIAN_POINT('',(-0.00825,0.073,0.006));
#6857=CARTESIAN_POINT('',(1.04083408558608E-17,0.073,0.006));
#6858=CARTESIAN_POINT('',(-0.004,0.073,0.006));
#6859=CARTESIAN_POINT('',(-0.005,0.089,0.003));
#6860=CARTESIAN_POINT('',(-0.005,0.091,0.003));
#6861=CARTESIAN_POINT('',(-0.005,0.094,0.003));
#6862=CARTESIAN_POINT('',(-0.005,0.094,0.003));
#6863=CARTESIAN_POINT('',(-0.005,0.094,0.001));
#6864=CARTESIAN_POINT('',(0.005,0.089,0.003));
#6865=CARTESIAN_POINT('',(0.005,0.091,0.003));
#6866=CARTESIAN_POINT('',(0.005,0.094,0.003));
#6867=CARTESIAN_POINT('',(-1.91542383805773E-18,0.094,0.001));
#6868=CARTESIAN_POINT('',(0.005,0.094,0.001));
#6869=CARTESIAN_POINT('',(0.005,0.094,0.003));
#6870=CARTESIAN_POINT('',(-0.01,0.095,0.003));
#6871=CARTESIAN_POINT('',(-3.0663188534999E-34,0.0475,-1.48473962685471E-18));
#6872=CARTESIAN_POINT('',(-6.93889390390723E-18,0.0675,-1.48473962685471E-18));
#6873=CARTESIAN_POINT('',(0.045,0.0675,-1.07782444213488E-17));
#6874=CARTESIAN_POINT('',(0.0228284271247462,0.0675,-6.19931955873442E-18));
#6875=CARTESIAN_POINT('',(0.0228284271247462,0.0275,-6.19931955873442E-18));
#6876=CARTESIAN_POINT('',(0.0228284271247462,0.0275,-6.19931955873442E-18));
#6877=CARTESIAN_POINT('',(1.04083408558608E-17,0.0275,-1.48473962685471E-18));
#6878=CARTESIAN_POINT('',(0.045,0.0275,-1.07782444213488E-17));
#6879=CARTESIAN_POINT('',(0.045,0.0475,-1.07782444213488E-17));
#6880=CARTESIAN_POINT('',(0.045,0.0475,-0.004));
#6881=CARTESIAN_POINT('',(0.045,0.0275,-0.004));
#6882=CARTESIAN_POINT('',(0.045,0.0275,-0.015));
#6883=CARTESIAN_POINT('',(0.045,0.0475,-0.015));
#6884=CARTESIAN_POINT('',(0.045,0.0675,-0.015));
#6885=CARTESIAN_POINT('',(0.045,0.0675,-0.004));
#6886=CARTESIAN_POINT('',(9.5822515407947E-18,0.0275,-0.004));
#6887=CARTESIAN_POINT('',(9.99529619832777E-18,0.0275,-0.002));
#6888=CARTESIAN_POINT('',(0.021,0.0275,-0.002));
#6889=CARTESIAN_POINT('',(-0.021,0.0275,-0.002));
#6890=CARTESIAN_POINT('',(-0.021,0.0275,-0.004));
#6891=CARTESIAN_POINT('',(-0.021,0.0275,0.001));
#6892=CARTESIAN_POINT('',(-0.013,0.0275,0.009));
#6893=CARTESIAN_POINT('',(-0.0214142135623731,0.0275,0.000585786437626908));
#6894=CARTESIAN_POINT('',(-0.0228284271247462,0.0275,0.002));
#6895=CARTESIAN_POINT('',(-0.0228284271247462,0.0275,3.229840305025E-18));
#6896=CARTESIAN_POINT('',(1.04083408558608E-17,0.0275,-1.48473962685471E-18));
#6897=CARTESIAN_POINT('',(-0.045,0.0275,7.80876516763935E-18));
#6898=CARTESIAN_POINT('',(-0.045,0.0275,-0.004));
#6899=CARTESIAN_POINT('',(-0.045,0.0275,-0.015));
#6900=CARTESIAN_POINT('',(7.31050592436282E-18,0.0275,-0.015));
#6901=CARTESIAN_POINT('',(-0.039,0.0275,-0.015));
#6902=CARTESIAN_POINT('',(-0.039,0.0275,-0.0145));
#6903=CARTESIAN_POINT('',(-0.039,0.0275,-0.0145));
#6904=CARTESIAN_POINT('',(-0.0395,0.0275,-0.0145));
#6905=CARTESIAN_POINT('',(-0.0395,0.0275,-0.014));
#6906=CARTESIAN_POINT('',(-0.0247500000000003,0.0275,-0.02875));
#6907=CARTESIAN_POINT('',(-0.04,0.0275,-0.0135));
#6908=CARTESIAN_POINT('',(-0.04,0.0275,-0.015));
#6909=CARTESIAN_POINT('',(0.04,0.0275,-0.015));
#6910=CARTESIAN_POINT('',(0.04,0.0275,-0.0135));
#6911=CARTESIAN_POINT('',(0.0247499999999998,0.0275,-0.02875));
#6912=CARTESIAN_POINT('',(0.0395,0.0275,-0.014));
#6913=CARTESIAN_POINT('',(0.0395,0.0275,-0.0145));
#6914=CARTESIAN_POINT('',(0.039,0.0275,-0.0145));
#6915=CARTESIAN_POINT('',(0.039,0.0275,-0.0145));
#6916=CARTESIAN_POINT('',(0.039,0.0275,-0.015));
#6917=CARTESIAN_POINT('',(7.31050592436282E-18,0.0275,-0.015));
#6918=CARTESIAN_POINT('',(0.0228284271247462,0.0275,0.002));
#6919=CARTESIAN_POINT('',(0.0214142135623731,0.0275,0.000585786437626903));
#6920=CARTESIAN_POINT('',(0.013,0.0275,0.009));
#6921=CARTESIAN_POINT('',(0.021,0.0275,0.000999999999999989));
#6922=CARTESIAN_POINT('',(0.021,0.0275,-6.50521303491303E-18));
#6923=CARTESIAN_POINT('',(-0.045,0.0475,-0.004));
#6924=CARTESIAN_POINT('',(-0.045,0.0475,7.80876516763935E-18));
#6925=CARTESIAN_POINT('',(-0.045,0.0675,7.80876516763935E-18));
#6926=CARTESIAN_POINT('',(-0.045,0.0675,-0.004));
#6927=CARTESIAN_POINT('',(-0.045,0.0675,-0.015));
#6928=CARTESIAN_POINT('',(-0.045,0.0475,-0.015));
#6929=CARTESIAN_POINT('',(-7.76498321897337E-18,0.0675,-0.004));
#6930=CARTESIAN_POINT('',(-0.021,0.0675,3.90312782094781E-18));
#6931=CARTESIAN_POINT('',(-0.021,0.0675,0.001));
#6932=CARTESIAN_POINT('',(-0.021,0.0675,-0.002));
#6933=CARTESIAN_POINT('',(0.021,0.0675,-0.002));
#6934=CARTESIAN_POINT('',(0.021,0.0675,-0.002));
#6935=CARTESIAN_POINT('',(0.021,0.0675,-0.004));
#6936=CARTESIAN_POINT('',(0.021,0.0675,0.001));
#6937=CARTESIAN_POINT('',(0.022,0.0675,-6.02823085971847E-18));
#6938=CARTESIAN_POINT('',(0.0214142135623731,0.0675,0.000585786437626903));
#6939=CARTESIAN_POINT('',(0.0228284271247462,0.0675,0.002));
#6940=CARTESIAN_POINT('',(-1.00367288354052E-17,0.0675,-0.015));
#6941=CARTESIAN_POINT('',(0.039,0.0675,-0.015));
#6942=CARTESIAN_POINT('',(0.039,0.0675,-0.0145));
#6943=CARTESIAN_POINT('',(0.039,0.0675,-0.0145));
#6944=CARTESIAN_POINT('',(0.0395,0.0675,-0.0145));
#6945=CARTESIAN_POINT('',(0.0395,0.0675,-0.014));
#6946=CARTESIAN_POINT('',(0.04,0.0675,-0.0135));
#6947=CARTESIAN_POINT('',(0.04,0.0675,-0.0135));
#6948=CARTESIAN_POINT('',(0.04,0.0675,-0.015));
#6949=CARTESIAN_POINT('',(-0.04,0.0675,-0.015));
#6950=CARTESIAN_POINT('',(-0.04,0.0675,-0.0135));
#6951=CARTESIAN_POINT('',(-0.0395,0.0675,-0.014));
#6952=CARTESIAN_POINT('',(-0.0395,0.0675,-0.014));
#6953=CARTESIAN_POINT('',(-0.0395,0.0675,-0.0145));
#6954=CARTESIAN_POINT('',(-0.039,0.0675,-0.0145));
#6955=CARTESIAN_POINT('',(-0.039,0.0675,-0.0145));
#6956=CARTESIAN_POINT('',(-0.039,0.0675,-0.015));
#6957=CARTESIAN_POINT('',(-1.00367288354052E-17,0.0675,-0.015));
#6958=CARTESIAN_POINT('',(-6.93889390390723E-18,0.0675,-1.48473962685471E-18));
#6959=CARTESIAN_POINT('',(-0.0228284271247462,0.0675,3.229840305025E-18));
#6960=CARTESIAN_POINT('',(-0.0228284271247462,0.0675,0.002));
#6961=CARTESIAN_POINT('',(-0.0214142135623731,0.0675,0.000585786437626907));
#6962=CARTESIAN_POINT('',(-0.019,0.0675,0.003));
#6963=CARTESIAN_POINT('',(-3.0663188534999E-34,0.0475,-1.48473962685471E-18));
#6964=CARTESIAN_POINT('',(-0.0228284271247462,0.0675,3.229840305025E-18));
#6965=CARTESIAN_POINT('',(-0.04,0.0475,-0.015));
#6966=CARTESIAN_POINT('',(-0.04,0.0675,-0.0135));
#6967=CARTESIAN_POINT('',(-3.09783493149802E-18,0.0475,-0.015));
#6968=CARTESIAN_POINT('',(-0.039,0.0675,-0.015));
#6969=CARTESIAN_POINT('',(0.04,0.0475,-0.015));
#6970=CARTESIAN_POINT('',(0.04,0.0275,-0.0135));
#6971=CARTESIAN_POINT('',(-3.09783493149802E-18,0.0475,-0.015));
#6972=CARTESIAN_POINT('',(0.039,0.0675,-0.015));
#6973=CARTESIAN_POINT('',(0.039,0.0675,-0.0145));
#6974=CARTESIAN_POINT('',(0.039,0.0675,-0.0145));
#6975=CARTESIAN_POINT('',(-0.039,0.0675,-0.0145));
#6976=CARTESIAN_POINT('',(-0.039,0.0675,-0.0145));
#6977=CARTESIAN_POINT('',(-0.0395,0.0675,-0.014));
#6978=CARTESIAN_POINT('',(-0.0395,0.0275,-0.014));
#6979=CARTESIAN_POINT('',(0.04,0.0475,-0.0135));
#6980=CARTESIAN_POINT('',(0.0395,0.0675,-0.014));
#6981=CARTESIAN_POINT('',(-0.0395,0.0675,-0.0145));
#6982=CARTESIAN_POINT('',(0.0395,0.0675,-0.0145));
#6983=CARTESIAN_POINT('',(-0.019,0.03,0.003));
#6984=CARTESIAN_POINT('',(-0.0214142135623731,0.0275,0.000585786437626906));
#6985=CARTESIAN_POINT('',(-0.021,0.0255,0.001));
#6986=CARTESIAN_POINT('',(-0.0195857864376269,0.0269142135623731,0.0024142135623731));
#6987=CARTESIAN_POINT('',(-0.0195857864376269,0.03,0.0024142135623731));
#6988=CARTESIAN_POINT('',(-0.0195857864376269,0.0680857864376269,0.0024142135623731));
#6989=CARTESIAN_POINT('',(-0.021,0.0695,0.001));
#6990=CARTESIAN_POINT('',(0.022,0.0475,-6.02823085971847E-18));
#6991=CARTESIAN_POINT('',(0.0214142135623731,0.0675,0.000585786437626902));
#6992=CARTESIAN_POINT('',(0.021,0.0695,0.001));
#6993=CARTESIAN_POINT('',(0.0195857864376269,0.0680857864376269,0.00241421356237309));
#6994=CARTESIAN_POINT('',(0.0195857864376269,0.0275,0.00241421356237309));
#6995=CARTESIAN_POINT('',(0.0195857864376269,0.0269142135623731,0.00241421356237309));
#6996=CARTESIAN_POINT('',(0.021,0.0255,0.001));
#6997=CARTESIAN_POINT('',(0.021,0.0695,0.0025));
#6998=CARTESIAN_POINT('',(0.021,0.0695,-0.002));
#6999=CARTESIAN_POINT('',(0.021,0.0695,0.00382842712474619));
#7000=CARTESIAN_POINT('',(0.021,0.03,0.00382842712474619));
#7001=CARTESIAN_POINT('',(0.021,0.0255,0.00382842712474619));
#7002=CARTESIAN_POINT('',(0.021,0.0255,0.0025));
#7003=CARTESIAN_POINT('',(0.021,0.0255,-0.002));
#7004=CARTESIAN_POINT('',(-0.021,0.0695,0.0025));
#7005=CARTESIAN_POINT('',(-0.021,0.0695,0.0038284271247462));
#7006=CARTESIAN_POINT('',(-0.021,0.0695,-0.002));
#7007=CARTESIAN_POINT('',(-0.021,0.03,0.0038284271247462));
#7008=CARTESIAN_POINT('',(-0.021,0.0255,0.0038284271247462));
#7009=CARTESIAN_POINT('',(-0.021,0.0255,0.0025));
#7010=CARTESIAN_POINT('',(-0.021,0.0255,-0.002));
#7011=CARTESIAN_POINT('',(0.0228284271247462,0.0475,0.002));
#7012=CARTESIAN_POINT('',(-0.0228284271247462,0.0475,0.002));
#7013=CARTESIAN_POINT('',(0.00725,0.026,0.01));
#7014=CARTESIAN_POINT('',(0.00725,0.026,0.006));
#7015=CARTESIAN_POINT('',(0.00725,0.026,0.006));
#7016=CARTESIAN_POINT('',(-0.00725,0.026,0.01));
#7017=CARTESIAN_POINT('',(-0.00725,0.026,0.006));
#7018=CARTESIAN_POINT('',(-0.00725,0.026,0.006));
#7019=CARTESIAN_POINT('',(-0.004,0.091,0.005));
#7020=CARTESIAN_POINT('',(-0.004,0.091,0.004));
#7021=CARTESIAN_POINT('',(-0.005,0.091,0.002));
#7022=CARTESIAN_POINT('',(-0.006,0.091,0.002));
#7023=CARTESIAN_POINT('',(-0.006,0.091,0.003));
#7024=CARTESIAN_POINT('',(-0.00499999999996713,0.0907382005249366,0.002));
#7025=CARTESIAN_POINT('',(-0.00599999999927999,0.0906073006565981,0.00200000000072002));
#7026=CARTESIAN_POINT('',(-0.006,0.0907382005249366,0.00300000000003276));
#7027=CARTESIAN_POINT('',(-0.00494793124171953,0.0902147239222496,0.00210413751659146));
#7028=CARTESIAN_POINT('',(-0.00579385652057481,0.0898934146092281,0.00220614347942517));
#7029=CARTESIAN_POINT('',(-0.00589586248340854,0.0902147239222496,0.00305206875828052));
#7030=CARTESIAN_POINT('',(-0.00472551784909868,0.0895489642963405,0.00254896430179442));
#7031=CARTESIAN_POINT('',(-0.00520711466789442,0.0893164205610376,0.00279288533210562));
#7032=CARTESIAN_POINT('',(-0.00545103569820558,0.0895489642963405,0.00327448215090131));
#7033=CARTESIAN_POINT('',(-0.00439263804900504,0.0891041375181497,0.00321472390199228));
#7034=CARTESIAN_POINT('',(-0.00460445021377683,0.0890536002329537,0.00339554978622306));
#7035=CARTESIAN_POINT('',(-0.00478527609800772,0.0891041375181497,0.00360736195099497));
#7036=CARTESIAN_POINT('',(-0.00413089971571616,0.089,0.00373820056856768));
#7037=CARTESIAN_POINT('',(-0.00419634955721764,0.0890000925557968,0.00380365044278259));
#7038=CARTESIAN_POINT('',(-0.00426179943143232,0.089,0.00386910028428384));
#7039=CARTESIAN_POINT('',(-0.004,0.089,0.004));
#7040=CARTESIAN_POINT('',(-0.004,0.089,0.004));
#7041=CARTESIAN_POINT('',(-0.004,0.089,0.004));
#7042=CARTESIAN_POINT('',(-0.004,0.091,0.004));
#7043=CARTESIAN_POINT('',(-1.80700362080916E-19,0.091,0.004));
#7044=CARTESIAN_POINT('',(0.004,0.091,0.004));
#7045=CARTESIAN_POINT('',(0.006,0.091,0.003));
#7046=CARTESIAN_POINT('',(0.006,0.091,0.002));
#7047=CARTESIAN_POINT('',(0.005,0.091,0.002));
#7048=CARTESIAN_POINT('',(0.006,0.0907382005249366,0.00300000000003276));
#7049=CARTESIAN_POINT('',(0.00599999999928023,0.0906073006565981,0.00200000000072002));
#7050=CARTESIAN_POINT('',(0.00499999999996736,0.0907382005249366,0.002));
#7051=CARTESIAN_POINT('',(0.00589586248340854,0.0902147239222496,0.00305206875828052));
#7052=CARTESIAN_POINT('',(0.00579385652057471,0.089893414609228,0.00220614347942518));
#7053=CARTESIAN_POINT('',(0.00494793124171942,0.0902147239222496,0.00210413751659146));
#7054=CARTESIAN_POINT('',(0.00545103569820558,0.0895489642963405,0.00327448215090131));
#7055=CARTESIAN_POINT('',(0.00520711466789444,0.0893164205610376,0.00279288533210558));
#7056=CARTESIAN_POINT('',(0.00472551784909871,0.0895489642963405,0.00254896430179442));
#7057=CARTESIAN_POINT('',(0.00478527609800772,0.0891041375181497,0.00360736195099497));
#7058=CARTESIAN_POINT('',(0.00460445021377683,0.0890536002329537,0.00339554978622317));
#7059=CARTESIAN_POINT('',(0.00439263804900503,0.0891041375181497,0.00321472390199228));
#7060=CARTESIAN_POINT('',(0.00426179943143232,0.089,0.00386910028428384));
#7061=CARTESIAN_POINT('',(0.00419634955721764,0.0890000925557968,0.00380365044278235));
#7062=CARTESIAN_POINT('',(0.00413089971571616,0.089,0.00373820056856768));
#7063=CARTESIAN_POINT('',(0.004,0.089,0.004));
#7064=CARTESIAN_POINT('',(0.004,0.089,0.004));
#7065=CARTESIAN_POINT('',(0.004,0.089,0.00400000000000001));
#7066=CARTESIAN_POINT('',(0.004,0.091,0.004));
#7067=CARTESIAN_POINT('',(0.004,0.091,0.005));
#7068=CARTESIAN_POINT('',(-0.0165,0.091,0.007));
#7069=CARTESIAN_POINT('',(-0.00725,0.091,0.007));
#7070=CARTESIAN_POINT('',(-0.00725,0.093,0.007));
#7071=CARTESIAN_POINT('',(-0.00725,0.093,0.007));
#7072=CARTESIAN_POINT('',(-0.00725,0.093,0.007));
#7073=CARTESIAN_POINT('',(-0.00738089971571616,0.093,0.00673820056856768));
#7074=CARTESIAN_POINT('',(-0.00744634955721781,0.0929999074442051,0.00680365044278203));
#7075=CARTESIAN_POINT('',(-0.00751179943143232,0.093,0.00686910028428384));
#7076=CARTESIAN_POINT('',(-0.00764263804900503,0.0928958624818503,0.00621472390199229));
#7077=CARTESIAN_POINT('',(-0.00785445021377675,0.0929463997670451,0.00639554978622334));
#7078=CARTESIAN_POINT('',(-0.00803527609800772,0.0928958624818503,0.00660736195099498));
#7079=CARTESIAN_POINT('',(-0.0079755178490987,0.0924510357036594,0.00554896430179442));
#7080=CARTESIAN_POINT('',(-0.0084571146678944,0.0926835794389639,0.0057928853321055));
#7081=CARTESIAN_POINT('',(-0.00870103569820558,0.0924510357036594,0.00627448215090129));
#7082=CARTESIAN_POINT('',(-0.00819793124171945,0.0917852760777506,0.00510413751659148));
#7083=CARTESIAN_POINT('',(-0.00904385652057499,0.0921065853907665,0.00520614347942533));
#7084=CARTESIAN_POINT('',(-0.00914586248340853,0.0917852760777506,0.00605206875828058));
#7085=CARTESIAN_POINT('',(-0.0082499999999673,0.0912617994750633,0.005));
#7086=CARTESIAN_POINT('',(-0.00924999999927947,0.0913926993434142,0.00500000000071982));
#7087=CARTESIAN_POINT('',(-0.00925,0.0912617994750633,0.00600000000003264));
#7088=CARTESIAN_POINT('',(-0.00825,0.091,0.005));
#7089=CARTESIAN_POINT('',(-0.00925,0.091,0.005));
#7090=CARTESIAN_POINT('',(-0.00925,0.091,0.006));
#7091=CARTESIAN_POINT('',(-0.00725,0.091,0.007));
#7092=CARTESIAN_POINT('',(-0.00725,0.091,0.01));
#7093=CARTESIAN_POINT('',(-0.0165,0.091,0.007));
#7094=CARTESIAN_POINT('',(0.00725,0.091,0.007));
#7095=CARTESIAN_POINT('',(0.00725,0.093,0.007));
#7096=CARTESIAN_POINT('',(0.00725,0.093,0.007));
#7097=CARTESIAN_POINT('',(0.00725,0.093,0.007));
#7098=CARTESIAN_POINT('',(0.00751179943143232,0.093,0.00686910028428384));
#7099=CARTESIAN_POINT('',(0.00744634955721781,0.0929999074442051,0.00680365044278203));
#7100=CARTESIAN_POINT('',(0.00738089971571616,0.093,0.00673820056856768));
#7101=CARTESIAN_POINT('',(0.00803527609800772,0.0928958624818503,0.00660736195099498));
#7102=CARTESIAN_POINT('',(0.00785445021377675,0.0929463997670451,0.00639554978622334));
#7103=CARTESIAN_POINT('',(0.00764263804900503,0.0928958624818503,0.00621472390199229));
#7104=CARTESIAN_POINT('',(0.00870103569820558,0.0924510357036594,0.00627448215090129));
#7105=CARTESIAN_POINT('',(0.0084571146678944,0.0926835794389639,0.0057928853321055));
#7106=CARTESIAN_POINT('',(0.0079755178490987,0.0924510357036594,0.00554896430179442));
#7107=CARTESIAN_POINT('',(0.00914586248340853,0.0917852760777506,0.00605206875828058));
#7108=CARTESIAN_POINT('',(0.00904385652057499,0.0921065853907665,0.00520614347942533));
#7109=CARTESIAN_POINT('',(0.00819793124171945,0.0917852760777506,0.00510413751659148));
#7110=CARTESIAN_POINT('',(0.00925,0.0912617994750633,0.00600000000003264));
#7111=CARTESIAN_POINT('',(0.00924999999927947,0.0913926993434142,0.00500000000071982));
#7112=CARTESIAN_POINT('',(0.0082499999999673,0.0912617994750633,0.005));
#7113=CARTESIAN_POINT('',(0.00925,0.091,0.006));
#7114=CARTESIAN_POINT('',(0.00925,0.091,0.005));
#7115=CARTESIAN_POINT('',(0.00825,0.091,0.005));
#7116=CARTESIAN_POINT('',(0.00725,0.091,0.007));
#7117=CARTESIAN_POINT('',(0.00725,0.091,0.01));
#7118=CARTESIAN_POINT('',(-0.007,0.03,0.0075));
#7119=CARTESIAN_POINT('',(-0.007,0.03,0.006));
#7120=CARTESIAN_POINT('',(-0.007,0.028,0.006));
#7121=CARTESIAN_POINT('',(-0.005,0.028,0.006));
#7122=CARTESIAN_POINT('',(-0.005,0.03,0.006));
#7123=CARTESIAN_POINT('',(-0.00699999999999643,0.028,0.00586910030125257));
#7124=CARTESIAN_POINT('',(-0.00500000000008394,0.0280000000000815,0.00613089980055707));
#7125=CARTESIAN_POINT('',(-0.005,0.0299999999999952,0.00586910030125257));
#7126=CARTESIAN_POINT('',(-0.00684379372719221,0.0279479312423969,0.0056073619431178));
#7127=CARTESIAN_POINT('',(-0.00518415758805379,0.028184157588055,0.00633615548005699));
#7128=CARTESIAN_POINT('',(-0.00494793124239684,0.0298437937271929,0.0056073619431178));
#7129=CARTESIAN_POINT('',(-0.00617655354003581,0.0277255178466786,0.0052744821530183));
#7130=CARTESIAN_POINT('',(-0.00528218209728563,0.028282182097285,0.00580776380942309));
#7131=CARTESIAN_POINT('',(-0.00472551784667879,0.0291765535400353,0.0052744821530183));
#7132=CARTESIAN_POINT('',(-0.00517791417402241,0.0273926380580082,0.00505206875768971));
#7133=CARTESIAN_POINT('',(-0.00480398597389077,0.0278039859738923,0.00517051537863301));
#7134=CARTESIAN_POINT('',(-0.00439263805800728,0.0281779141740238,0.00505206875768971));
#7135=CARTESIAN_POINT('',(-0.0043926990889716,0.0271308996963223,0.005));
#7136=CARTESIAN_POINT('',(-0.00426179939992112,0.027261799399918,0.00500000000000213));
#7137=CARTESIAN_POINT('',(-0.00413089969632419,0.0273926990889687,0.005));
#7138=CARTESIAN_POINT('',(-0.004,0.027,0.005));
#7139=CARTESIAN_POINT('',(-0.004,0.027,0.005));
#7140=CARTESIAN_POINT('',(-0.004,0.027,0.005));
#7141=CARTESIAN_POINT('',(0.007,0.03,0.01));
#7142=CARTESIAN_POINT('',(0.007,0.03,0.006));
#7143=CARTESIAN_POINT('',(0.005,0.03,0.006));
#7144=CARTESIAN_POINT('',(0.005,0.028,0.006));
#7145=CARTESIAN_POINT('',(0.007,0.028,0.006));
#7146=CARTESIAN_POINT('',(0.005,0.0299999999999952,0.00586910030125257));
#7147=CARTESIAN_POINT('',(0.00500000000008394,0.0280000000000815,0.00613089980055707));
#7148=CARTESIAN_POINT('',(0.00699999999999643,0.028,0.00586910030125257));
#7149=CARTESIAN_POINT('',(0.00494793124239684,0.0298437937271929,0.0056073619431178));
#7150=CARTESIAN_POINT('',(0.00518415758805379,0.028184157588055,0.00633615548005699));
#7151=CARTESIAN_POINT('',(0.00684379372719221,0.0279479312423969,0.0056073619431178));
#7152=CARTESIAN_POINT('',(0.00472551784667879,0.0291765535400353,0.0052744821530183));
#7153=CARTESIAN_POINT('',(0.00528218209728563,0.028282182097285,0.00580776380942309));
#7154=CARTESIAN_POINT('',(0.00617655354003581,0.0277255178466786,0.0052744821530183));
#7155=CARTESIAN_POINT('',(0.00439263805800728,0.0281779141740238,0.00505206875768971));
#7156=CARTESIAN_POINT('',(0.00480398597389077,0.0278039859738923,0.00517051537863301));
#7157=CARTESIAN_POINT('',(0.00517791417402241,0.0273926380580082,0.00505206875768971));
#7158=CARTESIAN_POINT('',(0.00413089969632419,0.0273926990889687,0.005));
#7159=CARTESIAN_POINT('',(0.00426179939992112,0.027261799399918,0.00500000000000213));
#7160=CARTESIAN_POINT('',(0.0043926990889716,0.0271308996963223,0.005));
#7161=CARTESIAN_POINT('',(0.004,0.027,0.005));
#7162=CARTESIAN_POINT('',(0.004,0.027,0.005));
#7163=CARTESIAN_POINT('',(0.004,0.027,0.005));
#7164=CARTESIAN_POINT('',(-0.007,0.033,0.01));
#7165=CARTESIAN_POINT('',(-0.007,0.033,0.006));
#7166=CARTESIAN_POINT('',(-0.005,0.033,0.006));
#7167=CARTESIAN_POINT('',(-0.005,0.035,0.006));
#7168=CARTESIAN_POINT('',(-0.007,0.035,0.006));
#7169=CARTESIAN_POINT('',(-0.005,0.0330000000000041,0.00586910030125257));
#7170=CARTESIAN_POINT('',(-0.00500000000008394,0.0349999999999152,0.00613089980055707));
#7171=CARTESIAN_POINT('',(-0.00699999999999643,0.035,0.00586910030125257));
#7172=CARTESIAN_POINT('',(-0.00494793124239684,0.0331562062728075,0.0056073619431178));
#7173=CARTESIAN_POINT('',(-0.00518415758805379,0.0348158424119467,0.00633615548005699));
#7174=CARTESIAN_POINT('',(-0.00684379372719221,0.0350520687576031,0.0056073619431178));
#7175=CARTESIAN_POINT('',(-0.00472551784667879,0.0338234464599644,0.0052744821530183));
#7176=CARTESIAN_POINT('',(-0.00528218209728563,0.0347178179027138,0.00580776380942309));
#7177=CARTESIAN_POINT('',(-0.00617655354003581,0.0352744821533214,0.0052744821530183));
#7178=CARTESIAN_POINT('',(-0.00439263805800728,0.0348220858259771,0.00505206875768971));
#7179=CARTESIAN_POINT('',(-0.00480398597389077,0.0351960140261108,0.00517051537863301));
#7180=CARTESIAN_POINT('',(-0.00517791417402241,0.0356073619419918,0.0050520687576897));
#7181=CARTESIAN_POINT('',(-0.00413089969632419,0.0356073009110294,0.005));
#7182=CARTESIAN_POINT('',(-0.00426179939992112,0.0357382006000755,0.00500000000000213));
#7183=CARTESIAN_POINT('',(-0.0043926990889716,0.0358691003036777,0.005));
#7184=CARTESIAN_POINT('',(-0.004,0.036,0.005));
#7185=CARTESIAN_POINT('',(-0.004,0.036,0.005));
#7186=CARTESIAN_POINT('',(-0.004,0.036,0.005));
#7187=CARTESIAN_POINT('',(0.007,0.033,0.0075));
#7188=CARTESIAN_POINT('',(0.007,0.033,0.006));
#7189=CARTESIAN_POINT('',(0.007,0.035,0.006));
#7190=CARTESIAN_POINT('',(0.005,0.035,0.006));
#7191=CARTESIAN_POINT('',(0.005,0.033,0.006));
#7192=CARTESIAN_POINT('',(0.00699999999999643,0.035,0.00586910030125257));
#7193=CARTESIAN_POINT('',(0.00500000000008394,0.0349999999999152,0.00613089980055707));
#7194=CARTESIAN_POINT('',(0.005,0.0330000000000041,0.00586910030125257));
#7195=CARTESIAN_POINT('',(0.00684379372719221,0.0350520687576031,0.0056073619431178));
#7196=CARTESIAN_POINT('',(0.00518415758805379,0.0348158424119467,0.00633615548005699));
#7197=CARTESIAN_POINT('',(0.00494793124239684,0.0331562062728075,0.0056073619431178));
#7198=CARTESIAN_POINT('',(0.00617655354003581,0.0352744821533214,0.0052744821530183));
#7199=CARTESIAN_POINT('',(0.00528218209728563,0.0347178179027138,0.00580776380942309));
#7200=CARTESIAN_POINT('',(0.00472551784667879,0.0338234464599644,0.0052744821530183));
#7201=CARTESIAN_POINT('',(0.00517791417402241,0.0356073619419918,0.0050520687576897));
#7202=CARTESIAN_POINT('',(0.00480398597389077,0.0351960140261108,0.00517051537863301));
#7203=CARTESIAN_POINT('',(0.00439263805800728,0.0348220858259771,0.00505206875768971));
#7204=CARTESIAN_POINT('',(0.0043926990889716,0.0358691003036777,0.005));
#7205=CARTESIAN_POINT('',(0.00426179939992112,0.0357382006000755,0.00500000000000213));
#7206=CARTESIAN_POINT('',(0.00413089969632419,0.0356073009110294,0.005));
#7207=CARTESIAN_POINT('',(0.004,0.036,0.005));
#7208=CARTESIAN_POINT('',(0.004,0.036,0.005));
#7209=CARTESIAN_POINT('',(0.004,0.036,0.005));
#7210=CARTESIAN_POINT('',(-0.007,0.067,0.0075));
#7211=CARTESIAN_POINT('',(-0.007,0.067,0.006));
#7212=CARTESIAN_POINT('',(-0.007,0.065,0.006));
#7213=CARTESIAN_POINT('',(-0.005,0.065,0.006));
#7214=CARTESIAN_POINT('',(-0.005,0.067,0.006));
#7215=CARTESIAN_POINT('',(-0.00699999999999643,0.065,0.00586910030125257));
#7216=CARTESIAN_POINT('',(-0.00500000000008394,0.0650000000000732,0.00613089980055707));
#7217=CARTESIAN_POINT('',(-0.005,0.0669999999999946,0.00586910030125257));
#7218=CARTESIAN_POINT('',(-0.00684379372719221,0.064947931242397,0.0056073619431178));
#7219=CARTESIAN_POINT('',(-0.00518415758805379,0.0651841575880591,0.00633615548005699));
#7220=CARTESIAN_POINT('',(-0.00494793124239684,0.0668437937271933,0.0056073619431178));
#7221=CARTESIAN_POINT('',(-0.00617655354003581,0.0647255178466783,0.00527448215301829));
#7222=CARTESIAN_POINT('',(-0.00528218209728563,0.0652821820972826,0.00580776380942308));
#7223=CARTESIAN_POINT('',(-0.00472551784667879,0.0661765535400347,0.0052744821530183));
#7224=CARTESIAN_POINT('',(-0.00517791417402241,0.0643926380580091,0.00505206875768971));
#7225=CARTESIAN_POINT('',(-0.00480398597389077,0.0648039859738976,0.00517051537863301));
#7226=CARTESIAN_POINT('',(-0.00439263805800728,0.0651779141740256,0.00505206875768971));
#7227=CARTESIAN_POINT('',(-0.0043926990889716,0.0641308996963204,0.005));
#7228=CARTESIAN_POINT('',(-0.00426179939992112,0.0642617993999075,0.00500000000000213));
#7229=CARTESIAN_POINT('',(-0.00413089969632419,0.0643926990889649,0.005));
#7230=CARTESIAN_POINT('',(-0.004,0.064,0.005));
#7231=CARTESIAN_POINT('',(-0.004,0.064,0.005));
#7232=CARTESIAN_POINT('',(-0.004,0.064,0.005));
#7233=CARTESIAN_POINT('',(0.007,0.067,0.01));
#7234=CARTESIAN_POINT('',(0.007,0.067,0.006));
#7235=CARTESIAN_POINT('',(0.005,0.067,0.006));
#7236=CARTESIAN_POINT('',(0.005,0.065,0.006));
#7237=CARTESIAN_POINT('',(0.007,0.065,0.006));
#7238=CARTESIAN_POINT('',(0.005,0.0669999999999946,0.00586910030125257));
#7239=CARTESIAN_POINT('',(0.00500000000008394,0.0650000000000732,0.00613089980055707));
#7240=CARTESIAN_POINT('',(0.00699999999999643,0.065,0.00586910030125257));
#7241=CARTESIAN_POINT('',(0.00494793124239684,0.0668437937271933,0.0056073619431178));
#7242=CARTESIAN_POINT('',(0.00518415758805379,0.0651841575880591,0.00633615548005699));
#7243=CARTESIAN_POINT('',(0.00684379372719221,0.064947931242397,0.0056073619431178));
#7244=CARTESIAN_POINT('',(0.00472551784667879,0.0661765535400347,0.0052744821530183));
#7245=CARTESIAN_POINT('',(0.00528218209728563,0.0652821820972826,0.00580776380942308));
#7246=CARTESIAN_POINT('',(0.00617655354003581,0.0647255178466783,0.00527448215301829));
#7247=CARTESIAN_POINT('',(0.00439263805800728,0.0651779141740256,0.00505206875768971));
#7248=CARTESIAN_POINT('',(0.00480398597389077,0.0648039859738976,0.00517051537863301));
#7249=CARTESIAN_POINT('',(0.00517791417402241,0.0643926380580091,0.00505206875768971));
#7250=CARTESIAN_POINT('',(0.00413089969632419,0.0643926990889649,0.005));
#7251=CARTESIAN_POINT('',(0.00426179939992112,0.0642617993999075,0.00500000000000213));
#7252=CARTESIAN_POINT('',(0.0043926990889716,0.0641308996963204,0.005));
#7253=CARTESIAN_POINT('',(0.004,0.064,0.005));
#7254=CARTESIAN_POINT('',(0.004,0.064,0.005));
#7255=CARTESIAN_POINT('',(0.004,0.064,0.005));
#7256=CARTESIAN_POINT('',(-0.007,0.07,0.01));
#7257=CARTESIAN_POINT('',(-0.007,0.07,0.006));
#7258=CARTESIAN_POINT('',(-0.005,0.07,0.006));
#7259=CARTESIAN_POINT('',(-0.005,0.072,0.006));
#7260=CARTESIAN_POINT('',(-0.007,0.072,0.006));
#7261=CARTESIAN_POINT('',(-0.005,0.0700000000000054,0.00586910030125257));
#7262=CARTESIAN_POINT('',(-0.00500000000008394,0.0719999999999233,0.00613089980055707));
#7263=CARTESIAN_POINT('',(-0.00699999999999643,0.072,0.00586910030125257));
#7264=CARTESIAN_POINT('',(-0.00494793124239684,0.0701562062728067,0.0056073619431178));
#7265=CARTESIAN_POINT('',(-0.00518415758805379,0.0718158424119426,0.00633615548005699));
#7266=CARTESIAN_POINT('',(-0.00684379372719221,0.072052068757603,0.0056073619431178));
#7267=CARTESIAN_POINT('',(-0.00472551784667879,0.0708234464599652,0.0052744821530183));
#7268=CARTESIAN_POINT('',(-0.00528218209728563,0.0717178179027163,0.00580776380942308));
#7269=CARTESIAN_POINT('',(-0.00617655354003581,0.0722744821533217,0.00527448215301829));
#7270=CARTESIAN_POINT('',(-0.00439263805800728,0.0718220858259744,0.00505206875768971));
#7271=CARTESIAN_POINT('',(-0.00480398597389077,0.072196014026105,0.00517051537863301));
#7272=CARTESIAN_POINT('',(-0.00517791417402241,0.0726073619419909,0.00505206875768971));
#7273=CARTESIAN_POINT('',(-0.00413089969632419,0.0726073009110351,0.005));
#7274=CARTESIAN_POINT('',(-0.00426179939992112,0.0727382006000872,0.00500000000000213));
#7275=CARTESIAN_POINT('',(-0.0043926990889716,0.0728691003036797,0.005));
#7276=CARTESIAN_POINT('',(-0.004,0.073,0.005));
#7277=CARTESIAN_POINT('',(-0.004,0.073,0.005));
#7278=CARTESIAN_POINT('',(-0.004,0.073,0.005));
#7279=CARTESIAN_POINT('',(0.007,0.07,0.0075));
#7280=CARTESIAN_POINT('',(0.007,0.07,0.006));
#7281=CARTESIAN_POINT('',(0.007,0.072,0.006));
#7282=CARTESIAN_POINT('',(0.005,0.072,0.006));
#7283=CARTESIAN_POINT('',(0.005,0.07,0.006));
#7284=CARTESIAN_POINT('',(0.00699999999999643,0.072,0.00586910030125257));
#7285=CARTESIAN_POINT('',(0.00500000000008394,0.0719999999999233,0.00613089980055707));
#7286=CARTESIAN_POINT('',(0.005,0.0700000000000054,0.00586910030125257));
#7287=CARTESIAN_POINT('',(0.00684379372719221,0.072052068757603,0.0056073619431178));
#7288=CARTESIAN_POINT('',(0.00518415758805379,0.0718158424119426,0.00633615548005699));
#7289=CARTESIAN_POINT('',(0.00494793124239684,0.0701562062728067,0.0056073619431178));
#7290=CARTESIAN_POINT('',(0.00617655354003581,0.0722744821533217,0.00527448215301829));
#7291=CARTESIAN_POINT('',(0.00528218209728563,0.0717178179027163,0.00580776380942308));
#7292=CARTESIAN_POINT('',(0.00472551784667879,0.0708234464599652,0.0052744821530183));
#7293=CARTESIAN_POINT('',(0.00517791417402241,0.0726073619419909,0.00505206875768971));
#7294=CARTESIAN_POINT('',(0.00480398597389077,0.072196014026105,0.00517051537863301));
#7295=CARTESIAN_POINT('',(0.00439263805800728,0.0718220858259744,0.00505206875768971));
#7296=CARTESIAN_POINT('',(0.0043926990889716,0.0728691003036797,0.005));
#7297=CARTESIAN_POINT('',(0.00426179939992112,0.0727382006000872,0.00500000000000213));
#7298=CARTESIAN_POINT('',(0.00413089969632419,0.0726073009110351,0.005));
#7299=CARTESIAN_POINT('',(0.004,0.073,0.005));
#7300=CARTESIAN_POINT('',(0.004,0.073,0.005));
#7301=CARTESIAN_POINT('',(0.004,0.073,0.005));
#7302=CARTESIAN_POINT('',(0.0095,0.0695,-0.002));
#7303=CARTESIAN_POINT('',(1.02265926617913E-17,0.0255,-0.002));
#7304=CARTESIAN_POINT('',(-0.00751641115628708,0.000501425885413638,0.0126730148931409));
#7305=CARTESIAN_POINT('',(-0.01725,0.095,0.003));
#7306=CARTESIAN_POINT('',(-0.01725,0.03,0.003));
#7307=CARTESIAN_POINT('',(-0.0195,0.03,0.003));
#7308=CARTESIAN_POINT('',(-0.019,0.03,0.003));
#7309=CARTESIAN_POINT('',(-0.0195,0.095,0.003));
#7310=CARTESIAN_POINT('',(-0.0195,0.095,0.003));
#7311=CARTESIAN_POINT('',(-0.01725,0.095,0.003));
#7312=CARTESIAN_POINT('',(-0.015,0.095,0.003));
#7313=CARTESIAN_POINT('',(-0.015,0.07,0.003));
#7314=CARTESIAN_POINT('',(-0.015,0.071,0.003));
#7315=CARTESIAN_POINT('',(-0.019,0.071,0.003));
#7316=CARTESIAN_POINT('',(-0.019,0.071,0.003));
#7317=CARTESIAN_POINT('',(-0.019,0.095,0.003));
#7318=CARTESIAN_POINT('',(-0.011,0.095,0.0055));
#7319=CARTESIAN_POINT('',(-0.011,0.069,0.007));
#7320=CARTESIAN_POINT('',(-0.011,0.071,0.007));
#7321=CARTESIAN_POINT('',(-0.011,0.069,0.009));
#7322=CARTESIAN_POINT('',(-0.011,0.071,0.0015));
#7323=CARTESIAN_POINT('',(-0.011,0.071,0.0015));
#7324=CARTESIAN_POINT('',(-0.011,0.095,0.0015));
#7325=CARTESIAN_POINT('',(-0.011,0.095,0.0015));
#7326=CARTESIAN_POINT('',(-0.011,0.095,0.0055));
#7327=CARTESIAN_POINT('',(-0.011,0.095,0.0095));
#7328=CARTESIAN_POINT('',(-0.011,0.095,0.0095));
#7329=CARTESIAN_POINT('',(-0.011,0.03,0.0095));
#7330=CARTESIAN_POINT('',(-0.011,0.03,0.0055));
#7331=CARTESIAN_POINT('',(-0.011,0.03,0.009));
#7332=CARTESIAN_POINT('',(-0.011,0.07,0.009));
#7333=CARTESIAN_POINT('',(0.011,0.095,0.0055));
#7334=CARTESIAN_POINT('',(0.011,0.095,0.0015));
#7335=CARTESIAN_POINT('',(0.011,0.095,0.0015));
#7336=CARTESIAN_POINT('',(0.011,0.071,0.0015));
#7337=CARTESIAN_POINT('',(0.011,0.071,0.0055));
#7338=CARTESIAN_POINT('',(0.011,0.071,0.007));
#7339=CARTESIAN_POINT('',(0.011,0.069,0.007));
#7340=CARTESIAN_POINT('',(0.011,0.069,0.009));
#7341=CARTESIAN_POINT('',(0.011,0.095,0.009));
#7342=CARTESIAN_POINT('',(0.011,0.03,0.009));
#7343=CARTESIAN_POINT('',(0.011,0.03,0.0055));
#7344=CARTESIAN_POINT('',(0.011,0.03,0.0095));
#7345=CARTESIAN_POINT('',(0.011,0.095,0.0095));
#7346=CARTESIAN_POINT('',(0.011,0.095,0.0095));
#7347=CARTESIAN_POINT('',(0.011,0.095,0.0055));
#7348=CARTESIAN_POINT('',(0.01725,0.095,0.003));
#7349=CARTESIAN_POINT('',(0.01725,0.095,0.003));
#7350=CARTESIAN_POINT('',(0.015,0.095,0.003));
#7351=CARTESIAN_POINT('',(0.0195,0.095,0.003));
#7352=CARTESIAN_POINT('',(0.0195,0.03,0.003));
#7353=CARTESIAN_POINT('',(0.0195,0.03,0.003));
#7354=CARTESIAN_POINT('',(0.01725,0.03,0.003));
#7355=CARTESIAN_POINT('',(0.019,0.03,0.003));
#7356=CARTESIAN_POINT('',(0.019,0.095,0.003));
#7357=CARTESIAN_POINT('',(0.019,0.071,0.003));
#7358=CARTESIAN_POINT('',(0.01725,0.071,0.003));
#7359=CARTESIAN_POINT('',(0.015,0.071,0.003));
#7360=CARTESIAN_POINT('',(0.015,0.095,0.003));
#7361=CARTESIAN_POINT('',(0.0205,0.095,0.0085));
#7362=CARTESIAN_POINT('',(0.0205,0.03,0.0085));
#7363=CARTESIAN_POINT('',(0.0205,0.03,0.004));
#7364=CARTESIAN_POINT('',(0.0205,0.03,0.013));
#7365=CARTESIAN_POINT('',(0.0205,0.095,0.004));
#7366=CARTESIAN_POINT('',(0.0205,0.095,0.004));
#7367=CARTESIAN_POINT('',(0.0205,0.095,0.0085));
#7368=CARTESIAN_POINT('',(0.0205,0.095,0.013));
#7369=CARTESIAN_POINT('',(0.0205,0.03,0.013));
#7370=CARTESIAN_POINT('',(-3.46944695195361E-18,0.095,0.014));
#7371=CARTESIAN_POINT('',(-3.46944695195361E-18,0.095,0.014));
#7372=CARTESIAN_POINT('',(0.0195,0.095,0.014));
#7373=CARTESIAN_POINT('',(-0.0195,0.095,0.014));
#7374=CARTESIAN_POINT('',(-0.0195,0.095,0.014));
#7375=CARTESIAN_POINT('',(-0.0195,0.03,0.014));
#7376=CARTESIAN_POINT('',(-3.46944695195361E-18,0.03,0.014));
#7377=CARTESIAN_POINT('',(0.0195,0.03,0.014));
#7378=CARTESIAN_POINT('',(0.0195,0.095,0.014));
#7379=CARTESIAN_POINT('',(-0.0205,0.095,0.0085));
#7380=CARTESIAN_POINT('',(-0.0205,0.095,0.0085));
#7381=CARTESIAN_POINT('',(-0.0205,0.095,0.013));
#7382=CARTESIAN_POINT('',(-0.0205,0.095,0.004));
#7383=CARTESIAN_POINT('',(-0.0205,0.03,0.004));
#7384=CARTESIAN_POINT('',(-0.0205,0.03,0.004));
#7385=CARTESIAN_POINT('',(-0.0205,0.03,0.0085));
#7386=CARTESIAN_POINT('',(-0.0205,0.03,0.013));
#7387=CARTESIAN_POINT('',(-0.0205,0.095,0.013));
#7388=CARTESIAN_POINT('',(0.,0.095,0.0095));
#7389=CARTESIAN_POINT('',(0.,0.03,0.0095));
#7390=CARTESIAN_POINT('',(0.,0.095,0.0095));
#7391=CARTESIAN_POINT('',(-0.0115,0.095,-8.67361737988404E-19));
#7392=CARTESIAN_POINT('',(-0.009,0.095,2.16840434497101E-19));
#7393=CARTESIAN_POINT('',(-0.009,0.095,2.16840434497101E-19));
#7394=CARTESIAN_POINT('',(-0.009,0.07,-8.67361737988404E-19));
#7395=CARTESIAN_POINT('',(-0.0165,0.07,-8.67361737988404E-19));
#7396=CARTESIAN_POINT('',(-0.014,0.07,-8.67361737988404E-19));
#7397=CARTESIAN_POINT('',(-0.014,0.095,-8.67361737988404E-19));
#7398=CARTESIAN_POINT('',(-0.014,0.095,-8.67361737988404E-19));
#7399=CARTESIAN_POINT('',(-0.0115,0.095,-8.67361737988404E-19));
#7400=CARTESIAN_POINT('',(0.0115,0.095,-8.67361737988404E-19));
#7401=CARTESIAN_POINT('',(0.014,0.095,-8.67361737988404E-19));
#7402=CARTESIAN_POINT('',(0.014,0.095,-8.67361737988404E-19));
#7403=CARTESIAN_POINT('',(0.014,0.07,-8.67361737988404E-19));
#7404=CARTESIAN_POINT('',(-0.0165,0.07,-8.67361737988404E-19));
#7405=CARTESIAN_POINT('',(0.009,0.07,-8.67361737988404E-19));
#7406=CARTESIAN_POINT('',(0.009,0.095,2.16840434497101E-19));
#7407=CARTESIAN_POINT('',(0.009,0.095,2.16840434497101E-19));
#7408=CARTESIAN_POINT('',(0.0115,0.095,-8.67361737988404E-19));
#7409=CARTESIAN_POINT('',(-0.014,0.095,0.0015));
#7410=CARTESIAN_POINT('',(-0.014,0.07,0.0015));
#7411=CARTESIAN_POINT('',(-0.014,0.07,0.000267949192431124));
#7412=CARTESIAN_POINT('',(-0.014,0.07,0.000267949192431124));
#7413=CARTESIAN_POINT('',(-0.014,0.07,0.000614603298381225));
#7414=CARTESIAN_POINT('',(-0.014,0.0702671545707659,0.00126783664217776));
#7415=CARTESIAN_POINT('',(-0.014,0.0707587022722921,0.00175870106580588));
#7416=CARTESIAN_POINT('',(-0.014,0.071,0.002));
#7417=CARTESIAN_POINT('',(-0.014,0.071,0.002));
#7418=CARTESIAN_POINT('',(-0.014,0.095,0.002));
#7419=CARTESIAN_POINT('',(-0.014,0.095,0.002));
#7420=CARTESIAN_POINT('',(-0.014,0.095,0.0015));
#7421=CARTESIAN_POINT('',(-0.009,0.095,0.00075));
#7422=CARTESIAN_POINT('',(-0.009,0.095,0.00075));
#7423=CARTESIAN_POINT('',(-0.009,0.095,0.0005));
#7424=CARTESIAN_POINT('',(-0.009,0.095,0.0005));
#7425=CARTESIAN_POINT('',(-0.009,0.07,0.0005));
#7426=CARTESIAN_POINT('',(-0.009,0.07,0.00075));
#7427=CARTESIAN_POINT('',(-0.01,0.095,0.0015));
#7428=CARTESIAN_POINT('',(-0.01,0.07,0.0015));
#7429=CARTESIAN_POINT('',(-0.01,0.07,0.0015));
#7430=CARTESIAN_POINT('',(-0.012,0.07,0.0015));
#7431=CARTESIAN_POINT('',(-0.01,0.095,0.0015));
#7432=CARTESIAN_POINT('',(-0.01,0.095,0.0015));
#7433=CARTESIAN_POINT('',(-0.01,0.095,0.0015));
#7434=CARTESIAN_POINT('',(-0.012,0.071,0.0015));
#7435=CARTESIAN_POINT('',(0.01,0.095,0.0015));
#7436=CARTESIAN_POINT('',(0.01,0.095,0.0015));
#7437=CARTESIAN_POINT('',(0.01,0.095,0.0015));
#7438=CARTESIAN_POINT('',(0.01,0.095,0.0015));
#7439=CARTESIAN_POINT('',(0.01,0.07,0.0015));
#7440=CARTESIAN_POINT('',(0.01,0.07,0.0015));
#7441=CARTESIAN_POINT('',(0.012,0.07,0.0015));
#7442=CARTESIAN_POINT('',(0.012,0.071,0.0015));
#7443=CARTESIAN_POINT('',(0.009,0.095,0.00075));
#7444=CARTESIAN_POINT('',(0.009,0.07,0.00075));
#7445=CARTESIAN_POINT('',(0.009,0.07,0.0005));
#7446=CARTESIAN_POINT('',(0.009,0.095,0.0005));
#7447=CARTESIAN_POINT('',(0.009,0.095,0.0005));
#7448=CARTESIAN_POINT('',(0.009,0.095,0.00075));
#7449=CARTESIAN_POINT('',(0.014,0.095,0.0015));
#7450=CARTESIAN_POINT('',(0.014,0.07,0.002));
#7451=CARTESIAN_POINT('',(0.014,0.095,0.002));
#7452=CARTESIAN_POINT('',(0.014,0.071,0.002));
#7453=CARTESIAN_POINT('',(0.014,0.07,0.000267949192431124));
#7454=CARTESIAN_POINT('',(0.014,0.07,0.000614603298381225));
#7455=CARTESIAN_POINT('',(0.014,0.0702671545707659,0.00126783664217776));
#7456=CARTESIAN_POINT('',(0.014,0.0707587022722921,0.00175870106580588));
#7457=CARTESIAN_POINT('',(0.014,0.071,0.002));
#7458=CARTESIAN_POINT('',(0.014,0.07,0.000267949192431124));
#7459=CARTESIAN_POINT('',(0.014,0.07,0.0015));
#7460=CARTESIAN_POINT('',(0.014,0.095,0.0015));
#7461=CARTESIAN_POINT('',(-3.46944695195361E-18,0.095,0.007));
#7462=CARTESIAN_POINT('',(0.0195,0.095,0.004));
#7463=CARTESIAN_POINT('',(0.015,0.095,0.002));
#7464=CARTESIAN_POINT('',(0.01,0.095,0.0005));
#7465=CARTESIAN_POINT('',(-0.01,0.095,0.0005));
#7466=CARTESIAN_POINT('',(-0.015,0.095,0.002));
#7467=CARTESIAN_POINT('',(-0.0195,0.095,0.004));
#7468=CARTESIAN_POINT('',(-0.0195,0.095,0.013));
#7469=CARTESIAN_POINT('',(0.0195,0.095,0.013));
#7470=CARTESIAN_POINT('',(0.019,0.05,0.008));
#7471=CARTESIAN_POINT('',(0.019,0.03,0.008));
#7472=CARTESIAN_POINT('',(0.019,0.03,0.007));
#7473=CARTESIAN_POINT('',(0.019,0.05,0.007));
#7474=CARTESIAN_POINT('',(0.019,0.07,0.007));
#7475=CARTESIAN_POINT('',(0.019,0.07,0.008));
#7476=CARTESIAN_POINT('',(0.019,0.07,0.004));
#7477=CARTESIAN_POINT('',(0.019,0.071,0.004));
#7478=CARTESIAN_POINT('',(-0.0165,0.07,0.008));
#7479=CARTESIAN_POINT('',(0.011,0.07,0.007));
#7480=CARTESIAN_POINT('',(0.012,0.07,0.007));
#7481=CARTESIAN_POINT('',(0.012,0.07,0.008));
#7482=CARTESIAN_POINT('',(0.01,0.07,0.0005));
#7483=CARTESIAN_POINT('',(0.015,0.07,0.002));
#7484=CARTESIAN_POINT('',(0.015,0.07,0.004));
#7485=CARTESIAN_POINT('',(-0.0165,0.07,0.004));
#7486=CARTESIAN_POINT('',(0.,0.0475,0.008));
#7487=CARTESIAN_POINT('',(-0.0165,0.03,0.008));
#7488=CARTESIAN_POINT('',(0.012,0.03,0.008));
#7489=CARTESIAN_POINT('',(0.018,0.03,0.008));
#7490=CARTESIAN_POINT('',(0.012,0.0475,0.008));
#7491=CARTESIAN_POINT('',(0.012,0.069,0.008));
#7492=CARTESIAN_POINT('',(0.019,0.069,0.008));
#7493=CARTESIAN_POINT('',(0.018,0.069,0.008));
#7494=CARTESIAN_POINT('',(0.018,0.0475,0.008));
#7495=CARTESIAN_POINT('',(-0.019,0.05,0.008));
#7496=CARTESIAN_POINT('',(-0.019,0.07,0.008));
#7497=CARTESIAN_POINT('',(-0.019,0.07,0.007));
#7498=CARTESIAN_POINT('',(-0.019,0.07,0.004));
#7499=CARTESIAN_POINT('',(-0.019,0.03,0.007));
#7500=CARTESIAN_POINT('',(-0.019,0.03,0.007));
#7501=CARTESIAN_POINT('',(-0.019,0.03,0.008));
#7502=CARTESIAN_POINT('',(-0.019,0.071,0.004));
#7503=CARTESIAN_POINT('',(0.,0.0475,0.008));
#7504=CARTESIAN_POINT('',(-0.0165,0.03,0.008));
#7505=CARTESIAN_POINT('',(-0.018,0.03,0.008));
#7506=CARTESIAN_POINT('',(-0.012,0.03,0.008));
#7507=CARTESIAN_POINT('',(-0.018,0.07,0.008));
#7508=CARTESIAN_POINT('',(-0.018,0.069,0.008));
#7509=CARTESIAN_POINT('',(-0.011,0.069,0.008));
#7510=CARTESIAN_POINT('',(-0.012,0.069,0.008));
#7511=CARTESIAN_POINT('',(-0.012,0.03,0.008));
#7512=CARTESIAN_POINT('',(-0.0165,0.07,0.008));
#7513=CARTESIAN_POINT('',(-0.012,0.07,0.008));
#7514=CARTESIAN_POINT('',(-0.012,0.07,0.007));
#7515=CARTESIAN_POINT('',(-0.019,0.07,0.007));
#7516=CARTESIAN_POINT('',(-0.014,0.07,0.004));
#7517=CARTESIAN_POINT('',(-0.015,0.07,0.004));
#7518=CARTESIAN_POINT('',(-0.015,0.07,0.002));
#7519=CARTESIAN_POINT('',(-0.01,0.07,0.0005));
#7520=CARTESIAN_POINT('',(0.,0.03,0.));
#7521=CARTESIAN_POINT('',(-0.012,0.03,0.009));
#7522=CARTESIAN_POINT('',(0.012,0.03,0.009));
#7523=CARTESIAN_POINT('',(0.018,0.03,0.007));
#7524=CARTESIAN_POINT('',(0.0195,0.03,0.004));
#7525=CARTESIAN_POINT('',(0.0195,0.03,0.013));
#7526=CARTESIAN_POINT('',(-0.0195,0.03,0.013));
#7527=CARTESIAN_POINT('',(-0.0195,0.03,0.004));
#7528=CARTESIAN_POINT('',(-0.018,0.03,0.007));
#7529=CARTESIAN_POINT('',(-0.012,0.0475,0.009));
#7530=CARTESIAN_POINT('',(-0.012,0.069,0.009));
#7531=CARTESIAN_POINT('',(-0.012,0.071,0.008));
#7532=CARTESIAN_POINT('',(-0.012,0.071,0.007));
#7533=CARTESIAN_POINT('',(-0.012,0.069,0.007));
#7534=CARTESIAN_POINT('',(-0.012,0.069,0.007));
#7535=CARTESIAN_POINT('',(-0.018,0.05,0.007));
#7536=CARTESIAN_POINT('',(-0.018,0.069,0.007));
#7537=CARTESIAN_POINT('',(-0.0165,0.069,0.007));
#7538=CARTESIAN_POINT('',(-0.015,0.095,0.002));
#7539=CARTESIAN_POINT('',(-0.015,0.071,0.002));
#7540=CARTESIAN_POINT('',(-0.015,0.071,0.002));
#7541=CARTESIAN_POINT('',(-0.015,0.071,0.004));
#7542=CARTESIAN_POINT('',(-0.0165,0.071,0.004));
#7543=CARTESIAN_POINT('',(0.012,0.071,0.0055));
#7544=CARTESIAN_POINT('',(0.012,0.071,0.007));
#7545=CARTESIAN_POINT('',(0.012,0.095,0.009));
#7546=CARTESIAN_POINT('',(0.012,0.069,0.009));
#7547=CARTESIAN_POINT('',(0.018,0.0475,0.007));
#7548=CARTESIAN_POINT('',(0.018,0.069,0.007));
#7549=CARTESIAN_POINT('',(0.012,0.069,0.007));
#7550=CARTESIAN_POINT('',(0.012,0.069,0.007));
#7551=CARTESIAN_POINT('',(-0.0165,0.069,0.007));
#7552=CARTESIAN_POINT('',(0.015,0.095,0.002));
#7553=CARTESIAN_POINT('',(0.015,0.071,0.002));
#7554=CARTESIAN_POINT('',(0.015,0.071,0.002));
#7555=CARTESIAN_POINT('',(0.015,0.071,0.004));
#7556=CARTESIAN_POINT('',(0.01725,0.071,0.004));
#7557=CARTESIAN_POINT('',(0.0195,0.095,0.004));
#7558=CARTESIAN_POINT('',(-0.0195,0.095,0.004));
#7559=CARTESIAN_POINT('',(-0.0195,0.095,0.013));
#7560=CARTESIAN_POINT('',(0.0195,0.095,0.013));
#7561=CARTESIAN_POINT('',(0.01,0.095,0.0005));
#7562=CARTESIAN_POINT('',(-0.01,0.095,0.0005));
#7563=CARTESIAN_POINT('',(-0.00751641115628708,0.000501425885413631,0.0146730148931409));
#7564=MECHANICAL_DESIGN_GEOMETRIC_PRESENTATION_REPRESENTATION('',(#4325,
#4326,#4327),#7565);
#7565=(
GEOMETRIC_REPRESENTATION_CONTEXT(3)
GLOBAL_UNCERTAINTY_ASSIGNED_CONTEXT((#7569))
GLOBAL_UNIT_ASSIGNED_CONTEXT((#7575,#7574,#7573))
REPRESENTATION_CONTEXT('HACKATHON_ASSEMBLY','TOP_LEVEL_ASSEMBLY_PART')
);
#7566=(
GEOMETRIC_REPRESENTATION_CONTEXT(3)
GLOBAL_UNCERTAINTY_ASSIGNED_CONTEXT((#7570))
GLOBAL_UNIT_ASSIGNED_CONTEXT((#7575,#7574,#7573))
REPRESENTATION_CONTEXT('Part 1','COMPONENT_PART')
);
#7567=(
GEOMETRIC_REPRESENTATION_CONTEXT(3)
GLOBAL_UNCERTAINTY_ASSIGNED_CONTEXT((#7571))
GLOBAL_UNIT_ASSIGNED_CONTEXT((#7575,#7574,#7573))
REPRESENTATION_CONTEXT('Part 1','COMPONENT_PART')
);
#7568=(
GEOMETRIC_REPRESENTATION_CONTEXT(3)
GLOBAL_UNCERTAINTY_ASSIGNED_CONTEXT((#7572))
GLOBAL_UNIT_ASSIGNED_CONTEXT((#7575,#7574,#7573))
REPRESENTATION_CONTEXT('Part 2','COMPONENT_PART')
);
#7569=UNCERTAINTY_MEASURE_WITH_UNIT(LENGTH_MEASURE(1.E-8),#7575,
'DISTANCE_ACCURACY_VALUE','Maximum Tolerance applied to model');
#7570=UNCERTAINTY_MEASURE_WITH_UNIT(LENGTH_MEASURE(2.E-5),#7575,
'DISTANCE_ACCURACY_VALUE','Maximum Tolerance applied to model');
#7571=UNCERTAINTY_MEASURE_WITH_UNIT(LENGTH_MEASURE(2.E-5),#7575,
'DISTANCE_ACCURACY_VALUE','Maximum Tolerance applied to model');
#7572=UNCERTAINTY_MEASURE_WITH_UNIT(LENGTH_MEASURE(2.E-5),#7575,
'DISTANCE_ACCURACY_VALUE','Maximum Tolerance applied to model');
#7573=(
NAMED_UNIT(*)
SI_UNIT($,.STERADIAN.)
SOLID_ANGLE_UNIT()
);
#7574=(
NAMED_UNIT(*)
PLANE_ANGLE_UNIT()
SI_UNIT($,.RADIAN.)
);
#7575=(
LENGTH_UNIT()
NAMED_UNIT(*)
SI_UNIT($,.METRE.)
);
#7576=PRODUCT_DEFINITION_SHAPE('','',#7583);
#7577=PRODUCT_DEFINITION_SHAPE('','',#7584);
#7578=PRODUCT_DEFINITION_SHAPE(' ','NAUO PRDDFN',#25);
#7579=PRODUCT_DEFINITION_SHAPE('','',#7585);
#7580=PRODUCT_DEFINITION_SHAPE(' ','NAUO PRDDFN',#26);
#7581=PRODUCT_DEFINITION_SHAPE('','',#7586);
#7582=PRODUCT_DEFINITION_SHAPE(' ','NAUO PRDDFN',#27);
#7583=PRODUCT_DEFINITION('','',#7591,#7587);
#7584=PRODUCT_DEFINITION('','',#7592,#7588);
#7585=PRODUCT_DEFINITION('','',#7593,#7589);
#7586=PRODUCT_DEFINITION('','',#7594,#7590);
#7587=PRODUCT_DEFINITION_CONTEXT('',#7612,'design');
#7588=PRODUCT_DEFINITION_CONTEXT('',#7612,'design');
#7589=PRODUCT_DEFINITION_CONTEXT('',#7612,'design');
#7590=PRODUCT_DEFINITION_CONTEXT('',#7612,'design');
#7591=PRODUCT_DEFINITION_FORMATION_WITH_SPECIFIED_SOURCE('','',#7599,
 .NOT_KNOWN.);
#7592=PRODUCT_DEFINITION_FORMATION_WITH_SPECIFIED_SOURCE('','',#7600,
 .NOT_KNOWN.);
#7593=PRODUCT_DEFINITION_FORMATION_WITH_SPECIFIED_SOURCE('','',#7601,
 .NOT_KNOWN.);
#7594=PRODUCT_DEFINITION_FORMATION_WITH_SPECIFIED_SOURCE('','',#7602,
 .NOT_KNOWN.);
#7595=PRODUCT_RELATED_PRODUCT_CATEGORY('','',(#7599));
#7596=PRODUCT_RELATED_PRODUCT_CATEGORY('','',(#7600));
#7597=PRODUCT_RELATED_PRODUCT_CATEGORY('','',(#7601));
#7598=PRODUCT_RELATED_PRODUCT_CATEGORY('','',(#7602));
#7599=PRODUCT('HACKATHON_ASSEMBLY','HACKATHON_ASSEMBLY',
'HACKATHON_ASSEMBLY',(#7607));
#7600=PRODUCT('Part 1','Part 1','Part 1',(#7608));
#7601=PRODUCT('Part 1','Part 1','Part 1',(#7609));
#7602=PRODUCT('Part 2','Part 2','Part 2',(#7610));
#7603=PRODUCT_CATEGORY('','');
#7604=PRODUCT_CATEGORY('','');
#7605=PRODUCT_CATEGORY('','');
#7606=PRODUCT_CATEGORY('','');
#7607=PRODUCT_CONTEXT('',#7612,'mechanical');
#7608=PRODUCT_CONTEXT('',#7612,'mechanical');
#7609=PRODUCT_CONTEXT('',#7612,'mechanical');
#7610=PRODUCT_CONTEXT('',#7612,'mechanical');
#7611=APPLICATION_PROTOCOL_DEFINITION('international standard',
'ap242_managed_model_based_3d_engineering',2020,#7612);
#7612=APPLICATION_CONTEXT('managed model based 3d engineering');
ENDSEC;
END-ISO-10303-21;
