ISO-10303-21;
HEADER;
/* Generated by software containing ST-Developer
 * from STEP Tools, Inc. (www.steptools.com) 
 */
/* OPTION: using custom renumber hook */

FILE_DESCRIPTION(
/* description */ ('STEP AP242 Edition 2',
'CAx-IF Rec.Pracs.---Representation and Presentation of Product Manufa
cturing Information (PMI)---4.0---2014-10-13',
'CAx-IF Rec.Pracs.---3D Tessellated Geometry---0.4---2014-09-14','2;1',
'CAx-IF Rec.Pracs.---User Defined Attributes---1.5---2016-08-15'),
/* implementation_level */ '2;1');

FILE_NAME(
/* name */ '6ac05dd7842f918a36355532',
/* time_stamp */ '2026-10-03T01:43:52Z',
/* author */ (''),
/* organization */ (''),
/* preprocessor_version */ 'ST-DEVELOPER v20',
/* originating_system */ 'ONSHAPE BY PTC INC, 1.221',
/* authorisation */ '  ');

FILE_SCHEMA (('AP242_MANAGED_MODEL_BASED_3D_ENGINEERING_MIM_LF { 1 0 10303 442 3 1 4 }'));
ENDSEC;

DATA;
#10=(
BOUNDED_SURFACE()
B_SPLINE_SURFACE(3,2,((#7100,#7101,#7102),(#7103,#7104,#7105),(#7106,#7107,
#7108),(#7109,#7110,#7111),(#7112,#7113,#7114),(#7115,#7116,#7117),(#7118,
#7119,#7120)),.UNSPECIFIED.,.F.,.F.,.F.)
B_SPLINE_SURFACE_WITH_KNOTS((4,1,1,1,4),(3,3),(3.14159265358979,3.53429173528852,
3.92699081698724,4.31968989868597,4.71238898038469),(0.,1.),
 .UNSPECIFIED.)
GEOMETRIC_REPRESENTATION_ITEM()
RATIONAL_B_SPLINE_SURFACE(((1.,0.707106781186548,1.),(1.,0.707106781348494,
1.),(1.,0.746571860755486,1.),(1.,0.869029034424641,1.),(1.,0.973464424252576,
1.),(1.,0.999999999985521,1.),(1.,1.,1.)))
REPRESENTATION_ITEM('')
SURFACE()
);
#11=(
BOUNDED_SURFACE()
B_SPLINE_SURFACE(3,2,((#7124,#7125,#7126),(#7127,#7128,#7129),(#7130,#7131,
#7132),(#7133,#7134,#7135),(#7136,#7137,#7138),(#7139,#7140,#7141),(#7142,
#7143,#7144)),.UNSPECIFIED.,.F.,.F.,.F.)
B_SPLINE_SURFACE_WITH_KNOTS((4,1,1,1,4),(3,3),(3.14159265358979,3.53429173528852,
3.92699081698724,4.31968989868597,4.71238898038469),(0.,1.),
 .UNSPECIFIED.)
GEOMETRIC_REPRESENTATION_ITEM()
RATIONAL_B_SPLINE_SURFACE(((1.,0.707106781186548,1.),(1.,0.707106781348494,
1.),(1.,0.746571860755487,1.),(1.,0.869029034424641,1.),(1.,0.973464424252576,
1.),(1.,0.999999999985521,1.),(1.,1.,1.)))
REPRESENTATION_ITEM('')
SURFACE()
);
#12=(
BOUNDED_SURFACE()
B_SPLINE_SURFACE(3,2,((#7149,#7150,#7151),(#7152,#7153,#7154),(#7155,#7156,
#7157),(#7158,#7159,#7160),(#7161,#7162,#7163),(#7164,#7165,#7166),(#7167,
#7168,#7169)),.UNSPECIFIED.,.F.,.F.,.F.)
B_SPLINE_SURFACE_WITH_KNOTS((4,1,1,1,4),(3,3),(4.71238898038469,5.10508806208341,
5.49778714378214,5.89048622548086,6.28318530717959),(0.,1.),
 .UNSPECIFIED.)
GEOMETRIC_REPRESENTATION_ITEM()
RATIONAL_B_SPLINE_SURFACE(((1.,1.,1.),(1.,0.999999999985521,1.),(1.,0.973464424252577,
1.),(1.,0.869029034424644,1.),(1.,0.746571860755478,1.),(1.,0.707106781348538,
1.),(1.,0.707106781186548,1.)))
REPRESENTATION_ITEM('')
SURFACE()
);
#13=(
BOUNDED_SURFACE()
B_SPLINE_SURFACE(3,2,((#7174,#7175,#7176),(#7177,#7178,#7179),(#7180,#7181,
#7182),(#7183,#7184,#7185),(#7186,#7187,#7188),(#7189,#7190,#7191),(#7192,
#7193,#7194)),.UNSPECIFIED.,.F.,.F.,.F.)
B_SPLINE_SURFACE_WITH_KNOTS((4,1,1,1,4),(3,3),(4.71238898038469,5.10508806208341,
5.49778714378214,5.89048622548086,6.28318530717959),(0.,1.),
 .UNSPECIFIED.)
GEOMETRIC_REPRESENTATION_ITEM()
RATIONAL_B_SPLINE_SURFACE(((1.,1.,1.),(1.,0.999999999985521,1.),(1.,0.973464424252577,
1.),(1.,0.869029034424644,1.),(1.,0.746571860755478,1.),(1.,0.707106781348538,
1.),(1.,0.707106781186548,1.)))
REPRESENTATION_ITEM('')
SURFACE()
);
#14=(
BOUNDED_SURFACE()
B_SPLINE_SURFACE(3,2,((#7199,#7200,#7201),(#7202,#7203,#7204),(#7205,#7206,
#7207),(#7208,#7209,#7210),(#7211,#7212,#7213),(#7214,#7215,#7216),(#7217,
#7218,#7219)),.UNSPECIFIED.,.F.,.F.,.F.)
B_SPLINE_SURFACE_WITH_KNOTS((4,1,1,1,4),(3,3),(3.14159265358979,3.53429173528852,
3.92699081698724,4.31968989868597,4.71238898038469),(0.,1.),
 .UNSPECIFIED.)
GEOMETRIC_REPRESENTATION_ITEM()
RATIONAL_B_SPLINE_SURFACE(((1.,0.707106781186548,1.),(1.,0.707106781192542,
1.),(1.,0.746571860827402,1.),(1.,0.869029034406891,1.),(1.,0.973464424251667,
1.),(1.,0.999999999999476,1.),(1.,1.,1.)))
REPRESENTATION_ITEM('')
SURFACE()
);
#15=(
BOUNDED_SURFACE()
B_SPLINE_SURFACE(3,2,((#7222,#7223,#7224),(#7225,#7226,#7227),(#7228,#7229,
#7230),(#7231,#7232,#7233),(#7234,#7235,#7236),(#7237,#7238,#7239),(#7240,
#7241,#7242)),.UNSPECIFIED.,.F.,.F.,.F.)
B_SPLINE_SURFACE_WITH_KNOTS((4,1,1,1,4),(3,3),(3.14159265358979,3.53429173528852,
3.92699081698724,4.31968989868597,4.71238898038469),(0.,1.),
 .UNSPECIFIED.)
GEOMETRIC_REPRESENTATION_ITEM()
RATIONAL_B_SPLINE_SURFACE(((1.,0.707106781186548,1.),(1.,0.707106781192542,
1.),(1.,0.746571860827402,1.),(1.,0.869029034406891,1.),(1.,0.973464424251667,
1.),(1.,0.999999999999476,1.),(1.,1.,1.)))
REPRESENTATION_ITEM('')
SURFACE()
);
#16=(
BOUNDED_SURFACE()
B_SPLINE_SURFACE(3,2,((#7245,#7246,#7247),(#7248,#7249,#7250),(#7251,#7252,
#7253),(#7254,#7255,#7256),(#7257,#7258,#7259),(#7260,#7261,#7262),(#7263,
#7264,#7265)),.UNSPECIFIED.,.F.,.F.,.F.)
B_SPLINE_SURFACE_WITH_KNOTS((4,1,1,1,4),(3,3),(3.14159265358979,3.53429173528852,
3.92699081698724,4.31968989868597,4.71238898038469),(0.,1.),
 .UNSPECIFIED.)
GEOMETRIC_REPRESENTATION_ITEM()
RATIONAL_B_SPLINE_SURFACE(((1.,0.707106781186548,1.),(1.,0.707106781192542,
1.),(1.,0.746571860827402,1.),(1.,0.869029034406892,1.),(1.,0.973464424251667,
1.),(1.,0.999999999999476,1.),(1.,1.,1.)))
REPRESENTATION_ITEM('')
SURFACE()
);
#17=(
BOUNDED_SURFACE()
B_SPLINE_SURFACE(3,2,((#7268,#7269,#7270),(#7271,#7272,#7273),(#7274,#7275,
#7276),(#7277,#7278,#7279),(#7280,#7281,#7282),(#7283,#7284,#7285),(#7286,
#7287,#7288)),.UNSPECIFIED.,.F.,.F.,.F.)
B_SPLINE_SURFACE_WITH_KNOTS((4,1,1,1,4),(3,3),(3.14159265358979,3.53429173528852,
3.92699081698724,4.31968989868597,4.71238898038469),(0.,1.),
 .UNSPECIFIED.)
GEOMETRIC_REPRESENTATION_ITEM()
RATIONAL_B_SPLINE_SURFACE(((1.,0.707106781186548,1.),(1.,0.707106781192542,
1.),(1.,0.746571860827402,1.),(1.,0.869029034406892,1.),(1.,0.973464424251667,
1.),(1.,0.999999999999476,1.),(1.,1.,1.)))
REPRESENTATION_ITEM('')
SURFACE()
);
#18=(
BOUNDED_SURFACE()
B_SPLINE_SURFACE(3,2,((#7291,#7292,#7293),(#7294,#7295,#7296),(#7297,#7298,
#7299),(#7300,#7301,#7302),(#7303,#7304,#7305),(#7306,#7307,#7308),(#7309,
#7310,#7311)),.UNSPECIFIED.,.F.,.F.,.F.)
B_SPLINE_SURFACE_WITH_KNOTS((4,1,1,1,4),(3,3),(3.14159265358979,3.53429173528852,
3.92699081698724,4.31968989868597,4.71238898038469),(0.,1.),
 .UNSPECIFIED.)
GEOMETRIC_REPRESENTATION_ITEM()
RATIONAL_B_SPLINE_SURFACE(((1.,0.707106781186548,1.),(1.,0.707106781192542,
1.),(1.,0.746571860827402,1.),(1.,0.869029034406891,1.),(1.,0.973464424251667,
1.),(1.,0.999999999999476,1.),(1.,1.,1.)))
REPRESENTATION_ITEM('')
SURFACE()
);
#19=(
BOUNDED_SURFACE()
B_SPLINE_SURFACE(3,2,((#7314,#7315,#7316),(#7317,#7318,#7319),(#7320,#7321,
#7322),(#7323,#7324,#7325),(#7326,#7327,#7328),(#7329,#7330,#7331),(#7332,
#7333,#7334)),.UNSPECIFIED.,.F.,.F.,.F.)
B_SPLINE_SURFACE_WITH_KNOTS((4,1,1,1,4),(3,3),(3.14159265358979,3.53429173528852,
3.92699081698724,4.31968989868597,4.71238898038469),(0.,1.),
 .UNSPECIFIED.)
GEOMETRIC_REPRESENTATION_ITEM()
RATIONAL_B_SPLINE_SURFACE(((1.,0.707106781186548,1.),(1.,0.707106781192542,
1.),(1.,0.746571860827402,1.),(1.,0.869029034406891,1.),(1.,0.973464424251667,
1.),(1.,0.999999999999476,1.),(1.,1.,1.)))
REPRESENTATION_ITEM('')
SURFACE()
);
#20=(
BOUNDED_SURFACE()
B_SPLINE_SURFACE(3,2,((#7337,#7338,#7339),(#7340,#7341,#7342),(#7343,#7344,
#7345),(#7346,#7347,#7348),(#7349,#7350,#7351),(#7352,#7353,#7354),(#7355,
#7356,#7357)),.UNSPECIFIED.,.F.,.F.,.F.)
B_SPLINE_SURFACE_WITH_KNOTS((4,1,1,1,4),(3,3),(3.14159265358979,3.53429173528852,
3.92699081698724,4.31968989868597,4.71238898038469),(0.,1.),
 .UNSPECIFIED.)
GEOMETRIC_REPRESENTATION_ITEM()
RATIONAL_B_SPLINE_SURFACE(((1.,0.707106781186548,1.),(1.,0.707106781192542,
1.),(1.,0.746571860827402,1.),(1.,0.869029034406891,1.),(1.,0.973464424251667,
1.),(1.,0.999999999999476,1.),(1.,1.,1.)))
REPRESENTATION_ITEM('')
SURFACE()
);
#21=(
BOUNDED_SURFACE()
B_SPLINE_SURFACE(3,2,((#7360,#7361,#7362),(#7363,#7364,#7365),(#7366,#7367,
#7368),(#7369,#7370,#7371),(#7372,#7373,#7374),(#7375,#7376,#7377),(#7378,
#7379,#7380)),.UNSPECIFIED.,.F.,.F.,.F.)
B_SPLINE_SURFACE_WITH_KNOTS((4,1,1,1,4),(3,3),(3.14159265358979,3.53429173528852,
3.92699081698724,4.31968989868597,4.71238898038469),(0.,1.),
 .UNSPECIFIED.)
GEOMETRIC_REPRESENTATION_ITEM()
RATIONAL_B_SPLINE_SURFACE(((1.,0.707106781186548,1.),(1.,0.707106781192542,
1.),(1.,0.746571860827402,1.),(1.,0.869029034406891,1.),(1.,0.973464424251667,
1.),(1.,0.999999999999476,1.),(1.,1.,1.)))
REPRESENTATION_ITEM('')
SURFACE()
);
#22=(
BOUNDED_SURFACE()
B_SPLINE_SURFACE(3,2,((#7638,#7639,#7640),(#7641,#7642,#7643),(#7644,#7645,
#7646),(#7647,#7648,#7649)),.UNSPECIFIED.,.F.,.F.,.F.)
B_SPLINE_SURFACE_WITH_KNOTS((4,4),(3,3),(0.00996218114844895,0.0112325847351976),
(0.,1.),.PIECEWISE_BEZIER_KNOTS.)
GEOMETRIC_REPRESENTATION_ITEM()
RATIONAL_B_SPLINE_SURFACE(((1.,0.707106781186548,1.),(1.,0.745877761751026,
1.),(1.,0.790569415089584,1.),(1.,0.790569415042095,1.)))
REPRESENTATION_ITEM('')
SURFACE()
);
#23=(
BOUNDED_SURFACE()
B_SPLINE_SURFACE(3,2,((#7654,#7655,#7656),(#7657,#7658,#7659),(#7660,#7661,
#7662),(#7663,#7664,#7665)),.UNSPECIFIED.,.F.,.F.,.F.)
B_SPLINE_SURFACE_WITH_KNOTS((4,4),(3,3),(0.00996218114844886,0.0112325847351975),
(0.,1.),.PIECEWISE_BEZIER_KNOTS.)
GEOMETRIC_REPRESENTATION_ITEM()
RATIONAL_B_SPLINE_SURFACE(((1.,0.707106781186548,1.),(1.,0.745877761750658,
1.),(1.,0.790569415089559,1.),(1.,0.790569415042094,1.)))
REPRESENTATION_ITEM('')
SURFACE()
);
#24=CONTEXT_DEPENDENT_SHAPE_REPRESENTATION(#30,#7691);
#25=CONTEXT_DEPENDENT_SHAPE_REPRESENTATION(#31,#7693);
#26=CONTEXT_DEPENDENT_SHAPE_REPRESENTATION(#32,#7695);
#27=NEXT_ASSEMBLY_USAGE_OCCURRENCE('NAUO1','Part 1','Part 1',#7696,#7697,
'');
#28=NEXT_ASSEMBLY_USAGE_OCCURRENCE('NAUO2','Part 1','Part 1',#7696,#7698,
'');
#29=NEXT_ASSEMBLY_USAGE_OCCURRENCE('NAUO3','Part 2','Part 2',#7696,#7699,
'');
#30=(
REPRESENTATION_RELATIONSHIP(' ',' ',#4407,#4406)
REPRESENTATION_RELATIONSHIP_WITH_TRANSFORMATION(#33)
SHAPE_REPRESENTATION_RELATIONSHIP()
);
#31=(
REPRESENTATION_RELATIONSHIP(' ',' ',#4408,#4406)
REPRESENTATION_RELATIONSHIP_WITH_TRANSFORMATION(#34)
SHAPE_REPRESENTATION_RELATIONSHIP()
);
#32=(
REPRESENTATION_RELATIONSHIP(' ',' ',#4409,#4406)
REPRESENTATION_RELATIONSHIP_WITH_TRANSFORMATION(#35)
SHAPE_REPRESENTATION_RELATIONSHIP()
);
#33=ITEM_DEFINED_TRANSFORMATION(' ',' ',#4410,#4484);
#34=ITEM_DEFINED_TRANSFORMATION(' ',' ',#4410,#4744);
#35=ITEM_DEFINED_TRANSFORMATION(' ',' ',#4410,#4829);
#36=SHAPE_REPRESENTATION_RELATIONSHIP('','',#4407,#39);
#37=SHAPE_REPRESENTATION_RELATIONSHIP('','',#4408,#40);
#38=SHAPE_REPRESENTATION_RELATIONSHIP('','',#4409,#41);
#39=ADVANCED_BREP_SHAPE_REPRESENTATION('',(#4399),#7679);
#40=ADVANCED_BREP_SHAPE_REPRESENTATION('',(#4400),#7680);
#41=ADVANCED_BREP_SHAPE_REPRESENTATION('',(#4401),#7681);
#42=SPHERICAL_SURFACE('',#4474,0.001);
#43=TOROIDAL_SURFACE('',#4459,0.00625,0.001);
#44=TOROIDAL_SURFACE('',#4460,0.00625,0.001);
#45=TOROIDAL_SURFACE('',#4468,0.002,0.001);
#46=TOROIDAL_SURFACE('',#4648,0.002,0.001);
#47=TOROIDAL_SURFACE('',#4655,0.002,0.001);
#48=TOROIDAL_SURFACE('',#4707,0.001,0.001);
#49=TOROIDAL_SURFACE('',#4710,0.001,0.001);
#50=TOROIDAL_SURFACE('',#4799,0.002,0.001);
#51=TOROIDAL_SURFACE('',#4809,0.002,0.001);
#52=ELLIPSE('',#4455,0.00141421356237309,0.001);
#53=ELLIPSE('',#4457,0.00141421356237309,0.001);
#54=ELLIPSE('',#4462,0.00141421356237309,0.001);
#55=ELLIPSE('',#4464,0.00141421356237309,0.001);
#56=ELLIPSE('',#4477,0.00141421356237309,0.001);
#57=ELLIPSE('',#4598,0.00141421356237309,0.001);
#58=ELLIPSE('',#4600,0.00316227766016838,0.001);
#59=ELLIPSE('',#4602,0.00316227766016838,0.001);
#60=ELLIPSE('',#4603,0.00316227766016838,0.001);
#61=ELLIPSE('',#4605,0.00316227766016838,0.001);
#62=ELLIPSE('',#4606,0.00141421356237309,0.001);
#63=ELLIPSE('',#4608,0.00141421356237309,0.001);
#64=ELLIPSE('',#4610,0.00316227766016838,0.001);
#65=ELLIPSE('',#4612,0.00316227766016838,0.001);
#66=ELLIPSE('',#4613,0.00316227766016838,0.001);
#67=ELLIPSE('',#4616,0.00316227766016838,0.001);
#68=ELLIPSE('',#4619,0.00141421356237309,0.001);
#69=ELLIPSE('',#4621,0.00141421356237309,0.001);
#70=ELLIPSE('',#4626,0.00316227766016838,0.001);
#71=ELLIPSE('',#4628,0.00316227766016838,0.001);
#72=ELLIPSE('',#4629,0.00316227766016838,0.001);
#73=ELLIPSE('',#4631,0.00316227766016838,0.001);
#74=ELLIPSE('',#4632,0.00141421356237309,0.001);
#75=ELLIPSE('',#4634,0.00141421356237309,0.001);
#76=ELLIPSE('',#4636,0.00316227766016838,0.001);
#77=ELLIPSE('',#4638,0.00316227766016838,0.001);
#78=ELLIPSE('',#4639,0.00316227766016838,0.001);
#79=ELLIPSE('',#4642,0.00141421356237309,0.001);
#80=ELLIPSE('',#4644,0.00316227766016838,0.001);
#81=ELLIPSE('',#4684,0.00282842712474619,0.002);
#82=ELLIPSE('',#4685,0.00282842712474619,0.002);
#83=ELLIPSE('',#4687,0.00282842712474619,0.002);
#84=ELLIPSE('',#4688,0.00282842712474619,0.002);
#85=ELLIPSE('',#4690,0.00282842712474619,0.002);
#86=ELLIPSE('',#4691,0.00282842712474619,0.002);
#87=ELLIPSE('',#4693,0.00282842712474619,0.002);
#88=ELLIPSE('',#4695,0.00282842712474619,0.002);
#89=ELLIPSE('',#4697,0.00282842712474619,0.002);
#90=ELLIPSE('',#4698,0.00282842712474619,0.002);
#91=ELLIPSE('',#4700,0.00282842712474619,0.002);
#92=ELLIPSE('',#4702,0.00282842712474619,0.002);
#93=ELLIPSE('',#4712,0.00223606797749979,0.002);
#94=ELLIPSE('',#4713,0.00223606797749979,0.002);
#95=ELLIPSE('',#4715,0.00223606797749979,0.002);
#96=ELLIPSE('',#4716,0.00223606797749979,0.002);
#97=ELLIPSE('',#4719,0.00223606797749979,0.002);
#98=ELLIPSE('',#4720,0.00223606797749979,0.002);
#99=ELLIPSE('',#4723,0.00223606797749979,0.002);
#100=ELLIPSE('',#4724,0.00223606797749979,0.002);
#101=ELLIPSE('',#4802,0.00141421356237309,0.001);
#102=ELLIPSE('',#4808,0.00141421356237309,0.001);
#103=B_SPLINE_CURVE_WITH_KNOTS('',3,(#6189,#6190,#6191,#6192,#6193),
 .UNSPECIFIED.,.F.,.F.,(4,1,4),(0.,0.00102374211662994,0.00204748423325987),
 .UNSPECIFIED.);
#104=B_SPLINE_CURVE_WITH_KNOTS('',3,(#6843,#6844,#6845,#6846,#6847),
 .UNSPECIFIED.,.F.,.F.,(4,1,4),(0.,0.00102374211662993,0.00204748423325987),
 .UNSPECIFIED.);
#105=B_SPLINE_CURVE_WITH_KNOTS('',3,(#6863,#6864,#6865,#6866,#6867),
 .UNSPECIFIED.,.F.,.F.,(4,1,4),(0.,0.00102374211662993,0.00204748423325987),
 .UNSPECIFIED.);
#106=B_SPLINE_CURVE_WITH_KNOTS('',3,(#7465,#7466,#7467,#7468),
 .UNSPECIFIED.,.F.,.F.,(4,4),(0.,0.00132452599949755),.UNSPECIFIED.);
#107=B_SPLINE_CURVE_WITH_KNOTS('',3,(#7476,#7477,#7478,#7479),
 .UNSPECIFIED.,.F.,.F.,(4,4),(0.,0.00132422860941043),.UNSPECIFIED.);
#108=B_SPLINE_CURVE_WITH_KNOTS('',3,(#7550,#7551,#7552,#7553,#7554),
 .UNSPECIFIED.,.F.,.F.,(4,1,4),(0.,0.00102374211662994,0.00204748423325988),
 .UNSPECIFIED.);
#109=B_SPLINE_CURVE_WITH_KNOTS('',3,(#7585,#7586,#7587,#7588,#7589),
 .UNSPECIFIED.,.F.,.F.,(4,1,4),(0.,0.00102374211662994,0.00204748423325988),
 .UNSPECIFIED.);
#110=B_SPLINE_CURVE_WITH_KNOTS('',3,(#7611,#7612,#7613,#7614),
 .UNSPECIFIED.,.F.,.F.,(4,4),(0.,0.00135569009727032),.UNSPECIFIED.);
#111=B_SPLINE_CURVE_WITH_KNOTS('',3,(#7627,#7628,#7629,#7630),
 .UNSPECIFIED.,.F.,.F.,(4,4),(0.,0.00134717013575552),.UNSPECIFIED.);
#112=CYLINDRICAL_SURFACE('',#4414,0.00525);
#113=CYLINDRICAL_SURFACE('',#4454,0.001);
#114=CYLINDRICAL_SURFACE('',#4456,0.001);
#115=CYLINDRICAL_SURFACE('',#4458,0.001);
#116=CYLINDRICAL_SURFACE('',#4461,0.001);
#117=CYLINDRICAL_SURFACE('',#4463,0.001);
#118=CYLINDRICAL_SURFACE('',#4465,0.001);
#119=CYLINDRICAL_SURFACE('',#4466,0.001);
#120=CYLINDRICAL_SURFACE('',#4470,0.001);
#121=CYLINDRICAL_SURFACE('',#4472,0.001);
#122=CYLINDRICAL_SURFACE('',#4476,0.001);
#123=CYLINDRICAL_SURFACE('',#4478,0.001);
#124=CYLINDRICAL_SURFACE('',#4479,0.001);
#125=CYLINDRICAL_SURFACE('',#4480,0.001);
#126=CYLINDRICAL_SURFACE('',#4481,0.001);
#127=CYLINDRICAL_SURFACE('',#4482,0.001);
#128=CYLINDRICAL_SURFACE('',#4483,0.001);
#129=CYLINDRICAL_SURFACE('',#4587,0.001);
#130=CYLINDRICAL_SURFACE('',#4588,0.001);
#131=CYLINDRICAL_SURFACE('',#4589,0.001);
#132=CYLINDRICAL_SURFACE('',#4590,0.001);
#133=CYLINDRICAL_SURFACE('',#4591,0.001);
#134=CYLINDRICAL_SURFACE('',#4592,0.001);
#135=CYLINDRICAL_SURFACE('',#4593,0.001);
#136=CYLINDRICAL_SURFACE('',#4594,0.001);
#137=CYLINDRICAL_SURFACE('',#4595,0.001);
#138=CYLINDRICAL_SURFACE('',#4596,0.001);
#139=CYLINDRICAL_SURFACE('',#4599,0.001);
#140=CYLINDRICAL_SURFACE('',#4601,0.001);
#141=CYLINDRICAL_SURFACE('',#4604,0.001);
#142=CYLINDRICAL_SURFACE('',#4607,0.001);
#143=CYLINDRICAL_SURFACE('',#4609,0.001);
#144=CYLINDRICAL_SURFACE('',#4611,0.001);
#145=CYLINDRICAL_SURFACE('',#4614,0.001);
#146=CYLINDRICAL_SURFACE('',#4617,0.001);
#147=CYLINDRICAL_SURFACE('',#4620,0.001);
#148=CYLINDRICAL_SURFACE('',#4622,0.001);
#149=CYLINDRICAL_SURFACE('',#4624,0.001);
#150=CYLINDRICAL_SURFACE('',#4627,0.001);
#151=CYLINDRICAL_SURFACE('',#4630,0.001);
#152=CYLINDRICAL_SURFACE('',#4633,0.001);
#153=CYLINDRICAL_SURFACE('',#4635,0.001);
#154=CYLINDRICAL_SURFACE('',#4637,0.001);
#155=CYLINDRICAL_SURFACE('',#4640,0.001);
#156=CYLINDRICAL_SURFACE('',#4643,0.001);
#157=CYLINDRICAL_SURFACE('',#4645,0.001);
#158=CYLINDRICAL_SURFACE('',#4650,0.001);
#159=CYLINDRICAL_SURFACE('',#4653,0.001);
#160=CYLINDRICAL_SURFACE('',#4656,0.001);
#161=CYLINDRICAL_SURFACE('',#4681,0.0005);
#162=CYLINDRICAL_SURFACE('',#4682,0.0005);
#163=CYLINDRICAL_SURFACE('',#4689,0.002);
#164=CYLINDRICAL_SURFACE('',#4692,0.002);
#165=CYLINDRICAL_SURFACE('',#4694,0.002);
#166=CYLINDRICAL_SURFACE('',#4696,0.002);
#167=CYLINDRICAL_SURFACE('',#4699,0.002);
#168=CYLINDRICAL_SURFACE('',#4701,0.002);
#169=CYLINDRICAL_SURFACE('',#4703,0.002);
#170=CYLINDRICAL_SURFACE('',#4704,0.002);
#171=CYLINDRICAL_SURFACE('',#4705,0.002);
#172=CYLINDRICAL_SURFACE('',#4708,0.002);
#173=CYLINDRICAL_SURFACE('',#4711,0.002);
#174=CYLINDRICAL_SURFACE('',#4714,0.002);
#175=CYLINDRICAL_SURFACE('',#4717,0.002);
#176=CYLINDRICAL_SURFACE('',#4718,0.002);
#177=CYLINDRICAL_SURFACE('',#4721,0.002);
#178=CYLINDRICAL_SURFACE('',#4722,0.002);
#179=CYLINDRICAL_SURFACE('',#4725,0.002);
#180=CYLINDRICAL_SURFACE('',#4726,0.002);
#181=CYLINDRICAL_SURFACE('',#4728,0.002);
#182=CYLINDRICAL_SURFACE('',#4730,0.002);
#183=CYLINDRICAL_SURFACE('',#4732,0.002);
#184=CYLINDRICAL_SURFACE('',#4734,0.002);
#185=CYLINDRICAL_SURFACE('',#4736,0.002);
#186=CYLINDRICAL_SURFACE('',#4738,0.002);
#187=CYLINDRICAL_SURFACE('',#4740,0.002);
#188=CYLINDRICAL_SURFACE('',#4742,0.002);
#189=CYLINDRICAL_SURFACE('',#4743,0.002);
#190=CYLINDRICAL_SURFACE('',#4797,0.001);
#191=CYLINDRICAL_SURFACE('',#4801,0.001);
#192=CYLINDRICAL_SURFACE('',#4803,0.001);
#193=CYLINDRICAL_SURFACE('',#4804,0.001);
#194=CYLINDRICAL_SURFACE('',#4805,0.001);
#195=CYLINDRICAL_SURFACE('',#4807,0.001);
#196=CYLINDRICAL_SURFACE('',#4811,0.001);
#197=CYLINDRICAL_SURFACE('',#4812,0.001);
#198=CYLINDRICAL_SURFACE('',#4813,0.001);
#199=CYLINDRICAL_SURFACE('',#4814,0.001);
#200=CYLINDRICAL_SURFACE('',#4815,0.001);
#201=CYLINDRICAL_SURFACE('',#4818,0.001);
#202=CYLINDRICAL_SURFACE('',#4819,0.001);
#203=CYLINDRICAL_SURFACE('',#4822,0.001);
#204=CYLINDRICAL_SURFACE('',#4823,0.001);
#205=CYLINDRICAL_SURFACE('',#4824,0.001);
#206=CYLINDRICAL_SURFACE('',#4825,0.001);
#207=CYLINDRICAL_SURFACE('',#4826,0.001);
#208=CYLINDRICAL_SURFACE('',#4827,0.001);
#209=CYLINDRICAL_SURFACE('',#4828,0.001);
#210=CIRCLE('',#4412,0.002);
#211=CIRCLE('',#4413,0.001);
#212=CIRCLE('',#4415,0.00525);
#213=CIRCLE('',#4416,0.00525);
#214=CIRCLE('',#4418,0.001);
#215=CIRCLE('',#4419,0.001);
#216=CIRCLE('',#4420,0.001);
#217=CIRCLE('',#4421,0.001);
#218=CIRCLE('',#4422,0.001);
#219=CIRCLE('',#4423,0.001);
#220=CIRCLE('',#4424,0.001);
#221=CIRCLE('',#4425,0.001);
#222=CIRCLE('',#4427,0.001);
#223=CIRCLE('',#4428,0.001);
#224=CIRCLE('',#4436,0.001);
#225=CIRCLE('',#4437,0.001);
#226=CIRCLE('',#4439,0.00625);
#227=CIRCLE('',#4440,0.001);
#228=CIRCLE('',#4441,0.001);
#229=CIRCLE('',#4444,0.00625);
#230=CIRCLE('',#4449,0.002);
#231=CIRCLE('',#4450,0.001);
#232=CIRCLE('',#4451,0.001);
#233=CIRCLE('',#4467,0.001);
#234=CIRCLE('',#4469,0.001);
#235=CIRCLE('',#4471,0.001);
#236=CIRCLE('',#4473,0.001);
#237=CIRCLE('',#4475,0.001);
#238=CIRCLE('',#4486,0.001);
#239=CIRCLE('',#4487,0.002);
#240=CIRCLE('',#4488,0.002);
#241=CIRCLE('',#4489,0.001);
#242=CIRCLE('',#4494,0.002);
#243=CIRCLE('',#4495,0.002);
#244=CIRCLE('',#4496,0.002);
#245=CIRCLE('',#4497,0.002);
#246=CIRCLE('',#4498,0.002);
#247=CIRCLE('',#4499,0.002);
#248=CIRCLE('',#4500,0.002);
#249=CIRCLE('',#4501,0.002);
#250=CIRCLE('',#4502,0.002);
#251=CIRCLE('',#4503,0.002);
#252=CIRCLE('',#4504,0.002);
#253=CIRCLE('',#4505,0.002);
#254=CIRCLE('',#4508,0.001);
#255=CIRCLE('',#4509,0.001);
#256=CIRCLE('',#4510,0.002);
#257=CIRCLE('',#4511,0.002);
#258=CIRCLE('',#4512,0.001);
#259=CIRCLE('',#4513,0.001);
#260=CIRCLE('',#4516,0.001);
#261=CIRCLE('',#4517,0.001);
#262=CIRCLE('',#4518,0.001);
#263=CIRCLE('',#4520,0.001);
#264=CIRCLE('',#4521,0.001);
#265=CIRCLE('',#4522,0.001);
#266=CIRCLE('',#4543,0.001);
#267=CIRCLE('',#4544,0.001);
#268=CIRCLE('',#4545,0.001);
#269=CIRCLE('',#4546,0.001);
#270=CIRCLE('',#4548,0.001);
#271=CIRCLE('',#4549,0.001);
#272=CIRCLE('',#4550,0.001);
#273=CIRCLE('',#4552,0.001);
#274=CIRCLE('',#4553,0.001);
#275=CIRCLE('',#4554,0.001);
#276=CIRCLE('',#4583,0.002);
#277=CIRCLE('',#4586,0.002);
#278=CIRCLE('',#4597,0.001);
#279=CIRCLE('',#4615,0.001);
#280=CIRCLE('',#4618,0.001);
#281=CIRCLE('',#4623,0.001);
#282=CIRCLE('',#4625,0.001);
#283=CIRCLE('',#4641,0.001);
#284=CIRCLE('',#4646,0.001);
#285=CIRCLE('',#4647,0.001);
#286=CIRCLE('',#4649,0.001);
#287=CIRCLE('',#4651,0.001);
#288=CIRCLE('',#4652,0.001);
#289=CIRCLE('',#4654,0.001);
#290=CIRCLE('',#4660,0.002);
#291=CIRCLE('',#4661,0.0005);
#292=CIRCLE('',#4662,0.0005);
#293=CIRCLE('',#4663,0.002);
#294=CIRCLE('',#4666,0.002);
#295=CIRCLE('',#4667,0.0005);
#296=CIRCLE('',#4668,0.0005);
#297=CIRCLE('',#4669,0.002);
#298=CIRCLE('',#4706,0.002);
#299=CIRCLE('',#4709,0.002);
#300=CIRCLE('',#4727,0.002);
#301=CIRCLE('',#4729,0.002);
#302=CIRCLE('',#4731,0.002);
#303=CIRCLE('',#4733,0.002);
#304=CIRCLE('',#4735,0.002);
#305=CIRCLE('',#4737,0.002);
#306=CIRCLE('',#4739,0.002);
#307=CIRCLE('',#4741,0.002);
#308=CIRCLE('',#4747,0.002);
#309=CIRCLE('',#4749,0.002);
#310=CIRCLE('',#4758,0.001);
#311=CIRCLE('',#4762,0.001);
#312=CIRCLE('',#4764,0.001);
#313=CIRCLE('',#4765,0.001);
#314=CIRCLE('',#4766,0.001);
#315=CIRCLE('',#4767,0.001);
#316=CIRCLE('',#4768,0.001);
#317=CIRCLE('',#4769,0.001);
#318=CIRCLE('',#4770,0.001);
#319=CIRCLE('',#4771,0.001);
#320=CIRCLE('',#4772,0.001);
#321=CIRCLE('',#4773,0.001);
#322=CIRCLE('',#4775,0.001);
#323=CIRCLE('',#4777,0.001);
#324=CIRCLE('',#4778,0.001);
#325=CIRCLE('',#4781,0.001);
#326=CIRCLE('',#4784,0.001);
#327=CIRCLE('',#4785,0.001);
#328=CIRCLE('',#4787,0.001);
#329=CIRCLE('',#4788,0.001);
#330=CIRCLE('',#4789,0.001);
#331=CIRCLE('',#4790,0.001);
#332=CIRCLE('',#4791,0.001);
#333=CIRCLE('',#4792,0.001);
#334=CIRCLE('',#4793,0.001);
#335=CIRCLE('',#4794,0.001);
#336=CIRCLE('',#4795,0.001);
#337=CIRCLE('',#4796,0.001);
#338=CIRCLE('',#4798,0.001);
#339=CIRCLE('',#4800,0.001);
#340=CIRCLE('',#4806,0.001);
#341=CIRCLE('',#4810,0.001);
#342=CIRCLE('',#4816,0.001);
#343=CIRCLE('',#4817,0.001);
#344=CIRCLE('',#4820,0.001);
#345=CIRCLE('',#4821,0.001);
#346=ORIENTED_EDGE('',*,*,#1610,.T.);
#347=ORIENTED_EDGE('',*,*,#1611,.T.);
#348=ORIENTED_EDGE('',*,*,#1612,.F.);
#349=ORIENTED_EDGE('',*,*,#1613,.F.);
#350=ORIENTED_EDGE('',*,*,#1614,.F.);
#351=ORIENTED_EDGE('',*,*,#1615,.T.);
#352=ORIENTED_EDGE('',*,*,#1616,.F.);
#353=ORIENTED_EDGE('',*,*,#1617,.T.);
#354=ORIENTED_EDGE('',*,*,#1618,.T.);
#355=ORIENTED_EDGE('',*,*,#1619,.T.);
#356=ORIENTED_EDGE('',*,*,#1620,.T.);
#357=ORIENTED_EDGE('',*,*,#1621,.T.);
#358=ORIENTED_EDGE('',*,*,#1622,.T.);
#359=ORIENTED_EDGE('',*,*,#1623,.F.);
#360=ORIENTED_EDGE('',*,*,#1624,.T.);
#361=ORIENTED_EDGE('',*,*,#1625,.T.);
#362=ORIENTED_EDGE('',*,*,#1626,.T.);
#363=ORIENTED_EDGE('',*,*,#1627,.T.);
#364=ORIENTED_EDGE('',*,*,#1628,.F.);
#365=ORIENTED_EDGE('',*,*,#1629,.T.);
#366=ORIENTED_EDGE('',*,*,#1630,.T.);
#367=ORIENTED_EDGE('',*,*,#1631,.T.);
#368=ORIENTED_EDGE('',*,*,#1632,.T.);
#369=ORIENTED_EDGE('',*,*,#1633,.T.);
#370=ORIENTED_EDGE('',*,*,#1634,.F.);
#371=ORIENTED_EDGE('',*,*,#1635,.T.);
#372=ORIENTED_EDGE('',*,*,#1636,.F.);
#373=ORIENTED_EDGE('',*,*,#1637,.T.);
#374=ORIENTED_EDGE('',*,*,#1638,.F.);
#375=ORIENTED_EDGE('',*,*,#1639,.T.);
#376=ORIENTED_EDGE('',*,*,#1640,.F.);
#377=ORIENTED_EDGE('',*,*,#1641,.T.);
#378=ORIENTED_EDGE('',*,*,#1642,.T.);
#379=ORIENTED_EDGE('',*,*,#1616,.T.);
#380=ORIENTED_EDGE('',*,*,#1643,.T.);
#381=ORIENTED_EDGE('',*,*,#1620,.F.);
#382=ORIENTED_EDGE('',*,*,#1644,.T.);
#383=ORIENTED_EDGE('',*,*,#1645,.F.);
#384=ORIENTED_EDGE('',*,*,#1646,.T.);
#385=ORIENTED_EDGE('',*,*,#1622,.F.);
#386=ORIENTED_EDGE('',*,*,#1647,.T.);
#387=ORIENTED_EDGE('',*,*,#1614,.T.);
#388=ORIENTED_EDGE('',*,*,#1648,.T.);
#389=ORIENTED_EDGE('',*,*,#1648,.F.);
#390=ORIENTED_EDGE('',*,*,#1613,.T.);
#391=ORIENTED_EDGE('',*,*,#1649,.T.);
#392=ORIENTED_EDGE('',*,*,#1623,.T.);
#393=ORIENTED_EDGE('',*,*,#1612,.T.);
#394=ORIENTED_EDGE('',*,*,#1650,.T.);
#395=ORIENTED_EDGE('',*,*,#1651,.T.);
#396=ORIENTED_EDGE('',*,*,#1624,.F.);
#397=ORIENTED_EDGE('',*,*,#1649,.F.);
#398=ORIENTED_EDGE('',*,*,#1636,.T.);
#399=ORIENTED_EDGE('',*,*,#1652,.T.);
#400=ORIENTED_EDGE('',*,*,#1653,.F.);
#401=ORIENTED_EDGE('',*,*,#1654,.T.);
#402=ORIENTED_EDGE('',*,*,#1654,.F.);
#403=ORIENTED_EDGE('',*,*,#1655,.T.);
#404=ORIENTED_EDGE('',*,*,#1656,.T.);
#405=ORIENTED_EDGE('',*,*,#1637,.F.);
#406=ORIENTED_EDGE('',*,*,#1657,.F.);
#407=ORIENTED_EDGE('',*,*,#1658,.T.);
#408=ORIENTED_EDGE('',*,*,#1638,.T.);
#409=ORIENTED_EDGE('',*,*,#1656,.F.);
#410=ORIENTED_EDGE('',*,*,#1640,.T.);
#411=ORIENTED_EDGE('',*,*,#1659,.T.);
#412=ORIENTED_EDGE('',*,*,#1660,.F.);
#413=ORIENTED_EDGE('',*,*,#1661,.T.);
#414=ORIENTED_EDGE('',*,*,#1662,.T.);
#415=ORIENTED_EDGE('',*,*,#1663,.T.);
#416=ORIENTED_EDGE('',*,*,#1664,.T.);
#417=ORIENTED_EDGE('',*,*,#1665,.T.);
#418=ORIENTED_EDGE('',*,*,#1666,.T.);
#419=ORIENTED_EDGE('',*,*,#1667,.F.);
#420=ORIENTED_EDGE('',*,*,#1668,.T.);
#421=ORIENTED_EDGE('',*,*,#1669,.F.);
#422=ORIENTED_EDGE('',*,*,#1670,.T.);
#423=ORIENTED_EDGE('',*,*,#1671,.T.);
#424=ORIENTED_EDGE('',*,*,#1672,.T.);
#425=ORIENTED_EDGE('',*,*,#1632,.F.);
#426=ORIENTED_EDGE('',*,*,#1673,.T.);
#427=ORIENTED_EDGE('',*,*,#1674,.T.);
#428=ORIENTED_EDGE('',*,*,#1630,.F.);
#429=ORIENTED_EDGE('',*,*,#1675,.T.);
#430=ORIENTED_EDGE('',*,*,#1676,.F.);
#431=ORIENTED_EDGE('',*,*,#1677,.T.);
#432=ORIENTED_EDGE('',*,*,#1628,.T.);
#433=ORIENTED_EDGE('',*,*,#1678,.T.);
#434=ORIENTED_EDGE('',*,*,#1679,.T.);
#435=ORIENTED_EDGE('',*,*,#1680,.T.);
#436=ORIENTED_EDGE('',*,*,#1681,.T.);
#437=ORIENTED_EDGE('',*,*,#1682,.T.);
#438=ORIENTED_EDGE('',*,*,#1626,.F.);
#439=ORIENTED_EDGE('',*,*,#1683,.T.);
#440=ORIENTED_EDGE('',*,*,#1645,.T.);
#441=ORIENTED_EDGE('',*,*,#1684,.T.);
#442=ORIENTED_EDGE('',*,*,#1665,.F.);
#443=ORIENTED_EDGE('',*,*,#1685,.T.);
#444=ORIENTED_EDGE('',*,*,#1686,.T.);
#445=ORIENTED_EDGE('',*,*,#1687,.T.);
#446=ORIENTED_EDGE('',*,*,#1676,.T.);
#447=ORIENTED_EDGE('',*,*,#1688,.T.);
#448=ORIENTED_EDGE('',*,*,#1689,.T.);
#449=ORIENTED_EDGE('',*,*,#1690,.T.);
#450=ORIENTED_EDGE('',*,*,#1691,.T.);
#451=ORIENTED_EDGE('',*,*,#1669,.T.);
#452=ORIENTED_EDGE('',*,*,#1692,.T.);
#453=ORIENTED_EDGE('',*,*,#1660,.T.);
#454=ORIENTED_EDGE('',*,*,#1693,.T.);
#455=ORIENTED_EDGE('',*,*,#1657,.T.);
#456=ORIENTED_EDGE('',*,*,#1655,.F.);
#457=ORIENTED_EDGE('',*,*,#1653,.T.);
#458=ORIENTED_EDGE('',*,*,#1694,.T.);
#459=ORIENTED_EDGE('',*,*,#1667,.T.);
#460=ORIENTED_EDGE('',*,*,#1695,.T.);
#461=ORIENTED_EDGE('',*,*,#1662,.F.);
#462=ORIENTED_EDGE('',*,*,#1696,.T.);
#463=ORIENTED_EDGE('',*,*,#1634,.T.);
#464=ORIENTED_EDGE('',*,*,#1697,.T.);
#465=ORIENTED_EDGE('',*,*,#1686,.F.);
#466=ORIENTED_EDGE('',*,*,#1698,.T.);
#467=ORIENTED_EDGE('',*,*,#1663,.F.);
#468=ORIENTED_EDGE('',*,*,#1695,.F.);
#469=ORIENTED_EDGE('',*,*,#1699,.F.);
#470=ORIENTED_EDGE('',*,*,#1641,.F.);
#471=ORIENTED_EDGE('',*,*,#1644,.F.);
#472=ORIENTED_EDGE('',*,*,#1619,.F.);
#473=ORIENTED_EDGE('',*,*,#1700,.F.);
#474=ORIENTED_EDGE('',*,*,#1684,.F.);
#475=ORIENTED_EDGE('',*,*,#1699,.T.);
#476=ORIENTED_EDGE('',*,*,#1666,.F.);
#477=ORIENTED_EDGE('',*,*,#1700,.T.);
#478=ORIENTED_EDGE('',*,*,#1642,.F.);
#479=ORIENTED_EDGE('',*,*,#1664,.F.);
#480=ORIENTED_EDGE('',*,*,#1617,.F.);
#481=ORIENTED_EDGE('',*,*,#1674,.F.);
#482=ORIENTED_EDGE('',*,*,#1618,.F.);
#483=ORIENTED_EDGE('',*,*,#1633,.F.);
#484=ORIENTED_EDGE('',*,*,#1672,.F.);
#485=ORIENTED_EDGE('',*,*,#1701,.F.);
#486=ORIENTED_EDGE('',*,*,#1697,.F.);
#487=ORIENTED_EDGE('',*,*,#1631,.F.);
#488=ORIENTED_EDGE('',*,*,#1677,.F.);
#489=ORIENTED_EDGE('',*,*,#1702,.F.);
#490=ORIENTED_EDGE('',*,*,#1673,.F.);
#491=ORIENTED_EDGE('',*,*,#1701,.T.);
#492=ORIENTED_EDGE('',*,*,#1671,.F.);
#493=ORIENTED_EDGE('',*,*,#1702,.T.);
#494=ORIENTED_EDGE('',*,*,#1687,.F.);
#495=ORIENTED_EDGE('',*,*,#1625,.F.);
#496=ORIENTED_EDGE('',*,*,#1651,.F.);
#497=ORIENTED_EDGE('',*,*,#1703,.F.);
#498=ORIENTED_EDGE('',*,*,#1683,.F.);
#499=ORIENTED_EDGE('',*,*,#1611,.F.);
#500=ORIENTED_EDGE('',*,*,#1690,.F.);
#501=ORIENTED_EDGE('',*,*,#1704,.F.);
#502=ORIENTED_EDGE('',*,*,#1703,.T.);
#503=ORIENTED_EDGE('',*,*,#1650,.F.);
#504=ORIENTED_EDGE('',*,*,#1704,.T.);
#505=ORIENTED_EDGE('',*,*,#1689,.F.);
#506=ORIENTED_EDGE('',*,*,#1705,.F.);
#507=ORIENTED_EDGE('',*,*,#1681,.F.);
#508=ORIENTED_EDGE('',*,*,#1627,.F.);
#509=ORIENTED_EDGE('',*,*,#1682,.F.);
#510=ORIENTED_EDGE('',*,*,#1706,.F.);
#511=ORIENTED_EDGE('',*,*,#1678,.F.);
#512=ORIENTED_EDGE('',*,*,#1706,.T.);
#513=ORIENTED_EDGE('',*,*,#1705,.T.);
#514=ORIENTED_EDGE('',*,*,#1707,.F.);
#515=ORIENTED_EDGE('',*,*,#1629,.F.);
#516=ORIENTED_EDGE('',*,*,#1680,.F.);
#517=ORIENTED_EDGE('',*,*,#1708,.F.);
#518=ORIENTED_EDGE('',*,*,#1675,.F.);
#519=ORIENTED_EDGE('',*,*,#1707,.T.);
#520=ORIENTED_EDGE('',*,*,#1688,.F.);
#521=ORIENTED_EDGE('',*,*,#1708,.T.);
#522=ORIENTED_EDGE('',*,*,#1679,.F.);
#523=ORIENTED_EDGE('',*,*,#1668,.F.);
#524=ORIENTED_EDGE('',*,*,#1696,.F.);
#525=ORIENTED_EDGE('',*,*,#1661,.F.);
#526=ORIENTED_EDGE('',*,*,#1692,.F.);
#527=ORIENTED_EDGE('',*,*,#1691,.F.);
#528=ORIENTED_EDGE('',*,*,#1610,.F.);
#529=ORIENTED_EDGE('',*,*,#1646,.F.);
#530=ORIENTED_EDGE('',*,*,#1685,.F.);
#531=ORIENTED_EDGE('',*,*,#1670,.F.);
#532=ORIENTED_EDGE('',*,*,#1694,.F.);
#533=ORIENTED_EDGE('',*,*,#1652,.F.);
#534=ORIENTED_EDGE('',*,*,#1635,.F.);
#535=ORIENTED_EDGE('',*,*,#1698,.F.);
#536=ORIENTED_EDGE('',*,*,#1615,.F.);
#537=ORIENTED_EDGE('',*,*,#1647,.F.);
#538=ORIENTED_EDGE('',*,*,#1621,.F.);
#539=ORIENTED_EDGE('',*,*,#1643,.F.);
#540=ORIENTED_EDGE('',*,*,#1693,.F.);
#541=ORIENTED_EDGE('',*,*,#1659,.F.);
#542=ORIENTED_EDGE('',*,*,#1639,.F.);
#543=ORIENTED_EDGE('',*,*,#1658,.F.);
#544=ORIENTED_EDGE('',*,*,#1709,.F.);
#545=ORIENTED_EDGE('',*,*,#1710,.T.);
#546=ORIENTED_EDGE('',*,*,#1711,.T.);
#547=ORIENTED_EDGE('',*,*,#1712,.T.);
#548=ORIENTED_EDGE('',*,*,#1713,.T.);
#549=ORIENTED_EDGE('',*,*,#1714,.T.);
#550=ORIENTED_EDGE('',*,*,#1715,.T.);
#551=ORIENTED_EDGE('',*,*,#1716,.T.);
#552=ORIENTED_EDGE('',*,*,#1717,.T.);
#553=ORIENTED_EDGE('',*,*,#1718,.T.);
#554=ORIENTED_EDGE('',*,*,#1719,.T.);
#555=ORIENTED_EDGE('',*,*,#1720,.F.);
#556=ORIENTED_EDGE('',*,*,#1721,.T.);
#557=ORIENTED_EDGE('',*,*,#1722,.T.);
#558=ORIENTED_EDGE('',*,*,#1723,.T.);
#559=ORIENTED_EDGE('',*,*,#1724,.T.);
#560=ORIENTED_EDGE('',*,*,#1725,.T.);
#561=ORIENTED_EDGE('',*,*,#1726,.T.);
#562=ORIENTED_EDGE('',*,*,#1727,.T.);
#563=ORIENTED_EDGE('',*,*,#1728,.T.);
#564=ORIENTED_EDGE('',*,*,#1729,.T.);
#565=ORIENTED_EDGE('',*,*,#1730,.T.);
#566=ORIENTED_EDGE('',*,*,#1731,.F.);
#567=ORIENTED_EDGE('',*,*,#1732,.T.);
#568=ORIENTED_EDGE('',*,*,#1733,.T.);
#569=ORIENTED_EDGE('',*,*,#1734,.T.);
#570=ORIENTED_EDGE('',*,*,#1735,.F.);
#571=ORIENTED_EDGE('',*,*,#1736,.T.);
#572=ORIENTED_EDGE('',*,*,#1737,.T.);
#573=ORIENTED_EDGE('',*,*,#1738,.F.);
#574=ORIENTED_EDGE('',*,*,#1739,.T.);
#575=ORIENTED_EDGE('',*,*,#1740,.T.);
#576=ORIENTED_EDGE('',*,*,#1741,.F.);
#577=ORIENTED_EDGE('',*,*,#1742,.T.);
#578=ORIENTED_EDGE('',*,*,#1743,.T.);
#579=ORIENTED_EDGE('',*,*,#1744,.T.);
#580=ORIENTED_EDGE('',*,*,#1745,.T.);
#581=ORIENTED_EDGE('',*,*,#1746,.T.);
#582=ORIENTED_EDGE('',*,*,#1747,.F.);
#583=ORIENTED_EDGE('',*,*,#1748,.T.);
#584=ORIENTED_EDGE('',*,*,#1749,.F.);
#585=ORIENTED_EDGE('',*,*,#1750,.T.);
#586=ORIENTED_EDGE('',*,*,#1751,.F.);
#587=ORIENTED_EDGE('',*,*,#1752,.F.);
#588=ORIENTED_EDGE('',*,*,#1753,.T.);
#589=ORIENTED_EDGE('',*,*,#1754,.T.);
#590=ORIENTED_EDGE('',*,*,#1755,.F.);
#591=ORIENTED_EDGE('',*,*,#1756,.T.);
#592=ORIENTED_EDGE('',*,*,#1757,.T.);
#593=ORIENTED_EDGE('',*,*,#1758,.F.);
#594=ORIENTED_EDGE('',*,*,#1759,.T.);
#595=ORIENTED_EDGE('',*,*,#1760,.F.);
#596=ORIENTED_EDGE('',*,*,#1761,.T.);
#597=ORIENTED_EDGE('',*,*,#1762,.T.);
#598=ORIENTED_EDGE('',*,*,#1763,.T.);
#599=ORIENTED_EDGE('',*,*,#1764,.F.);
#600=ORIENTED_EDGE('',*,*,#1765,.T.);
#601=ORIENTED_EDGE('',*,*,#1766,.F.);
#602=ORIENTED_EDGE('',*,*,#1767,.T.);
#603=ORIENTED_EDGE('',*,*,#1768,.F.);
#604=ORIENTED_EDGE('',*,*,#1769,.F.);
#605=ORIENTED_EDGE('',*,*,#1770,.F.);
#606=ORIENTED_EDGE('',*,*,#1771,.T.);
#607=ORIENTED_EDGE('',*,*,#1772,.F.);
#608=ORIENTED_EDGE('',*,*,#1773,.F.);
#609=ORIENTED_EDGE('',*,*,#1774,.T.);
#610=ORIENTED_EDGE('',*,*,#1775,.F.);
#611=ORIENTED_EDGE('',*,*,#1776,.F.);
#612=ORIENTED_EDGE('',*,*,#1777,.T.);
#613=ORIENTED_EDGE('',*,*,#1778,.T.);
#614=ORIENTED_EDGE('',*,*,#1779,.T.);
#615=ORIENTED_EDGE('',*,*,#1780,.T.);
#616=ORIENTED_EDGE('',*,*,#1781,.T.);
#617=ORIENTED_EDGE('',*,*,#1782,.T.);
#618=ORIENTED_EDGE('',*,*,#1783,.T.);
#619=ORIENTED_EDGE('',*,*,#1784,.F.);
#620=ORIENTED_EDGE('',*,*,#1785,.F.);
#621=ORIENTED_EDGE('',*,*,#1786,.T.);
#622=ORIENTED_EDGE('',*,*,#1787,.T.);
#623=ORIENTED_EDGE('',*,*,#1788,.T.);
#624=ORIENTED_EDGE('',*,*,#1745,.F.);
#625=ORIENTED_EDGE('',*,*,#1789,.T.);
#626=ORIENTED_EDGE('',*,*,#1790,.T.);
#627=ORIENTED_EDGE('',*,*,#1791,.T.);
#628=ORIENTED_EDGE('',*,*,#1792,.F.);
#629=ORIENTED_EDGE('',*,*,#1793,.T.);
#630=ORIENTED_EDGE('',*,*,#1794,.T.);
#631=ORIENTED_EDGE('',*,*,#1795,.T.);
#632=ORIENTED_EDGE('',*,*,#1779,.F.);
#633=ORIENTED_EDGE('',*,*,#1796,.T.);
#634=ORIENTED_EDGE('',*,*,#1797,.T.);
#635=ORIENTED_EDGE('',*,*,#1798,.T.);
#636=ORIENTED_EDGE('',*,*,#1799,.T.);
#637=ORIENTED_EDGE('',*,*,#1800,.F.);
#638=ORIENTED_EDGE('',*,*,#1801,.F.);
#639=ORIENTED_EDGE('',*,*,#1802,.T.);
#640=ORIENTED_EDGE('',*,*,#1803,.F.);
#641=ORIENTED_EDGE('',*,*,#1804,.T.);
#642=ORIENTED_EDGE('',*,*,#1762,.F.);
#643=ORIENTED_EDGE('',*,*,#1805,.F.);
#644=ORIENTED_EDGE('',*,*,#1806,.T.);
#645=ORIENTED_EDGE('',*,*,#1807,.T.);
#646=ORIENTED_EDGE('',*,*,#1808,.T.);
#647=ORIENTED_EDGE('',*,*,#1809,.F.);
#648=ORIENTED_EDGE('',*,*,#1774,.F.);
#649=ORIENTED_EDGE('',*,*,#1810,.F.);
#650=ORIENTED_EDGE('',*,*,#1811,.T.);
#651=ORIENTED_EDGE('',*,*,#1812,.T.);
#652=ORIENTED_EDGE('',*,*,#1813,.T.);
#653=ORIENTED_EDGE('',*,*,#1814,.T.);
#654=ORIENTED_EDGE('',*,*,#1815,.F.);
#655=ORIENTED_EDGE('',*,*,#1816,.T.);
#656=ORIENTED_EDGE('',*,*,#1817,.F.);
#657=ORIENTED_EDGE('',*,*,#1818,.T.);
#658=ORIENTED_EDGE('',*,*,#1742,.F.);
#659=ORIENTED_EDGE('',*,*,#1819,.F.);
#660=ORIENTED_EDGE('',*,*,#1820,.T.);
#661=ORIENTED_EDGE('',*,*,#1821,.T.);
#662=ORIENTED_EDGE('',*,*,#1776,.T.);
#663=ORIENTED_EDGE('',*,*,#1822,.F.);
#664=ORIENTED_EDGE('',*,*,#1766,.T.);
#665=ORIENTED_EDGE('',*,*,#1823,.T.);
#666=ORIENTED_EDGE('',*,*,#1824,.T.);
#667=ORIENTED_EDGE('',*,*,#1825,.F.);
#668=ORIENTED_EDGE('',*,*,#1826,.T.);
#669=ORIENTED_EDGE('',*,*,#1827,.T.);
#670=ORIENTED_EDGE('',*,*,#1828,.F.);
#671=ORIENTED_EDGE('',*,*,#1829,.F.);
#672=ORIENTED_EDGE('',*,*,#1830,.T.);
#673=ORIENTED_EDGE('',*,*,#1831,.F.);
#674=ORIENTED_EDGE('',*,*,#1832,.T.);
#675=ORIENTED_EDGE('',*,*,#1833,.F.);
#676=ORIENTED_EDGE('',*,*,#1834,.T.);
#677=ORIENTED_EDGE('',*,*,#1764,.T.);
#678=ORIENTED_EDGE('',*,*,#1835,.F.);
#679=ORIENTED_EDGE('',*,*,#1836,.T.);
#680=ORIENTED_EDGE('',*,*,#1837,.T.);
#681=ORIENTED_EDGE('',*,*,#1838,.T.);
#682=ORIENTED_EDGE('',*,*,#1839,.T.);
#683=ORIENTED_EDGE('',*,*,#1840,.F.);
#684=ORIENTED_EDGE('',*,*,#1841,.T.);
#685=ORIENTED_EDGE('',*,*,#1842,.F.);
#686=ORIENTED_EDGE('',*,*,#1751,.T.);
#687=ORIENTED_EDGE('',*,*,#1843,.T.);
#688=ORIENTED_EDGE('',*,*,#1844,.T.);
#689=ORIENTED_EDGE('',*,*,#1845,.F.);
#690=ORIENTED_EDGE('',*,*,#1846,.T.);
#691=ORIENTED_EDGE('',*,*,#1847,.T.);
#692=ORIENTED_EDGE('',*,*,#1753,.F.);
#693=ORIENTED_EDGE('',*,*,#1848,.T.);
#694=ORIENTED_EDGE('',*,*,#1849,.T.);
#695=ORIENTED_EDGE('',*,*,#1850,.T.);
#696=ORIENTED_EDGE('',*,*,#1851,.F.);
#697=ORIENTED_EDGE('',*,*,#1852,.F.);
#698=ORIENTED_EDGE('',*,*,#1853,.T.);
#699=ORIENTED_EDGE('',*,*,#1854,.T.);
#700=ORIENTED_EDGE('',*,*,#1825,.T.);
#701=ORIENTED_EDGE('',*,*,#1855,.T.);
#702=ORIENTED_EDGE('',*,*,#1842,.T.);
#703=ORIENTED_EDGE('',*,*,#1856,.T.);
#704=ORIENTED_EDGE('',*,*,#1797,.F.);
#705=ORIENTED_EDGE('',*,*,#1857,.T.);
#706=ORIENTED_EDGE('',*,*,#1817,.T.);
#707=ORIENTED_EDGE('',*,*,#1858,.T.);
#708=ORIENTED_EDGE('',*,*,#1859,.T.);
#709=ORIENTED_EDGE('',*,*,#1860,.F.);
#710=ORIENTED_EDGE('',*,*,#1861,.T.);
#711=ORIENTED_EDGE('',*,*,#1767,.F.);
#712=ORIENTED_EDGE('',*,*,#1832,.F.);
#713=ORIENTED_EDGE('',*,*,#1862,.T.);
#714=ORIENTED_EDGE('',*,*,#1831,.T.);
#715=ORIENTED_EDGE('',*,*,#1863,.T.);
#716=ORIENTED_EDGE('',*,*,#1864,.F.);
#717=ORIENTED_EDGE('',*,*,#1862,.F.);
#718=ORIENTED_EDGE('',*,*,#1865,.F.);
#719=ORIENTED_EDGE('',*,*,#1866,.T.);
#720=ORIENTED_EDGE('',*,*,#1829,.T.);
#721=ORIENTED_EDGE('',*,*,#1867,.T.);
#722=ORIENTED_EDGE('',*,*,#1868,.F.);
#723=ORIENTED_EDGE('',*,*,#1867,.F.);
#724=ORIENTED_EDGE('',*,*,#1828,.T.);
#725=ORIENTED_EDGE('',*,*,#1869,.T.);
#726=ORIENTED_EDGE('',*,*,#1827,.F.);
#727=ORIENTED_EDGE('',*,*,#1870,.T.);
#728=ORIENTED_EDGE('',*,*,#1871,.T.);
#729=ORIENTED_EDGE('',*,*,#1869,.F.);
#730=ORIENTED_EDGE('',*,*,#1872,.T.);
#731=ORIENTED_EDGE('',*,*,#1873,.T.);
#732=ORIENTED_EDGE('',*,*,#1874,.T.);
#733=ORIENTED_EDGE('',*,*,#1875,.F.);
#734=ORIENTED_EDGE('',*,*,#1855,.F.);
#735=ORIENTED_EDGE('',*,*,#1824,.F.);
#736=ORIENTED_EDGE('',*,*,#1876,.T.);
#737=ORIENTED_EDGE('',*,*,#1833,.T.);
#738=ORIENTED_EDGE('',*,*,#1857,.F.);
#739=ORIENTED_EDGE('',*,*,#1819,.T.);
#740=ORIENTED_EDGE('',*,*,#1741,.T.);
#741=ORIENTED_EDGE('',*,*,#1877,.T.);
#742=ORIENTED_EDGE('',*,*,#1874,.F.);
#743=ORIENTED_EDGE('',*,*,#1878,.T.);
#744=ORIENTED_EDGE('',*,*,#1879,.T.);
#745=ORIENTED_EDGE('',*,*,#1880,.F.);
#746=ORIENTED_EDGE('',*,*,#1879,.F.);
#747=ORIENTED_EDGE('',*,*,#1881,.T.);
#748=ORIENTED_EDGE('',*,*,#1882,.T.);
#749=ORIENTED_EDGE('',*,*,#1883,.T.);
#750=ORIENTED_EDGE('',*,*,#1739,.F.);
#751=ORIENTED_EDGE('',*,*,#1818,.F.);
#752=ORIENTED_EDGE('',*,*,#1860,.T.);
#753=ORIENTED_EDGE('',*,*,#1884,.F.);
#754=ORIENTED_EDGE('',*,*,#1885,.T.);
#755=ORIENTED_EDGE('',*,*,#1886,.T.);
#756=ORIENTED_EDGE('',*,*,#1852,.T.);
#757=ORIENTED_EDGE('',*,*,#1887,.T.);
#758=ORIENTED_EDGE('',*,*,#1888,.F.);
#759=ORIENTED_EDGE('',*,*,#1889,.T.);
#760=ORIENTED_EDGE('',*,*,#1890,.T.);
#761=ORIENTED_EDGE('',*,*,#1891,.T.);
#762=ORIENTED_EDGE('',*,*,#1892,.T.);
#763=ORIENTED_EDGE('',*,*,#1891,.F.);
#764=ORIENTED_EDGE('',*,*,#1893,.F.);
#765=ORIENTED_EDGE('',*,*,#1894,.T.);
#766=ORIENTED_EDGE('',*,*,#1895,.F.);
#767=ORIENTED_EDGE('',*,*,#1896,.T.);
#768=ORIENTED_EDGE('',*,*,#1897,.T.);
#769=ORIENTED_EDGE('',*,*,#1894,.F.);
#770=ORIENTED_EDGE('',*,*,#1898,.T.);
#771=ORIENTED_EDGE('',*,*,#1899,.T.);
#772=ORIENTED_EDGE('',*,*,#1900,.F.);
#773=ORIENTED_EDGE('',*,*,#1901,.T.);
#774=ORIENTED_EDGE('',*,*,#1902,.F.);
#775=ORIENTED_EDGE('',*,*,#1901,.F.);
#776=ORIENTED_EDGE('',*,*,#1903,.T.);
#777=ORIENTED_EDGE('',*,*,#1769,.T.);
#778=ORIENTED_EDGE('',*,*,#1871,.F.);
#779=ORIENTED_EDGE('',*,*,#1904,.T.);
#780=ORIENTED_EDGE('',*,*,#1853,.F.);
#781=ORIENTED_EDGE('',*,*,#1875,.T.);
#782=ORIENTED_EDGE('',*,*,#1880,.T.);
#783=ORIENTED_EDGE('',*,*,#1887,.F.);
#784=ORIENTED_EDGE('',*,*,#1851,.T.);
#785=ORIENTED_EDGE('',*,*,#1905,.T.);
#786=ORIENTED_EDGE('',*,*,#1888,.T.);
#787=ORIENTED_EDGE('',*,*,#1892,.F.);
#788=ORIENTED_EDGE('',*,*,#1897,.F.);
#789=ORIENTED_EDGE('',*,*,#1906,.T.);
#790=ORIENTED_EDGE('',*,*,#1898,.F.);
#791=ORIENTED_EDGE('',*,*,#1902,.T.);
#792=ORIENTED_EDGE('',*,*,#1768,.T.);
#793=ORIENTED_EDGE('',*,*,#1861,.F.);
#794=ORIENTED_EDGE('',*,*,#1864,.T.);
#795=ORIENTED_EDGE('',*,*,#1907,.T.);
#796=ORIENTED_EDGE('',*,*,#1865,.T.);
#797=ORIENTED_EDGE('',*,*,#1868,.T.);
#798=ORIENTED_EDGE('',*,*,#1900,.T.);
#799=ORIENTED_EDGE('',*,*,#1908,.T.);
#800=ORIENTED_EDGE('',*,*,#1895,.T.);
#801=ORIENTED_EDGE('',*,*,#1893,.T.);
#802=ORIENTED_EDGE('',*,*,#1890,.F.);
#803=ORIENTED_EDGE('',*,*,#1909,.T.);
#804=ORIENTED_EDGE('',*,*,#1849,.F.);
#805=ORIENTED_EDGE('',*,*,#1886,.F.);
#806=ORIENTED_EDGE('',*,*,#1910,.T.);
#807=ORIENTED_EDGE('',*,*,#1770,.T.);
#808=ORIENTED_EDGE('',*,*,#1903,.F.);
#809=ORIENTED_EDGE('',*,*,#1911,.F.);
#810=ORIENTED_EDGE('',*,*,#1912,.T.);
#811=ORIENTED_EDGE('',*,*,#1913,.F.);
#812=ORIENTED_EDGE('',*,*,#1914,.T.);
#813=ORIENTED_EDGE('',*,*,#1772,.T.);
#814=ORIENTED_EDGE('',*,*,#1915,.T.);
#815=ORIENTED_EDGE('',*,*,#1884,.T.);
#816=ORIENTED_EDGE('',*,*,#1859,.F.);
#817=ORIENTED_EDGE('',*,*,#1916,.T.);
#818=ORIENTED_EDGE('',*,*,#1917,.T.);
#819=ORIENTED_EDGE('',*,*,#1918,.F.);
#820=ORIENTED_EDGE('',*,*,#1835,.T.);
#821=ORIENTED_EDGE('',*,*,#1763,.F.);
#822=ORIENTED_EDGE('',*,*,#1804,.F.);
#823=ORIENTED_EDGE('',*,*,#1919,.T.);
#824=ORIENTED_EDGE('',*,*,#1803,.T.);
#825=ORIENTED_EDGE('',*,*,#1920,.T.);
#826=ORIENTED_EDGE('',*,*,#1836,.F.);
#827=ORIENTED_EDGE('',*,*,#1919,.F.);
#828=ORIENTED_EDGE('',*,*,#1838,.F.);
#829=ORIENTED_EDGE('',*,*,#1921,.T.);
#830=ORIENTED_EDGE('',*,*,#1801,.T.);
#831=ORIENTED_EDGE('',*,*,#1922,.T.);
#832=ORIENTED_EDGE('',*,*,#1839,.F.);
#833=ORIENTED_EDGE('',*,*,#1922,.F.);
#834=ORIENTED_EDGE('',*,*,#1800,.T.);
#835=ORIENTED_EDGE('',*,*,#1923,.T.);
#836=ORIENTED_EDGE('',*,*,#1799,.F.);
#837=ORIENTED_EDGE('',*,*,#1924,.T.);
#838=ORIENTED_EDGE('',*,*,#1840,.T.);
#839=ORIENTED_EDGE('',*,*,#1923,.F.);
#840=ORIENTED_EDGE('',*,*,#1917,.F.);
#841=ORIENTED_EDGE('',*,*,#1925,.T.);
#842=ORIENTED_EDGE('',*,*,#1815,.T.);
#843=ORIENTED_EDGE('',*,*,#1926,.T.);
#844=ORIENTED_EDGE('',*,*,#1918,.T.);
#845=ORIENTED_EDGE('',*,*,#1926,.F.);
#846=ORIENTED_EDGE('',*,*,#1814,.F.);
#847=ORIENTED_EDGE('',*,*,#1927,.T.);
#848=ORIENTED_EDGE('',*,*,#1813,.F.);
#849=ORIENTED_EDGE('',*,*,#1928,.T.);
#850=ORIENTED_EDGE('',*,*,#1911,.T.);
#851=ORIENTED_EDGE('',*,*,#1927,.F.);
#852=ORIENTED_EDGE('',*,*,#1913,.T.);
#853=ORIENTED_EDGE('',*,*,#1929,.T.);
#854=ORIENTED_EDGE('',*,*,#1811,.F.);
#855=ORIENTED_EDGE('',*,*,#1930,.T.);
#856=ORIENTED_EDGE('',*,*,#1914,.F.);
#857=ORIENTED_EDGE('',*,*,#1930,.F.);
#858=ORIENTED_EDGE('',*,*,#1810,.T.);
#859=ORIENTED_EDGE('',*,*,#1773,.T.);
#860=ORIENTED_EDGE('',*,*,#1931,.T.);
#861=ORIENTED_EDGE('',*,*,#1932,.T.);
#862=ORIENTED_EDGE('',*,*,#1933,.F.);
#863=ORIENTED_EDGE('',*,*,#1784,.T.);
#864=ORIENTED_EDGE('',*,*,#1934,.T.);
#865=ORIENTED_EDGE('',*,*,#1935,.T.);
#866=ORIENTED_EDGE('',*,*,#1785,.T.);
#867=ORIENTED_EDGE('',*,*,#1933,.T.);
#868=ORIENTED_EDGE('',*,*,#1845,.T.);
#869=ORIENTED_EDGE('',*,*,#1936,.T.);
#870=ORIENTED_EDGE('',*,*,#1848,.F.);
#871=ORIENTED_EDGE('',*,*,#1752,.T.);
#872=ORIENTED_EDGE('',*,*,#1783,.F.);
#873=ORIENTED_EDGE('',*,*,#1937,.T.);
#874=ORIENTED_EDGE('',*,*,#1938,.T.);
#875=ORIENTED_EDGE('',*,*,#1931,.F.);
#876=ORIENTED_EDGE('',*,*,#1939,.T.);
#877=ORIENTED_EDGE('',*,*,#1940,.T.);
#878=ORIENTED_EDGE('',*,*,#1781,.F.);
#879=ORIENTED_EDGE('',*,*,#1941,.T.);
#880=ORIENTED_EDGE('',*,*,#1755,.T.);
#881=ORIENTED_EDGE('',*,*,#1942,.T.);
#882=ORIENTED_EDGE('',*,*,#1943,.T.);
#883=ORIENTED_EDGE('',*,*,#1944,.T.);
#884=ORIENTED_EDGE('',*,*,#1945,.T.);
#885=ORIENTED_EDGE('',*,*,#1946,.T.);
#886=ORIENTED_EDGE('',*,*,#1787,.F.);
#887=ORIENTED_EDGE('',*,*,#1947,.T.);
#888=ORIENTED_EDGE('',*,*,#1749,.T.);
#889=ORIENTED_EDGE('',*,*,#1948,.T.);
#890=ORIENTED_EDGE('',*,*,#1949,.T.);
#891=ORIENTED_EDGE('',*,*,#1950,.T.);
#892=ORIENTED_EDGE('',*,*,#1760,.T.);
#893=ORIENTED_EDGE('',*,*,#1951,.T.);
#894=ORIENTED_EDGE('',*,*,#1952,.T.);
#895=ORIENTED_EDGE('',*,*,#1953,.F.);
#896=ORIENTED_EDGE('',*,*,#1778,.F.);
#897=ORIENTED_EDGE('',*,*,#1954,.T.);
#898=ORIENTED_EDGE('',*,*,#1955,.T.);
#899=ORIENTED_EDGE('',*,*,#1796,.F.);
#900=ORIENTED_EDGE('',*,*,#1757,.F.);
#901=ORIENTED_EDGE('',*,*,#1956,.T.);
#902=ORIENTED_EDGE('',*,*,#1957,.T.);
#903=ORIENTED_EDGE('',*,*,#1958,.F.);
#904=ORIENTED_EDGE('',*,*,#1959,.T.);
#905=ORIENTED_EDGE('',*,*,#1960,.T.);
#906=ORIENTED_EDGE('',*,*,#1758,.T.);
#907=ORIENTED_EDGE('',*,*,#1958,.T.);
#908=ORIENTED_EDGE('',*,*,#1747,.T.);
#909=ORIENTED_EDGE('',*,*,#1961,.T.);
#910=ORIENTED_EDGE('',*,*,#1962,.T.);
#911=ORIENTED_EDGE('',*,*,#1963,.T.);
#912=ORIENTED_EDGE('',*,*,#1790,.F.);
#913=ORIENTED_EDGE('',*,*,#1964,.T.);
#914=ORIENTED_EDGE('',*,*,#1965,.T.);
#915=ORIENTED_EDGE('',*,*,#1966,.F.);
#916=ORIENTED_EDGE('',*,*,#1966,.T.);
#917=ORIENTED_EDGE('',*,*,#1967,.T.);
#918=ORIENTED_EDGE('',*,*,#1968,.F.);
#919=ORIENTED_EDGE('',*,*,#1791,.F.);
#920=ORIENTED_EDGE('',*,*,#1969,.T.);
#921=ORIENTED_EDGE('',*,*,#1970,.T.);
#922=ORIENTED_EDGE('',*,*,#1792,.T.);
#923=ORIENTED_EDGE('',*,*,#1968,.T.);
#924=ORIENTED_EDGE('',*,*,#1720,.T.);
#925=ORIENTED_EDGE('',*,*,#1971,.T.);
#926=ORIENTED_EDGE('',*,*,#1972,.T.);
#927=ORIENTED_EDGE('',*,*,#1973,.T.);
#928=ORIENTED_EDGE('',*,*,#1974,.T.);
#929=ORIENTED_EDGE('',*,*,#1975,.T.);
#930=ORIENTED_EDGE('',*,*,#1976,.T.);
#931=ORIENTED_EDGE('',*,*,#1822,.T.);
#932=ORIENTED_EDGE('',*,*,#1775,.T.);
#933=ORIENTED_EDGE('',*,*,#1809,.T.);
#934=ORIENTED_EDGE('',*,*,#1977,.T.);
#935=ORIENTED_EDGE('',*,*,#1978,.T.);
#936=ORIENTED_EDGE('',*,*,#1979,.T.);
#937=ORIENTED_EDGE('',*,*,#1980,.T.);
#938=ORIENTED_EDGE('',*,*,#1981,.T.);
#939=ORIENTED_EDGE('',*,*,#1953,.T.);
#940=ORIENTED_EDGE('',*,*,#1982,.T.);
#941=ORIENTED_EDGE('',*,*,#1983,.T.);
#942=ORIENTED_EDGE('',*,*,#1984,.T.);
#943=ORIENTED_EDGE('',*,*,#1985,.T.);
#944=ORIENTED_EDGE('',*,*,#1805,.T.);
#945=ORIENTED_EDGE('',*,*,#1761,.F.);
#946=ORIENTED_EDGE('',*,*,#1812,.F.);
#947=ORIENTED_EDGE('',*,*,#1929,.F.);
#948=ORIENTED_EDGE('',*,*,#1912,.F.);
#949=ORIENTED_EDGE('',*,*,#1928,.F.);
#950=ORIENTED_EDGE('',*,*,#1908,.F.);
#951=ORIENTED_EDGE('',*,*,#1899,.F.);
#952=ORIENTED_EDGE('',*,*,#1906,.F.);
#953=ORIENTED_EDGE('',*,*,#1896,.F.);
#954=ORIENTED_EDGE('',*,*,#1915,.F.);
#955=ORIENTED_EDGE('',*,*,#1771,.F.);
#956=ORIENTED_EDGE('',*,*,#1910,.F.);
#957=ORIENTED_EDGE('',*,*,#1885,.F.);
#958=ORIENTED_EDGE('',*,*,#1834,.F.);
#959=ORIENTED_EDGE('',*,*,#1876,.F.);
#960=ORIENTED_EDGE('',*,*,#1823,.F.);
#961=ORIENTED_EDGE('',*,*,#1765,.F.);
#962=ORIENTED_EDGE('',*,*,#1830,.F.);
#963=ORIENTED_EDGE('',*,*,#1866,.F.);
#964=ORIENTED_EDGE('',*,*,#1907,.F.);
#965=ORIENTED_EDGE('',*,*,#1863,.F.);
#966=ORIENTED_EDGE('',*,*,#1826,.F.);
#967=ORIENTED_EDGE('',*,*,#1854,.F.);
#968=ORIENTED_EDGE('',*,*,#1904,.F.);
#969=ORIENTED_EDGE('',*,*,#1870,.F.);
#970=ORIENTED_EDGE('',*,*,#1909,.F.);
#971=ORIENTED_EDGE('',*,*,#1889,.F.);
#972=ORIENTED_EDGE('',*,*,#1905,.F.);
#973=ORIENTED_EDGE('',*,*,#1850,.F.);
#974=ORIENTED_EDGE('',*,*,#1798,.F.);
#975=ORIENTED_EDGE('',*,*,#1856,.F.);
#976=ORIENTED_EDGE('',*,*,#1841,.F.);
#977=ORIENTED_EDGE('',*,*,#1924,.F.);
#978=ORIENTED_EDGE('',*,*,#1816,.F.);
#979=ORIENTED_EDGE('',*,*,#1925,.F.);
#980=ORIENTED_EDGE('',*,*,#1916,.F.);
#981=ORIENTED_EDGE('',*,*,#1858,.F.);
#982=ORIENTED_EDGE('',*,*,#1955,.F.);
#983=ORIENTED_EDGE('',*,*,#1986,.T.);
#984=ORIENTED_EDGE('',*,*,#1717,.F.);
#985=ORIENTED_EDGE('',*,*,#1987,.F.);
#986=ORIENTED_EDGE('',*,*,#1716,.F.);
#987=ORIENTED_EDGE('',*,*,#1988,.T.);
#988=ORIENTED_EDGE('',*,*,#1794,.F.);
#989=ORIENTED_EDGE('',*,*,#1987,.T.);
#990=ORIENTED_EDGE('',*,*,#1715,.F.);
#991=ORIENTED_EDGE('',*,*,#1989,.T.);
#992=ORIENTED_EDGE('',*,*,#1939,.F.);
#993=ORIENTED_EDGE('',*,*,#1990,.T.);
#994=ORIENTED_EDGE('',*,*,#1938,.F.);
#995=ORIENTED_EDGE('',*,*,#1991,.T.);
#996=ORIENTED_EDGE('',*,*,#1714,.F.);
#997=ORIENTED_EDGE('',*,*,#1992,.F.);
#998=ORIENTED_EDGE('',*,*,#1992,.T.);
#999=ORIENTED_EDGE('',*,*,#1713,.F.);
#1000=ORIENTED_EDGE('',*,*,#1993,.F.);
#1001=ORIENTED_EDGE('',*,*,#1932,.F.);
#1002=ORIENTED_EDGE('',*,*,#1712,.F.);
#1003=ORIENTED_EDGE('',*,*,#1994,.T.);
#1004=ORIENTED_EDGE('',*,*,#1934,.F.);
#1005=ORIENTED_EDGE('',*,*,#1993,.T.);
#1006=ORIENTED_EDGE('',*,*,#1711,.F.);
#1007=ORIENTED_EDGE('',*,*,#1995,.T.);
#1008=ORIENTED_EDGE('',*,*,#1945,.F.);
#1009=ORIENTED_EDGE('',*,*,#1996,.T.);
#1010=ORIENTED_EDGE('',*,*,#1710,.F.);
#1011=ORIENTED_EDGE('',*,*,#1997,.T.);
#1012=ORIENTED_EDGE('',*,*,#1743,.F.);
#1013=ORIENTED_EDGE('',*,*,#1998,.T.);
#1014=ORIENTED_EDGE('',*,*,#1965,.F.);
#1015=ORIENTED_EDGE('',*,*,#1999,.T.);
#1016=ORIENTED_EDGE('',*,*,#1734,.F.);
#1017=ORIENTED_EDGE('',*,*,#2000,.F.);
#1018=ORIENTED_EDGE('',*,*,#2000,.T.);
#1019=ORIENTED_EDGE('',*,*,#1733,.F.);
#1020=ORIENTED_EDGE('',*,*,#2001,.F.);
#1021=ORIENTED_EDGE('',*,*,#1967,.F.);
#1022=ORIENTED_EDGE('',*,*,#1732,.F.);
#1023=ORIENTED_EDGE('',*,*,#2002,.T.);
#1024=ORIENTED_EDGE('',*,*,#1969,.F.);
#1025=ORIENTED_EDGE('',*,*,#2001,.T.);
#1026=ORIENTED_EDGE('',*,*,#1962,.F.);
#1027=ORIENTED_EDGE('',*,*,#2003,.T.);
#1028=ORIENTED_EDGE('',*,*,#1730,.F.);
#1029=ORIENTED_EDGE('',*,*,#2004,.T.);
#1030=ORIENTED_EDGE('',*,*,#1949,.F.);
#1031=ORIENTED_EDGE('',*,*,#2005,.T.);
#1032=ORIENTED_EDGE('',*,*,#1729,.F.);
#1033=ORIENTED_EDGE('',*,*,#2006,.T.);
#1034=ORIENTED_EDGE('',*,*,#1844,.F.);
#1035=ORIENTED_EDGE('',*,*,#2007,.T.);
#1036=ORIENTED_EDGE('',*,*,#1728,.F.);
#1037=ORIENTED_EDGE('',*,*,#2008,.F.);
#1038=ORIENTED_EDGE('',*,*,#2008,.T.);
#1039=ORIENTED_EDGE('',*,*,#1727,.F.);
#1040=ORIENTED_EDGE('',*,*,#2009,.F.);
#1041=ORIENTED_EDGE('',*,*,#1936,.F.);
#1042=ORIENTED_EDGE('',*,*,#1726,.F.);
#1043=ORIENTED_EDGE('',*,*,#2010,.T.);
#1044=ORIENTED_EDGE('',*,*,#1846,.F.);
#1045=ORIENTED_EDGE('',*,*,#2009,.T.);
#1046=ORIENTED_EDGE('',*,*,#1943,.F.);
#1047=ORIENTED_EDGE('',*,*,#2011,.T.);
#1048=ORIENTED_EDGE('',*,*,#1725,.F.);
#1049=ORIENTED_EDGE('',*,*,#2012,.T.);
#1050=ORIENTED_EDGE('',*,*,#1723,.F.);
#1051=ORIENTED_EDGE('',*,*,#2013,.T.);
#1052=ORIENTED_EDGE('',*,*,#1959,.F.);
#1053=ORIENTED_EDGE('',*,*,#2014,.F.);
#1054=ORIENTED_EDGE('',*,*,#1957,.F.);
#1055=ORIENTED_EDGE('',*,*,#2015,.T.);
#1056=ORIENTED_EDGE('',*,*,#1724,.F.);
#1057=ORIENTED_EDGE('',*,*,#2014,.T.);
#1058=ORIENTED_EDGE('',*,*,#1984,.F.);
#1059=ORIENTED_EDGE('',*,*,#2016,.T.);
#1060=ORIENTED_EDGE('',*,*,#1978,.F.);
#1061=ORIENTED_EDGE('',*,*,#2017,.F.);
#1062=ORIENTED_EDGE('',*,*,#1985,.F.);
#1063=ORIENTED_EDGE('',*,*,#2017,.T.);
#1064=ORIENTED_EDGE('',*,*,#2018,.F.);
#1065=ORIENTED_EDGE('',*,*,#1806,.F.);
#1066=ORIENTED_EDGE('',*,*,#1980,.F.);
#1067=ORIENTED_EDGE('',*,*,#2019,.T.);
#1068=ORIENTED_EDGE('',*,*,#1974,.F.);
#1069=ORIENTED_EDGE('',*,*,#2020,.F.);
#1070=ORIENTED_EDGE('',*,*,#2018,.T.);
#1071=ORIENTED_EDGE('',*,*,#1981,.F.);
#1072=ORIENTED_EDGE('',*,*,#2021,.F.);
#1073=ORIENTED_EDGE('',*,*,#1807,.F.);
#1074=ORIENTED_EDGE('',*,*,#1977,.F.);
#1075=ORIENTED_EDGE('',*,*,#1808,.F.);
#1076=ORIENTED_EDGE('',*,*,#2021,.T.);
#1077=ORIENTED_EDGE('',*,*,#2020,.T.);
#1078=ORIENTED_EDGE('',*,*,#1802,.F.);
#1079=ORIENTED_EDGE('',*,*,#1921,.F.);
#1080=ORIENTED_EDGE('',*,*,#1837,.F.);
#1081=ORIENTED_EDGE('',*,*,#1920,.F.);
#1082=ORIENTED_EDGE('',*,*,#2022,.T.);
#1083=ORIENTED_EDGE('',*,*,#2023,.T.);
#1084=ORIENTED_EDGE('',*,*,#2024,.F.);
#1085=ORIENTED_EDGE('',*,*,#2025,.T.);
#1086=ORIENTED_EDGE('',*,*,#2025,.F.);
#1087=ORIENTED_EDGE('',*,*,#2026,.F.);
#1088=ORIENTED_EDGE('',*,*,#2027,.T.);
#1089=ORIENTED_EDGE('',*,*,#2028,.T.);
#1090=ORIENTED_EDGE('',*,*,#2029,.T.);
#1091=ORIENTED_EDGE('',*,*,#2030,.T.);
#1092=ORIENTED_EDGE('',*,*,#2031,.T.);
#1093=ORIENTED_EDGE('',*,*,#2032,.T.);
#1094=ORIENTED_EDGE('',*,*,#2033,.T.);
#1095=ORIENTED_EDGE('',*,*,#2034,.F.);
#1096=ORIENTED_EDGE('',*,*,#2035,.F.);
#1097=ORIENTED_EDGE('',*,*,#2036,.T.);
#1098=ORIENTED_EDGE('',*,*,#2037,.T.);
#1099=ORIENTED_EDGE('',*,*,#2038,.T.);
#1100=ORIENTED_EDGE('',*,*,#2039,.T.);
#1101=ORIENTED_EDGE('',*,*,#2040,.T.);
#1102=ORIENTED_EDGE('',*,*,#1736,.F.);
#1103=ORIENTED_EDGE('',*,*,#2041,.F.);
#1104=ORIENTED_EDGE('',*,*,#2042,.T.);
#1105=ORIENTED_EDGE('',*,*,#2043,.F.);
#1106=ORIENTED_EDGE('',*,*,#2044,.T.);
#1107=ORIENTED_EDGE('',*,*,#2045,.F.);
#1108=ORIENTED_EDGE('',*,*,#2046,.F.);
#1109=ORIENTED_EDGE('',*,*,#2026,.T.);
#1110=ORIENTED_EDGE('',*,*,#2024,.T.);
#1111=ORIENTED_EDGE('',*,*,#2047,.T.);
#1112=ORIENTED_EDGE('',*,*,#2048,.T.);
#1113=ORIENTED_EDGE('',*,*,#2049,.T.);
#1114=ORIENTED_EDGE('',*,*,#2050,.T.);
#1115=ORIENTED_EDGE('',*,*,#2051,.F.);
#1116=ORIENTED_EDGE('',*,*,#2052,.F.);
#1117=ORIENTED_EDGE('',*,*,#2034,.T.);
#1118=ORIENTED_EDGE('',*,*,#2053,.T.);
#1119=ORIENTED_EDGE('',*,*,#2054,.T.);
#1120=ORIENTED_EDGE('',*,*,#2055,.T.);
#1121=ORIENTED_EDGE('',*,*,#2056,.T.);
#1122=ORIENTED_EDGE('',*,*,#2057,.T.);
#1123=ORIENTED_EDGE('',*,*,#2022,.F.);
#1124=ORIENTED_EDGE('',*,*,#2028,.F.);
#1125=ORIENTED_EDGE('',*,*,#2058,.T.);
#1126=ORIENTED_EDGE('',*,*,#2059,.T.);
#1127=ORIENTED_EDGE('',*,*,#2060,.T.);
#1128=ORIENTED_EDGE('',*,*,#2061,.T.);
#1129=ORIENTED_EDGE('',*,*,#2062,.T.);
#1130=ORIENTED_EDGE('',*,*,#2063,.T.);
#1131=ORIENTED_EDGE('',*,*,#1738,.T.);
#1132=ORIENTED_EDGE('',*,*,#2064,.F.);
#1133=ORIENTED_EDGE('',*,*,#2065,.T.);
#1134=ORIENTED_EDGE('',*,*,#2066,.F.);
#1135=ORIENTED_EDGE('',*,*,#2067,.T.);
#1136=ORIENTED_EDGE('',*,*,#2068,.F.);
#1137=ORIENTED_EDGE('',*,*,#2069,.T.);
#1138=ORIENTED_EDGE('',*,*,#2051,.T.);
#1139=ORIENTED_EDGE('',*,*,#2070,.F.);
#1140=ORIENTED_EDGE('',*,*,#2071,.T.);
#1141=ORIENTED_EDGE('',*,*,#2072,.T.);
#1142=ORIENTED_EDGE('',*,*,#2033,.F.);
#1143=ORIENTED_EDGE('',*,*,#2073,.T.);
#1144=ORIENTED_EDGE('',*,*,#2070,.T.);
#1145=ORIENTED_EDGE('',*,*,#2050,.F.);
#1146=ORIENTED_EDGE('',*,*,#2040,.F.);
#1147=ORIENTED_EDGE('',*,*,#2074,.T.);
#1148=ORIENTED_EDGE('',*,*,#2064,.T.);
#1149=ORIENTED_EDGE('',*,*,#1737,.F.);
#1150=ORIENTED_EDGE('',*,*,#2069,.F.);
#1151=ORIENTED_EDGE('',*,*,#2075,.T.);
#1152=ORIENTED_EDGE('',*,*,#2035,.T.);
#1153=ORIENTED_EDGE('',*,*,#2052,.T.);
#1154=ORIENTED_EDGE('',*,*,#2063,.F.);
#1155=ORIENTED_EDGE('',*,*,#2076,.T.);
#1156=ORIENTED_EDGE('',*,*,#2041,.T.);
#1157=ORIENTED_EDGE('',*,*,#1735,.T.);
#1158=ORIENTED_EDGE('',*,*,#2046,.T.);
#1159=ORIENTED_EDGE('',*,*,#2077,.F.);
#1160=ORIENTED_EDGE('',*,*,#2058,.F.);
#1161=ORIENTED_EDGE('',*,*,#2027,.F.);
#1162=ORIENTED_EDGE('',*,*,#2061,.F.);
#1163=ORIENTED_EDGE('',*,*,#2078,.T.);
#1164=ORIENTED_EDGE('',*,*,#2043,.T.);
#1165=ORIENTED_EDGE('',*,*,#2079,.T.);
#1166=ORIENTED_EDGE('',*,*,#2045,.T.);
#1167=ORIENTED_EDGE('',*,*,#2080,.T.);
#1168=ORIENTED_EDGE('',*,*,#2059,.F.);
#1169=ORIENTED_EDGE('',*,*,#2077,.T.);
#1170=ORIENTED_EDGE('',*,*,#2068,.T.);
#1171=ORIENTED_EDGE('',*,*,#2081,.T.);
#1172=ORIENTED_EDGE('',*,*,#2036,.F.);
#1173=ORIENTED_EDGE('',*,*,#2075,.F.);
#1174=ORIENTED_EDGE('',*,*,#2038,.F.);
#1175=ORIENTED_EDGE('',*,*,#2082,.T.);
#1176=ORIENTED_EDGE('',*,*,#2066,.T.);
#1177=ORIENTED_EDGE('',*,*,#2083,.T.);
#1178=ORIENTED_EDGE('',*,*,#2065,.F.);
#1179=ORIENTED_EDGE('',*,*,#2074,.F.);
#1180=ORIENTED_EDGE('',*,*,#2039,.F.);
#1181=ORIENTED_EDGE('',*,*,#2083,.F.);
#1182=ORIENTED_EDGE('',*,*,#2062,.F.);
#1183=ORIENTED_EDGE('',*,*,#2079,.F.);
#1184=ORIENTED_EDGE('',*,*,#2042,.F.);
#1185=ORIENTED_EDGE('',*,*,#2076,.F.);
#1186=ORIENTED_EDGE('',*,*,#2067,.F.);
#1187=ORIENTED_EDGE('',*,*,#2082,.F.);
#1188=ORIENTED_EDGE('',*,*,#2037,.F.);
#1189=ORIENTED_EDGE('',*,*,#2081,.F.);
#1190=ORIENTED_EDGE('',*,*,#2060,.F.);
#1191=ORIENTED_EDGE('',*,*,#2080,.F.);
#1192=ORIENTED_EDGE('',*,*,#2044,.F.);
#1193=ORIENTED_EDGE('',*,*,#2078,.F.);
#1194=ORIENTED_EDGE('',*,*,#2072,.F.);
#1195=ORIENTED_EDGE('',*,*,#2084,.T.);
#1196=ORIENTED_EDGE('',*,*,#2031,.F.);
#1197=ORIENTED_EDGE('',*,*,#2085,.T.);
#1198=ORIENTED_EDGE('',*,*,#2086,.T.);
#1199=ORIENTED_EDGE('',*,*,#2087,.T.);
#1200=ORIENTED_EDGE('',*,*,#2048,.F.);
#1201=ORIENTED_EDGE('',*,*,#2088,.T.);
#1202=ORIENTED_EDGE('',*,*,#2056,.F.);
#1203=ORIENTED_EDGE('',*,*,#2089,.T.);
#1204=ORIENTED_EDGE('',*,*,#2090,.T.);
#1205=ORIENTED_EDGE('',*,*,#2091,.T.);
#1206=ORIENTED_EDGE('',*,*,#2055,.F.);
#1207=ORIENTED_EDGE('',*,*,#2092,.T.);
#1208=ORIENTED_EDGE('',*,*,#1883,.F.);
#1209=ORIENTED_EDGE('',*,*,#2093,.F.);
#1210=ORIENTED_EDGE('',*,*,#2089,.F.);
#1211=ORIENTED_EDGE('',*,*,#2093,.T.);
#1212=ORIENTED_EDGE('',*,*,#1882,.F.);
#1213=ORIENTED_EDGE('',*,*,#2094,.F.);
#1214=ORIENTED_EDGE('',*,*,#2090,.F.);
#1215=ORIENTED_EDGE('',*,*,#1881,.F.);
#1216=ORIENTED_EDGE('',*,*,#2095,.T.);
#1217=ORIENTED_EDGE('',*,*,#2049,.F.);
#1218=ORIENTED_EDGE('',*,*,#2091,.F.);
#1219=ORIENTED_EDGE('',*,*,#2094,.T.);
#1220=ORIENTED_EDGE('',*,*,#2053,.F.);
#1221=ORIENTED_EDGE('',*,*,#2087,.F.);
#1222=ORIENTED_EDGE('',*,*,#2096,.F.);
#1223=ORIENTED_EDGE('',*,*,#1877,.F.);
#1224=ORIENTED_EDGE('',*,*,#2097,.T.);
#1225=ORIENTED_EDGE('',*,*,#2086,.F.);
#1226=ORIENTED_EDGE('',*,*,#2098,.F.);
#1227=ORIENTED_EDGE('',*,*,#1872,.F.);
#1228=ORIENTED_EDGE('',*,*,#2096,.T.);
#1229=ORIENTED_EDGE('',*,*,#2085,.F.);
#1230=ORIENTED_EDGE('',*,*,#2030,.F.);
#1231=ORIENTED_EDGE('',*,*,#2099,.T.);
#1232=ORIENTED_EDGE('',*,*,#1873,.F.);
#1233=ORIENTED_EDGE('',*,*,#2098,.T.);
#1234=ORIENTED_EDGE('',*,*,#2057,.F.);
#1235=ORIENTED_EDGE('',*,*,#2088,.F.);
#1236=ORIENTED_EDGE('',*,*,#2047,.F.);
#1237=ORIENTED_EDGE('',*,*,#2023,.F.);
#1238=ORIENTED_EDGE('',*,*,#2032,.F.);
#1239=ORIENTED_EDGE('',*,*,#2084,.F.);
#1240=ORIENTED_EDGE('',*,*,#2071,.F.);
#1241=ORIENTED_EDGE('',*,*,#2073,.F.);
#1242=ORIENTED_EDGE('',*,*,#1789,.F.);
#1243=ORIENTED_EDGE('',*,*,#1744,.F.);
#1244=ORIENTED_EDGE('',*,*,#2100,.F.);
#1245=ORIENTED_EDGE('',*,*,#1964,.F.);
#1246=ORIENTED_EDGE('',*,*,#1997,.F.);
#1247=ORIENTED_EDGE('',*,*,#1709,.T.);
#1248=ORIENTED_EDGE('',*,*,#1999,.F.);
#1249=ORIENTED_EDGE('',*,*,#2100,.T.);
#1250=ORIENTED_EDGE('',*,*,#1793,.F.);
#1251=ORIENTED_EDGE('',*,*,#1970,.F.);
#1252=ORIENTED_EDGE('',*,*,#2101,.F.);
#1253=ORIENTED_EDGE('',*,*,#1961,.F.);
#1254=ORIENTED_EDGE('',*,*,#2002,.F.);
#1255=ORIENTED_EDGE('',*,*,#1731,.T.);
#1256=ORIENTED_EDGE('',*,*,#2003,.F.);
#1257=ORIENTED_EDGE('',*,*,#2101,.T.);
#1258=ORIENTED_EDGE('',*,*,#1721,.F.);
#1259=ORIENTED_EDGE('',*,*,#1973,.F.);
#1260=ORIENTED_EDGE('',*,*,#2102,.F.);
#1261=ORIENTED_EDGE('',*,*,#1983,.F.);
#1262=ORIENTED_EDGE('',*,*,#2016,.F.);
#1263=ORIENTED_EDGE('',*,*,#2102,.T.);
#1264=ORIENTED_EDGE('',*,*,#2103,.F.);
#1265=ORIENTED_EDGE('',*,*,#2103,.T.);
#1266=ORIENTED_EDGE('',*,*,#1972,.F.);
#1267=ORIENTED_EDGE('',*,*,#2104,.F.);
#1268=ORIENTED_EDGE('',*,*,#1979,.F.);
#1269=ORIENTED_EDGE('',*,*,#2019,.F.);
#1270=ORIENTED_EDGE('',*,*,#2104,.T.);
#1271=ORIENTED_EDGE('',*,*,#2105,.F.);
#1272=ORIENTED_EDGE('',*,*,#1719,.F.);
#1273=ORIENTED_EDGE('',*,*,#1975,.F.);
#1274=ORIENTED_EDGE('',*,*,#2105,.T.);
#1275=ORIENTED_EDGE('',*,*,#1971,.F.);
#1276=ORIENTED_EDGE('',*,*,#1982,.F.);
#1277=ORIENTED_EDGE('',*,*,#1952,.F.);
#1278=ORIENTED_EDGE('',*,*,#2106,.F.);
#1279=ORIENTED_EDGE('',*,*,#1722,.F.);
#1280=ORIENTED_EDGE('',*,*,#2013,.F.);
#1281=ORIENTED_EDGE('',*,*,#2106,.T.);
#1282=ORIENTED_EDGE('',*,*,#2107,.F.);
#1283=ORIENTED_EDGE('',*,*,#1759,.F.);
#1284=ORIENTED_EDGE('',*,*,#1960,.F.);
#1285=ORIENTED_EDGE('',*,*,#2107,.T.);
#1286=ORIENTED_EDGE('',*,*,#1951,.F.);
#1287=ORIENTED_EDGE('',*,*,#1976,.F.);
#1288=ORIENTED_EDGE('',*,*,#1718,.F.);
#1289=ORIENTED_EDGE('',*,*,#2108,.F.);
#1290=ORIENTED_EDGE('',*,*,#1820,.F.);
#1291=ORIENTED_EDGE('',*,*,#2108,.T.);
#1292=ORIENTED_EDGE('',*,*,#1986,.F.);
#1293=ORIENTED_EDGE('',*,*,#2109,.F.);
#1294=ORIENTED_EDGE('',*,*,#1777,.F.);
#1295=ORIENTED_EDGE('',*,*,#1821,.F.);
#1296=ORIENTED_EDGE('',*,*,#2109,.T.);
#1297=ORIENTED_EDGE('',*,*,#1954,.F.);
#1298=ORIENTED_EDGE('',*,*,#1748,.F.);
#1299=ORIENTED_EDGE('',*,*,#1963,.F.);
#1300=ORIENTED_EDGE('',*,*,#2110,.F.);
#1301=ORIENTED_EDGE('',*,*,#1948,.F.);
#1302=ORIENTED_EDGE('',*,*,#2110,.T.);
#1303=ORIENTED_EDGE('',*,*,#2004,.F.);
#1304=ORIENTED_EDGE('',*,*,#2005,.F.);
#1305=ORIENTED_EDGE('',*,*,#1788,.F.);
#1306=ORIENTED_EDGE('',*,*,#1946,.F.);
#1307=ORIENTED_EDGE('',*,*,#2111,.F.);
#1308=ORIENTED_EDGE('',*,*,#1746,.F.);
#1309=ORIENTED_EDGE('',*,*,#2111,.T.);
#1310=ORIENTED_EDGE('',*,*,#1995,.F.);
#1311=ORIENTED_EDGE('',*,*,#1998,.F.);
#1312=ORIENTED_EDGE('',*,*,#1750,.F.);
#1313=ORIENTED_EDGE('',*,*,#1950,.F.);
#1314=ORIENTED_EDGE('',*,*,#2112,.F.);
#1315=ORIENTED_EDGE('',*,*,#1843,.F.);
#1316=ORIENTED_EDGE('',*,*,#2112,.T.);
#1317=ORIENTED_EDGE('',*,*,#2006,.F.);
#1318=ORIENTED_EDGE('',*,*,#2007,.F.);
#1319=ORIENTED_EDGE('',*,*,#1786,.F.);
#1320=ORIENTED_EDGE('',*,*,#1935,.F.);
#1321=ORIENTED_EDGE('',*,*,#2113,.F.);
#1322=ORIENTED_EDGE('',*,*,#1947,.F.);
#1323=ORIENTED_EDGE('',*,*,#2113,.T.);
#1324=ORIENTED_EDGE('',*,*,#1994,.F.);
#1325=ORIENTED_EDGE('',*,*,#1996,.F.);
#1326=ORIENTED_EDGE('',*,*,#1754,.F.);
#1327=ORIENTED_EDGE('',*,*,#1847,.F.);
#1328=ORIENTED_EDGE('',*,*,#2114,.F.);
#1329=ORIENTED_EDGE('',*,*,#1942,.F.);
#1330=ORIENTED_EDGE('',*,*,#2114,.T.);
#1331=ORIENTED_EDGE('',*,*,#2010,.F.);
#1332=ORIENTED_EDGE('',*,*,#2011,.F.);
#1333=ORIENTED_EDGE('',*,*,#1782,.F.);
#1334=ORIENTED_EDGE('',*,*,#1940,.F.);
#1335=ORIENTED_EDGE('',*,*,#2115,.F.);
#1336=ORIENTED_EDGE('',*,*,#1937,.F.);
#1337=ORIENTED_EDGE('',*,*,#2115,.T.);
#1338=ORIENTED_EDGE('',*,*,#1989,.F.);
#1339=ORIENTED_EDGE('',*,*,#1991,.F.);
#1340=ORIENTED_EDGE('',*,*,#1756,.F.);
#1341=ORIENTED_EDGE('',*,*,#1944,.F.);
#1342=ORIENTED_EDGE('',*,*,#2116,.F.);
#1343=ORIENTED_EDGE('',*,*,#1956,.F.);
#1344=ORIENTED_EDGE('',*,*,#2116,.T.);
#1345=ORIENTED_EDGE('',*,*,#2012,.F.);
#1346=ORIENTED_EDGE('',*,*,#2015,.F.);
#1347=ORIENTED_EDGE('',*,*,#1780,.F.);
#1348=ORIENTED_EDGE('',*,*,#1795,.F.);
#1349=ORIENTED_EDGE('',*,*,#2117,.F.);
#1350=ORIENTED_EDGE('',*,*,#1941,.F.);
#1351=ORIENTED_EDGE('',*,*,#2117,.T.);
#1352=ORIENTED_EDGE('',*,*,#1988,.F.);
#1353=ORIENTED_EDGE('',*,*,#1990,.F.);
#1354=ORIENTED_EDGE('',*,*,#2092,.F.);
#1355=ORIENTED_EDGE('',*,*,#2054,.F.);
#1356=ORIENTED_EDGE('',*,*,#2097,.F.);
#1357=ORIENTED_EDGE('',*,*,#1740,.F.);
#1358=ORIENTED_EDGE('',*,*,#2095,.F.);
#1359=ORIENTED_EDGE('',*,*,#1878,.F.);
#1360=ORIENTED_EDGE('',*,*,#2099,.F.);
#1361=ORIENTED_EDGE('',*,*,#2029,.F.);
#1362=ORIENTED_EDGE('',*,*,#2118,.F.);
#1363=ORIENTED_EDGE('',*,*,#2119,.T.);
#1364=ORIENTED_EDGE('',*,*,#2120,.F.);
#1365=ORIENTED_EDGE('',*,*,#2121,.T.);
#1366=ORIENTED_EDGE('',*,*,#2122,.T.);
#1367=ORIENTED_EDGE('',*,*,#2123,.F.);
#1368=ORIENTED_EDGE('',*,*,#2124,.F.);
#1369=ORIENTED_EDGE('',*,*,#2125,.T.);
#1370=ORIENTED_EDGE('',*,*,#2126,.T.);
#1371=ORIENTED_EDGE('',*,*,#2127,.F.);
#1372=ORIENTED_EDGE('',*,*,#2128,.T.);
#1373=ORIENTED_EDGE('',*,*,#2129,.T.);
#1374=ORIENTED_EDGE('',*,*,#2130,.T.);
#1375=ORIENTED_EDGE('',*,*,#2131,.T.);
#1376=ORIENTED_EDGE('',*,*,#2132,.T.);
#1377=ORIENTED_EDGE('',*,*,#2133,.T.);
#1378=ORIENTED_EDGE('',*,*,#2134,.T.);
#1379=ORIENTED_EDGE('',*,*,#2135,.T.);
#1380=ORIENTED_EDGE('',*,*,#2136,.T.);
#1381=ORIENTED_EDGE('',*,*,#2137,.F.);
#1382=ORIENTED_EDGE('',*,*,#2138,.T.);
#1383=ORIENTED_EDGE('',*,*,#2139,.F.);
#1384=ORIENTED_EDGE('',*,*,#2140,.F.);
#1385=ORIENTED_EDGE('',*,*,#2141,.T.);
#1386=ORIENTED_EDGE('',*,*,#2142,.F.);
#1387=ORIENTED_EDGE('',*,*,#2143,.T.);
#1388=ORIENTED_EDGE('',*,*,#2144,.T.);
#1389=ORIENTED_EDGE('',*,*,#2145,.T.);
#1390=ORIENTED_EDGE('',*,*,#2146,.T.);
#1391=ORIENTED_EDGE('',*,*,#2147,.T.);
#1392=ORIENTED_EDGE('',*,*,#2148,.T.);
#1393=ORIENTED_EDGE('',*,*,#2149,.T.);
#1394=ORIENTED_EDGE('',*,*,#2150,.T.);
#1395=ORIENTED_EDGE('',*,*,#2151,.T.);
#1396=ORIENTED_EDGE('',*,*,#2152,.T.);
#1397=ORIENTED_EDGE('',*,*,#2153,.T.);
#1398=ORIENTED_EDGE('',*,*,#2154,.T.);
#1399=ORIENTED_EDGE('',*,*,#2155,.T.);
#1400=ORIENTED_EDGE('',*,*,#2156,.T.);
#1401=ORIENTED_EDGE('',*,*,#2157,.T.);
#1402=ORIENTED_EDGE('',*,*,#2158,.T.);
#1403=ORIENTED_EDGE('',*,*,#2159,.T.);
#1404=ORIENTED_EDGE('',*,*,#2160,.T.);
#1405=ORIENTED_EDGE('',*,*,#2161,.T.);
#1406=ORIENTED_EDGE('',*,*,#2162,.F.);
#1407=ORIENTED_EDGE('',*,*,#2163,.T.);
#1408=ORIENTED_EDGE('',*,*,#2164,.T.);
#1409=ORIENTED_EDGE('',*,*,#2165,.T.);
#1410=ORIENTED_EDGE('',*,*,#2166,.F.);
#1411=ORIENTED_EDGE('',*,*,#2167,.F.);
#1412=ORIENTED_EDGE('',*,*,#2168,.F.);
#1413=ORIENTED_EDGE('',*,*,#2169,.T.);
#1414=ORIENTED_EDGE('',*,*,#2121,.F.);
#1415=ORIENTED_EDGE('',*,*,#2170,.F.);
#1416=ORIENTED_EDGE('',*,*,#2162,.T.);
#1417=ORIENTED_EDGE('',*,*,#2171,.F.);
#1418=ORIENTED_EDGE('',*,*,#2172,.T.);
#1419=ORIENTED_EDGE('',*,*,#2173,.F.);
#1420=ORIENTED_EDGE('',*,*,#2160,.F.);
#1421=ORIENTED_EDGE('',*,*,#2174,.T.);
#1422=ORIENTED_EDGE('',*,*,#2175,.T.);
#1423=ORIENTED_EDGE('',*,*,#2176,.T.);
#1424=ORIENTED_EDGE('',*,*,#2166,.T.);
#1425=ORIENTED_EDGE('',*,*,#2139,.T.);
#1426=ORIENTED_EDGE('',*,*,#2177,.T.);
#1427=ORIENTED_EDGE('',*,*,#2178,.T.);
#1428=ORIENTED_EDGE('',*,*,#2164,.F.);
#1429=ORIENTED_EDGE('',*,*,#2179,.T.);
#1430=ORIENTED_EDGE('',*,*,#2120,.T.);
#1431=ORIENTED_EDGE('',*,*,#2180,.T.);
#1432=ORIENTED_EDGE('',*,*,#2148,.F.);
#1433=ORIENTED_EDGE('',*,*,#2181,.T.);
#1434=ORIENTED_EDGE('',*,*,#2144,.F.);
#1435=ORIENTED_EDGE('',*,*,#2182,.T.);
#1436=ORIENTED_EDGE('',*,*,#2142,.T.);
#1437=ORIENTED_EDGE('',*,*,#2183,.T.);
#1438=ORIENTED_EDGE('',*,*,#2134,.F.);
#1439=ORIENTED_EDGE('',*,*,#2179,.F.);
#1440=ORIENTED_EDGE('',*,*,#2167,.T.);
#1441=ORIENTED_EDGE('',*,*,#2176,.F.);
#1442=ORIENTED_EDGE('',*,*,#2184,.T.);
#1443=ORIENTED_EDGE('',*,*,#2185,.T.);
#1444=ORIENTED_EDGE('',*,*,#2131,.F.);
#1445=ORIENTED_EDGE('',*,*,#2186,.T.);
#1446=ORIENTED_EDGE('',*,*,#2156,.F.);
#1447=ORIENTED_EDGE('',*,*,#2187,.T.);
#1448=ORIENTED_EDGE('',*,*,#2124,.T.);
#1449=ORIENTED_EDGE('',*,*,#2188,.T.);
#1450=ORIENTED_EDGE('',*,*,#2189,.T.);
#1451=ORIENTED_EDGE('',*,*,#2171,.T.);
#1452=ORIENTED_EDGE('',*,*,#2163,.F.);
#1453=ORIENTED_EDGE('',*,*,#2170,.T.);
#1454=ORIENTED_EDGE('',*,*,#2190,.F.);
#1455=ORIENTED_EDGE('',*,*,#2191,.T.);
#1456=ORIENTED_EDGE('',*,*,#2192,.T.);
#1457=ORIENTED_EDGE('',*,*,#2193,.T.);
#1458=ORIENTED_EDGE('',*,*,#2137,.T.);
#1459=ORIENTED_EDGE('',*,*,#2133,.F.);
#1460=ORIENTED_EDGE('',*,*,#2194,.T.);
#1461=ORIENTED_EDGE('',*,*,#2195,.T.);
#1462=ORIENTED_EDGE('',*,*,#2174,.F.);
#1463=ORIENTED_EDGE('',*,*,#2165,.F.);
#1464=ORIENTED_EDGE('',*,*,#2178,.F.);
#1465=ORIENTED_EDGE('',*,*,#2196,.T.);
#1466=ORIENTED_EDGE('',*,*,#2192,.F.);
#1467=ORIENTED_EDGE('',*,*,#2197,.T.);
#1468=ORIENTED_EDGE('',*,*,#2198,.T.);
#1469=ORIENTED_EDGE('',*,*,#2199,.F.);
#1470=ORIENTED_EDGE('',*,*,#2200,.T.);
#1471=ORIENTED_EDGE('',*,*,#2201,.T.);
#1472=ORIENTED_EDGE('',*,*,#2202,.T.);
#1473=ORIENTED_EDGE('',*,*,#2203,.F.);
#1474=ORIENTED_EDGE('',*,*,#2204,.T.);
#1475=ORIENTED_EDGE('',*,*,#2205,.T.);
#1476=ORIENTED_EDGE('',*,*,#2123,.T.);
#1477=ORIENTED_EDGE('',*,*,#2206,.T.);
#1478=ORIENTED_EDGE('',*,*,#2207,.F.);
#1479=ORIENTED_EDGE('',*,*,#2208,.T.);
#1480=ORIENTED_EDGE('',*,*,#2209,.T.);
#1481=ORIENTED_EDGE('',*,*,#2210,.T.);
#1482=ORIENTED_EDGE('',*,*,#2173,.T.);
#1483=ORIENTED_EDGE('',*,*,#2211,.T.);
#1484=ORIENTED_EDGE('',*,*,#2212,.T.);
#1485=ORIENTED_EDGE('',*,*,#2127,.T.);
#1486=ORIENTED_EDGE('',*,*,#2213,.T.);
#1487=ORIENTED_EDGE('',*,*,#2214,.T.);
#1488=ORIENTED_EDGE('',*,*,#2203,.T.);
#1489=ORIENTED_EDGE('',*,*,#2215,.T.);
#1490=ORIENTED_EDGE('',*,*,#2168,.T.);
#1491=ORIENTED_EDGE('',*,*,#2161,.F.);
#1492=ORIENTED_EDGE('',*,*,#2150,.F.);
#1493=ORIENTED_EDGE('',*,*,#2216,.T.);
#1494=ORIENTED_EDGE('',*,*,#2118,.T.);
#1495=ORIENTED_EDGE('',*,*,#2205,.F.);
#1496=ORIENTED_EDGE('',*,*,#2217,.T.);
#1497=ORIENTED_EDGE('',*,*,#2207,.T.);
#1498=ORIENTED_EDGE('',*,*,#2218,.T.);
#1499=ORIENTED_EDGE('',*,*,#2219,.T.);
#1500=ORIENTED_EDGE('',*,*,#2152,.F.);
#1501=ORIENTED_EDGE('',*,*,#2220,.T.);
#1502=ORIENTED_EDGE('',*,*,#2221,.T.);
#1503=ORIENTED_EDGE('',*,*,#2199,.T.);
#1504=ORIENTED_EDGE('',*,*,#2222,.T.);
#1505=ORIENTED_EDGE('',*,*,#2190,.T.);
#1506=ORIENTED_EDGE('',*,*,#2136,.F.);
#1507=ORIENTED_EDGE('',*,*,#2223,.T.);
#1508=ORIENTED_EDGE('',*,*,#2140,.T.);
#1509=ORIENTED_EDGE('',*,*,#2224,.T.);
#1510=ORIENTED_EDGE('',*,*,#2146,.F.);
#1511=ORIENTED_EDGE('',*,*,#2225,.T.);
#1512=ORIENTED_EDGE('',*,*,#2226,.F.);
#1513=ORIENTED_EDGE('',*,*,#2227,.T.);
#1514=ORIENTED_EDGE('',*,*,#2218,.F.);
#1515=ORIENTED_EDGE('',*,*,#2210,.F.);
#1516=ORIENTED_EDGE('',*,*,#2126,.F.);
#1517=ORIENTED_EDGE('',*,*,#2228,.T.);
#1518=ORIENTED_EDGE('',*,*,#2226,.T.);
#1519=ORIENTED_EDGE('',*,*,#2229,.F.);
#1520=ORIENTED_EDGE('',*,*,#2213,.F.);
#1521=ORIENTED_EDGE('',*,*,#2217,.F.);
#1522=ORIENTED_EDGE('',*,*,#2204,.F.);
#1523=ORIENTED_EDGE('',*,*,#2230,.F.);
#1524=ORIENTED_EDGE('',*,*,#2208,.F.);
#1525=ORIENTED_EDGE('',*,*,#2229,.T.);
#1526=ORIENTED_EDGE('',*,*,#2209,.F.);
#1527=ORIENTED_EDGE('',*,*,#2230,.T.);
#1528=ORIENTED_EDGE('',*,*,#2214,.F.);
#1529=ORIENTED_EDGE('',*,*,#2206,.F.);
#1530=ORIENTED_EDGE('',*,*,#2122,.F.);
#1531=ORIENTED_EDGE('',*,*,#2169,.F.);
#1532=ORIENTED_EDGE('',*,*,#2215,.F.);
#1533=ORIENTED_EDGE('',*,*,#2221,.F.);
#1534=ORIENTED_EDGE('',*,*,#2231,.T.);
#1535=ORIENTED_EDGE('',*,*,#2232,.F.);
#1536=ORIENTED_EDGE('',*,*,#2200,.F.);
#1537=ORIENTED_EDGE('',*,*,#2222,.F.);
#1538=ORIENTED_EDGE('',*,*,#2202,.F.);
#1539=ORIENTED_EDGE('',*,*,#2233,.F.);
#1540=ORIENTED_EDGE('',*,*,#2191,.F.);
#1541=ORIENTED_EDGE('',*,*,#2232,.T.);
#1542=ORIENTED_EDGE('',*,*,#2234,.T.);
#1543=ORIENTED_EDGE('',*,*,#2129,.F.);
#1544=ORIENTED_EDGE('',*,*,#2198,.F.);
#1545=ORIENTED_EDGE('',*,*,#2235,.F.);
#1546=ORIENTED_EDGE('',*,*,#2233,.T.);
#1547=ORIENTED_EDGE('',*,*,#2201,.F.);
#1548=ORIENTED_EDGE('',*,*,#2235,.T.);
#1549=ORIENTED_EDGE('',*,*,#2197,.F.);
#1550=ORIENTED_EDGE('',*,*,#2193,.F.);
#1551=ORIENTED_EDGE('',*,*,#2196,.F.);
#1552=ORIENTED_EDGE('',*,*,#2177,.F.);
#1553=ORIENTED_EDGE('',*,*,#2138,.F.);
#1554=ORIENTED_EDGE('',*,*,#2181,.F.);
#1555=ORIENTED_EDGE('',*,*,#2151,.F.);
#1556=ORIENTED_EDGE('',*,*,#2225,.F.);
#1557=ORIENTED_EDGE('',*,*,#2145,.F.);
#1558=ORIENTED_EDGE('',*,*,#2182,.F.);
#1559=ORIENTED_EDGE('',*,*,#2147,.F.);
#1560=ORIENTED_EDGE('',*,*,#2224,.F.);
#1561=ORIENTED_EDGE('',*,*,#2143,.F.);
#1562=ORIENTED_EDGE('',*,*,#2219,.F.);
#1563=ORIENTED_EDGE('',*,*,#2227,.F.);
#1564=ORIENTED_EDGE('',*,*,#2236,.F.);
#1565=ORIENTED_EDGE('',*,*,#2153,.F.);
#1566=ORIENTED_EDGE('',*,*,#2236,.T.);
#1567=ORIENTED_EDGE('',*,*,#2228,.F.);
#1568=ORIENTED_EDGE('',*,*,#2237,.F.);
#1569=ORIENTED_EDGE('',*,*,#2154,.F.);
#1570=ORIENTED_EDGE('',*,*,#2187,.F.);
#1571=ORIENTED_EDGE('',*,*,#2155,.F.);
#1572=ORIENTED_EDGE('',*,*,#2237,.T.);
#1573=ORIENTED_EDGE('',*,*,#2125,.F.);
#1574=ORIENTED_EDGE('',*,*,#2220,.F.);
#1575=ORIENTED_EDGE('',*,*,#2159,.F.);
#1576=ORIENTED_EDGE('',*,*,#2238,.F.);
#1577=ORIENTED_EDGE('',*,*,#2231,.F.);
#1578=ORIENTED_EDGE('',*,*,#2238,.T.);
#1579=ORIENTED_EDGE('',*,*,#2158,.F.);
#1580=ORIENTED_EDGE('',*,*,#2239,.F.);
#1581=ORIENTED_EDGE('',*,*,#2234,.F.);
#1582=ORIENTED_EDGE('',*,*,#2186,.F.);
#1583=ORIENTED_EDGE('',*,*,#2130,.F.);
#1584=ORIENTED_EDGE('',*,*,#2239,.T.);
#1585=ORIENTED_EDGE('',*,*,#2157,.F.);
#1586=ORIENTED_EDGE('',*,*,#2180,.F.);
#1587=ORIENTED_EDGE('',*,*,#2119,.F.);
#1588=ORIENTED_EDGE('',*,*,#2216,.F.);
#1589=ORIENTED_EDGE('',*,*,#2149,.F.);
#1590=ORIENTED_EDGE('',*,*,#2183,.F.);
#1591=ORIENTED_EDGE('',*,*,#2141,.F.);
#1592=ORIENTED_EDGE('',*,*,#2223,.F.);
#1593=ORIENTED_EDGE('',*,*,#2135,.F.);
#1594=ORIENTED_EDGE('',*,*,#2132,.F.);
#1595=ORIENTED_EDGE('',*,*,#2185,.F.);
#1596=ORIENTED_EDGE('',*,*,#2240,.F.);
#1597=ORIENTED_EDGE('',*,*,#2194,.F.);
#1598=ORIENTED_EDGE('',*,*,#2184,.F.);
#1599=ORIENTED_EDGE('',*,*,#2175,.F.);
#1600=ORIENTED_EDGE('',*,*,#2195,.F.);
#1601=ORIENTED_EDGE('',*,*,#2240,.T.);
#1602=ORIENTED_EDGE('',*,*,#2241,.F.);
#1603=ORIENTED_EDGE('',*,*,#2188,.F.);
#1604=ORIENTED_EDGE('',*,*,#2128,.F.);
#1605=ORIENTED_EDGE('',*,*,#2212,.F.);
#1606=ORIENTED_EDGE('',*,*,#2189,.F.);
#1607=ORIENTED_EDGE('',*,*,#2241,.T.);
#1608=ORIENTED_EDGE('',*,*,#2211,.F.);
#1609=ORIENTED_EDGE('',*,*,#2172,.F.);
#1610=EDGE_CURVE('',#2242,#2243,#2640,.F.);
#1611=EDGE_CURVE('',#2243,#2244,#210,.F.);
#1612=EDGE_CURVE('',#2245,#2244,#2641,.T.);
#1613=EDGE_CURVE('',#2246,#2245,#2642,.T.);
#1614=EDGE_CURVE('',#2247,#2246,#2643,.T.);
#1615=EDGE_CURVE('',#2247,#2248,#211,.T.);
#1616=EDGE_CURVE('',#2242,#2248,#2644,.T.);
#1617=EDGE_CURVE('',#2249,#2249,#212,.T.);
#1618=EDGE_CURVE('',#2250,#2250,#213,.T.);
#1619=EDGE_CURVE('',#2251,#2252,#2645,.T.);
#1620=EDGE_CURVE('',#2252,#2253,#2646,.T.);
#1621=EDGE_CURVE('',#2253,#2254,#214,.T.);
#1622=EDGE_CURVE('',#2254,#2255,#2647,.T.);
#1623=EDGE_CURVE('',#2256,#2255,#2648,.T.);
#1624=EDGE_CURVE('',#2256,#2257,#2649,.T.);
#1625=EDGE_CURVE('',#2257,#2258,#215,.F.);
#1626=EDGE_CURVE('',#2258,#2259,#2650,.T.);
#1627=EDGE_CURVE('',#2259,#2260,#216,.T.);
#1628=EDGE_CURVE('',#2261,#2260,#2651,.T.);
#1629=EDGE_CURVE('',#2261,#2262,#217,.T.);
#1630=EDGE_CURVE('',#2262,#2263,#2652,.T.);
#1631=EDGE_CURVE('',#2263,#2264,#218,.T.);
#1632=EDGE_CURVE('',#2264,#2265,#2653,.T.);
#1633=EDGE_CURVE('',#2265,#2266,#219,.T.);
#1634=EDGE_CURVE('',#2267,#2266,#2654,.T.);
#1635=EDGE_CURVE('',#2267,#2268,#220,.F.);
#1636=EDGE_CURVE('',#2269,#2268,#2655,.T.);
#1637=EDGE_CURVE('',#2269,#2270,#2656,.T.);
#1638=EDGE_CURVE('',#2271,#2270,#2657,.T.);
#1639=EDGE_CURVE('',#2271,#2272,#221,.T.);
#1640=EDGE_CURVE('',#2273,#2272,#2658,.T.);
#1641=EDGE_CURVE('',#2273,#2274,#2659,.F.);
#1642=EDGE_CURVE('',#2274,#2251,#2660,.T.);
#1643=EDGE_CURVE('',#2248,#2253,#2661,.T.);
#1644=EDGE_CURVE('',#2252,#2275,#222,.F.);
#1645=EDGE_CURVE('',#2276,#2275,#2662,.T.);
#1646=EDGE_CURVE('',#2276,#2242,#223,.F.);
#1647=EDGE_CURVE('',#2254,#2247,#2663,.F.);
#1648=EDGE_CURVE('',#2246,#2255,#2664,.T.);
#1649=EDGE_CURVE('',#2245,#2256,#2665,.T.);
#1650=EDGE_CURVE('',#2244,#2277,#103,.T.);
#1651=EDGE_CURVE('',#2277,#2257,#2666,.T.);
#1652=EDGE_CURVE('',#2268,#2278,#2667,.F.);
#1653=EDGE_CURVE('',#2279,#2278,#2668,.T.);
#1654=EDGE_CURVE('',#2279,#2269,#2669,.T.);
#1655=EDGE_CURVE('',#2279,#2280,#2670,.T.);
#1656=EDGE_CURVE('',#2280,#2270,#2671,.T.);
#1657=EDGE_CURVE('',#2281,#2280,#2672,.T.);
#1658=EDGE_CURVE('',#2281,#2271,#2673,.T.);
#1659=EDGE_CURVE('',#2272,#2282,#2674,.F.);
#1660=EDGE_CURVE('',#2283,#2282,#2675,.T.);
#1661=EDGE_CURVE('',#2283,#2284,#224,.T.);
#1662=EDGE_CURVE('',#2284,#2285,#2676,.T.);
#1663=EDGE_CURVE('',#2285,#2273,#225,.T.);
#1664=EDGE_CURVE('',#2286,#2286,#226,.F.);
#1665=EDGE_CURVE('',#2287,#2288,#2677,.T.);
#1666=EDGE_CURVE('',#2288,#2289,#2678,.F.);
#1667=EDGE_CURVE('',#2290,#2289,#2679,.T.);
#1668=EDGE_CURVE('',#2290,#2291,#227,.F.);
#1669=EDGE_CURVE('',#2292,#2291,#2680,.T.);
#1670=EDGE_CURVE('',#2292,#2287,#228,.F.);
#1671=EDGE_CURVE('',#2293,#2294,#2681,.F.);
#1672=EDGE_CURVE('',#2294,#2265,#2682,.T.);
#1673=EDGE_CURVE('',#2264,#2293,#2683,.F.);
#1674=EDGE_CURVE('',#2295,#2295,#229,.F.);
#1675=EDGE_CURVE('',#2262,#2296,#2684,.F.);
#1676=EDGE_CURVE('',#2297,#2296,#2685,.T.);
#1677=EDGE_CURVE('',#2297,#2263,#2686,.T.);
#1678=EDGE_CURVE('',#2260,#2298,#2687,.F.);
#1679=EDGE_CURVE('',#2298,#2299,#2688,.T.);
#1680=EDGE_CURVE('',#2299,#2261,#2689,.T.);
#1681=EDGE_CURVE('',#2300,#2301,#2690,.T.);
#1682=EDGE_CURVE('',#2301,#2259,#2691,.T.);
#1683=EDGE_CURVE('',#2258,#2300,#2692,.F.);
#1684=EDGE_CURVE('',#2275,#2288,#2693,.F.);
#1685=EDGE_CURVE('',#2287,#2276,#2694,.T.);
#1686=EDGE_CURVE('',#2302,#2303,#2695,.T.);
#1687=EDGE_CURVE('',#2303,#2297,#2696,.T.);
#1688=EDGE_CURVE('',#2296,#2304,#2697,.F.);
#1689=EDGE_CURVE('',#2304,#2305,#2698,.F.);
#1690=EDGE_CURVE('',#2305,#2243,#230,.F.);
#1691=EDGE_CURVE('',#2243,#2292,#2699,.F.);
#1692=EDGE_CURVE('',#2291,#2283,#2700,.T.);
#1693=EDGE_CURVE('',#2282,#2281,#231,.T.);
#1694=EDGE_CURVE('',#2278,#2302,#232,.F.);
#1695=EDGE_CURVE('',#2289,#2285,#2701,.T.);
#1696=EDGE_CURVE('',#2284,#2290,#2702,.F.);
#1697=EDGE_CURVE('',#2266,#2303,#2703,.F.);
#1698=EDGE_CURVE('',#2302,#2267,#2704,.T.);
#1699=EDGE_CURVE('',#2274,#2289,#52,.T.);
#1700=EDGE_CURVE('',#2288,#2251,#53,.F.);
#1701=EDGE_CURVE('',#2303,#2294,#54,.T.);
#1702=EDGE_CURVE('',#2293,#2297,#55,.F.);
#1703=EDGE_CURVE('',#2300,#2277,#233,.F.);
#1704=EDGE_CURVE('',#2300,#2305,#234,.T.);
#1705=EDGE_CURVE('',#2301,#2304,#235,.T.);
#1706=EDGE_CURVE('',#2298,#2301,#236,.T.);
#1707=EDGE_CURVE('',#2298,#2304,#237,.F.);
#1708=EDGE_CURVE('',#2296,#2299,#56,.T.);
#1709=EDGE_CURVE('',#2306,#2307,#238,.T.);
#1710=EDGE_CURVE('',#2306,#2308,#2705,.T.);
#1711=EDGE_CURVE('',#2308,#2309,#2706,.F.);
#1712=EDGE_CURVE('',#2309,#2310,#2707,.T.);
#1713=EDGE_CURVE('',#2310,#2311,#2708,.T.);
#1714=EDGE_CURVE('',#2311,#2312,#2709,.F.);
#1715=EDGE_CURVE('',#2312,#2313,#2710,.F.);
#1716=EDGE_CURVE('',#2313,#2314,#2711,.F.);
#1717=EDGE_CURVE('',#2314,#2315,#2712,.F.);
#1718=EDGE_CURVE('',#2315,#2316,#2713,.T.);
#1719=EDGE_CURVE('',#2316,#2317,#239,.T.);
#1720=EDGE_CURVE('',#2318,#2317,#2714,.T.);
#1721=EDGE_CURVE('',#2318,#2319,#240,.T.);
#1722=EDGE_CURVE('',#2319,#2320,#2715,.T.);
#1723=EDGE_CURVE('',#2320,#2321,#2716,.T.);
#1724=EDGE_CURVE('',#2321,#2322,#2717,.F.);
#1725=EDGE_CURVE('',#2322,#2323,#2718,.T.);
#1726=EDGE_CURVE('',#2323,#2324,#2719,.F.);
#1727=EDGE_CURVE('',#2324,#2325,#2720,.T.);
#1728=EDGE_CURVE('',#2325,#2326,#2721,.T.);
#1729=EDGE_CURVE('',#2326,#2327,#2722,.T.);
#1730=EDGE_CURVE('',#2327,#2328,#2723,.T.);
#1731=EDGE_CURVE('',#2329,#2328,#241,.T.);
#1732=EDGE_CURVE('',#2329,#2330,#2724,.T.);
#1733=EDGE_CURVE('',#2330,#2331,#2725,.F.);
#1734=EDGE_CURVE('',#2331,#2307,#2726,.F.);
#1735=EDGE_CURVE('',#2332,#2333,#2727,.T.);
#1736=EDGE_CURVE('',#2332,#2334,#2728,.T.);
#1737=EDGE_CURVE('',#2334,#2335,#2729,.T.);
#1738=EDGE_CURVE('',#2333,#2335,#2730,.T.);
#1739=EDGE_CURVE('',#2336,#2337,#2731,.T.);
#1740=EDGE_CURVE('',#2337,#2338,#2732,.T.);
#1741=EDGE_CURVE('',#2339,#2338,#2733,.T.);
#1742=EDGE_CURVE('',#2339,#2336,#2734,.T.);
#1743=EDGE_CURVE('',#2340,#2341,#2735,.F.);
#1744=EDGE_CURVE('',#2341,#2342,#2736,.F.);
#1745=EDGE_CURVE('',#2342,#2343,#2737,.T.);
#1746=EDGE_CURVE('',#2343,#2340,#2738,.T.);
#1747=EDGE_CURVE('',#2344,#2345,#2739,.T.);
#1748=EDGE_CURVE('',#2344,#2346,#242,.T.);
#1749=EDGE_CURVE('',#2347,#2346,#2740,.T.);
#1750=EDGE_CURVE('',#2347,#2348,#243,.T.);
#1751=EDGE_CURVE('',#2349,#2348,#2741,.T.);
#1752=EDGE_CURVE('',#2350,#2349,#2742,.T.);
#1753=EDGE_CURVE('',#2350,#2351,#2743,.T.);
#1754=EDGE_CURVE('',#2351,#2352,#244,.T.);
#1755=EDGE_CURVE('',#2353,#2352,#2744,.T.);
#1756=EDGE_CURVE('',#2353,#2354,#245,.T.);
#1757=EDGE_CURVE('',#2354,#2355,#2745,.T.);
#1758=EDGE_CURVE('',#2356,#2355,#2746,.T.);
#1759=EDGE_CURVE('',#2356,#2357,#246,.F.);
#1760=EDGE_CURVE('',#2358,#2357,#2747,.T.);
#1761=EDGE_CURVE('',#2358,#2359,#2748,.T.);
#1762=EDGE_CURVE('',#2359,#2360,#2749,.T.);
#1763=EDGE_CURVE('',#2360,#2361,#2750,.T.);
#1764=EDGE_CURVE('',#2362,#2361,#2751,.T.);
#1765=EDGE_CURVE('',#2362,#2363,#2752,.T.);
#1766=EDGE_CURVE('',#2364,#2363,#2753,.T.);
#1767=EDGE_CURVE('',#2364,#2365,#2754,.T.);
#1768=EDGE_CURVE('',#2366,#2365,#2755,.T.);
#1769=EDGE_CURVE('',#2367,#2366,#2756,.T.);
#1770=EDGE_CURVE('',#2368,#2367,#2757,.T.);
#1771=EDGE_CURVE('',#2368,#2369,#2758,.F.);
#1772=EDGE_CURVE('',#2370,#2369,#2759,.T.);
#1773=EDGE_CURVE('',#2371,#2370,#2760,.T.);
#1774=EDGE_CURVE('',#2371,#2372,#2761,.T.);
#1775=EDGE_CURVE('',#2373,#2372,#2762,.T.);
#1776=EDGE_CURVE('',#2374,#2373,#2763,.T.);
#1777=EDGE_CURVE('',#2374,#2375,#247,.F.);
#1778=EDGE_CURVE('',#2375,#2376,#2764,.T.);
#1779=EDGE_CURVE('',#2376,#2377,#2765,.T.);
#1780=EDGE_CURVE('',#2377,#2378,#248,.T.);
#1781=EDGE_CURVE('',#2378,#2379,#2766,.T.);
#1782=EDGE_CURVE('',#2379,#2380,#249,.T.);
#1783=EDGE_CURVE('',#2380,#2381,#2767,.T.);
#1784=EDGE_CURVE('',#2382,#2381,#2768,.T.);
#1785=EDGE_CURVE('',#2383,#2382,#2769,.T.);
#1786=EDGE_CURVE('',#2383,#2384,#250,.T.);
#1787=EDGE_CURVE('',#2384,#2385,#2770,.T.);
#1788=EDGE_CURVE('',#2385,#2343,#251,.T.);
#1789=EDGE_CURVE('',#2342,#2386,#252,.F.);
#1790=EDGE_CURVE('',#2386,#2387,#2771,.T.);
#1791=EDGE_CURVE('',#2387,#2388,#2772,.T.);
#1792=EDGE_CURVE('',#2389,#2388,#2773,.T.);
#1793=EDGE_CURVE('',#2389,#2345,#253,.F.);
#1794=EDGE_CURVE('',#2390,#2391,#2774,.T.);
#1795=EDGE_CURVE('',#2391,#2377,#2775,.F.);
#1796=EDGE_CURVE('',#2376,#2390,#2776,.T.);
#1797=EDGE_CURVE('',#2392,#2393,#2777,.T.);
#1798=EDGE_CURVE('',#2393,#2394,#254,.F.);
#1799=EDGE_CURVE('',#2394,#2395,#2778,.T.);
#1800=EDGE_CURVE('',#2396,#2395,#2779,.T.);
#1801=EDGE_CURVE('',#2397,#2396,#2780,.T.);
#1802=EDGE_CURVE('',#2397,#2398,#255,.T.);
#1803=EDGE_CURVE('',#2399,#2398,#2781,.T.);
#1804=EDGE_CURVE('',#2399,#2360,#2782,.T.);
#1805=EDGE_CURVE('',#2400,#2359,#2783,.T.);
#1806=EDGE_CURVE('',#2400,#2401,#256,.T.);
#1807=EDGE_CURVE('',#2401,#2402,#2784,.F.);
#1808=EDGE_CURVE('',#2402,#2403,#257,.T.);
#1809=EDGE_CURVE('',#2372,#2403,#2785,.T.);
#1810=EDGE_CURVE('',#2404,#2371,#2786,.T.);
#1811=EDGE_CURVE('',#2404,#2405,#2787,.T.);
#1812=EDGE_CURVE('',#2405,#2406,#258,.T.);
#1813=EDGE_CURVE('',#2406,#2407,#2788,.T.);
#1814=EDGE_CURVE('',#2407,#2408,#2789,.T.);
#1815=EDGE_CURVE('',#2409,#2408,#2790,.T.);
#1816=EDGE_CURVE('',#2409,#2410,#259,.F.);
#1817=EDGE_CURVE('',#2411,#2410,#2791,.T.);
#1818=EDGE_CURVE('',#2411,#2336,#2792,.T.);
#1819=EDGE_CURVE('',#2392,#2339,#2793,.T.);
#1820=EDGE_CURVE('',#2412,#2413,#2794,.F.);
#1821=EDGE_CURVE('',#2413,#2374,#2795,.F.);
#1822=EDGE_CURVE('',#2412,#2373,#2796,.T.);
#1823=EDGE_CURVE('',#2363,#2414,#260,.F.);
#1824=EDGE_CURVE('',#2414,#2415,#2797,.T.);
#1825=EDGE_CURVE('',#2416,#2415,#2798,.T.);
#1826=EDGE_CURVE('',#2416,#2417,#261,.T.);
#1827=EDGE_CURVE('',#2417,#2418,#2799,.T.);
#1828=EDGE_CURVE('',#2419,#2418,#2800,.T.);
#1829=EDGE_CURVE('',#2420,#2419,#2801,.T.);
#1830=EDGE_CURVE('',#2420,#2421,#262,.F.);
#1831=EDGE_CURVE('',#2422,#2421,#2802,.T.);
#1832=EDGE_CURVE('',#2422,#2364,#2803,.T.);
#1833=EDGE_CURVE('',#2423,#2424,#2804,.T.);
#1834=EDGE_CURVE('',#2423,#2362,#263,.T.);
#1835=EDGE_CURVE('',#2425,#2361,#2805,.T.);
#1836=EDGE_CURVE('',#2425,#2426,#2806,.T.);
#1837=EDGE_CURVE('',#2426,#2427,#264,.T.);
#1838=EDGE_CURVE('',#2427,#2428,#2807,.T.);
#1839=EDGE_CURVE('',#2428,#2429,#2808,.T.);
#1840=EDGE_CURVE('',#2430,#2429,#2809,.T.);
#1841=EDGE_CURVE('',#2430,#2431,#265,.F.);
#1842=EDGE_CURVE('',#2424,#2431,#2810,.T.);
#1843=EDGE_CURVE('',#2348,#2432,#2811,.T.);
#1844=EDGE_CURVE('',#2432,#2433,#2812,.F.);
#1845=EDGE_CURVE('',#2349,#2433,#2813,.T.);
#1846=EDGE_CURVE('',#2434,#2435,#2814,.T.);
#1847=EDGE_CURVE('',#2435,#2351,#2815,.F.);
#1848=EDGE_CURVE('',#2350,#2434,#2816,.T.);
#1849=EDGE_CURVE('',#2436,#2437,#2817,.T.);
#1850=EDGE_CURVE('',#2437,#2438,#2818,.T.);
#1851=EDGE_CURVE('',#2439,#2438,#2819,.T.);
#1852=EDGE_CURVE('',#2436,#2439,#2820,.T.);
#1853=EDGE_CURVE('',#2440,#2441,#2821,.T.);
#1854=EDGE_CURVE('',#2441,#2416,#2822,.F.);
#1855=EDGE_CURVE('',#2415,#2440,#2823,.T.);
#1856=EDGE_CURVE('',#2431,#2393,#2824,.F.);
#1857=EDGE_CURVE('',#2392,#2424,#2825,.T.);
#1858=EDGE_CURVE('',#2410,#2442,#2826,.T.);
#1859=EDGE_CURVE('',#2442,#2443,#2827,.T.);
#1860=EDGE_CURVE('',#2411,#2443,#2828,.T.);
#1861=EDGE_CURVE('',#2444,#2365,#2829,.T.);
#1862=EDGE_CURVE('',#2422,#2444,#2830,.T.);
#1863=EDGE_CURVE('',#2421,#2445,#2831,.T.);
#1864=EDGE_CURVE('',#2444,#2445,#2832,.T.);
#1865=EDGE_CURVE('',#2446,#2447,#2833,.T.);
#1866=EDGE_CURVE('',#2446,#2420,#2834,.F.);
#1867=EDGE_CURVE('',#2419,#2447,#2835,.T.);
#1868=EDGE_CURVE('',#2447,#2448,#2836,.T.);
#1869=EDGE_CURVE('',#2418,#2448,#2837,.T.);
#1870=EDGE_CURVE('',#2417,#2449,#2838,.T.);
#1871=EDGE_CURVE('',#2449,#2448,#2839,.T.);
#1872=EDGE_CURVE('',#2450,#2451,#2840,.T.);
#1873=EDGE_CURVE('',#2451,#2452,#2841,.T.);
#1874=EDGE_CURVE('',#2452,#2453,#2842,.T.);
#1875=EDGE_CURVE('',#2440,#2453,#2843,.T.);
#1876=EDGE_CURVE('',#2414,#2423,#2844,.F.);
#1877=EDGE_CURVE('',#2338,#2450,#2845,.T.);
#1878=EDGE_CURVE('',#2452,#2454,#2846,.F.);
#1879=EDGE_CURVE('',#2454,#2455,#2847,.T.);
#1880=EDGE_CURVE('',#2453,#2455,#2848,.T.);
#1881=EDGE_CURVE('',#2454,#2456,#2849,.T.);
#1882=EDGE_CURVE('',#2456,#2457,#2850,.F.);
#1883=EDGE_CURVE('',#2457,#2337,#2851,.T.);
#1884=EDGE_CURVE('',#2458,#2443,#2852,.T.);
#1885=EDGE_CURVE('',#2458,#2459,#2853,.T.);
#1886=EDGE_CURVE('',#2459,#2436,#2854,.T.);
#1887=EDGE_CURVE('',#2439,#2455,#2855,.T.);
#1888=EDGE_CURVE('',#2460,#2461,#2856,.T.);
#1889=EDGE_CURVE('',#2460,#2462,#2857,.F.);
#1890=EDGE_CURVE('',#2462,#2463,#2858,.T.);
#1891=EDGE_CURVE('',#2463,#2461,#2859,.T.);
#1892=EDGE_CURVE('',#2464,#2461,#2860,.T.);
#1893=EDGE_CURVE('',#2465,#2463,#2861,.T.);
#1894=EDGE_CURVE('',#2465,#2464,#2862,.T.);
#1895=EDGE_CURVE('',#2466,#2465,#2863,.T.);
#1896=EDGE_CURVE('',#2466,#2467,#2864,.T.);
#1897=EDGE_CURVE('',#2467,#2464,#2865,.T.);
#1898=EDGE_CURVE('',#2468,#2469,#2866,.T.);
#1899=EDGE_CURVE('',#2469,#2470,#2867,.F.);
#1900=EDGE_CURVE('',#2471,#2470,#2868,.T.);
#1901=EDGE_CURVE('',#2471,#2468,#2869,.T.);
#1902=EDGE_CURVE('',#2468,#2366,#2870,.T.);
#1903=EDGE_CURVE('',#2471,#2367,#2871,.T.);
#1904=EDGE_CURVE('',#2449,#2441,#266,.T.);
#1905=EDGE_CURVE('',#2438,#2460,#267,.T.);
#1906=EDGE_CURVE('',#2467,#2469,#268,.F.);
#1907=EDGE_CURVE('',#2445,#2446,#269,.F.);
#1908=EDGE_CURVE('',#2470,#2466,#270,.F.);
#1909=EDGE_CURVE('',#2462,#2437,#271,.T.);
#1910=EDGE_CURVE('',#2459,#2368,#272,.F.);
#1911=EDGE_CURVE('',#2472,#2473,#2872,.T.);
#1912=EDGE_CURVE('',#2472,#2474,#273,.T.);
#1913=EDGE_CURVE('',#2475,#2474,#2873,.T.);
#1914=EDGE_CURVE('',#2475,#2370,#2874,.T.);
#1915=EDGE_CURVE('',#2369,#2458,#274,.T.);
#1916=EDGE_CURVE('',#2442,#2476,#275,.F.);
#1917=EDGE_CURVE('',#2476,#2477,#2875,.T.);
#1918=EDGE_CURVE('',#2473,#2477,#2876,.T.);
#1919=EDGE_CURVE('',#2399,#2425,#2877,.T.);
#1920=EDGE_CURVE('',#2398,#2426,#2878,.T.);
#1921=EDGE_CURVE('',#2427,#2397,#2879,.F.);
#1922=EDGE_CURVE('',#2396,#2428,#2880,.T.);
#1923=EDGE_CURVE('',#2395,#2429,#2881,.T.);
#1924=EDGE_CURVE('',#2394,#2430,#2882,.T.);
#1925=EDGE_CURVE('',#2476,#2409,#2883,.F.);
#1926=EDGE_CURVE('',#2408,#2477,#2884,.T.);
#1927=EDGE_CURVE('',#2407,#2473,#2885,.T.);
#1928=EDGE_CURVE('',#2406,#2472,#2886,.T.);
#1929=EDGE_CURVE('',#2474,#2405,#2887,.F.);
#1930=EDGE_CURVE('',#2404,#2475,#2888,.T.);
#1931=EDGE_CURVE('',#2381,#2478,#2889,.T.);
#1932=EDGE_CURVE('',#2478,#2479,#2890,.F.);
#1933=EDGE_CURVE('',#2382,#2479,#2891,.T.);
#1934=EDGE_CURVE('',#2479,#2480,#2892,.F.);
#1935=EDGE_CURVE('',#2480,#2383,#2893,.F.);
#1936=EDGE_CURVE('',#2433,#2434,#2894,.F.);
#1937=EDGE_CURVE('',#2380,#2481,#2895,.T.);
#1938=EDGE_CURVE('',#2481,#2478,#2896,.T.);
#1939=EDGE_CURVE('',#2482,#2483,#2897,.T.);
#1940=EDGE_CURVE('',#2483,#2379,#2898,.F.);
#1941=EDGE_CURVE('',#2378,#2482,#2899,.T.);
#1942=EDGE_CURVE('',#2352,#2484,#2900,.T.);
#1943=EDGE_CURVE('',#2484,#2485,#2901,.F.);
#1944=EDGE_CURVE('',#2485,#2353,#2902,.F.);
#1945=EDGE_CURVE('',#2486,#2487,#2903,.T.);
#1946=EDGE_CURVE('',#2487,#2385,#2904,.F.);
#1947=EDGE_CURVE('',#2384,#2486,#2905,.T.);
#1948=EDGE_CURVE('',#2346,#2488,#2906,.T.);
#1949=EDGE_CURVE('',#2488,#2489,#2907,.F.);
#1950=EDGE_CURVE('',#2489,#2347,#2908,.F.);
#1951=EDGE_CURVE('',#2357,#2490,#2909,.T.);
#1952=EDGE_CURVE('',#2490,#2491,#2910,.F.);
#1953=EDGE_CURVE('',#2358,#2491,#2911,.T.);
#1954=EDGE_CURVE('',#2375,#2492,#2912,.T.);
#1955=EDGE_CURVE('',#2492,#2390,#2913,.T.);
#1956=EDGE_CURVE('',#2354,#2493,#2914,.T.);
#1957=EDGE_CURVE('',#2493,#2494,#2915,.T.);
#1958=EDGE_CURVE('',#2355,#2494,#2916,.T.);
#1959=EDGE_CURVE('',#2494,#2495,#2917,.F.);
#1960=EDGE_CURVE('',#2495,#2356,#2918,.F.);
#1961=EDGE_CURVE('',#2345,#2496,#2919,.T.);
#1962=EDGE_CURVE('',#2496,#2497,#2920,.F.);
#1963=EDGE_CURVE('',#2497,#2344,#2921,.F.);
#1964=EDGE_CURVE('',#2386,#2498,#2922,.T.);
#1965=EDGE_CURVE('',#2498,#2499,#2923,.T.);
#1966=EDGE_CURVE('',#2387,#2499,#2924,.T.);
#1967=EDGE_CURVE('',#2499,#2500,#2925,.T.);
#1968=EDGE_CURVE('',#2388,#2500,#2926,.T.);
#1969=EDGE_CURVE('',#2500,#2501,#2927,.F.);
#1970=EDGE_CURVE('',#2501,#2389,#2928,.F.);
#1971=EDGE_CURVE('',#2317,#2502,#2929,.T.);
#1972=EDGE_CURVE('',#2502,#2503,#2930,.T.);
#1973=EDGE_CURVE('',#2503,#2318,#2931,.T.);
#1974=EDGE_CURVE('',#2504,#2505,#2932,.F.);
#1975=EDGE_CURVE('',#2505,#2316,#2933,.F.);
#1976=EDGE_CURVE('',#2316,#2412,#276,.T.);
#1977=EDGE_CURVE('',#2403,#2504,#104,.T.);
#1978=EDGE_CURVE('',#2506,#2507,#2934,.F.);
#1979=EDGE_CURVE('',#2507,#2508,#2935,.F.);
#1980=EDGE_CURVE('',#2508,#2509,#2936,.T.);
#1981=EDGE_CURVE('',#2509,#2506,#2937,.T.);
#1982=EDGE_CURVE('',#2491,#2319,#277,.T.);
#1983=EDGE_CURVE('',#2319,#2510,#2938,.F.);
#1984=EDGE_CURVE('',#2510,#2511,#2939,.T.);
#1985=EDGE_CURVE('',#2511,#2400,#105,.F.);
#1986=EDGE_CURVE('',#2492,#2315,#278,.T.);
#1987=EDGE_CURVE('',#2390,#2314,#57,.T.);
#1988=EDGE_CURVE('',#2313,#2391,#58,.T.);
#1989=EDGE_CURVE('',#2312,#2483,#59,.T.);
#1990=EDGE_CURVE('',#2482,#2313,#60,.F.);
#1991=EDGE_CURVE('',#2481,#2312,#61,.F.);
#1992=EDGE_CURVE('',#2478,#2311,#62,.T.);
#1993=EDGE_CURVE('',#2479,#2310,#63,.T.);
#1994=EDGE_CURVE('',#2309,#2480,#64,.T.);
#1995=EDGE_CURVE('',#2308,#2487,#65,.T.);
#1996=EDGE_CURVE('',#2486,#2309,#66,.F.);
#1997=EDGE_CURVE('',#2306,#2341,#279,.T.);
#1998=EDGE_CURVE('',#2340,#2308,#67,.F.);
#1999=EDGE_CURVE('',#2498,#2307,#280,.T.);
#2000=EDGE_CURVE('',#2499,#2331,#68,.T.);
#2001=EDGE_CURVE('',#2500,#2330,#69,.T.);
#2002=EDGE_CURVE('',#2329,#2501,#281,.T.);
#2003=EDGE_CURVE('',#2496,#2328,#282,.T.);
#2004=EDGE_CURVE('',#2327,#2497,#70,.T.);
#2005=EDGE_CURVE('',#2488,#2327,#71,.F.);
#2006=EDGE_CURVE('',#2326,#2489,#72,.T.);
#2007=EDGE_CURVE('',#2432,#2326,#73,.F.);
#2008=EDGE_CURVE('',#2433,#2325,#74,.T.);
#2009=EDGE_CURVE('',#2434,#2324,#75,.T.);
#2010=EDGE_CURVE('',#2323,#2435,#76,.T.);
#2011=EDGE_CURVE('',#2484,#2323,#77,.F.);
#2012=EDGE_CURVE('',#2322,#2485,#78,.T.);
#2013=EDGE_CURVE('',#2320,#2495,#283,.T.);
#2014=EDGE_CURVE('',#2321,#2494,#79,.F.);
#2015=EDGE_CURVE('',#2493,#2322,#80,.F.);
#2016=EDGE_CURVE('',#2510,#2507,#284,.T.);
#2017=EDGE_CURVE('',#2511,#2506,#285,.T.);
#2018=EDGE_CURVE('',#2401,#2506,#286,.T.);
#2019=EDGE_CURVE('',#2508,#2505,#287,.T.);
#2020=EDGE_CURVE('',#2509,#2504,#288,.T.);
#2021=EDGE_CURVE('',#2402,#2509,#289,.T.);
#2022=EDGE_CURVE('',#2512,#2513,#2940,.T.);
#2023=EDGE_CURVE('',#2513,#2514,#2941,.F.);
#2024=EDGE_CURVE('',#2515,#2514,#2942,.T.);
#2025=EDGE_CURVE('',#2515,#2512,#2943,.T.);
#2026=EDGE_CURVE('',#2516,#2515,#2944,.T.);
#2027=EDGE_CURVE('',#2516,#2517,#2945,.T.);
#2028=EDGE_CURVE('',#2517,#2512,#2946,.T.);
#2029=EDGE_CURVE('',#2518,#2519,#2947,.T.);
#2030=EDGE_CURVE('',#2519,#2520,#2948,.F.);
#2031=EDGE_CURVE('',#2520,#2521,#2949,.T.);
#2032=EDGE_CURVE('',#2521,#2522,#290,.T.);
#2033=EDGE_CURVE('',#2522,#2523,#2950,.T.);
#2034=EDGE_CURVE('',#2524,#2523,#2951,.T.);
#2035=EDGE_CURVE('',#2525,#2524,#2952,.T.);
#2036=EDGE_CURVE('',#2525,#2526,#2953,.T.);
#2037=EDGE_CURVE('',#2526,#2527,#291,.F.);
#2038=EDGE_CURVE('',#2527,#2528,#2954,.T.);
#2039=EDGE_CURVE('',#2528,#2529,#2955,.F.);
#2040=EDGE_CURVE('',#2529,#2334,#2956,.T.);
#2041=EDGE_CURVE('',#2530,#2332,#2957,.T.);
#2042=EDGE_CURVE('',#2530,#2531,#2958,.F.);
#2043=EDGE_CURVE('',#2532,#2531,#2959,.T.);
#2044=EDGE_CURVE('',#2532,#2533,#292,.F.);
#2045=EDGE_CURVE('',#2534,#2533,#2960,.T.);
#2046=EDGE_CURVE('',#2516,#2534,#2961,.T.);
#2047=EDGE_CURVE('',#2514,#2535,#293,.T.);
#2048=EDGE_CURVE('',#2535,#2536,#2962,.F.);
#2049=EDGE_CURVE('',#2536,#2518,#2963,.F.);
#2050=EDGE_CURVE('',#2523,#2537,#2964,.T.);
#2051=EDGE_CURVE('',#2538,#2537,#2965,.T.);
#2052=EDGE_CURVE('',#2524,#2538,#2966,.T.);
#2053=EDGE_CURVE('',#2539,#2540,#2967,.F.);
#2054=EDGE_CURVE('',#2540,#2541,#2968,.F.);
#2055=EDGE_CURVE('',#2541,#2542,#2969,.F.);
#2056=EDGE_CURVE('',#2542,#2543,#2970,.F.);
#2057=EDGE_CURVE('',#2543,#2513,#294,.F.);
#2058=EDGE_CURVE('',#2517,#2544,#2971,.T.);
#2059=EDGE_CURVE('',#2544,#2545,#2972,.T.);
#2060=EDGE_CURVE('',#2545,#2546,#295,.T.);
#2061=EDGE_CURVE('',#2546,#2547,#2973,.T.);
#2062=EDGE_CURVE('',#2547,#2548,#2974,.F.);
#2063=EDGE_CURVE('',#2548,#2333,#2975,.T.);
#2064=EDGE_CURVE('',#2549,#2335,#2976,.T.);
#2065=EDGE_CURVE('',#2549,#2550,#2977,.F.);
#2066=EDGE_CURVE('',#2551,#2550,#2978,.T.);
#2067=EDGE_CURVE('',#2551,#2552,#296,.T.);
#2068=EDGE_CURVE('',#2553,#2552,#2979,.T.);
#2069=EDGE_CURVE('',#2553,#2538,#2980,.T.);
#2070=EDGE_CURVE('',#2554,#2537,#2981,.T.);
#2071=EDGE_CURVE('',#2554,#2555,#297,.F.);
#2072=EDGE_CURVE('',#2555,#2539,#2982,.T.);
#2073=EDGE_CURVE('',#2522,#2554,#2983,.T.);
#2074=EDGE_CURVE('',#2529,#2549,#2984,.T.);
#2075=EDGE_CURVE('',#2553,#2525,#2985,.T.);
#2076=EDGE_CURVE('',#2548,#2530,#2986,.T.);
#2077=EDGE_CURVE('',#2544,#2534,#2987,.T.);
#2078=EDGE_CURVE('',#2546,#2532,#2988,.T.);
#2079=EDGE_CURVE('',#2531,#2547,#2989,.T.);
#2080=EDGE_CURVE('',#2533,#2545,#2990,.F.);
#2081=EDGE_CURVE('',#2552,#2526,#2991,.T.);
#2082=EDGE_CURVE('',#2527,#2551,#2992,.F.);
#2083=EDGE_CURVE('',#2550,#2528,#2993,.T.);
#2084=EDGE_CURVE('',#2555,#2521,#2994,.F.);
#2085=EDGE_CURVE('',#2520,#2556,#81,.T.);
#2086=EDGE_CURVE('',#2556,#2557,#2995,.F.);
#2087=EDGE_CURVE('',#2557,#2539,#82,.T.);
#2088=EDGE_CURVE('',#2535,#2543,#2996,.F.);
#2089=EDGE_CURVE('',#2542,#2558,#83,.F.);
#2090=EDGE_CURVE('',#2558,#2559,#2997,.F.);
#2091=EDGE_CURVE('',#2559,#2536,#84,.F.);
#2092=EDGE_CURVE('',#2541,#2337,#85,.T.);
#2093=EDGE_CURVE('',#2558,#2457,#86,.T.);
#2094=EDGE_CURVE('',#2559,#2456,#87,.T.);
#2095=EDGE_CURVE('',#2454,#2518,#88,.T.);
#2096=EDGE_CURVE('',#2450,#2557,#89,.F.);
#2097=EDGE_CURVE('',#2338,#2540,#90,.T.);
#2098=EDGE_CURVE('',#2451,#2556,#91,.F.);
#2099=EDGE_CURVE('',#2519,#2452,#92,.T.);
#2100=EDGE_CURVE('',#2498,#2341,#298,.F.);
#2101=EDGE_CURVE('',#2496,#2501,#299,.F.);
#2102=EDGE_CURVE('',#2510,#2503,#93,.F.);
#2103=EDGE_CURVE('',#2507,#2503,#94,.F.);
#2104=EDGE_CURVE('',#2508,#2502,#95,.F.);
#2105=EDGE_CURVE('',#2505,#2502,#96,.F.);
#2106=EDGE_CURVE('',#2320,#2490,#97,.T.);
#2107=EDGE_CURVE('',#2495,#2490,#98,.T.);
#2108=EDGE_CURVE('',#2413,#2315,#99,.F.);
#2109=EDGE_CURVE('',#2413,#2492,#100,.F.);
#2110=EDGE_CURVE('',#2488,#2497,#300,.T.);
#2111=EDGE_CURVE('',#2340,#2487,#301,.T.);
#2112=EDGE_CURVE('',#2432,#2489,#302,.T.);
#2113=EDGE_CURVE('',#2486,#2480,#303,.T.);
#2114=EDGE_CURVE('',#2484,#2435,#304,.T.);
#2115=EDGE_CURVE('',#2481,#2483,#305,.T.);
#2116=EDGE_CURVE('',#2493,#2485,#306,.T.);
#2117=EDGE_CURVE('',#2482,#2391,#307,.T.);
#2118=EDGE_CURVE('',#2560,#2561,#2998,.T.);
#2119=EDGE_CURVE('',#2560,#2562,#2999,.F.);
#2120=EDGE_CURVE('',#2563,#2562,#3000,.T.);
#2121=EDGE_CURVE('',#2563,#2564,#3001,.T.);
#2122=EDGE_CURVE('',#2564,#2565,#3002,.F.);
#2123=EDGE_CURVE('',#2561,#2565,#3003,.T.);
#2124=EDGE_CURVE('',#2566,#2567,#3004,.T.);
#2125=EDGE_CURVE('',#2566,#2568,#3005,.T.);
#2126=EDGE_CURVE('',#2568,#2569,#308,.T.);
#2127=EDGE_CURVE('',#2570,#2569,#3006,.T.);
#2128=EDGE_CURVE('',#2570,#2567,#3007,.F.);
#2129=EDGE_CURVE('',#2571,#2572,#309,.F.);
#2130=EDGE_CURVE('',#2572,#2573,#3008,.F.);
#2131=EDGE_CURVE('',#2573,#2574,#3009,.T.);
#2132=EDGE_CURVE('',#2574,#2575,#3010,.T.);
#2133=EDGE_CURVE('',#2575,#2571,#3011,.T.);
#2134=EDGE_CURVE('',#2576,#2577,#3012,.T.);
#2135=EDGE_CURVE('',#2577,#2578,#3013,.T.);
#2136=EDGE_CURVE('',#2578,#2579,#3014,.T.);
#2137=EDGE_CURVE('',#2580,#2579,#3015,.T.);
#2138=EDGE_CURVE('',#2580,#2581,#3016,.T.);
#2139=EDGE_CURVE('',#2576,#2581,#3017,.T.);
#2140=EDGE_CURVE('',#2582,#2583,#3018,.T.);
#2141=EDGE_CURVE('',#2582,#2584,#3019,.F.);
#2142=EDGE_CURVE('',#2585,#2584,#3020,.T.);
#2143=EDGE_CURVE('',#2585,#2583,#3021,.T.);
#2144=EDGE_CURVE('',#2586,#2587,#3022,.T.);
#2145=EDGE_CURVE('',#2587,#2588,#3023,.T.);
#2146=EDGE_CURVE('',#2588,#2589,#3024,.T.);
#2147=EDGE_CURVE('',#2589,#2586,#3025,.F.);
#2148=EDGE_CURVE('',#2590,#2591,#3026,.T.);
#2149=EDGE_CURVE('',#2591,#2592,#3027,.T.);
#2150=EDGE_CURVE('',#2592,#2593,#3028,.T.);
#2151=EDGE_CURVE('',#2593,#2590,#3029,.F.);
#2152=EDGE_CURVE('',#2594,#2595,#3030,.T.);
#2153=EDGE_CURVE('',#2595,#2596,#3031,.F.);
#2154=EDGE_CURVE('',#2596,#2597,#106,.T.);
#2155=EDGE_CURVE('',#2597,#2598,#3032,.F.);
#2156=EDGE_CURVE('',#2598,#2599,#3033,.T.);
#2157=EDGE_CURVE('',#2599,#2600,#3034,.T.);
#2158=EDGE_CURVE('',#2600,#2601,#107,.T.);
#2159=EDGE_CURVE('',#2601,#2594,#3035,.F.);
#2160=EDGE_CURVE('',#2602,#2603,#3036,.T.);
#2161=EDGE_CURVE('',#2603,#2604,#3037,.T.);
#2162=EDGE_CURVE('',#2605,#2604,#3038,.T.);
#2163=EDGE_CURVE('',#2605,#2602,#3039,.T.);
#2164=EDGE_CURVE('',#2606,#2607,#3040,.T.);
#2165=EDGE_CURVE('',#2607,#2608,#3041,.T.);
#2166=EDGE_CURVE('',#2609,#2608,#3042,.T.);
#2167=EDGE_CURVE('',#2606,#2609,#3043,.T.);
#2168=EDGE_CURVE('',#2610,#2604,#3044,.T.);
#2169=EDGE_CURVE('',#2610,#2564,#310,.T.);
#2170=EDGE_CURVE('',#2605,#2563,#3045,.T.);
#2171=EDGE_CURVE('',#2611,#2602,#3046,.T.);
#2172=EDGE_CURVE('',#2611,#2612,#3047,.T.);
#2173=EDGE_CURVE('',#2603,#2612,#3048,.T.);
#2174=EDGE_CURVE('',#2608,#2613,#3049,.T.);
#2175=EDGE_CURVE('',#2613,#2614,#3050,.F.);
#2176=EDGE_CURVE('',#2614,#2609,#3051,.T.);
#2177=EDGE_CURVE('',#2581,#2615,#311,.F.);
#2178=EDGE_CURVE('',#2615,#2607,#3052,.T.);
#2179=EDGE_CURVE('',#2606,#2576,#3053,.T.);
#2180=EDGE_CURVE('',#2562,#2591,#312,.F.);
#2181=EDGE_CURVE('',#2590,#2587,#313,.F.);
#2182=EDGE_CURVE('',#2586,#2585,#314,.F.);
#2183=EDGE_CURVE('',#2584,#2577,#315,.F.);
#2184=EDGE_CURVE('',#2614,#2616,#316,.F.);
#2185=EDGE_CURVE('',#2616,#2574,#317,.T.);
#2186=EDGE_CURVE('',#2573,#2599,#318,.T.);
#2187=EDGE_CURVE('',#2598,#2566,#319,.T.);
#2188=EDGE_CURVE('',#2567,#2617,#320,.T.);
#2189=EDGE_CURVE('',#2617,#2611,#321,.F.);
#2190=EDGE_CURVE('',#2618,#2579,#3054,.T.);
#2191=EDGE_CURVE('',#2618,#2619,#3055,.F.);
#2192=EDGE_CURVE('',#2619,#2620,#3056,.T.);
#2193=EDGE_CURVE('',#2620,#2580,#322,.T.);
#2194=EDGE_CURVE('',#2575,#2621,#323,.F.);
#2195=EDGE_CURVE('',#2621,#2613,#324,.T.);
#2196=EDGE_CURVE('',#2615,#2620,#3057,.F.);
#2197=EDGE_CURVE('',#2619,#2622,#3058,.T.);
#2198=EDGE_CURVE('',#2622,#2571,#108,.F.);
#2199=EDGE_CURVE('',#2623,#2624,#3059,.T.);
#2200=EDGE_CURVE('',#2623,#2625,#3060,.F.);
#2201=EDGE_CURVE('',#2625,#2626,#3061,.F.);
#2202=EDGE_CURVE('',#2626,#2624,#3062,.T.);
#2203=EDGE_CURVE('',#2627,#2628,#3063,.T.);
#2204=EDGE_CURVE('',#2627,#2629,#3064,.T.);
#2205=EDGE_CURVE('',#2629,#2561,#3065,.T.);
#2206=EDGE_CURVE('',#2565,#2628,#325,.F.);
#2207=EDGE_CURVE('',#2630,#2631,#3066,.T.);
#2208=EDGE_CURVE('',#2630,#2632,#3067,.F.);
#2209=EDGE_CURVE('',#2632,#2633,#3068,.F.);
#2210=EDGE_CURVE('',#2633,#2631,#3069,.T.);
#2211=EDGE_CURVE('',#2612,#2634,#326,.T.);
#2212=EDGE_CURVE('',#2634,#2570,#327,.F.);
#2213=EDGE_CURVE('',#2569,#2635,#109,.T.);
#2214=EDGE_CURVE('',#2635,#2627,#3070,.T.);
#2215=EDGE_CURVE('',#2628,#2610,#3071,.T.);
#2216=EDGE_CURVE('',#2592,#2560,#328,.T.);
#2217=EDGE_CURVE('',#2629,#2630,#329,.F.);
#2218=EDGE_CURVE('',#2631,#2636,#330,.T.);
#2219=EDGE_CURVE('',#2636,#2595,#331,.F.);
#2220=EDGE_CURVE('',#2594,#2637,#332,.F.);
#2221=EDGE_CURVE('',#2637,#2623,#333,.T.);
#2222=EDGE_CURVE('',#2624,#2618,#334,.F.);
#2223=EDGE_CURVE('',#2578,#2582,#335,.T.);
#2224=EDGE_CURVE('',#2583,#2589,#336,.T.);
#2225=EDGE_CURVE('',#2588,#2593,#337,.T.);
#2226=EDGE_CURVE('',#2638,#2633,#338,.T.);
#2227=EDGE_CURVE('',#2638,#2636,#3072,.F.);
#2228=EDGE_CURVE('',#2568,#2638,#110,.T.);
#2229=EDGE_CURVE('',#2635,#2633,#339,.F.);
#2230=EDGE_CURVE('',#2632,#2627,#101,.F.);
#2231=EDGE_CURVE('',#2637,#2639,#3073,.F.);
#2232=EDGE_CURVE('',#2625,#2639,#340,.T.);
#2233=EDGE_CURVE('',#2619,#2626,#102,.T.);
#2234=EDGE_CURVE('',#2639,#2572,#111,.T.);
#2235=EDGE_CURVE('',#2625,#2622,#341,.T.);
#2236=EDGE_CURVE('',#2596,#2638,#342,.T.);
#2237=EDGE_CURVE('',#2597,#2568,#343,.T.);
#2238=EDGE_CURVE('',#2639,#2601,#344,.T.);
#2239=EDGE_CURVE('',#2572,#2600,#345,.T.);
#2240=EDGE_CURVE('',#2621,#2616,#3074,.F.);
#2241=EDGE_CURVE('',#2617,#2634,#3075,.T.);
#2242=VERTEX_POINT('',#6109);
#2243=VERTEX_POINT('',#6110);
#2244=VERTEX_POINT('',#6112);
#2245=VERTEX_POINT('',#6114);
#2246=VERTEX_POINT('',#6116);
#2247=VERTEX_POINT('',#6118);
#2248=VERTEX_POINT('',#6120);
#2249=VERTEX_POINT('',#6124);
#2250=VERTEX_POINT('',#6126);
#2251=VERTEX_POINT('',#6129);
#2252=VERTEX_POINT('',#6130);
#2253=VERTEX_POINT('',#6132);
#2254=VERTEX_POINT('',#6134);
#2255=VERTEX_POINT('',#6136);
#2256=VERTEX_POINT('',#6138);
#2257=VERTEX_POINT('',#6140);
#2258=VERTEX_POINT('',#6142);
#2259=VERTEX_POINT('',#6144);
#2260=VERTEX_POINT('',#6146);
#2261=VERTEX_POINT('',#6148);
#2262=VERTEX_POINT('',#6150);
#2263=VERTEX_POINT('',#6152);
#2264=VERTEX_POINT('',#6154);
#2265=VERTEX_POINT('',#6156);
#2266=VERTEX_POINT('',#6158);
#2267=VERTEX_POINT('',#6160);
#2268=VERTEX_POINT('',#6162);
#2269=VERTEX_POINT('',#6164);
#2270=VERTEX_POINT('',#6166);
#2271=VERTEX_POINT('',#6168);
#2272=VERTEX_POINT('',#6170);
#2273=VERTEX_POINT('',#6172);
#2274=VERTEX_POINT('',#6174);
#2275=VERTEX_POINT('',#6179);
#2276=VERTEX_POINT('',#6181);
#2277=VERTEX_POINT('',#6194);
#2278=VERTEX_POINT('',#6198);
#2279=VERTEX_POINT('',#6200);
#2280=VERTEX_POINT('',#6204);
#2281=VERTEX_POINT('',#6208);
#2282=VERTEX_POINT('',#6212);
#2283=VERTEX_POINT('',#6214);
#2284=VERTEX_POINT('',#6216);
#2285=VERTEX_POINT('',#6218);
#2286=VERTEX_POINT('',#6222);
#2287=VERTEX_POINT('',#6224);
#2288=VERTEX_POINT('',#6225);
#2289=VERTEX_POINT('',#6227);
#2290=VERTEX_POINT('',#6229);
#2291=VERTEX_POINT('',#6231);
#2292=VERTEX_POINT('',#6233);
#2293=VERTEX_POINT('',#6237);
#2294=VERTEX_POINT('',#6238);
#2295=VERTEX_POINT('',#6243);
#2296=VERTEX_POINT('',#6245);
#2297=VERTEX_POINT('',#6247);
#2298=VERTEX_POINT('',#6251);
#2299=VERTEX_POINT('',#6253);
#2300=VERTEX_POINT('',#6257);
#2301=VERTEX_POINT('',#6258);
#2302=VERTEX_POINT('',#6266);
#2303=VERTEX_POINT('',#6267);
#2304=VERTEX_POINT('',#6270);
#2305=VERTEX_POINT('',#6272);
#2306=VERTEX_POINT('',#6317);
#2307=VERTEX_POINT('',#6318);
#2308=VERTEX_POINT('',#6320);
#2309=VERTEX_POINT('',#6322);
#2310=VERTEX_POINT('',#6324);
#2311=VERTEX_POINT('',#6326);
#2312=VERTEX_POINT('',#6328);
#2313=VERTEX_POINT('',#6330);
#2314=VERTEX_POINT('',#6332);
#2315=VERTEX_POINT('',#6334);
#2316=VERTEX_POINT('',#6336);
#2317=VERTEX_POINT('',#6338);
#2318=VERTEX_POINT('',#6340);
#2319=VERTEX_POINT('',#6342);
#2320=VERTEX_POINT('',#6344);
#2321=VERTEX_POINT('',#6346);
#2322=VERTEX_POINT('',#6348);
#2323=VERTEX_POINT('',#6350);
#2324=VERTEX_POINT('',#6352);
#2325=VERTEX_POINT('',#6354);
#2326=VERTEX_POINT('',#6356);
#2327=VERTEX_POINT('',#6358);
#2328=VERTEX_POINT('',#6360);
#2329=VERTEX_POINT('',#6362);
#2330=VERTEX_POINT('',#6364);
#2331=VERTEX_POINT('',#6366);
#2332=VERTEX_POINT('',#6370);
#2333=VERTEX_POINT('',#6371);
#2334=VERTEX_POINT('',#6373);
#2335=VERTEX_POINT('',#6375);
#2336=VERTEX_POINT('',#6379);
#2337=VERTEX_POINT('',#6380);
#2338=VERTEX_POINT('',#6382);
#2339=VERTEX_POINT('',#6384);
#2340=VERTEX_POINT('',#6388);
#2341=VERTEX_POINT('',#6389);
#2342=VERTEX_POINT('',#6391);
#2343=VERTEX_POINT('',#6393);
#2344=VERTEX_POINT('',#6397);
#2345=VERTEX_POINT('',#6398);
#2346=VERTEX_POINT('',#6400);
#2347=VERTEX_POINT('',#6402);
#2348=VERTEX_POINT('',#6404);
#2349=VERTEX_POINT('',#6406);
#2350=VERTEX_POINT('',#6408);
#2351=VERTEX_POINT('',#6410);
#2352=VERTEX_POINT('',#6412);
#2353=VERTEX_POINT('',#6414);
#2354=VERTEX_POINT('',#6416);
#2355=VERTEX_POINT('',#6418);
#2356=VERTEX_POINT('',#6420);
#2357=VERTEX_POINT('',#6422);
#2358=VERTEX_POINT('',#6424);
#2359=VERTEX_POINT('',#6426);
#2360=VERTEX_POINT('',#6428);
#2361=VERTEX_POINT('',#6430);
#2362=VERTEX_POINT('',#6432);
#2363=VERTEX_POINT('',#6434);
#2364=VERTEX_POINT('',#6436);
#2365=VERTEX_POINT('',#6438);
#2366=VERTEX_POINT('',#6440);
#2367=VERTEX_POINT('',#6442);
#2368=VERTEX_POINT('',#6444);
#2369=VERTEX_POINT('',#6446);
#2370=VERTEX_POINT('',#6448);
#2371=VERTEX_POINT('',#6450);
#2372=VERTEX_POINT('',#6452);
#2373=VERTEX_POINT('',#6454);
#2374=VERTEX_POINT('',#6456);
#2375=VERTEX_POINT('',#6458);
#2376=VERTEX_POINT('',#6460);
#2377=VERTEX_POINT('',#6462);
#2378=VERTEX_POINT('',#6464);
#2379=VERTEX_POINT('',#6466);
#2380=VERTEX_POINT('',#6468);
#2381=VERTEX_POINT('',#6470);
#2382=VERTEX_POINT('',#6472);
#2383=VERTEX_POINT('',#6474);
#2384=VERTEX_POINT('',#6476);
#2385=VERTEX_POINT('',#6478);
#2386=VERTEX_POINT('',#6481);
#2387=VERTEX_POINT('',#6483);
#2388=VERTEX_POINT('',#6485);
#2389=VERTEX_POINT('',#6487);
#2390=VERTEX_POINT('',#6491);
#2391=VERTEX_POINT('',#6492);
#2392=VERTEX_POINT('',#6497);
#2393=VERTEX_POINT('',#6498);
#2394=VERTEX_POINT('',#6500);
#2395=VERTEX_POINT('',#6502);
#2396=VERTEX_POINT('',#6504);
#2397=VERTEX_POINT('',#6506);
#2398=VERTEX_POINT('',#6508);
#2399=VERTEX_POINT('',#6510);
#2400=VERTEX_POINT('',#6513);
#2401=VERTEX_POINT('',#6515);
#2402=VERTEX_POINT('',#6517);
#2403=VERTEX_POINT('',#6519);
#2404=VERTEX_POINT('',#6522);
#2405=VERTEX_POINT('',#6524);
#2406=VERTEX_POINT('',#6526);
#2407=VERTEX_POINT('',#6528);
#2408=VERTEX_POINT('',#6530);
#2409=VERTEX_POINT('',#6532);
#2410=VERTEX_POINT('',#6534);
#2411=VERTEX_POINT('',#6536);
#2412=VERTEX_POINT('',#6541);
#2413=VERTEX_POINT('',#6542);
#2414=VERTEX_POINT('',#6547);
#2415=VERTEX_POINT('',#6549);
#2416=VERTEX_POINT('',#6551);
#2417=VERTEX_POINT('',#6553);
#2418=VERTEX_POINT('',#6555);
#2419=VERTEX_POINT('',#6557);
#2420=VERTEX_POINT('',#6559);
#2421=VERTEX_POINT('',#6561);
#2422=VERTEX_POINT('',#6563);
#2423=VERTEX_POINT('',#6567);
#2424=VERTEX_POINT('',#6568);
#2425=VERTEX_POINT('',#6571);
#2426=VERTEX_POINT('',#6573);
#2427=VERTEX_POINT('',#6575);
#2428=VERTEX_POINT('',#6577);
#2429=VERTEX_POINT('',#6579);
#2430=VERTEX_POINT('',#6581);
#2431=VERTEX_POINT('',#6583);
#2432=VERTEX_POINT('',#6587);
#2433=VERTEX_POINT('',#6589);
#2434=VERTEX_POINT('',#6593);
#2435=VERTEX_POINT('',#6594);
#2436=VERTEX_POINT('',#6599);
#2437=VERTEX_POINT('',#6600);
#2438=VERTEX_POINT('',#6602);
#2439=VERTEX_POINT('',#6604);
#2440=VERTEX_POINT('',#6608);
#2441=VERTEX_POINT('',#6609);
#2442=VERTEX_POINT('',#6617);
#2443=VERTEX_POINT('',#6619);
#2444=VERTEX_POINT('',#6623);
#2445=VERTEX_POINT('',#6627);
#2446=VERTEX_POINT('',#6631);
#2447=VERTEX_POINT('',#6632);
#2448=VERTEX_POINT('',#6637);
#2449=VERTEX_POINT('',#6641);
#2450=VERTEX_POINT('',#6645);
#2451=VERTEX_POINT('',#6646);
#2452=VERTEX_POINT('',#6648);
#2453=VERTEX_POINT('',#6650);
#2454=VERTEX_POINT('',#6656);
#2455=VERTEX_POINT('',#6658);
#2456=VERTEX_POINT('',#6662);
#2457=VERTEX_POINT('',#6664);
#2458=VERTEX_POINT('',#6667);
#2459=VERTEX_POINT('',#6669);
#2460=VERTEX_POINT('',#6674);
#2461=VERTEX_POINT('',#6675);
#2462=VERTEX_POINT('',#6677);
#2463=VERTEX_POINT('',#6679);
#2464=VERTEX_POINT('',#6683);
#2465=VERTEX_POINT('',#6685);
#2466=VERTEX_POINT('',#6689);
#2467=VERTEX_POINT('',#6691);
#2468=VERTEX_POINT('',#6695);
#2469=VERTEX_POINT('',#6696);
#2470=VERTEX_POINT('',#6698);
#2471=VERTEX_POINT('',#6700);
#2472=VERTEX_POINT('',#6716);
#2473=VERTEX_POINT('',#6717);
#2474=VERTEX_POINT('',#6719);
#2475=VERTEX_POINT('',#6721);
#2476=VERTEX_POINT('',#6725);
#2477=VERTEX_POINT('',#6727);
#2478=VERTEX_POINT('',#6753);
#2479=VERTEX_POINT('',#6755);
#2480=VERTEX_POINT('',#6759);
#2481=VERTEX_POINT('',#6765);
#2482=VERTEX_POINT('',#6769);
#2483=VERTEX_POINT('',#6770);
#2484=VERTEX_POINT('',#6775);
#2485=VERTEX_POINT('',#6777);
#2486=VERTEX_POINT('',#6781);
#2487=VERTEX_POINT('',#6782);
#2488=VERTEX_POINT('',#6787);
#2489=VERTEX_POINT('',#6789);
#2490=VERTEX_POINT('',#6793);
#2491=VERTEX_POINT('',#6795);
#2492=VERTEX_POINT('',#6799);
#2493=VERTEX_POINT('',#6803);
#2494=VERTEX_POINT('',#6805);
#2495=VERTEX_POINT('',#6809);
#2496=VERTEX_POINT('',#6813);
#2497=VERTEX_POINT('',#6815);
#2498=VERTEX_POINT('',#6819);
#2499=VERTEX_POINT('',#6821);
#2500=VERTEX_POINT('',#6825);
#2501=VERTEX_POINT('',#6829);
#2502=VERTEX_POINT('',#6833);
#2503=VERTEX_POINT('',#6835);
#2504=VERTEX_POINT('',#6839);
#2505=VERTEX_POINT('',#6840);
#2506=VERTEX_POINT('',#6850);
#2507=VERTEX_POINT('',#6851);
#2508=VERTEX_POINT('',#6853);
#2509=VERTEX_POINT('',#6855);
#2510=VERTEX_POINT('',#6860);
#2511=VERTEX_POINT('',#6862);
#2512=VERTEX_POINT('',#6940);
#2513=VERTEX_POINT('',#6941);
#2514=VERTEX_POINT('',#6943);
#2515=VERTEX_POINT('',#6945);
#2516=VERTEX_POINT('',#6949);
#2517=VERTEX_POINT('',#6951);
#2518=VERTEX_POINT('',#6955);
#2519=VERTEX_POINT('',#6956);
#2520=VERTEX_POINT('',#6958);
#2521=VERTEX_POINT('',#6960);
#2522=VERTEX_POINT('',#6962);
#2523=VERTEX_POINT('',#6964);
#2524=VERTEX_POINT('',#6966);
#2525=VERTEX_POINT('',#6968);
#2526=VERTEX_POINT('',#6970);
#2527=VERTEX_POINT('',#6972);
#2528=VERTEX_POINT('',#6974);
#2529=VERTEX_POINT('',#6976);
#2530=VERTEX_POINT('',#6979);
#2531=VERTEX_POINT('',#6981);
#2532=VERTEX_POINT('',#6983);
#2533=VERTEX_POINT('',#6985);
#2534=VERTEX_POINT('',#6987);
#2535=VERTEX_POINT('',#6990);
#2536=VERTEX_POINT('',#6992);
#2537=VERTEX_POINT('',#6996);
#2538=VERTEX_POINT('',#6998);
#2539=VERTEX_POINT('',#7002);
#2540=VERTEX_POINT('',#7003);
#2541=VERTEX_POINT('',#7005);
#2542=VERTEX_POINT('',#7007);
#2543=VERTEX_POINT('',#7009);
#2544=VERTEX_POINT('',#7012);
#2545=VERTEX_POINT('',#7014);
#2546=VERTEX_POINT('',#7016);
#2547=VERTEX_POINT('',#7018);
#2548=VERTEX_POINT('',#7020);
#2549=VERTEX_POINT('',#7023);
#2550=VERTEX_POINT('',#7025);
#2551=VERTEX_POINT('',#7027);
#2552=VERTEX_POINT('',#7029);
#2553=VERTEX_POINT('',#7031);
#2554=VERTEX_POINT('',#7034);
#2555=VERTEX_POINT('',#7036);
#2556=VERTEX_POINT('',#7065);
#2557=VERTEX_POINT('',#7067);
#2558=VERTEX_POINT('',#7072);
#2559=VERTEX_POINT('',#7074);
#2560=VERTEX_POINT('',#7386);
#2561=VERTEX_POINT('',#7387);
#2562=VERTEX_POINT('',#7389);
#2563=VERTEX_POINT('',#7391);
#2564=VERTEX_POINT('',#7393);
#2565=VERTEX_POINT('',#7395);
#2566=VERTEX_POINT('',#7399);
#2567=VERTEX_POINT('',#7400);
#2568=VERTEX_POINT('',#7402);
#2569=VERTEX_POINT('',#7404);
#2570=VERTEX_POINT('',#7406);
#2571=VERTEX_POINT('',#7410);
#2572=VERTEX_POINT('',#7411);
#2573=VERTEX_POINT('',#7413);
#2574=VERTEX_POINT('',#7415);
#2575=VERTEX_POINT('',#7417);
#2576=VERTEX_POINT('',#7421);
#2577=VERTEX_POINT('',#7422);
#2578=VERTEX_POINT('',#7424);
#2579=VERTEX_POINT('',#7426);
#2580=VERTEX_POINT('',#7428);
#2581=VERTEX_POINT('',#7430);
#2582=VERTEX_POINT('',#7434);
#2583=VERTEX_POINT('',#7435);
#2584=VERTEX_POINT('',#7437);
#2585=VERTEX_POINT('',#7439);
#2586=VERTEX_POINT('',#7443);
#2587=VERTEX_POINT('',#7444);
#2588=VERTEX_POINT('',#7446);
#2589=VERTEX_POINT('',#7448);
#2590=VERTEX_POINT('',#7452);
#2591=VERTEX_POINT('',#7453);
#2592=VERTEX_POINT('',#7455);
#2593=VERTEX_POINT('',#7457);
#2594=VERTEX_POINT('',#7461);
#2595=VERTEX_POINT('',#7462);
#2596=VERTEX_POINT('',#7464);
#2597=VERTEX_POINT('',#7469);
#2598=VERTEX_POINT('',#7471);
#2599=VERTEX_POINT('',#7473);
#2600=VERTEX_POINT('',#7475);
#2601=VERTEX_POINT('',#7480);
#2602=VERTEX_POINT('',#7484);
#2603=VERTEX_POINT('',#7485);
#2604=VERTEX_POINT('',#7487);
#2605=VERTEX_POINT('',#7489);
#2606=VERTEX_POINT('',#7493);
#2607=VERTEX_POINT('',#7494);
#2608=VERTEX_POINT('',#7496);
#2609=VERTEX_POINT('',#7498);
#2610=VERTEX_POINT('',#7502);
#2611=VERTEX_POINT('',#7507);
#2612=VERTEX_POINT('',#7509);
#2613=VERTEX_POINT('',#7513);
#2614=VERTEX_POINT('',#7515);
#2615=VERTEX_POINT('',#7519);
#2616=VERTEX_POINT('',#7528);
#2617=VERTEX_POINT('',#7533);
#2618=VERTEX_POINT('',#7537);
#2619=VERTEX_POINT('',#7539);
#2620=VERTEX_POINT('',#7541);
#2621=VERTEX_POINT('',#7545);
#2622=VERTEX_POINT('',#7549);
#2623=VERTEX_POINT('',#7557);
#2624=VERTEX_POINT('',#7558);
#2625=VERTEX_POINT('',#7560);
#2626=VERTEX_POINT('',#7562);
#2627=VERTEX_POINT('',#7566);
#2628=VERTEX_POINT('',#7567);
#2629=VERTEX_POINT('',#7569);
#2630=VERTEX_POINT('',#7574);
#2631=VERTEX_POINT('',#7575);
#2632=VERTEX_POINT('',#7577);
#2633=VERTEX_POINT('',#7579);
#2634=VERTEX_POINT('',#7583);
#2635=VERTEX_POINT('',#7590);
#2636=VERTEX_POINT('',#7597);
#2637=VERTEX_POINT('',#7600);
#2638=VERTEX_POINT('',#7608);
#2639=VERTEX_POINT('',#7622);
#2640=LINE('',#6108,#3076);
#2641=LINE('',#6113,#3077);
#2642=LINE('',#6115,#3078);
#2643=LINE('',#6117,#3079);
#2644=LINE('',#6121,#3080);
#2645=LINE('',#6128,#3081);
#2646=LINE('',#6131,#3082);
#2647=LINE('',#6135,#3083);
#2648=LINE('',#6137,#3084);
#2649=LINE('',#6139,#3085);
#2650=LINE('',#6143,#3086);
#2651=LINE('',#6147,#3087);
#2652=LINE('',#6151,#3088);
#2653=LINE('',#6155,#3089);
#2654=LINE('',#6159,#3090);
#2655=LINE('',#6163,#3091);
#2656=LINE('',#6165,#3092);
#2657=LINE('',#6167,#3093);
#2658=LINE('',#6171,#3094);
#2659=LINE('',#6173,#3095);
#2660=LINE('',#6175,#3096);
#2661=LINE('',#6177,#3097);
#2662=LINE('',#6180,#3098);
#2663=LINE('',#6184,#3099);
#2664=LINE('',#6185,#3100);
#2665=LINE('',#6187,#3101);
#2666=LINE('',#6195,#3102);
#2667=LINE('',#6197,#3103);
#2668=LINE('',#6199,#3104);
#2669=LINE('',#6201,#3105);
#2670=LINE('',#6203,#3106);
#2671=LINE('',#6205,#3107);
#2672=LINE('',#6207,#3108);
#2673=LINE('',#6209,#3109);
#2674=LINE('',#6211,#3110);
#2675=LINE('',#6213,#3111);
#2676=LINE('',#6217,#3112);
#2677=LINE('',#6223,#3113);
#2678=LINE('',#6226,#3114);
#2679=LINE('',#6228,#3115);
#2680=LINE('',#6232,#3116);
#2681=LINE('',#6236,#3117);
#2682=LINE('',#6239,#3118);
#2683=LINE('',#6240,#3119);
#2684=LINE('',#6244,#3120);
#2685=LINE('',#6246,#3121);
#2686=LINE('',#6248,#3122);
#2687=LINE('',#6250,#3123);
#2688=LINE('',#6252,#3124);
#2689=LINE('',#6254,#3125);
#2690=LINE('',#6256,#3126);
#2691=LINE('',#6259,#3127);
#2692=LINE('',#6260,#3128);
#2693=LINE('',#6262,#3129);
#2694=LINE('',#6263,#3130);
#2695=LINE('',#6265,#3131);
#2696=LINE('',#6268,#3132);
#2697=LINE('',#6269,#3133);
#2698=LINE('',#6271,#3134);
#2699=LINE('',#6274,#3135);
#2700=LINE('',#6275,#3136);
#2701=LINE('',#6279,#3137);
#2702=LINE('',#6280,#3138);
#2703=LINE('',#6282,#3139);
#2704=LINE('',#6283,#3140);
#2705=LINE('',#6319,#3141);
#2706=LINE('',#6321,#3142);
#2707=LINE('',#6323,#3143);
#2708=LINE('',#6325,#3144);
#2709=LINE('',#6327,#3145);
#2710=LINE('',#6329,#3146);
#2711=LINE('',#6331,#3147);
#2712=LINE('',#6333,#3148);
#2713=LINE('',#6335,#3149);
#2714=LINE('',#6339,#3150);
#2715=LINE('',#6343,#3151);
#2716=LINE('',#6345,#3152);
#2717=LINE('',#6347,#3153);
#2718=LINE('',#6349,#3154);
#2719=LINE('',#6351,#3155);
#2720=LINE('',#6353,#3156);
#2721=LINE('',#6355,#3157);
#2722=LINE('',#6357,#3158);
#2723=LINE('',#6359,#3159);
#2724=LINE('',#6363,#3160);
#2725=LINE('',#6365,#3161);
#2726=LINE('',#6367,#3162);
#2727=LINE('',#6369,#3163);
#2728=LINE('',#6372,#3164);
#2729=LINE('',#6374,#3165);
#2730=LINE('',#6376,#3166);
#2731=LINE('',#6378,#3167);
#2732=LINE('',#6381,#3168);
#2733=LINE('',#6383,#3169);
#2734=LINE('',#6385,#3170);
#2735=LINE('',#6387,#3171);
#2736=LINE('',#6390,#3172);
#2737=LINE('',#6392,#3173);
#2738=LINE('',#6394,#3174);
#2739=LINE('',#6396,#3175);
#2740=LINE('',#6401,#3176);
#2741=LINE('',#6405,#3177);
#2742=LINE('',#6407,#3178);
#2743=LINE('',#6409,#3179);
#2744=LINE('',#6413,#3180);
#2745=LINE('',#6417,#3181);
#2746=LINE('',#6419,#3182);
#2747=LINE('',#6423,#3183);
#2748=LINE('',#6425,#3184);
#2749=LINE('',#6427,#3185);
#2750=LINE('',#6429,#3186);
#2751=LINE('',#6431,#3187);
#2752=LINE('',#6433,#3188);
#2753=LINE('',#6435,#3189);
#2754=LINE('',#6437,#3190);
#2755=LINE('',#6439,#3191);
#2756=LINE('',#6441,#3192);
#2757=LINE('',#6443,#3193);
#2758=LINE('',#6445,#3194);
#2759=LINE('',#6447,#3195);
#2760=LINE('',#6449,#3196);
#2761=LINE('',#6451,#3197);
#2762=LINE('',#6453,#3198);
#2763=LINE('',#6455,#3199);
#2764=LINE('',#6459,#3200);
#2765=LINE('',#6461,#3201);
#2766=LINE('',#6465,#3202);
#2767=LINE('',#6469,#3203);
#2768=LINE('',#6471,#3204);
#2769=LINE('',#6473,#3205);
#2770=LINE('',#6477,#3206);
#2771=LINE('',#6482,#3207);
#2772=LINE('',#6484,#3208);
#2773=LINE('',#6486,#3209);
#2774=LINE('',#6490,#3210);
#2775=LINE('',#6493,#3211);
#2776=LINE('',#6494,#3212);
#2777=LINE('',#6496,#3213);
#2778=LINE('',#6501,#3214);
#2779=LINE('',#6503,#3215);
#2780=LINE('',#6505,#3216);
#2781=LINE('',#6509,#3217);
#2782=LINE('',#6511,#3218);
#2783=LINE('',#6512,#3219);
#2784=LINE('',#6516,#3220);
#2785=LINE('',#6520,#3221);
#2786=LINE('',#6521,#3222);
#2787=LINE('',#6523,#3223);
#2788=LINE('',#6527,#3224);
#2789=LINE('',#6529,#3225);
#2790=LINE('',#6531,#3226);
#2791=LINE('',#6535,#3227);
#2792=LINE('',#6537,#3228);
#2793=LINE('',#6538,#3229);
#2794=LINE('',#6540,#3230);
#2795=LINE('',#6543,#3231);
#2796=LINE('',#6544,#3232);
#2797=LINE('',#6548,#3233);
#2798=LINE('',#6550,#3234);
#2799=LINE('',#6554,#3235);
#2800=LINE('',#6556,#3236);
#2801=LINE('',#6558,#3237);
#2802=LINE('',#6562,#3238);
#2803=LINE('',#6564,#3239);
#2804=LINE('',#6566,#3240);
#2805=LINE('',#6570,#3241);
#2806=LINE('',#6572,#3242);
#2807=LINE('',#6576,#3243);
#2808=LINE('',#6578,#3244);
#2809=LINE('',#6580,#3245);
#2810=LINE('',#6584,#3246);
#2811=LINE('',#6586,#3247);
#2812=LINE('',#6588,#3248);
#2813=LINE('',#6590,#3249);
#2814=LINE('',#6592,#3250);
#2815=LINE('',#6595,#3251);
#2816=LINE('',#6596,#3252);
#2817=LINE('',#6598,#3253);
#2818=LINE('',#6601,#3254);
#2819=LINE('',#6603,#3255);
#2820=LINE('',#6605,#3256);
#2821=LINE('',#6607,#3257);
#2822=LINE('',#6610,#3258);
#2823=LINE('',#6611,#3259);
#2824=LINE('',#6613,#3260);
#2825=LINE('',#6614,#3261);
#2826=LINE('',#6616,#3262);
#2827=LINE('',#6618,#3263);
#2828=LINE('',#6620,#3264);
#2829=LINE('',#6622,#3265);
#2830=LINE('',#6624,#3266);
#2831=LINE('',#6626,#3267);
#2832=LINE('',#6628,#3268);
#2833=LINE('',#6630,#3269);
#2834=LINE('',#6633,#3270);
#2835=LINE('',#6634,#3271);
#2836=LINE('',#6636,#3272);
#2837=LINE('',#6638,#3273);
#2838=LINE('',#6640,#3274);
#2839=LINE('',#6642,#3275);
#2840=LINE('',#6644,#3276);
#2841=LINE('',#6647,#3277);
#2842=LINE('',#6649,#3278);
#2843=LINE('',#6651,#3279);
#2844=LINE('',#6652,#3280);
#2845=LINE('',#6653,#3281);
#2846=LINE('',#6655,#3282);
#2847=LINE('',#6657,#3283);
#2848=LINE('',#6659,#3284);
#2849=LINE('',#6661,#3285);
#2850=LINE('',#6663,#3286);
#2851=LINE('',#6665,#3287);
#2852=LINE('',#6666,#3288);
#2853=LINE('',#6668,#3289);
#2854=LINE('',#6670,#3290);
#2855=LINE('',#6671,#3291);
#2856=LINE('',#6673,#3292);
#2857=LINE('',#6676,#3293);
#2858=LINE('',#6678,#3294);
#2859=LINE('',#6680,#3295);
#2860=LINE('',#6682,#3296);
#2861=LINE('',#6684,#3297);
#2862=LINE('',#6686,#3298);
#2863=LINE('',#6688,#3299);
#2864=LINE('',#6690,#3300);
#2865=LINE('',#6692,#3301);
#2866=LINE('',#6694,#3302);
#2867=LINE('',#6697,#3303);
#2868=LINE('',#6699,#3304);
#2869=LINE('',#6701,#3305);
#2870=LINE('',#6703,#3306);
#2871=LINE('',#6704,#3307);
#2872=LINE('',#6715,#3308);
#2873=LINE('',#6720,#3309);
#2874=LINE('',#6722,#3310);
#2875=LINE('',#6726,#3311);
#2876=LINE('',#6728,#3312);
#2877=LINE('',#6730,#3313);
#2878=LINE('',#6732,#3314);
#2879=LINE('',#6734,#3315);
#2880=LINE('',#6735,#3316);
#2881=LINE('',#6737,#3317);
#2882=LINE('',#6739,#3318);
#2883=LINE('',#6741,#3319);
#2884=LINE('',#6742,#3320);
#2885=LINE('',#6744,#3321);
#2886=LINE('',#6746,#3322);
#2887=LINE('',#6748,#3323);
#2888=LINE('',#6749,#3324);
#2889=LINE('',#6752,#3325);
#2890=LINE('',#6754,#3326);
#2891=LINE('',#6756,#3327);
#2892=LINE('',#6758,#3328);
#2893=LINE('',#6760,#3329);
#2894=LINE('',#6762,#3330);
#2895=LINE('',#6764,#3331);
#2896=LINE('',#6766,#3332);
#2897=LINE('',#6768,#3333);
#2898=LINE('',#6771,#3334);
#2899=LINE('',#6772,#3335);
#2900=LINE('',#6774,#3336);
#2901=LINE('',#6776,#3337);
#2902=LINE('',#6778,#3338);
#2903=LINE('',#6780,#3339);
#2904=LINE('',#6783,#3340);
#2905=LINE('',#6784,#3341);
#2906=LINE('',#6786,#3342);
#2907=LINE('',#6788,#3343);
#2908=LINE('',#6790,#3344);
#2909=LINE('',#6792,#3345);
#2910=LINE('',#6794,#3346);
#2911=LINE('',#6796,#3347);
#2912=LINE('',#6798,#3348);
#2913=LINE('',#6800,#3349);
#2914=LINE('',#6802,#3350);
#2915=LINE('',#6804,#3351);
#2916=LINE('',#6806,#3352);
#2917=LINE('',#6808,#3353);
#2918=LINE('',#6810,#3354);
#2919=LINE('',#6812,#3355);
#2920=LINE('',#6814,#3356);
#2921=LINE('',#6816,#3357);
#2922=LINE('',#6818,#3358);
#2923=LINE('',#6820,#3359);
#2924=LINE('',#6822,#3360);
#2925=LINE('',#6824,#3361);
#2926=LINE('',#6826,#3362);
#2927=LINE('',#6828,#3363);
#2928=LINE('',#6830,#3364);
#2929=LINE('',#6832,#3365);
#2930=LINE('',#6834,#3366);
#2931=LINE('',#6836,#3367);
#2932=LINE('',#6838,#3368);
#2933=LINE('',#6841,#3369);
#2934=LINE('',#6849,#3370);
#2935=LINE('',#6852,#3371);
#2936=LINE('',#6854,#3372);
#2937=LINE('',#6856,#3373);
#2938=LINE('',#6859,#3374);
#2939=LINE('',#6861,#3375);
#2940=LINE('',#6939,#3376);
#2941=LINE('',#6942,#3377);
#2942=LINE('',#6944,#3378);
#2943=LINE('',#6946,#3379);
#2944=LINE('',#6948,#3380);
#2945=LINE('',#6950,#3381);
#2946=LINE('',#6952,#3382);
#2947=LINE('',#6954,#3383);
#2948=LINE('',#6957,#3384);
#2949=LINE('',#6959,#3385);
#2950=LINE('',#6963,#3386);
#2951=LINE('',#6965,#3387);
#2952=LINE('',#6967,#3388);
#2953=LINE('',#6969,#3389);
#2954=LINE('',#6973,#3390);
#2955=LINE('',#6975,#3391);
#2956=LINE('',#6977,#3392);
#2957=LINE('',#6978,#3393);
#2958=LINE('',#6980,#3394);
#2959=LINE('',#6982,#3395);
#2960=LINE('',#6986,#3396);
#2961=LINE('',#6988,#3397);
#2962=LINE('',#6991,#3398);
#2963=LINE('',#6993,#3399);
#2964=LINE('',#6995,#3400);
#2965=LINE('',#6997,#3401);
#2966=LINE('',#6999,#3402);
#2967=LINE('',#7001,#3403);
#2968=LINE('',#7004,#3404);
#2969=LINE('',#7006,#3405);
#2970=LINE('',#7008,#3406);
#2971=LINE('',#7011,#3407);
#2972=LINE('',#7013,#3408);
#2973=LINE('',#7017,#3409);
#2974=LINE('',#7019,#3410);
#2975=LINE('',#7021,#3411);
#2976=LINE('',#7022,#3412);
#2977=LINE('',#7024,#3413);
#2978=LINE('',#7026,#3414);
#2979=LINE('',#7030,#3415);
#2980=LINE('',#7032,#3416);
#2981=LINE('',#7033,#3417);
#2982=LINE('',#7037,#3418);
#2983=LINE('',#7039,#3419);
#2984=LINE('',#7041,#3420);
#2985=LINE('',#7043,#3421);
#2986=LINE('',#7045,#3422);
#2987=LINE('',#7047,#3423);
#2988=LINE('',#7049,#3424);
#2989=LINE('',#7050,#3425);
#2990=LINE('',#7052,#3426);
#2991=LINE('',#7054,#3427);
#2992=LINE('',#7056,#3428);
#2993=LINE('',#7057,#3429);
#2994=LINE('',#7063,#3430);
#2995=LINE('',#7066,#3431);
#2996=LINE('',#7070,#3432);
#2997=LINE('',#7073,#3433);
#2998=LINE('',#7385,#3434);
#2999=LINE('',#7388,#3435);
#3000=LINE('',#7390,#3436);
#3001=LINE('',#7392,#3437);
#3002=LINE('',#7394,#3438);
#3003=LINE('',#7396,#3439);
#3004=LINE('',#7398,#3440);
#3005=LINE('',#7401,#3441);
#3006=LINE('',#7405,#3442);
#3007=LINE('',#7407,#3443);
#3008=LINE('',#7412,#3444);
#3009=LINE('',#7414,#3445);
#3010=LINE('',#7416,#3446);
#3011=LINE('',#7418,#3447);
#3012=LINE('',#7420,#3448);
#3013=LINE('',#7423,#3449);
#3014=LINE('',#7425,#3450);
#3015=LINE('',#7427,#3451);
#3016=LINE('',#7429,#3452);
#3017=LINE('',#7431,#3453);
#3018=LINE('',#7433,#3454);
#3019=LINE('',#7436,#3455);
#3020=LINE('',#7438,#3456);
#3021=LINE('',#7440,#3457);
#3022=LINE('',#7442,#3458);
#3023=LINE('',#7445,#3459);
#3024=LINE('',#7447,#3460);
#3025=LINE('',#7449,#3461);
#3026=LINE('',#7451,#3462);
#3027=LINE('',#7454,#3463);
#3028=LINE('',#7456,#3464);
#3029=LINE('',#7458,#3465);
#3030=LINE('',#7460,#3466);
#3031=LINE('',#7463,#3467);
#3032=LINE('',#7470,#3468);
#3033=LINE('',#7472,#3469);
#3034=LINE('',#7474,#3470);
#3035=LINE('',#7481,#3471);
#3036=LINE('',#7483,#3472);
#3037=LINE('',#7486,#3473);
#3038=LINE('',#7488,#3474);
#3039=LINE('',#7490,#3475);
#3040=LINE('',#7492,#3476);
#3041=LINE('',#7495,#3477);
#3042=LINE('',#7497,#3478);
#3043=LINE('',#7499,#3479);
#3044=LINE('',#7501,#3480);
#3045=LINE('',#7504,#3481);
#3046=LINE('',#7506,#3482);
#3047=LINE('',#7508,#3483);
#3048=LINE('',#7510,#3484);
#3049=LINE('',#7512,#3485);
#3050=LINE('',#7514,#3486);
#3051=LINE('',#7516,#3487);
#3052=LINE('',#7520,#3488);
#3053=LINE('',#7521,#3489);
#3054=LINE('',#7536,#3490);
#3055=LINE('',#7538,#3491);
#3056=LINE('',#7540,#3492);
#3057=LINE('',#7547,#3493);
#3058=LINE('',#7548,#3494);
#3059=LINE('',#7556,#3495);
#3060=LINE('',#7559,#3496);
#3061=LINE('',#7561,#3497);
#3062=LINE('',#7563,#3498);
#3063=LINE('',#7565,#3499);
#3064=LINE('',#7568,#3500);
#3065=LINE('',#7570,#3501);
#3066=LINE('',#7573,#3502);
#3067=LINE('',#7576,#3503);
#3068=LINE('',#7578,#3504);
#3069=LINE('',#7580,#3505);
#3070=LINE('',#7591,#3506);
#3071=LINE('',#7592,#3507);
#3072=LINE('',#7609,#3508);
#3073=LINE('',#7621,#3509);
#3074=LINE('',#7671,#3510);
#3075=LINE('',#7674,#3511);
#3076=VECTOR('',#4834,1.);
#3077=VECTOR('',#4837,1.);
#3078=VECTOR('',#4838,1.);
#3079=VECTOR('',#4839,1.);
#3080=VECTOR('',#4842,1.);
#3081=VECTOR('',#4851,1.);
#3082=VECTOR('',#4852,1.);
#3083=VECTOR('',#4855,1.);
#3084=VECTOR('',#4856,1.);
#3085=VECTOR('',#4857,1.);
#3086=VECTOR('',#4860,1.);
#3087=VECTOR('',#4863,1.);
#3088=VECTOR('',#4866,1.);
#3089=VECTOR('',#4869,1.);
#3090=VECTOR('',#4872,1.);
#3091=VECTOR('',#4875,1.);
#3092=VECTOR('',#4876,1.);
#3093=VECTOR('',#4877,1.);
#3094=VECTOR('',#4880,1.);
#3095=VECTOR('',#4881,1.);
#3096=VECTOR('',#4882,1.);
#3097=VECTOR('',#4885,1.);
#3098=VECTOR('',#4888,1.);
#3099=VECTOR('',#4893,1.);
#3100=VECTOR('',#4894,1.);
#3101=VECTOR('',#4897,1.);
#3102=VECTOR('',#4900,1.);
#3103=VECTOR('',#4903,1.);
#3104=VECTOR('',#4904,1.);
#3105=VECTOR('',#4905,1.);
#3106=VECTOR('',#4908,1.);
#3107=VECTOR('',#4909,1.);
#3108=VECTOR('',#4912,1.);
#3109=VECTOR('',#4913,1.);
#3110=VECTOR('',#4916,1.);
#3111=VECTOR('',#4917,1.);
#3112=VECTOR('',#4920,1.);
#3113=VECTOR('',#4927,1.);
#3114=VECTOR('',#4928,1.);
#3115=VECTOR('',#4929,1.);
#3116=VECTOR('',#4932,1.);
#3117=VECTOR('',#4937,1.);
#3118=VECTOR('',#4938,1.);
#3119=VECTOR('',#4939,1.);
#3120=VECTOR('',#4944,1.);
#3121=VECTOR('',#4945,1.);
#3122=VECTOR('',#4946,1.);
#3123=VECTOR('',#4949,1.);
#3124=VECTOR('',#4950,1.);
#3125=VECTOR('',#4951,1.);
#3126=VECTOR('',#4954,1.);
#3127=VECTOR('',#4955,1.);
#3128=VECTOR('',#4956,1.);
#3129=VECTOR('',#4959,1.);
#3130=VECTOR('',#4960,1.);
#3131=VECTOR('',#4963,1.);
#3132=VECTOR('',#4964,1.);
#3133=VECTOR('',#4965,1.);
#3134=VECTOR('',#4966,1.);
#3135=VECTOR('',#4969,1.);
#3136=VECTOR('',#4970,1.);
#3137=VECTOR('',#4977,1.);
#3138=VECTOR('',#4978,1.);
#3139=VECTOR('',#4981,1.);
#3140=VECTOR('',#4982,1.);
#3141=VECTOR('',#5049,1.);
#3142=VECTOR('',#5050,1.);
#3143=VECTOR('',#5051,1.);
#3144=VECTOR('',#5052,1.);
#3145=VECTOR('',#5053,1.);
#3146=VECTOR('',#5054,1.);
#3147=VECTOR('',#5055,1.);
#3148=VECTOR('',#5056,1.);
#3149=VECTOR('',#5057,1.);
#3150=VECTOR('',#5060,1.);
#3151=VECTOR('',#5063,1.);
#3152=VECTOR('',#5064,1.);
#3153=VECTOR('',#5065,1.);
#3154=VECTOR('',#5066,1.);
#3155=VECTOR('',#5067,1.);
#3156=VECTOR('',#5068,1.);
#3157=VECTOR('',#5069,1.);
#3158=VECTOR('',#5070,1.);
#3159=VECTOR('',#5071,1.);
#3160=VECTOR('',#5074,1.);
#3161=VECTOR('',#5075,1.);
#3162=VECTOR('',#5076,1.);
#3163=VECTOR('',#5079,1.);
#3164=VECTOR('',#5080,1.);
#3165=VECTOR('',#5081,1.);
#3166=VECTOR('',#5082,1.);
#3167=VECTOR('',#5085,1.);
#3168=VECTOR('',#5086,1.);
#3169=VECTOR('',#5087,1.);
#3170=VECTOR('',#5088,1.);
#3171=VECTOR('',#5091,1.);
#3172=VECTOR('',#5092,1.);
#3173=VECTOR('',#5093,1.);
#3174=VECTOR('',#5094,1.);
#3175=VECTOR('',#5097,1.);
#3176=VECTOR('',#5100,1.);
#3177=VECTOR('',#5103,1.);
#3178=VECTOR('',#5104,1.);
#3179=VECTOR('',#5105,1.);
#3180=VECTOR('',#5108,1.);
#3181=VECTOR('',#5111,1.);
#3182=VECTOR('',#5112,1.);
#3183=VECTOR('',#5115,1.);
#3184=VECTOR('',#5116,1.);
#3185=VECTOR('',#5117,1.);
#3186=VECTOR('',#5118,1.);
#3187=VECTOR('',#5119,1.);
#3188=VECTOR('',#5120,1.);
#3189=VECTOR('',#5121,1.);
#3190=VECTOR('',#5122,1.);
#3191=VECTOR('',#5123,1.);
#3192=VECTOR('',#5124,1.);
#3193=VECTOR('',#5125,1.);
#3194=VECTOR('',#5126,1.);
#3195=VECTOR('',#5127,1.);
#3196=VECTOR('',#5128,1.);
#3197=VECTOR('',#5129,1.);
#3198=VECTOR('',#5130,1.);
#3199=VECTOR('',#5131,1.);
#3200=VECTOR('',#5134,1.);
#3201=VECTOR('',#5135,1.);
#3202=VECTOR('',#5138,1.);
#3203=VECTOR('',#5141,1.);
#3204=VECTOR('',#5142,1.);
#3205=VECTOR('',#5143,1.);
#3206=VECTOR('',#5146,1.);
#3207=VECTOR('',#5151,1.);
#3208=VECTOR('',#5152,1.);
#3209=VECTOR('',#5153,1.);
#3210=VECTOR('',#5158,1.);
#3211=VECTOR('',#5159,1.);
#3212=VECTOR('',#5160,1.);
#3213=VECTOR('',#5163,1.);
#3214=VECTOR('',#5166,1.);
#3215=VECTOR('',#5167,1.);
#3216=VECTOR('',#5168,1.);
#3217=VECTOR('',#5171,1.);
#3218=VECTOR('',#5172,1.);
#3219=VECTOR('',#5173,1.);
#3220=VECTOR('',#5176,1.);
#3221=VECTOR('',#5179,1.);
#3222=VECTOR('',#5180,1.);
#3223=VECTOR('',#5181,1.);
#3224=VECTOR('',#5184,1.);
#3225=VECTOR('',#5185,1.);
#3226=VECTOR('',#5186,1.);
#3227=VECTOR('',#5189,1.);
#3228=VECTOR('',#5190,1.);
#3229=VECTOR('',#5191,1.);
#3230=VECTOR('',#5194,1.);
#3231=VECTOR('',#5195,1.);
#3232=VECTOR('',#5196,1.);
#3233=VECTOR('',#5201,1.);
#3234=VECTOR('',#5202,1.);
#3235=VECTOR('',#5205,1.);
#3236=VECTOR('',#5206,1.);
#3237=VECTOR('',#5207,1.);
#3238=VECTOR('',#5210,1.);
#3239=VECTOR('',#5211,1.);
#3240=VECTOR('',#5214,1.);
#3241=VECTOR('',#5217,1.);
#3242=VECTOR('',#5218,1.);
#3243=VECTOR('',#5221,1.);
#3244=VECTOR('',#5222,1.);
#3245=VECTOR('',#5223,1.);
#3246=VECTOR('',#5226,1.);
#3247=VECTOR('',#5229,1.);
#3248=VECTOR('',#5230,1.);
#3249=VECTOR('',#5231,1.);
#3250=VECTOR('',#5234,1.);
#3251=VECTOR('',#5235,1.);
#3252=VECTOR('',#5236,1.);
#3253=VECTOR('',#5239,1.);
#3254=VECTOR('',#5240,1.);
#3255=VECTOR('',#5241,1.);
#3256=VECTOR('',#5242,1.);
#3257=VECTOR('',#5245,1.);
#3258=VECTOR('',#5246,1.);
#3259=VECTOR('',#5247,1.);
#3260=VECTOR('',#5250,1.);
#3261=VECTOR('',#5251,1.);
#3262=VECTOR('',#5254,1.);
#3263=VECTOR('',#5255,1.);
#3264=VECTOR('',#5256,1.);
#3265=VECTOR('',#5259,1.);
#3266=VECTOR('',#5260,1.);
#3267=VECTOR('',#5263,1.);
#3268=VECTOR('',#5264,1.);
#3269=VECTOR('',#5267,1.);
#3270=VECTOR('',#5268,1.);
#3271=VECTOR('',#5269,1.);
#3272=VECTOR('',#5272,1.);
#3273=VECTOR('',#5273,1.);
#3274=VECTOR('',#5276,1.);
#3275=VECTOR('',#5277,1.);
#3276=VECTOR('',#5280,1.);
#3277=VECTOR('',#5281,1.);
#3278=VECTOR('',#5282,1.);
#3279=VECTOR('',#5283,1.);
#3280=VECTOR('',#5284,1.);
#3281=VECTOR('',#5285,1.);
#3282=VECTOR('',#5288,1.);
#3283=VECTOR('',#5289,1.);
#3284=VECTOR('',#5290,1.);
#3285=VECTOR('',#5293,1.);
#3286=VECTOR('',#5294,1.);
#3287=VECTOR('',#5295,1.);
#3288=VECTOR('',#5296,1.);
#3289=VECTOR('',#5297,1.);
#3290=VECTOR('',#5298,1.);
#3291=VECTOR('',#5299,1.);
#3292=VECTOR('',#5302,1.);
#3293=VECTOR('',#5303,1.);
#3294=VECTOR('',#5304,1.);
#3295=VECTOR('',#5305,1.);
#3296=VECTOR('',#5308,1.);
#3297=VECTOR('',#5309,1.);
#3298=VECTOR('',#5310,1.);
#3299=VECTOR('',#5313,1.);
#3300=VECTOR('',#5314,1.);
#3301=VECTOR('',#5315,1.);
#3302=VECTOR('',#5318,1.);
#3303=VECTOR('',#5319,1.);
#3304=VECTOR('',#5320,1.);
#3305=VECTOR('',#5321,1.);
#3306=VECTOR('',#5324,1.);
#3307=VECTOR('',#5325,1.);
#3308=VECTOR('',#5346,1.);
#3309=VECTOR('',#5349,1.);
#3310=VECTOR('',#5350,1.);
#3311=VECTOR('',#5355,1.);
#3312=VECTOR('',#5356,1.);
#3313=VECTOR('',#5359,1.);
#3314=VECTOR('',#5362,1.);
#3315=VECTOR('',#5365,1.);
#3316=VECTOR('',#5366,1.);
#3317=VECTOR('',#5369,1.);
#3318=VECTOR('',#5372,1.);
#3319=VECTOR('',#5375,1.);
#3320=VECTOR('',#5376,1.);
#3321=VECTOR('',#5379,1.);
#3322=VECTOR('',#5382,1.);
#3323=VECTOR('',#5385,1.);
#3324=VECTOR('',#5386,1.);
#3325=VECTOR('',#5391,1.);
#3326=VECTOR('',#5392,1.);
#3327=VECTOR('',#5393,1.);
#3328=VECTOR('',#5396,1.);
#3329=VECTOR('',#5397,1.);
#3330=VECTOR('',#5400,1.);
#3331=VECTOR('',#5403,1.);
#3332=VECTOR('',#5404,1.);
#3333=VECTOR('',#5407,1.);
#3334=VECTOR('',#5408,1.);
#3335=VECTOR('',#5409,1.);
#3336=VECTOR('',#5412,1.);
#3337=VECTOR('',#5413,1.);
#3338=VECTOR('',#5414,1.);
#3339=VECTOR('',#5417,1.);
#3340=VECTOR('',#5418,1.);
#3341=VECTOR('',#5419,1.);
#3342=VECTOR('',#5422,1.);
#3343=VECTOR('',#5423,1.);
#3344=VECTOR('',#5424,1.);
#3345=VECTOR('',#5427,1.);
#3346=VECTOR('',#5428,1.);
#3347=VECTOR('',#5429,1.);
#3348=VECTOR('',#5432,1.);
#3349=VECTOR('',#5433,1.);
#3350=VECTOR('',#5436,1.);
#3351=VECTOR('',#5437,1.);
#3352=VECTOR('',#5438,1.);
#3353=VECTOR('',#5441,1.);
#3354=VECTOR('',#5442,1.);
#3355=VECTOR('',#5445,1.);
#3356=VECTOR('',#5446,1.);
#3357=VECTOR('',#5447,1.);
#3358=VECTOR('',#5450,1.);
#3359=VECTOR('',#5451,1.);
#3360=VECTOR('',#5452,1.);
#3361=VECTOR('',#5455,1.);
#3362=VECTOR('',#5456,1.);
#3363=VECTOR('',#5459,1.);
#3364=VECTOR('',#5460,1.);
#3365=VECTOR('',#5463,1.);
#3366=VECTOR('',#5464,1.);
#3367=VECTOR('',#5465,1.);
#3368=VECTOR('',#5468,1.);
#3369=VECTOR('',#5469,1.);
#3370=VECTOR('',#5474,1.);
#3371=VECTOR('',#5475,1.);
#3372=VECTOR('',#5476,1.);
#3373=VECTOR('',#5477,1.);
#3374=VECTOR('',#5482,1.);
#3375=VECTOR('',#5483,1.);
#3376=VECTOR('',#5626,1.);
#3377=VECTOR('',#5627,1.);
#3378=VECTOR('',#5628,1.);
#3379=VECTOR('',#5629,1.);
#3380=VECTOR('',#5632,1.);
#3381=VECTOR('',#5633,1.);
#3382=VECTOR('',#5634,1.);
#3383=VECTOR('',#5637,1.);
#3384=VECTOR('',#5638,1.);
#3385=VECTOR('',#5639,1.);
#3386=VECTOR('',#5642,1.);
#3387=VECTOR('',#5643,1.);
#3388=VECTOR('',#5644,1.);
#3389=VECTOR('',#5645,1.);
#3390=VECTOR('',#5648,1.);
#3391=VECTOR('',#5649,1.);
#3392=VECTOR('',#5650,1.);
#3393=VECTOR('',#5651,1.);
#3394=VECTOR('',#5652,1.);
#3395=VECTOR('',#5653,1.);
#3396=VECTOR('',#5656,1.);
#3397=VECTOR('',#5657,1.);
#3398=VECTOR('',#5660,1.);
#3399=VECTOR('',#5661,1.);
#3400=VECTOR('',#5664,1.);
#3401=VECTOR('',#5665,1.);
#3402=VECTOR('',#5666,1.);
#3403=VECTOR('',#5669,1.);
#3404=VECTOR('',#5670,1.);
#3405=VECTOR('',#5671,1.);
#3406=VECTOR('',#5672,1.);
#3407=VECTOR('',#5675,1.);
#3408=VECTOR('',#5676,1.);
#3409=VECTOR('',#5679,1.);
#3410=VECTOR('',#5680,1.);
#3411=VECTOR('',#5681,1.);
#3412=VECTOR('',#5682,1.);
#3413=VECTOR('',#5683,1.);
#3414=VECTOR('',#5684,1.);
#3415=VECTOR('',#5687,1.);
#3416=VECTOR('',#5688,1.);
#3417=VECTOR('',#5689,1.);
#3418=VECTOR('',#5692,1.);
#3419=VECTOR('',#5695,1.);
#3420=VECTOR('',#5698,1.);
#3421=VECTOR('',#5701,1.);
#3422=VECTOR('',#5704,1.);
#3423=VECTOR('',#5707,1.);
#3424=VECTOR('',#5710,1.);
#3425=VECTOR('',#5711,1.);
#3426=VECTOR('',#5714,1.);
#3427=VECTOR('',#5717,1.);
#3428=VECTOR('',#5720,1.);
#3429=VECTOR('',#5721,1.);
#3430=VECTOR('',#5732,1.);
#3431=VECTOR('',#5735,1.);
#3432=VECTOR('',#5740,1.);
#3433=VECTOR('',#5743,1.);
#3434=VECTOR('',#5860,1.);
#3435=VECTOR('',#5861,1.);
#3436=VECTOR('',#5862,1.);
#3437=VECTOR('',#5863,1.);
#3438=VECTOR('',#5864,1.);
#3439=VECTOR('',#5865,1.);
#3440=VECTOR('',#5868,1.);
#3441=VECTOR('',#5869,1.);
#3442=VECTOR('',#5872,1.);
#3443=VECTOR('',#5873,1.);
#3444=VECTOR('',#5878,1.);
#3445=VECTOR('',#5879,1.);
#3446=VECTOR('',#5880,1.);
#3447=VECTOR('',#5881,1.);
#3448=VECTOR('',#5884,1.);
#3449=VECTOR('',#5885,1.);
#3450=VECTOR('',#5886,1.);
#3451=VECTOR('',#5887,1.);
#3452=VECTOR('',#5888,1.);
#3453=VECTOR('',#5889,1.);
#3454=VECTOR('',#5892,1.);
#3455=VECTOR('',#5893,1.);
#3456=VECTOR('',#5894,1.);
#3457=VECTOR('',#5895,1.);
#3458=VECTOR('',#5898,1.);
#3459=VECTOR('',#5899,1.);
#3460=VECTOR('',#5900,1.);
#3461=VECTOR('',#5901,1.);
#3462=VECTOR('',#5904,1.);
#3463=VECTOR('',#5905,1.);
#3464=VECTOR('',#5906,1.);
#3465=VECTOR('',#5907,1.);
#3466=VECTOR('',#5910,1.);
#3467=VECTOR('',#5911,1.);
#3468=VECTOR('',#5912,1.);
#3469=VECTOR('',#5913,1.);
#3470=VECTOR('',#5914,1.);
#3471=VECTOR('',#5915,1.);
#3472=VECTOR('',#5918,1.);
#3473=VECTOR('',#5919,1.);
#3474=VECTOR('',#5920,1.);
#3475=VECTOR('',#5921,1.);
#3476=VECTOR('',#5924,1.);
#3477=VECTOR('',#5925,1.);
#3478=VECTOR('',#5926,1.);
#3479=VECTOR('',#5927,1.);
#3480=VECTOR('',#5930,1.);
#3481=VECTOR('',#5933,1.);
#3482=VECTOR('',#5936,1.);
#3483=VECTOR('',#5937,1.);
#3484=VECTOR('',#5938,1.);
#3485=VECTOR('',#5941,1.);
#3486=VECTOR('',#5942,1.);
#3487=VECTOR('',#5943,1.);
#3488=VECTOR('',#5948,1.);
#3489=VECTOR('',#5949,1.);
#3490=VECTOR('',#5974,1.);
#3491=VECTOR('',#5975,1.);
#3492=VECTOR('',#5976,1.);
#3493=VECTOR('',#5985,1.);
#3494=VECTOR('',#5986,1.);
#3495=VECTOR('',#5989,1.);
#3496=VECTOR('',#5990,1.);
#3497=VECTOR('',#5991,1.);
#3498=VECTOR('',#5992,1.);
#3499=VECTOR('',#5995,1.);
#3500=VECTOR('',#5996,1.);
#3501=VECTOR('',#5997,1.);
#3502=VECTOR('',#6002,1.);
#3503=VECTOR('',#6003,1.);
#3504=VECTOR('',#6004,1.);
#3505=VECTOR('',#6005,1.);
#3506=VECTOR('',#6012,1.);
#3507=VECTOR('',#6013,1.);
#3508=VECTOR('',#6040,1.);
#3509=VECTOR('',#6055,1.);
#3510=VECTOR('',#6096,1.);
#3511=VECTOR('',#6101,1.);
#3512=EDGE_LOOP('',(#346,#347,#348,#349,#350,#351,#352));
#3513=EDGE_LOOP('',(#353));
#3514=EDGE_LOOP('',(#354));
#3515=EDGE_LOOP('',(#355,#356,#357,#358,#359,#360,#361,#362,#363,#364,#365,
#366,#367,#368,#369,#370,#371,#372,#373,#374,#375,#376,#377,#378));
#3516=EDGE_LOOP('',(#379,#380,#381,#382,#383,#384));
#3517=EDGE_LOOP('',(#385,#386,#387,#388));
#3518=EDGE_LOOP('',(#389,#390,#391,#392));
#3519=EDGE_LOOP('',(#393,#394,#395,#396,#397));
#3520=EDGE_LOOP('',(#398,#399,#400,#401));
#3521=EDGE_LOOP('',(#402,#403,#404,#405));
#3522=EDGE_LOOP('',(#406,#407,#408,#409));
#3523=EDGE_LOOP('',(#410,#411,#412,#413,#414,#415));
#3524=EDGE_LOOP('',(#416));
#3525=EDGE_LOOP('',(#417,#418,#419,#420,#421,#422));
#3526=EDGE_LOOP('',(#423,#424,#425,#426));
#3527=EDGE_LOOP('',(#427));
#3528=EDGE_LOOP('',(#428,#429,#430,#431));
#3529=EDGE_LOOP('',(#432,#433,#434,#435));
#3530=EDGE_LOOP('',(#436,#437,#438,#439));
#3531=EDGE_LOOP('',(#440,#441,#442,#443));
#3532=EDGE_LOOP('',(#444,#445,#446,#447,#448,#449,#450,#451,#452,#453,#454,
#455,#456,#457,#458));
#3533=EDGE_LOOP('',(#459,#460,#461,#462));
#3534=EDGE_LOOP('',(#463,#464,#465,#466));
#3535=EDGE_LOOP('',(#467,#468,#469,#470));
#3536=EDGE_LOOP('',(#471,#472,#473,#474));
#3537=EDGE_LOOP('',(#475,#476,#477,#478));
#3538=EDGE_LOOP('',(#479));
#3539=EDGE_LOOP('',(#480));
#3540=EDGE_LOOP('',(#481));
#3541=EDGE_LOOP('',(#482));
#3542=EDGE_LOOP('',(#483,#484,#485,#486));
#3543=EDGE_LOOP('',(#487,#488,#489,#490));
#3544=EDGE_LOOP('',(#491,#492,#493,#494));
#3545=EDGE_LOOP('',(#495,#496,#497,#498));
#3546=EDGE_LOOP('',(#499,#500,#501,#502,#503));
#3547=EDGE_LOOP('',(#504,#505,#506,#507));
#3548=EDGE_LOOP('',(#508,#509,#510,#511));
#3549=EDGE_LOOP('',(#512,#513,#514));
#3550=EDGE_LOOP('',(#515,#516,#517,#518));
#3551=EDGE_LOOP('',(#519,#520,#521,#522));
#3552=EDGE_LOOP('',(#523,#524,#525,#526));
#3553=EDGE_LOOP('',(#527,#528,#529,#530,#531));
#3554=EDGE_LOOP('',(#532,#533,#534,#535));
#3555=EDGE_LOOP('',(#536,#537,#538,#539));
#3556=EDGE_LOOP('',(#540,#541,#542,#543));
#3557=EDGE_LOOP('',(#544,#545,#546,#547,#548,#549,#550,#551,#552,#553,#554,
#555,#556,#557,#558,#559,#560,#561,#562,#563,#564,#565,#566,#567,#568,#569));
#3558=EDGE_LOOP('',(#570,#571,#572,#573));
#3559=EDGE_LOOP('',(#574,#575,#576,#577));
#3560=EDGE_LOOP('',(#578,#579,#580,#581));
#3561=EDGE_LOOP('',(#582,#583,#584,#585,#586,#587,#588,#589,#590,#591,#592,
#593,#594,#595,#596,#597,#598,#599,#600,#601,#602,#603,#604,#605,#606,#607,
#608,#609,#610,#611,#612,#613,#614,#615,#616,#617,#618,#619,#620,#621,#622,
#623,#624,#625,#626,#627,#628,#629));
#3562=EDGE_LOOP('',(#630,#631,#632,#633));
#3563=EDGE_LOOP('',(#634,#635,#636,#637,#638,#639,#640,#641,#642,#643,#644,
#645,#646,#647,#648,#649,#650,#651,#652,#653,#654,#655,#656,#657,#658,#659));
#3564=EDGE_LOOP('',(#660,#661,#662,#663));
#3565=EDGE_LOOP('',(#664,#665,#666,#667,#668,#669,#670,#671,#672,#673,#674));
#3566=EDGE_LOOP('',(#675,#676,#677,#678,#679,#680,#681,#682,#683,#684,#685));
#3567=EDGE_LOOP('',(#686,#687,#688,#689));
#3568=EDGE_LOOP('',(#690,#691,#692,#693));
#3569=EDGE_LOOP('',(#694,#695,#696,#697));
#3570=EDGE_LOOP('',(#698,#699,#700,#701));
#3571=EDGE_LOOP('',(#702,#703,#704,#705));
#3572=EDGE_LOOP('',(#706,#707,#708,#709));
#3573=EDGE_LOOP('',(#710,#711,#712,#713));
#3574=EDGE_LOOP('',(#714,#715,#716,#717));
#3575=EDGE_LOOP('',(#718,#719,#720,#721));
#3576=EDGE_LOOP('',(#722,#723,#724,#725));
#3577=EDGE_LOOP('',(#726,#727,#728,#729));
#3578=EDGE_LOOP('',(#730,#731,#732,#733,#734,#735,#736,#737,#738,#739,#740,
#741));
#3579=EDGE_LOOP('',(#742,#743,#744,#745));
#3580=EDGE_LOOP('',(#746,#747,#748,#749,#750,#751,#752,#753,#754,#755,#756,
#757));
#3581=EDGE_LOOP('',(#758,#759,#760,#761));
#3582=EDGE_LOOP('',(#762,#763,#764,#765));
#3583=EDGE_LOOP('',(#766,#767,#768,#769));
#3584=EDGE_LOOP('',(#770,#771,#772,#773));
#3585=EDGE_LOOP('',(#774,#775,#776,#777));
#3586=EDGE_LOOP('',(#778,#779,#780,#781,#782,#783,#784,#785,#786,#787,#788,
#789,#790,#791,#792,#793,#794,#795,#796,#797));
#3587=EDGE_LOOP('',(#798,#799,#800,#801,#802,#803,#804,#805,#806,#807,#808));
#3588=EDGE_LOOP('',(#809,#810,#811,#812,#813,#814,#815,#816,#817,#818,#819));
#3589=EDGE_LOOP('',(#820,#821,#822,#823));
#3590=EDGE_LOOP('',(#824,#825,#826,#827));
#3591=EDGE_LOOP('',(#828,#829,#830,#831));
#3592=EDGE_LOOP('',(#832,#833,#834,#835));
#3593=EDGE_LOOP('',(#836,#837,#838,#839));
#3594=EDGE_LOOP('',(#840,#841,#842,#843));
#3595=EDGE_LOOP('',(#844,#845,#846,#847));
#3596=EDGE_LOOP('',(#848,#849,#850,#851));
#3597=EDGE_LOOP('',(#852,#853,#854,#855));
#3598=EDGE_LOOP('',(#856,#857,#858,#859));
#3599=EDGE_LOOP('',(#860,#861,#862,#863));
#3600=EDGE_LOOP('',(#864,#865,#866,#867));
#3601=EDGE_LOOP('',(#868,#869,#870,#871));
#3602=EDGE_LOOP('',(#872,#873,#874,#875));
#3603=EDGE_LOOP('',(#876,#877,#878,#879));
#3604=EDGE_LOOP('',(#880,#881,#882,#883));
#3605=EDGE_LOOP('',(#884,#885,#886,#887));
#3606=EDGE_LOOP('',(#888,#889,#890,#891));
#3607=EDGE_LOOP('',(#892,#893,#894,#895));
#3608=EDGE_LOOP('',(#896,#897,#898,#899));
#3609=EDGE_LOOP('',(#900,#901,#902,#903));
#3610=EDGE_LOOP('',(#904,#905,#906,#907));
#3611=EDGE_LOOP('',(#908,#909,#910,#911));
#3612=EDGE_LOOP('',(#912,#913,#914,#915));
#3613=EDGE_LOOP('',(#916,#917,#918,#919));
#3614=EDGE_LOOP('',(#920,#921,#922,#923));
#3615=EDGE_LOOP('',(#924,#925,#926,#927));
#3616=EDGE_LOOP('',(#928,#929,#930,#931,#932,#933,#934));
#3617=EDGE_LOOP('',(#935,#936,#937,#938));
#3618=EDGE_LOOP('',(#939,#940,#941,#942,#943,#944,#945));
#3619=EDGE_LOOP('',(#946,#947,#948,#949));
#3620=EDGE_LOOP('',(#950,#951,#952,#953));
#3621=EDGE_LOOP('',(#954,#955,#956,#957));
#3622=EDGE_LOOP('',(#958,#959,#960,#961));
#3623=EDGE_LOOP('',(#962,#963,#964,#965));
#3624=EDGE_LOOP('',(#966,#967,#968,#969));
#3625=EDGE_LOOP('',(#970,#971,#972,#973));
#3626=EDGE_LOOP('',(#974,#975,#976,#977));
#3627=EDGE_LOOP('',(#978,#979,#980,#981));
#3628=EDGE_LOOP('',(#982,#983,#984,#985));
#3629=EDGE_LOOP('',(#986,#987,#988,#989));
#3630=EDGE_LOOP('',(#990,#991,#992,#993));
#3631=EDGE_LOOP('',(#994,#995,#996,#997));
#3632=EDGE_LOOP('',(#998,#999,#1000,#1001));
#3633=EDGE_LOOP('',(#1002,#1003,#1004,#1005));
#3634=EDGE_LOOP('',(#1006,#1007,#1008,#1009));
#3635=EDGE_LOOP('',(#1010,#1011,#1012,#1013));
#3636=EDGE_LOOP('',(#1014,#1015,#1016,#1017));
#3637=EDGE_LOOP('',(#1018,#1019,#1020,#1021));
#3638=EDGE_LOOP('',(#1022,#1023,#1024,#1025));
#3639=EDGE_LOOP('',(#1026,#1027,#1028,#1029));
#3640=EDGE_LOOP('',(#1030,#1031,#1032,#1033));
#3641=EDGE_LOOP('',(#1034,#1035,#1036,#1037));
#3642=EDGE_LOOP('',(#1038,#1039,#1040,#1041));
#3643=EDGE_LOOP('',(#1042,#1043,#1044,#1045));
#3644=EDGE_LOOP('',(#1046,#1047,#1048,#1049));
#3645=EDGE_LOOP('',(#1050,#1051,#1052,#1053));
#3646=EDGE_LOOP('',(#1054,#1055,#1056,#1057));
#3647=EDGE_LOOP('',(#1058,#1059,#1060,#1061));
#3648=EDGE_LOOP('',(#1062,#1063,#1064,#1065));
#3649=EDGE_LOOP('',(#1066,#1067,#1068,#1069));
#3650=EDGE_LOOP('',(#1070,#1071,#1072,#1073));
#3651=EDGE_LOOP('',(#1074,#1075,#1076,#1077));
#3652=EDGE_LOOP('',(#1078,#1079,#1080,#1081));
#3653=EDGE_LOOP('',(#1082,#1083,#1084,#1085));
#3654=EDGE_LOOP('',(#1086,#1087,#1088,#1089));
#3655=EDGE_LOOP('',(#1090,#1091,#1092,#1093,#1094,#1095,#1096,#1097,#1098,
#1099,#1100,#1101,#1102,#1103,#1104,#1105,#1106,#1107,#1108,#1109,#1110,
#1111,#1112,#1113));
#3656=EDGE_LOOP('',(#1114,#1115,#1116,#1117));
#3657=EDGE_LOOP('',(#1118,#1119,#1120,#1121,#1122,#1123,#1124,#1125,#1126,
#1127,#1128,#1129,#1130,#1131,#1132,#1133,#1134,#1135,#1136,#1137,#1138,
#1139,#1140,#1141));
#3658=EDGE_LOOP('',(#1142,#1143,#1144,#1145));
#3659=EDGE_LOOP('',(#1146,#1147,#1148,#1149));
#3660=EDGE_LOOP('',(#1150,#1151,#1152,#1153));
#3661=EDGE_LOOP('',(#1154,#1155,#1156,#1157));
#3662=EDGE_LOOP('',(#1158,#1159,#1160,#1161));
#3663=EDGE_LOOP('',(#1162,#1163,#1164,#1165));
#3664=EDGE_LOOP('',(#1166,#1167,#1168,#1169));
#3665=EDGE_LOOP('',(#1170,#1171,#1172,#1173));
#3666=EDGE_LOOP('',(#1174,#1175,#1176,#1177));
#3667=EDGE_LOOP('',(#1178,#1179,#1180,#1181));
#3668=EDGE_LOOP('',(#1182,#1183,#1184,#1185));
#3669=EDGE_LOOP('',(#1186,#1187,#1188,#1189));
#3670=EDGE_LOOP('',(#1190,#1191,#1192,#1193));
#3671=EDGE_LOOP('',(#1194,#1195,#1196,#1197,#1198,#1199));
#3672=EDGE_LOOP('',(#1200,#1201,#1202,#1203,#1204,#1205));
#3673=EDGE_LOOP('',(#1206,#1207,#1208,#1209,#1210));
#3674=EDGE_LOOP('',(#1211,#1212,#1213,#1214));
#3675=EDGE_LOOP('',(#1215,#1216,#1217,#1218,#1219));
#3676=EDGE_LOOP('',(#1220,#1221,#1222,#1223,#1224));
#3677=EDGE_LOOP('',(#1225,#1226,#1227,#1228));
#3678=EDGE_LOOP('',(#1229,#1230,#1231,#1232,#1233));
#3679=EDGE_LOOP('',(#1234,#1235,#1236,#1237));
#3680=EDGE_LOOP('',(#1238,#1239,#1240,#1241));
#3681=EDGE_LOOP('',(#1242,#1243,#1244,#1245));
#3682=EDGE_LOOP('',(#1246,#1247,#1248,#1249));
#3683=EDGE_LOOP('',(#1250,#1251,#1252,#1253));
#3684=EDGE_LOOP('',(#1254,#1255,#1256,#1257));
#3685=EDGE_LOOP('',(#1258,#1259,#1260,#1261));
#3686=EDGE_LOOP('',(#1262,#1263,#1264));
#3687=EDGE_LOOP('',(#1265,#1266,#1267,#1268));
#3688=EDGE_LOOP('',(#1269,#1270,#1271));
#3689=EDGE_LOOP('',(#1272,#1273,#1274,#1275));
#3690=EDGE_LOOP('',(#1276,#1277,#1278,#1279));
#3691=EDGE_LOOP('',(#1280,#1281,#1282));
#3692=EDGE_LOOP('',(#1283,#1284,#1285,#1286));
#3693=EDGE_LOOP('',(#1287,#1288,#1289,#1290));
#3694=EDGE_LOOP('',(#1291,#1292,#1293));
#3695=EDGE_LOOP('',(#1294,#1295,#1296,#1297));
#3696=EDGE_LOOP('',(#1298,#1299,#1300,#1301));
#3697=EDGE_LOOP('',(#1302,#1303,#1304));
#3698=EDGE_LOOP('',(#1305,#1306,#1307,#1308));
#3699=EDGE_LOOP('',(#1309,#1310,#1311));
#3700=EDGE_LOOP('',(#1312,#1313,#1314,#1315));
#3701=EDGE_LOOP('',(#1316,#1317,#1318));
#3702=EDGE_LOOP('',(#1319,#1320,#1321,#1322));
#3703=EDGE_LOOP('',(#1323,#1324,#1325));
#3704=EDGE_LOOP('',(#1326,#1327,#1328,#1329));
#3705=EDGE_LOOP('',(#1330,#1331,#1332));
#3706=EDGE_LOOP('',(#1333,#1334,#1335,#1336));
#3707=EDGE_LOOP('',(#1337,#1338,#1339));
#3708=EDGE_LOOP('',(#1340,#1341,#1342,#1343));
#3709=EDGE_LOOP('',(#1344,#1345,#1346));
#3710=EDGE_LOOP('',(#1347,#1348,#1349,#1350));
#3711=EDGE_LOOP('',(#1351,#1352,#1353));
#3712=EDGE_LOOP('',(#1354,#1355,#1356,#1357));
#3713=EDGE_LOOP('',(#1358,#1359,#1360,#1361));
#3714=EDGE_LOOP('',(#1362,#1363,#1364,#1365,#1366,#1367));
#3715=EDGE_LOOP('',(#1368,#1369,#1370,#1371,#1372));
#3716=EDGE_LOOP('',(#1373,#1374,#1375,#1376,#1377));
#3717=EDGE_LOOP('',(#1378,#1379,#1380,#1381,#1382,#1383));
#3718=EDGE_LOOP('',(#1384,#1385,#1386,#1387));
#3719=EDGE_LOOP('',(#1388,#1389,#1390,#1391));
#3720=EDGE_LOOP('',(#1392,#1393,#1394,#1395));
#3721=EDGE_LOOP('',(#1396,#1397,#1398,#1399,#1400,#1401,#1402,#1403));
#3722=EDGE_LOOP('',(#1404,#1405,#1406,#1407));
#3723=EDGE_LOOP('',(#1408,#1409,#1410,#1411));
#3724=EDGE_LOOP('',(#1412,#1413,#1414,#1415,#1416));
#3725=EDGE_LOOP('',(#1417,#1418,#1419,#1420));
#3726=EDGE_LOOP('',(#1421,#1422,#1423,#1424));
#3727=EDGE_LOOP('',(#1425,#1426,#1427,#1428,#1429));
#3728=EDGE_LOOP('',(#1430,#1431,#1432,#1433,#1434,#1435,#1436,#1437,#1438,
#1439,#1440,#1441,#1442,#1443,#1444,#1445,#1446,#1447,#1448,#1449,#1450,
#1451,#1452,#1453));
#3729=EDGE_LOOP('',(#1454,#1455,#1456,#1457,#1458));
#3730=EDGE_LOOP('',(#1459,#1460,#1461,#1462,#1463,#1464,#1465,#1466,#1467,
#1468));
#3731=EDGE_LOOP('',(#1469,#1470,#1471,#1472));
#3732=EDGE_LOOP('',(#1473,#1474,#1475,#1476,#1477));
#3733=EDGE_LOOP('',(#1478,#1479,#1480,#1481));
#3734=EDGE_LOOP('',(#1482,#1483,#1484,#1485,#1486,#1487,#1488,#1489,#1490,
#1491));
#3735=EDGE_LOOP('',(#1492,#1493,#1494,#1495,#1496,#1497,#1498,#1499,#1500,
#1501,#1502,#1503,#1504,#1505,#1506,#1507,#1508,#1509,#1510,#1511));
#3736=EDGE_LOOP('',(#1512,#1513,#1514,#1515));
#3737=EDGE_LOOP('',(#1516,#1517,#1518,#1519,#1520));
#3738=EDGE_LOOP('',(#1521,#1522,#1523,#1524));
#3739=EDGE_LOOP('',(#1525,#1526,#1527,#1528));
#3740=EDGE_LOOP('',(#1529,#1530,#1531,#1532));
#3741=EDGE_LOOP('',(#1533,#1534,#1535,#1536));
#3742=EDGE_LOOP('',(#1537,#1538,#1539,#1540));
#3743=EDGE_LOOP('',(#1541,#1542,#1543,#1544,#1545));
#3744=EDGE_LOOP('',(#1546,#1547,#1548,#1549));
#3745=EDGE_LOOP('',(#1550,#1551,#1552,#1553));
#3746=EDGE_LOOP('',(#1554,#1555,#1556,#1557));
#3747=EDGE_LOOP('',(#1558,#1559,#1560,#1561));
#3748=EDGE_LOOP('',(#1562,#1563,#1564,#1565));
#3749=EDGE_LOOP('',(#1566,#1567,#1568,#1569));
#3750=EDGE_LOOP('',(#1570,#1571,#1572,#1573));
#3751=EDGE_LOOP('',(#1574,#1575,#1576,#1577));
#3752=EDGE_LOOP('',(#1578,#1579,#1580,#1581));
#3753=EDGE_LOOP('',(#1582,#1583,#1584,#1585));
#3754=EDGE_LOOP('',(#1586,#1587,#1588,#1589));
#3755=EDGE_LOOP('',(#1590,#1591,#1592,#1593));
#3756=EDGE_LOOP('',(#1594,#1595,#1596,#1597));
#3757=EDGE_LOOP('',(#1598,#1599,#1600,#1601));
#3758=EDGE_LOOP('',(#1602,#1603,#1604,#1605));
#3759=EDGE_LOOP('',(#1606,#1607,#1608,#1609));
#3760=FACE_BOUND('',#3512,.T.);
#3761=FACE_BOUND('',#3513,.T.);
#3762=FACE_BOUND('',#3514,.T.);
#3763=FACE_BOUND('',#3515,.T.);
#3764=FACE_BOUND('',#3516,.T.);
#3765=FACE_BOUND('',#3517,.T.);
#3766=FACE_BOUND('',#3518,.T.);
#3767=FACE_BOUND('',#3519,.T.);
#3768=FACE_BOUND('',#3520,.T.);
#3769=FACE_BOUND('',#3521,.T.);
#3770=FACE_BOUND('',#3522,.T.);
#3771=FACE_BOUND('',#3523,.T.);
#3772=FACE_BOUND('',#3524,.T.);
#3773=FACE_BOUND('',#3525,.T.);
#3774=FACE_BOUND('',#3526,.T.);
#3775=FACE_BOUND('',#3527,.T.);
#3776=FACE_BOUND('',#3528,.T.);
#3777=FACE_BOUND('',#3529,.T.);
#3778=FACE_BOUND('',#3530,.T.);
#3779=FACE_BOUND('',#3531,.T.);
#3780=FACE_BOUND('',#3532,.T.);
#3781=FACE_BOUND('',#3533,.T.);
#3782=FACE_BOUND('',#3534,.T.);
#3783=FACE_BOUND('',#3535,.T.);
#3784=FACE_BOUND('',#3536,.T.);
#3785=FACE_BOUND('',#3537,.T.);
#3786=FACE_BOUND('',#3538,.T.);
#3787=FACE_BOUND('',#3539,.T.);
#3788=FACE_BOUND('',#3540,.T.);
#3789=FACE_BOUND('',#3541,.T.);
#3790=FACE_BOUND('',#3542,.T.);
#3791=FACE_BOUND('',#3543,.T.);
#3792=FACE_BOUND('',#3544,.T.);
#3793=FACE_BOUND('',#3545,.T.);
#3794=FACE_BOUND('',#3546,.T.);
#3795=FACE_BOUND('',#3547,.T.);
#3796=FACE_BOUND('',#3548,.T.);
#3797=FACE_BOUND('',#3549,.T.);
#3798=FACE_BOUND('',#3550,.T.);
#3799=FACE_BOUND('',#3551,.T.);
#3800=FACE_BOUND('',#3552,.T.);
#3801=FACE_BOUND('',#3553,.T.);
#3802=FACE_BOUND('',#3554,.T.);
#3803=FACE_BOUND('',#3555,.T.);
#3804=FACE_BOUND('',#3556,.T.);
#3805=FACE_BOUND('',#3557,.T.);
#3806=FACE_BOUND('',#3558,.T.);
#3807=FACE_BOUND('',#3559,.T.);
#3808=FACE_BOUND('',#3560,.T.);
#3809=FACE_BOUND('',#3561,.T.);
#3810=FACE_BOUND('',#3562,.T.);
#3811=FACE_BOUND('',#3563,.T.);
#3812=FACE_BOUND('',#3564,.T.);
#3813=FACE_BOUND('',#3565,.T.);
#3814=FACE_BOUND('',#3566,.T.);
#3815=FACE_BOUND('',#3567,.T.);
#3816=FACE_BOUND('',#3568,.T.);
#3817=FACE_BOUND('',#3569,.T.);
#3818=FACE_BOUND('',#3570,.T.);
#3819=FACE_BOUND('',#3571,.T.);
#3820=FACE_BOUND('',#3572,.T.);
#3821=FACE_BOUND('',#3573,.T.);
#3822=FACE_BOUND('',#3574,.T.);
#3823=FACE_BOUND('',#3575,.T.);
#3824=FACE_BOUND('',#3576,.T.);
#3825=FACE_BOUND('',#3577,.T.);
#3826=FACE_BOUND('',#3578,.T.);
#3827=FACE_BOUND('',#3579,.T.);
#3828=FACE_BOUND('',#3580,.T.);
#3829=FACE_BOUND('',#3581,.T.);
#3830=FACE_BOUND('',#3582,.T.);
#3831=FACE_BOUND('',#3583,.T.);
#3832=FACE_BOUND('',#3584,.T.);
#3833=FACE_BOUND('',#3585,.T.);
#3834=FACE_BOUND('',#3586,.T.);
#3835=FACE_BOUND('',#3587,.T.);
#3836=FACE_BOUND('',#3588,.T.);
#3837=FACE_BOUND('',#3589,.T.);
#3838=FACE_BOUND('',#3590,.T.);
#3839=FACE_BOUND('',#3591,.T.);
#3840=FACE_BOUND('',#3592,.T.);
#3841=FACE_BOUND('',#3593,.T.);
#3842=FACE_BOUND('',#3594,.T.);
#3843=FACE_BOUND('',#3595,.T.);
#3844=FACE_BOUND('',#3596,.T.);
#3845=FACE_BOUND('',#3597,.T.);
#3846=FACE_BOUND('',#3598,.T.);
#3847=FACE_BOUND('',#3599,.T.);
#3848=FACE_BOUND('',#3600,.T.);
#3849=FACE_BOUND('',#3601,.T.);
#3850=FACE_BOUND('',#3602,.T.);
#3851=FACE_BOUND('',#3603,.T.);
#3852=FACE_BOUND('',#3604,.T.);
#3853=FACE_BOUND('',#3605,.T.);
#3854=FACE_BOUND('',#3606,.T.);
#3855=FACE_BOUND('',#3607,.T.);
#3856=FACE_BOUND('',#3608,.T.);
#3857=FACE_BOUND('',#3609,.T.);
#3858=FACE_BOUND('',#3610,.T.);
#3859=FACE_BOUND('',#3611,.T.);
#3860=FACE_BOUND('',#3612,.T.);
#3861=FACE_BOUND('',#3613,.T.);
#3862=FACE_BOUND('',#3614,.T.);
#3863=FACE_BOUND('',#3615,.T.);
#3864=FACE_BOUND('',#3616,.T.);
#3865=FACE_BOUND('',#3617,.T.);
#3866=FACE_BOUND('',#3618,.T.);
#3867=FACE_BOUND('',#3619,.T.);
#3868=FACE_BOUND('',#3620,.T.);
#3869=FACE_BOUND('',#3621,.T.);
#3870=FACE_BOUND('',#3622,.T.);
#3871=FACE_BOUND('',#3623,.T.);
#3872=FACE_BOUND('',#3624,.T.);
#3873=FACE_BOUND('',#3625,.T.);
#3874=FACE_BOUND('',#3626,.T.);
#3875=FACE_BOUND('',#3627,.T.);
#3876=FACE_BOUND('',#3628,.T.);
#3877=FACE_BOUND('',#3629,.T.);
#3878=FACE_BOUND('',#3630,.T.);
#3879=FACE_BOUND('',#3631,.T.);
#3880=FACE_BOUND('',#3632,.T.);
#3881=FACE_BOUND('',#3633,.T.);
#3882=FACE_BOUND('',#3634,.T.);
#3883=FACE_BOUND('',#3635,.T.);
#3884=FACE_BOUND('',#3636,.T.);
#3885=FACE_BOUND('',#3637,.T.);
#3886=FACE_BOUND('',#3638,.T.);
#3887=FACE_BOUND('',#3639,.T.);
#3888=FACE_BOUND('',#3640,.T.);
#3889=FACE_BOUND('',#3641,.T.);
#3890=FACE_BOUND('',#3642,.T.);
#3891=FACE_BOUND('',#3643,.T.);
#3892=FACE_BOUND('',#3644,.T.);
#3893=FACE_BOUND('',#3645,.T.);
#3894=FACE_BOUND('',#3646,.T.);
#3895=FACE_BOUND('',#3647,.T.);
#3896=FACE_BOUND('',#3648,.T.);
#3897=FACE_BOUND('',#3649,.T.);
#3898=FACE_BOUND('',#3650,.T.);
#3899=FACE_BOUND('',#3651,.T.);
#3900=FACE_BOUND('',#3652,.T.);
#3901=FACE_BOUND('',#3653,.T.);
#3902=FACE_BOUND('',#3654,.T.);
#3903=FACE_BOUND('',#3655,.T.);
#3904=FACE_BOUND('',#3656,.T.);
#3905=FACE_BOUND('',#3657,.T.);
#3906=FACE_BOUND('',#3658,.T.);
#3907=FACE_BOUND('',#3659,.T.);
#3908=FACE_BOUND('',#3660,.T.);
#3909=FACE_BOUND('',#3661,.T.);
#3910=FACE_BOUND('',#3662,.T.);
#3911=FACE_BOUND('',#3663,.T.);
#3912=FACE_BOUND('',#3664,.T.);
#3913=FACE_BOUND('',#3665,.T.);
#3914=FACE_BOUND('',#3666,.T.);
#3915=FACE_BOUND('',#3667,.T.);
#3916=FACE_BOUND('',#3668,.T.);
#3917=FACE_BOUND('',#3669,.T.);
#3918=FACE_BOUND('',#3670,.T.);
#3919=FACE_BOUND('',#3671,.T.);
#3920=FACE_BOUND('',#3672,.T.);
#3921=FACE_BOUND('',#3673,.T.);
#3922=FACE_BOUND('',#3674,.T.);
#3923=FACE_BOUND('',#3675,.T.);
#3924=FACE_BOUND('',#3676,.T.);
#3925=FACE_BOUND('',#3677,.T.);
#3926=FACE_BOUND('',#3678,.T.);
#3927=FACE_BOUND('',#3679,.T.);
#3928=FACE_BOUND('',#3680,.T.);
#3929=FACE_BOUND('',#3681,.T.);
#3930=FACE_BOUND('',#3682,.T.);
#3931=FACE_BOUND('',#3683,.T.);
#3932=FACE_BOUND('',#3684,.T.);
#3933=FACE_BOUND('',#3685,.T.);
#3934=FACE_BOUND('',#3686,.T.);
#3935=FACE_BOUND('',#3687,.T.);
#3936=FACE_BOUND('',#3688,.T.);
#3937=FACE_BOUND('',#3689,.T.);
#3938=FACE_BOUND('',#3690,.T.);
#3939=FACE_BOUND('',#3691,.T.);
#3940=FACE_BOUND('',#3692,.T.);
#3941=FACE_BOUND('',#3693,.T.);
#3942=FACE_BOUND('',#3694,.T.);
#3943=FACE_BOUND('',#3695,.T.);
#3944=FACE_BOUND('',#3696,.T.);
#3945=FACE_BOUND('',#3697,.T.);
#3946=FACE_BOUND('',#3698,.T.);
#3947=FACE_BOUND('',#3699,.T.);
#3948=FACE_BOUND('',#3700,.T.);
#3949=FACE_BOUND('',#3701,.T.);
#3950=FACE_BOUND('',#3702,.T.);
#3951=FACE_BOUND('',#3703,.T.);
#3952=FACE_BOUND('',#3704,.T.);
#3953=FACE_BOUND('',#3705,.T.);
#3954=FACE_BOUND('',#3706,.T.);
#3955=FACE_BOUND('',#3707,.T.);
#3956=FACE_BOUND('',#3708,.T.);
#3957=FACE_BOUND('',#3709,.T.);
#3958=FACE_BOUND('',#3710,.T.);
#3959=FACE_BOUND('',#3711,.T.);
#3960=FACE_BOUND('',#3712,.T.);
#3961=FACE_BOUND('',#3713,.T.);
#3962=FACE_BOUND('',#3714,.T.);
#3963=FACE_BOUND('',#3715,.T.);
#3964=FACE_BOUND('',#3716,.T.);
#3965=FACE_BOUND('',#3717,.T.);
#3966=FACE_BOUND('',#3718,.T.);
#3967=FACE_BOUND('',#3719,.T.);
#3968=FACE_BOUND('',#3720,.T.);
#3969=FACE_BOUND('',#3721,.T.);
#3970=FACE_BOUND('',#3722,.T.);
#3971=FACE_BOUND('',#3723,.T.);
#3972=FACE_BOUND('',#3724,.T.);
#3973=FACE_BOUND('',#3725,.T.);
#3974=FACE_BOUND('',#3726,.T.);
#3975=FACE_BOUND('',#3727,.T.);
#3976=FACE_BOUND('',#3728,.T.);
#3977=FACE_BOUND('',#3729,.T.);
#3978=FACE_BOUND('',#3730,.T.);
#3979=FACE_BOUND('',#3731,.T.);
#3980=FACE_BOUND('',#3732,.T.);
#3981=FACE_BOUND('',#3733,.T.);
#3982=FACE_BOUND('',#3734,.T.);
#3983=FACE_BOUND('',#3735,.T.);
#3984=FACE_BOUND('',#3736,.T.);
#3985=FACE_BOUND('',#3737,.T.);
#3986=FACE_BOUND('',#3738,.T.);
#3987=FACE_BOUND('',#3739,.T.);
#3988=FACE_BOUND('',#3740,.T.);
#3989=FACE_BOUND('',#3741,.T.);
#3990=FACE_BOUND('',#3742,.T.);
#3991=FACE_BOUND('',#3743,.T.);
#3992=FACE_BOUND('',#3744,.T.);
#3993=FACE_BOUND('',#3745,.T.);
#3994=FACE_BOUND('',#3746,.T.);
#3995=FACE_BOUND('',#3747,.T.);
#3996=FACE_BOUND('',#3748,.T.);
#3997=FACE_BOUND('',#3749,.T.);
#3998=FACE_BOUND('',#3750,.T.);
#3999=FACE_BOUND('',#3751,.T.);
#4000=FACE_BOUND('',#3752,.T.);
#4001=FACE_BOUND('',#3753,.T.);
#4002=FACE_BOUND('',#3754,.T.);
#4003=FACE_BOUND('',#3755,.T.);
#4004=FACE_BOUND('',#3756,.T.);
#4005=FACE_BOUND('',#3757,.T.);
#4006=FACE_BOUND('',#3758,.T.);
#4007=FACE_BOUND('',#3759,.T.);
#4008=PLANE('',#4411);
#4009=PLANE('',#4417);
#4010=PLANE('',#4426);
#4011=PLANE('',#4429);
#4012=PLANE('',#4430);
#4013=PLANE('',#4431);
#4014=PLANE('',#4432);
#4015=PLANE('',#4433);
#4016=PLANE('',#4434);
#4017=PLANE('',#4435);
#4018=PLANE('',#4438);
#4019=PLANE('',#4442);
#4020=PLANE('',#4443);
#4021=PLANE('',#4445);
#4022=PLANE('',#4446);
#4023=PLANE('',#4447);
#4024=PLANE('',#4448);
#4025=PLANE('',#4452);
#4026=PLANE('',#4453);
#4027=PLANE('',#4485);
#4028=PLANE('',#4490);
#4029=PLANE('',#4491);
#4030=PLANE('',#4492);
#4031=PLANE('',#4493);
#4032=PLANE('',#4506);
#4033=PLANE('',#4507);
#4034=PLANE('',#4514);
#4035=PLANE('',#4515);
#4036=PLANE('',#4519);
#4037=PLANE('',#4523);
#4038=PLANE('',#4524);
#4039=PLANE('',#4525);
#4040=PLANE('',#4526);
#4041=PLANE('',#4527);
#4042=PLANE('',#4528);
#4043=PLANE('',#4529);
#4044=PLANE('',#4530);
#4045=PLANE('',#4531);
#4046=PLANE('',#4532);
#4047=PLANE('',#4533);
#4048=PLANE('',#4534);
#4049=PLANE('',#4535);
#4050=PLANE('',#4536);
#4051=PLANE('',#4537);
#4052=PLANE('',#4538);
#4053=PLANE('',#4539);
#4054=PLANE('',#4540);
#4055=PLANE('',#4541);
#4056=PLANE('',#4542);
#4057=PLANE('',#4547);
#4058=PLANE('',#4551);
#4059=PLANE('',#4555);
#4060=PLANE('',#4556);
#4061=PLANE('',#4557);
#4062=PLANE('',#4558);
#4063=PLANE('',#4559);
#4064=PLANE('',#4560);
#4065=PLANE('',#4561);
#4066=PLANE('',#4562);
#4067=PLANE('',#4563);
#4068=PLANE('',#4564);
#4069=PLANE('',#4565);
#4070=PLANE('',#4566);
#4071=PLANE('',#4567);
#4072=PLANE('',#4568);
#4073=PLANE('',#4569);
#4074=PLANE('',#4570);
#4075=PLANE('',#4571);
#4076=PLANE('',#4572);
#4077=PLANE('',#4573);
#4078=PLANE('',#4574);
#4079=PLANE('',#4575);
#4080=PLANE('',#4576);
#4081=PLANE('',#4577);
#4082=PLANE('',#4578);
#4083=PLANE('',#4579);
#4084=PLANE('',#4580);
#4085=PLANE('',#4581);
#4086=PLANE('',#4582);
#4087=PLANE('',#4584);
#4088=PLANE('',#4585);
#4089=PLANE('',#4657);
#4090=PLANE('',#4658);
#4091=PLANE('',#4659);
#4092=PLANE('',#4664);
#4093=PLANE('',#4665);
#4094=PLANE('',#4670);
#4095=PLANE('',#4671);
#4096=PLANE('',#4672);
#4097=PLANE('',#4673);
#4098=PLANE('',#4674);
#4099=PLANE('',#4675);
#4100=PLANE('',#4676);
#4101=PLANE('',#4677);
#4102=PLANE('',#4678);
#4103=PLANE('',#4679);
#4104=PLANE('',#4680);
#4105=PLANE('',#4683);
#4106=PLANE('',#4686);
#4107=PLANE('',#4745);
#4108=PLANE('',#4746);
#4109=PLANE('',#4748);
#4110=PLANE('',#4750);
#4111=PLANE('',#4751);
#4112=PLANE('',#4752);
#4113=PLANE('',#4753);
#4114=PLANE('',#4754);
#4115=PLANE('',#4755);
#4116=PLANE('',#4756);
#4117=PLANE('',#4757);
#4118=PLANE('',#4759);
#4119=PLANE('',#4760);
#4120=PLANE('',#4761);
#4121=PLANE('',#4763);
#4122=PLANE('',#4774);
#4123=PLANE('',#4776);
#4124=PLANE('',#4779);
#4125=PLANE('',#4780);
#4126=PLANE('',#4782);
#4127=PLANE('',#4783);
#4128=PLANE('',#4786);
#4129=ADVANCED_FACE('',(#3760),#4008,.T.);
#4130=ADVANCED_FACE('',(#3761,#3762),#112,.F.);
#4131=ADVANCED_FACE('',(#3763),#4009,.T.);
#4132=ADVANCED_FACE('',(#3764),#4010,.T.);
#4133=ADVANCED_FACE('',(#3765),#4011,.T.);
#4134=ADVANCED_FACE('',(#3766),#4012,.F.);
#4135=ADVANCED_FACE('',(#3767),#4013,.T.);
#4136=ADVANCED_FACE('',(#3768),#4014,.F.);
#4137=ADVANCED_FACE('',(#3769),#4015,.T.);
#4138=ADVANCED_FACE('',(#3770),#4016,.F.);
#4139=ADVANCED_FACE('',(#3771),#4017,.F.);
#4140=ADVANCED_FACE('',(#3772,#3773),#4018,.T.);
#4141=ADVANCED_FACE('',(#3774),#4019,.T.);
#4142=ADVANCED_FACE('',(#3775,#3776),#4020,.T.);
#4143=ADVANCED_FACE('',(#3777),#4021,.F.);
#4144=ADVANCED_FACE('',(#3778),#4022,.T.);
#4145=ADVANCED_FACE('',(#3779),#4023,.T.);
#4146=ADVANCED_FACE('',(#3780),#4024,.T.);
#4147=ADVANCED_FACE('',(#3781),#4025,.F.);
#4148=ADVANCED_FACE('',(#3782),#4026,.F.);
#4149=ADVANCED_FACE('',(#3783),#113,.T.);
#4150=ADVANCED_FACE('',(#3784),#114,.T.);
#4151=ADVANCED_FACE('',(#3785),#115,.T.);
#4152=ADVANCED_FACE('',(#3786,#3787),#43,.T.);
#4153=ADVANCED_FACE('',(#3788,#3789),#44,.T.);
#4154=ADVANCED_FACE('',(#3790),#116,.T.);
#4155=ADVANCED_FACE('',(#3791),#117,.T.);
#4156=ADVANCED_FACE('',(#3792),#118,.T.);
#4157=ADVANCED_FACE('',(#3793),#119,.F.);
#4158=ADVANCED_FACE('',(#3794),#45,.T.);
#4159=ADVANCED_FACE('',(#3795),#120,.T.);
#4160=ADVANCED_FACE('',(#3796),#121,.T.);
#4161=ADVANCED_FACE('',(#3797),#42,.T.);
#4162=ADVANCED_FACE('',(#3798),#122,.T.);
#4163=ADVANCED_FACE('',(#3799),#123,.T.);
#4164=ADVANCED_FACE('',(#3800),#124,.T.);
#4165=ADVANCED_FACE('',(#3801),#125,.T.);
#4166=ADVANCED_FACE('',(#3802),#126,.F.);
#4167=ADVANCED_FACE('',(#3803),#127,.T.);
#4168=ADVANCED_FACE('',(#3804),#128,.T.);
#4169=ADVANCED_FACE('',(#3805),#4027,.F.);
#4170=ADVANCED_FACE('',(#3806),#4028,.T.);
#4171=ADVANCED_FACE('',(#3807),#4029,.T.);
#4172=ADVANCED_FACE('',(#3808),#4030,.T.);
#4173=ADVANCED_FACE('',(#3809),#4031,.T.);
#4174=ADVANCED_FACE('',(#3810),#4032,.F.);
#4175=ADVANCED_FACE('',(#3811),#4033,.F.);
#4176=ADVANCED_FACE('',(#3812),#4034,.T.);
#4177=ADVANCED_FACE('',(#3813),#4035,.F.);
#4178=ADVANCED_FACE('',(#3814),#4036,.T.);
#4179=ADVANCED_FACE('',(#3815),#4037,.T.);
#4180=ADVANCED_FACE('',(#3816),#4038,.F.);
#4181=ADVANCED_FACE('',(#3817),#4039,.F.);
#4182=ADVANCED_FACE('',(#3818),#4040,.F.);
#4183=ADVANCED_FACE('',(#3819),#4041,.F.);
#4184=ADVANCED_FACE('',(#3820),#4042,.F.);
#4185=ADVANCED_FACE('',(#3821),#4043,.F.);
#4186=ADVANCED_FACE('',(#3822),#4044,.T.);
#4187=ADVANCED_FACE('',(#3823),#4045,.T.);
#4188=ADVANCED_FACE('',(#3824),#4046,.T.);
#4189=ADVANCED_FACE('',(#3825),#4047,.F.);
#4190=ADVANCED_FACE('',(#3826),#4048,.T.);
#4191=ADVANCED_FACE('',(#3827),#4049,.T.);
#4192=ADVANCED_FACE('',(#3828),#4050,.F.);
#4193=ADVANCED_FACE('',(#3829),#4051,.T.);
#4194=ADVANCED_FACE('',(#3830),#4052,.F.);
#4195=ADVANCED_FACE('',(#3831),#4053,.F.);
#4196=ADVANCED_FACE('',(#3832),#4054,.F.);
#4197=ADVANCED_FACE('',(#3833),#4055,.T.);
#4198=ADVANCED_FACE('',(#3834),#4056,.T.);
#4199=ADVANCED_FACE('',(#3835),#4057,.F.);
#4200=ADVANCED_FACE('',(#3836),#4058,.T.);
#4201=ADVANCED_FACE('',(#3837),#4059,.F.);
#4202=ADVANCED_FACE('',(#3838),#4060,.T.);
#4203=ADVANCED_FACE('',(#3839),#4061,.T.);
#4204=ADVANCED_FACE('',(#3840),#4062,.T.);
#4205=ADVANCED_FACE('',(#3841),#4063,.F.);
#4206=ADVANCED_FACE('',(#3842),#4064,.T.);
#4207=ADVANCED_FACE('',(#3843),#4065,.F.);
#4208=ADVANCED_FACE('',(#3844),#4066,.F.);
#4209=ADVANCED_FACE('',(#3845),#4067,.F.);
#4210=ADVANCED_FACE('',(#3846),#4068,.T.);
#4211=ADVANCED_FACE('',(#3847),#4069,.T.);
#4212=ADVANCED_FACE('',(#3848),#4070,.T.);
#4213=ADVANCED_FACE('',(#3849),#4071,.T.);
#4214=ADVANCED_FACE('',(#3850),#4072,.F.);
#4215=ADVANCED_FACE('',(#3851),#4073,.F.);
#4216=ADVANCED_FACE('',(#3852),#4074,.T.);
#4217=ADVANCED_FACE('',(#3853),#4075,.F.);
#4218=ADVANCED_FACE('',(#3854),#4076,.T.);
#4219=ADVANCED_FACE('',(#3855),#4077,.T.);
#4220=ADVANCED_FACE('',(#3856),#4078,.F.);
#4221=ADVANCED_FACE('',(#3857),#4079,.F.);
#4222=ADVANCED_FACE('',(#3858),#4080,.T.);
#4223=ADVANCED_FACE('',(#3859),#4081,.T.);
#4224=ADVANCED_FACE('',(#3860),#4082,.F.);
#4225=ADVANCED_FACE('',(#3861),#4083,.F.);
#4226=ADVANCED_FACE('',(#3862),#4084,.T.);
#4227=ADVANCED_FACE('',(#3863),#4085,.T.);
#4228=ADVANCED_FACE('',(#3864),#4086,.F.);
#4229=ADVANCED_FACE('',(#3865),#4087,.F.);
#4230=ADVANCED_FACE('',(#3866),#4088,.F.);
#4231=ADVANCED_FACE('',(#3867),#129,.F.);
#4232=ADVANCED_FACE('',(#3868),#130,.F.);
#4233=ADVANCED_FACE('',(#3869),#131,.T.);
#4234=ADVANCED_FACE('',(#3870),#132,.T.);
#4235=ADVANCED_FACE('',(#3871),#133,.F.);
#4236=ADVANCED_FACE('',(#3872),#134,.T.);
#4237=ADVANCED_FACE('',(#3873),#135,.T.);
#4238=ADVANCED_FACE('',(#3874),#136,.T.);
#4239=ADVANCED_FACE('',(#3875),#137,.T.);
#4240=ADVANCED_FACE('',(#3876),#138,.F.);
#4241=ADVANCED_FACE('',(#3877),#139,.F.);
#4242=ADVANCED_FACE('',(#3878),#140,.F.);
#4243=ADVANCED_FACE('',(#3879),#141,.F.);
#4244=ADVANCED_FACE('',(#3880),#142,.F.);
#4245=ADVANCED_FACE('',(#3881),#143,.F.);
#4246=ADVANCED_FACE('',(#3882),#144,.F.);
#4247=ADVANCED_FACE('',(#3883),#145,.F.);
#4248=ADVANCED_FACE('',(#3884),#146,.F.);
#4249=ADVANCED_FACE('',(#3885),#147,.F.);
#4250=ADVANCED_FACE('',(#3886),#148,.F.);
#4251=ADVANCED_FACE('',(#3887),#149,.F.);
#4252=ADVANCED_FACE('',(#3888),#150,.F.);
#4253=ADVANCED_FACE('',(#3889),#151,.F.);
#4254=ADVANCED_FACE('',(#3890),#152,.F.);
#4255=ADVANCED_FACE('',(#3891),#153,.F.);
#4256=ADVANCED_FACE('',(#3892),#154,.F.);
#4257=ADVANCED_FACE('',(#3893),#155,.F.);
#4258=ADVANCED_FACE('',(#3894),#156,.F.);
#4259=ADVANCED_FACE('',(#3895),#157,.F.);
#4260=ADVANCED_FACE('',(#3896),#46,.T.);
#4261=ADVANCED_FACE('',(#3897),#158,.F.);
#4262=ADVANCED_FACE('',(#3898),#159,.T.);
#4263=ADVANCED_FACE('',(#3899),#47,.T.);
#4264=ADVANCED_FACE('',(#3900),#160,.F.);
#4265=ADVANCED_FACE('',(#3901),#4089,.F.);
#4266=ADVANCED_FACE('',(#3902),#4090,.T.);
#4267=ADVANCED_FACE('',(#3903),#4091,.F.);
#4268=ADVANCED_FACE('',(#3904),#4092,.F.);
#4269=ADVANCED_FACE('',(#3905),#4093,.T.);
#4270=ADVANCED_FACE('',(#3906),#4094,.F.);
#4271=ADVANCED_FACE('',(#3907),#4095,.T.);
#4272=ADVANCED_FACE('',(#3908),#4096,.T.);
#4273=ADVANCED_FACE('',(#3909),#4097,.F.);
#4274=ADVANCED_FACE('',(#3910),#4098,.T.);
#4275=ADVANCED_FACE('',(#3911),#4099,.F.);
#4276=ADVANCED_FACE('',(#3912),#4100,.F.);
#4277=ADVANCED_FACE('',(#3913),#4101,.T.);
#4278=ADVANCED_FACE('',(#3914),#4102,.T.);
#4279=ADVANCED_FACE('',(#3915),#4103,.T.);
#4280=ADVANCED_FACE('',(#3916),#4104,.T.);
#4281=ADVANCED_FACE('',(#3917),#161,.T.);
#4282=ADVANCED_FACE('',(#3918),#162,.T.);
#4283=ADVANCED_FACE('',(#3919),#4105,.F.);
#4284=ADVANCED_FACE('',(#3920),#4106,.T.);
#4285=ADVANCED_FACE('',(#3921),#163,.F.);
#4286=ADVANCED_FACE('',(#3922),#164,.F.);
#4287=ADVANCED_FACE('',(#3923),#165,.F.);
#4288=ADVANCED_FACE('',(#3924),#166,.F.);
#4289=ADVANCED_FACE('',(#3925),#167,.F.);
#4290=ADVANCED_FACE('',(#3926),#168,.F.);
#4291=ADVANCED_FACE('',(#3927),#169,.F.);
#4292=ADVANCED_FACE('',(#3928),#170,.F.);
#4293=ADVANCED_FACE('',(#3929),#171,.F.);
#4294=ADVANCED_FACE('',(#3930),#48,.F.);
#4295=ADVANCED_FACE('',(#3931),#172,.F.);
#4296=ADVANCED_FACE('',(#3932),#49,.F.);
#4297=ADVANCED_FACE('',(#3933),#173,.F.);
#4298=ADVANCED_FACE('',(#3934),#10,.F.);
#4299=ADVANCED_FACE('',(#3935),#174,.F.);
#4300=ADVANCED_FACE('',(#3936),#11,.F.);
#4301=ADVANCED_FACE('',(#3937),#175,.F.);
#4302=ADVANCED_FACE('',(#3938),#176,.F.);
#4303=ADVANCED_FACE('',(#3939),#12,.F.);
#4304=ADVANCED_FACE('',(#3940),#177,.F.);
#4305=ADVANCED_FACE('',(#3941),#178,.F.);
#4306=ADVANCED_FACE('',(#3942),#13,.F.);
#4307=ADVANCED_FACE('',(#3943),#179,.F.);
#4308=ADVANCED_FACE('',(#3944),#180,.T.);
#4309=ADVANCED_FACE('',(#3945),#14,.T.);
#4310=ADVANCED_FACE('',(#3946),#181,.T.);
#4311=ADVANCED_FACE('',(#3947),#15,.T.);
#4312=ADVANCED_FACE('',(#3948),#182,.T.);
#4313=ADVANCED_FACE('',(#3949),#16,.T.);
#4314=ADVANCED_FACE('',(#3950),#183,.T.);
#4315=ADVANCED_FACE('',(#3951),#17,.T.);
#4316=ADVANCED_FACE('',(#3952),#184,.T.);
#4317=ADVANCED_FACE('',(#3953),#18,.T.);
#4318=ADVANCED_FACE('',(#3954),#185,.T.);
#4319=ADVANCED_FACE('',(#3955),#19,.T.);
#4320=ADVANCED_FACE('',(#3956),#186,.T.);
#4321=ADVANCED_FACE('',(#3957),#20,.T.);
#4322=ADVANCED_FACE('',(#3958),#187,.T.);
#4323=ADVANCED_FACE('',(#3959),#21,.T.);
#4324=ADVANCED_FACE('',(#3960),#188,.F.);
#4325=ADVANCED_FACE('',(#3961),#189,.F.);
#4326=ADVANCED_FACE('',(#3962),#4107,.F.);
#4327=ADVANCED_FACE('',(#3963),#4108,.F.);
#4328=ADVANCED_FACE('',(#3964),#4109,.T.);
#4329=ADVANCED_FACE('',(#3965),#4110,.T.);
#4330=ADVANCED_FACE('',(#3966),#4111,.F.);
#4331=ADVANCED_FACE('',(#3967),#4112,.T.);
#4332=ADVANCED_FACE('',(#3968),#4113,.T.);
#4333=ADVANCED_FACE('',(#3969),#4114,.T.);
#4334=ADVANCED_FACE('',(#3970),#4115,.T.);
#4335=ADVANCED_FACE('',(#3971),#4116,.F.);
#4336=ADVANCED_FACE('',(#3972),#4117,.F.);
#4337=ADVANCED_FACE('',(#3973),#4118,.F.);
#4338=ADVANCED_FACE('',(#3974),#4119,.T.);
#4339=ADVANCED_FACE('',(#3975),#4120,.T.);
#4340=ADVANCED_FACE('',(#3976),#4121,.F.);
#4341=ADVANCED_FACE('',(#3977),#4122,.F.);
#4342=ADVANCED_FACE('',(#3978),#4123,.T.);
#4343=ADVANCED_FACE('',(#3979),#4124,.T.);
#4344=ADVANCED_FACE('',(#3980),#4125,.T.);
#4345=ADVANCED_FACE('',(#3981),#4126,.T.);
#4346=ADVANCED_FACE('',(#3982),#4127,.T.);
#4347=ADVANCED_FACE('',(#3983),#4128,.T.);
#4348=ADVANCED_FACE('',(#3984),#190,.T.);
#4349=ADVANCED_FACE('',(#3985),#50,.T.);
#4350=ADVANCED_FACE('',(#3986),#191,.F.);
#4351=ADVANCED_FACE('',(#3987),#192,.F.);
#4352=ADVANCED_FACE('',(#3988),#193,.T.);
#4353=ADVANCED_FACE('',(#3989),#194,.T.);
#4354=ADVANCED_FACE('',(#3990),#195,.F.);
#4355=ADVANCED_FACE('',(#3991),#51,.T.);
#4356=ADVANCED_FACE('',(#3992),#196,.F.);
#4357=ADVANCED_FACE('',(#3993),#197,.T.);
#4358=ADVANCED_FACE('',(#3994),#198,.T.);
#4359=ADVANCED_FACE('',(#3995),#199,.T.);
#4360=ADVANCED_FACE('',(#3996),#200,.F.);
#4361=ADVANCED_FACE('',(#3997),#22,.F.);
#4362=ADVANCED_FACE('',(#3998),#201,.F.);
#4363=ADVANCED_FACE('',(#3999),#202,.F.);
#4364=ADVANCED_FACE('',(#4000),#23,.F.);
#4365=ADVANCED_FACE('',(#4001),#203,.F.);
#4366=ADVANCED_FACE('',(#4002),#204,.T.);
#4367=ADVANCED_FACE('',(#4003),#205,.T.);
#4368=ADVANCED_FACE('',(#4004),#206,.F.);
#4369=ADVANCED_FACE('',(#4005),#207,.T.);
#4370=ADVANCED_FACE('',(#4006),#208,.F.);
#4371=ADVANCED_FACE('',(#4007),#209,.T.);
#4372=CLOSED_SHELL('',(#4129,#4130,#4131,#4132,#4133,#4134,#4135,#4136,
#4137,#4138,#4139,#4140,#4141,#4142,#4143,#4144,#4145,#4146,#4147,#4148,
#4149,#4150,#4151,#4152,#4153,#4154,#4155,#4156,#4157,#4158,#4159,#4160,
#4161,#4162,#4163,#4164,#4165,#4166,#4167,#4168));
#4373=CLOSED_SHELL('',(#4169,#4170,#4171,#4172,#4173,#4174,#4175,#4176,
#4177,#4178,#4179,#4180,#4181,#4182,#4183,#4184,#4185,#4186,#4187,#4188,
#4189,#4190,#4191,#4192,#4193,#4194,#4195,#4196,#4197,#4198,#4199,#4200,
#4201,#4202,#4203,#4204,#4205,#4206,#4207,#4208,#4209,#4210,#4211,#4212,
#4213,#4214,#4215,#4216,#4217,#4218,#4219,#4220,#4221,#4222,#4223,#4224,
#4225,#4226,#4227,#4228,#4229,#4230,#4231,#4232,#4233,#4234,#4235,#4236,
#4237,#4238,#4239,#4240,#4241,#4242,#4243,#4244,#4245,#4246,#4247,#4248,
#4249,#4250,#4251,#4252,#4253,#4254,#4255,#4256,#4257,#4258,#4259,#4260,
#4261,#4262,#4263,#4264,#4265,#4266,#4267,#4268,#4269,#4270,#4271,#4272,
#4273,#4274,#4275,#4276,#4277,#4278,#4279,#4280,#4281,#4282,#4283,#4284,
#4285,#4286,#4287,#4288,#4289,#4290,#4291,#4292,#4293,#4294,#4295,#4296,
#4297,#4298,#4299,#4300,#4301,#4302,#4303,#4304,#4305,#4306,#4307,#4308,
#4309,#4310,#4311,#4312,#4313,#4314,#4315,#4316,#4317,#4318,#4319,#4320,
#4321,#4322,#4323,#4324,#4325));
#4374=CLOSED_SHELL('',(#4326,#4327,#4328,#4329,#4330,#4331,#4332,#4333,
#4334,#4335,#4336,#4337,#4338,#4339,#4340,#4341,#4342,#4343,#4344,#4345,
#4346,#4347,#4348,#4349,#4350,#4351,#4352,#4353,#4354,#4355,#4356,#4357,
#4358,#4359,#4360,#4361,#4362,#4363,#4364,#4365,#4366,#4367,#4368,#4369,
#4370,#4371));
#4375=STYLED_ITEM('',(#4378),#4399);
#4376=STYLED_ITEM('',(#4379),#4400);
#4377=STYLED_ITEM('',(#4380),#4401);
#4378=PRESENTATION_STYLE_ASSIGNMENT((#4381));
#4379=PRESENTATION_STYLE_ASSIGNMENT((#4382));
#4380=PRESENTATION_STYLE_ASSIGNMENT((#4383));
#4381=SURFACE_STYLE_USAGE(.BOTH.,#4384);
#4382=SURFACE_STYLE_USAGE(.BOTH.,#4385);
#4383=SURFACE_STYLE_USAGE(.BOTH.,#4386);
#4384=SURFACE_SIDE_STYLE('',(#4387));
#4385=SURFACE_SIDE_STYLE('',(#4388));
#4386=SURFACE_SIDE_STYLE('',(#4389));
#4387=SURFACE_STYLE_FILL_AREA(#4390);
#4388=SURFACE_STYLE_FILL_AREA(#4391);
#4389=SURFACE_STYLE_FILL_AREA(#4392);
#4390=FILL_AREA_STYLE('',(#4393));
#4391=FILL_AREA_STYLE('',(#4394));
#4392=FILL_AREA_STYLE('',(#4395));
#4393=FILL_AREA_STYLE_COLOUR('',#4396);
#4394=FILL_AREA_STYLE_COLOUR('',#4397);
#4395=FILL_AREA_STYLE_COLOUR('',#4398);
#4396=COLOUR_RGB('',0.654901960784314,0.823529411764706,0.576470588235294);
#4397=COLOUR_RGB('',0.596078431372549,0.176470588235294,0.0509803921568627);
#4398=COLOUR_RGB('',0.231372549019608,0.380392156862745,0.705882352941177);
#4399=MANIFOLD_SOLID_BREP('Part 1',#4372);
#4400=MANIFOLD_SOLID_BREP('Part 1',#4373);
#4401=MANIFOLD_SOLID_BREP('Part 2',#4374);
#4402=SHAPE_DEFINITION_REPRESENTATION(#7689,#4406);
#4403=SHAPE_DEFINITION_REPRESENTATION(#7690,#4407);
#4404=SHAPE_DEFINITION_REPRESENTATION(#7692,#4408);
#4405=SHAPE_DEFINITION_REPRESENTATION(#7694,#4409);
#4406=SHAPE_REPRESENTATION('HACKATHON_ASSEMBLY',(#4410,#4484,#4744,#4829),
#7678);
#4407=SHAPE_REPRESENTATION('Part 1',(#4410),#7679);
#4408=SHAPE_REPRESENTATION('Part 1',(#4410),#7680);
#4409=SHAPE_REPRESENTATION('Part 2',(#4410),#7681);
#4410=AXIS2_PLACEMENT_3D('',#6106,#4830,#4831);
#4411=AXIS2_PLACEMENT_3D('',#6107,#4832,#4833);
#4412=AXIS2_PLACEMENT_3D('',#6111,#4835,#4836);
#4413=AXIS2_PLACEMENT_3D('',#6119,#4840,#4841);
#4414=AXIS2_PLACEMENT_3D('',#6122,#4843,#4844);
#4415=AXIS2_PLACEMENT_3D('',#6123,#4845,#4846);
#4416=AXIS2_PLACEMENT_3D('',#6125,#4847,#4848);
#4417=AXIS2_PLACEMENT_3D('',#6127,#4849,#4850);
#4418=AXIS2_PLACEMENT_3D('',#6133,#4853,#4854);
#4419=AXIS2_PLACEMENT_3D('',#6141,#4858,#4859);
#4420=AXIS2_PLACEMENT_3D('',#6145,#4861,#4862);
#4421=AXIS2_PLACEMENT_3D('',#6149,#4864,#4865);
#4422=AXIS2_PLACEMENT_3D('',#6153,#4867,#4868);
#4423=AXIS2_PLACEMENT_3D('',#6157,#4870,#4871);
#4424=AXIS2_PLACEMENT_3D('',#6161,#4873,#4874);
#4425=AXIS2_PLACEMENT_3D('',#6169,#4878,#4879);
#4426=AXIS2_PLACEMENT_3D('',#6176,#4883,#4884);
#4427=AXIS2_PLACEMENT_3D('',#6178,#4886,#4887);
#4428=AXIS2_PLACEMENT_3D('',#6182,#4889,#4890);
#4429=AXIS2_PLACEMENT_3D('',#6183,#4891,#4892);
#4430=AXIS2_PLACEMENT_3D('',#6186,#4895,#4896);
#4431=AXIS2_PLACEMENT_3D('',#6188,#4898,#4899);
#4432=AXIS2_PLACEMENT_3D('',#6196,#4901,#4902);
#4433=AXIS2_PLACEMENT_3D('',#6202,#4906,#4907);
#4434=AXIS2_PLACEMENT_3D('',#6206,#4910,#4911);
#4435=AXIS2_PLACEMENT_3D('',#6210,#4914,#4915);
#4436=AXIS2_PLACEMENT_3D('',#6215,#4918,#4919);
#4437=AXIS2_PLACEMENT_3D('',#6219,#4921,#4922);
#4438=AXIS2_PLACEMENT_3D('',#6220,#4923,#4924);
#4439=AXIS2_PLACEMENT_3D('',#6221,#4925,#4926);
#4440=AXIS2_PLACEMENT_3D('',#6230,#4930,#4931);
#4441=AXIS2_PLACEMENT_3D('',#6234,#4933,#4934);
#4442=AXIS2_PLACEMENT_3D('',#6235,#4935,#4936);
#4443=AXIS2_PLACEMENT_3D('',#6241,#4940,#4941);
#4444=AXIS2_PLACEMENT_3D('',#6242,#4942,#4943);
#4445=AXIS2_PLACEMENT_3D('',#6249,#4947,#4948);
#4446=AXIS2_PLACEMENT_3D('',#6255,#4952,#4953);
#4447=AXIS2_PLACEMENT_3D('',#6261,#4957,#4958);
#4448=AXIS2_PLACEMENT_3D('',#6264,#4961,#4962);
#4449=AXIS2_PLACEMENT_3D('',#6273,#4967,#4968);
#4450=AXIS2_PLACEMENT_3D('',#6276,#4971,#4972);
#4451=AXIS2_PLACEMENT_3D('',#6277,#4973,#4974);
#4452=AXIS2_PLACEMENT_3D('',#6278,#4975,#4976);
#4453=AXIS2_PLACEMENT_3D('',#6281,#4979,#4980);
#4454=AXIS2_PLACEMENT_3D('',#6284,#4983,#4984);
#4455=AXIS2_PLACEMENT_3D('',#6285,#4985,#4986);
#4456=AXIS2_PLACEMENT_3D('',#6286,#4987,#4988);
#4457=AXIS2_PLACEMENT_3D('',#6287,#4989,#4990);
#4458=AXIS2_PLACEMENT_3D('',#6288,#4991,#4992);
#4459=AXIS2_PLACEMENT_3D('',#6289,#4993,#4994);
#4460=AXIS2_PLACEMENT_3D('',#6290,#4995,#4996);
#4461=AXIS2_PLACEMENT_3D('',#6291,#4997,#4998);
#4462=AXIS2_PLACEMENT_3D('',#6292,#4999,#5000);
#4463=AXIS2_PLACEMENT_3D('',#6293,#5001,#5002);
#4464=AXIS2_PLACEMENT_3D('',#6294,#5003,#5004);
#4465=AXIS2_PLACEMENT_3D('',#6295,#5005,#5006);
#4466=AXIS2_PLACEMENT_3D('',#6296,#5007,#5008);
#4467=AXIS2_PLACEMENT_3D('',#6297,#5009,#5010);
#4468=AXIS2_PLACEMENT_3D('',#6298,#5011,#5012);
#4469=AXIS2_PLACEMENT_3D('',#6299,#5013,#5014);
#4470=AXIS2_PLACEMENT_3D('',#6300,#5015,#5016);
#4471=AXIS2_PLACEMENT_3D('',#6301,#5017,#5018);
#4472=AXIS2_PLACEMENT_3D('',#6302,#5019,#5020);
#4473=AXIS2_PLACEMENT_3D('',#6303,#5021,#5022);
#4474=AXIS2_PLACEMENT_3D('',#6304,#5023,#5024);
#4475=AXIS2_PLACEMENT_3D('',#6305,#5025,#5026);
#4476=AXIS2_PLACEMENT_3D('',#6306,#5027,#5028);
#4477=AXIS2_PLACEMENT_3D('',#6307,#5029,#5030);
#4478=AXIS2_PLACEMENT_3D('',#6308,#5031,#5032);
#4479=AXIS2_PLACEMENT_3D('',#6309,#5033,#5034);
#4480=AXIS2_PLACEMENT_3D('',#6310,#5035,#5036);
#4481=AXIS2_PLACEMENT_3D('',#6311,#5037,#5038);
#4482=AXIS2_PLACEMENT_3D('',#6312,#5039,#5040);
#4483=AXIS2_PLACEMENT_3D('',#6313,#5041,#5042);
#4484=AXIS2_PLACEMENT_3D('',#6314,#5043,#5044);
#4485=AXIS2_PLACEMENT_3D('',#6315,#5045,#5046);
#4486=AXIS2_PLACEMENT_3D('',#6316,#5047,#5048);
#4487=AXIS2_PLACEMENT_3D('',#6337,#5058,#5059);
#4488=AXIS2_PLACEMENT_3D('',#6341,#5061,#5062);
#4489=AXIS2_PLACEMENT_3D('',#6361,#5072,#5073);
#4490=AXIS2_PLACEMENT_3D('',#6368,#5077,#5078);
#4491=AXIS2_PLACEMENT_3D('',#6377,#5083,#5084);
#4492=AXIS2_PLACEMENT_3D('',#6386,#5089,#5090);
#4493=AXIS2_PLACEMENT_3D('',#6395,#5095,#5096);
#4494=AXIS2_PLACEMENT_3D('',#6399,#5098,#5099);
#4495=AXIS2_PLACEMENT_3D('',#6403,#5101,#5102);
#4496=AXIS2_PLACEMENT_3D('',#6411,#5106,#5107);
#4497=AXIS2_PLACEMENT_3D('',#6415,#5109,#5110);
#4498=AXIS2_PLACEMENT_3D('',#6421,#5113,#5114);
#4499=AXIS2_PLACEMENT_3D('',#6457,#5132,#5133);
#4500=AXIS2_PLACEMENT_3D('',#6463,#5136,#5137);
#4501=AXIS2_PLACEMENT_3D('',#6467,#5139,#5140);
#4502=AXIS2_PLACEMENT_3D('',#6475,#5144,#5145);
#4503=AXIS2_PLACEMENT_3D('',#6479,#5147,#5148);
#4504=AXIS2_PLACEMENT_3D('',#6480,#5149,#5150);
#4505=AXIS2_PLACEMENT_3D('',#6488,#5154,#5155);
#4506=AXIS2_PLACEMENT_3D('',#6489,#5156,#5157);
#4507=AXIS2_PLACEMENT_3D('',#6495,#5161,#5162);
#4508=AXIS2_PLACEMENT_3D('',#6499,#5164,#5165);
#4509=AXIS2_PLACEMENT_3D('',#6507,#5169,#5170);
#4510=AXIS2_PLACEMENT_3D('',#6514,#5174,#5175);
#4511=AXIS2_PLACEMENT_3D('',#6518,#5177,#5178);
#4512=AXIS2_PLACEMENT_3D('',#6525,#5182,#5183);
#4513=AXIS2_PLACEMENT_3D('',#6533,#5187,#5188);
#4514=AXIS2_PLACEMENT_3D('',#6539,#5192,#5193);
#4515=AXIS2_PLACEMENT_3D('',#6545,#5197,#5198);
#4516=AXIS2_PLACEMENT_3D('',#6546,#5199,#5200);
#4517=AXIS2_PLACEMENT_3D('',#6552,#5203,#5204);
#4518=AXIS2_PLACEMENT_3D('',#6560,#5208,#5209);
#4519=AXIS2_PLACEMENT_3D('',#6565,#5212,#5213);
#4520=AXIS2_PLACEMENT_3D('',#6569,#5215,#5216);
#4521=AXIS2_PLACEMENT_3D('',#6574,#5219,#5220);
#4522=AXIS2_PLACEMENT_3D('',#6582,#5224,#5225);
#4523=AXIS2_PLACEMENT_3D('',#6585,#5227,#5228);
#4524=AXIS2_PLACEMENT_3D('',#6591,#5232,#5233);
#4525=AXIS2_PLACEMENT_3D('',#6597,#5237,#5238);
#4526=AXIS2_PLACEMENT_3D('',#6606,#5243,#5244);
#4527=AXIS2_PLACEMENT_3D('',#6612,#5248,#5249);
#4528=AXIS2_PLACEMENT_3D('',#6615,#5252,#5253);
#4529=AXIS2_PLACEMENT_3D('',#6621,#5257,#5258);
#4530=AXIS2_PLACEMENT_3D('',#6625,#5261,#5262);
#4531=AXIS2_PLACEMENT_3D('',#6629,#5265,#5266);
#4532=AXIS2_PLACEMENT_3D('',#6635,#5270,#5271);
#4533=AXIS2_PLACEMENT_3D('',#6639,#5274,#5275);
#4534=AXIS2_PLACEMENT_3D('',#6643,#5278,#5279);
#4535=AXIS2_PLACEMENT_3D('',#6654,#5286,#5287);
#4536=AXIS2_PLACEMENT_3D('',#6660,#5291,#5292);
#4537=AXIS2_PLACEMENT_3D('',#6672,#5300,#5301);
#4538=AXIS2_PLACEMENT_3D('',#6681,#5306,#5307);
#4539=AXIS2_PLACEMENT_3D('',#6687,#5311,#5312);
#4540=AXIS2_PLACEMENT_3D('',#6693,#5316,#5317);
#4541=AXIS2_PLACEMENT_3D('',#6702,#5322,#5323);
#4542=AXIS2_PLACEMENT_3D('',#6705,#5326,#5327);
#4543=AXIS2_PLACEMENT_3D('',#6706,#5328,#5329);
#4544=AXIS2_PLACEMENT_3D('',#6707,#5330,#5331);
#4545=AXIS2_PLACEMENT_3D('',#6708,#5332,#5333);
#4546=AXIS2_PLACEMENT_3D('',#6709,#5334,#5335);
#4547=AXIS2_PLACEMENT_3D('',#6710,#5336,#5337);
#4548=AXIS2_PLACEMENT_3D('',#6711,#5338,#5339);
#4549=AXIS2_PLACEMENT_3D('',#6712,#5340,#5341);
#4550=AXIS2_PLACEMENT_3D('',#6713,#5342,#5343);
#4551=AXIS2_PLACEMENT_3D('',#6714,#5344,#5345);
#4552=AXIS2_PLACEMENT_3D('',#6718,#5347,#5348);
#4553=AXIS2_PLACEMENT_3D('',#6723,#5351,#5352);
#4554=AXIS2_PLACEMENT_3D('',#6724,#5353,#5354);
#4555=AXIS2_PLACEMENT_3D('',#6729,#5357,#5358);
#4556=AXIS2_PLACEMENT_3D('',#6731,#5360,#5361);
#4557=AXIS2_PLACEMENT_3D('',#6733,#5363,#5364);
#4558=AXIS2_PLACEMENT_3D('',#6736,#5367,#5368);
#4559=AXIS2_PLACEMENT_3D('',#6738,#5370,#5371);
#4560=AXIS2_PLACEMENT_3D('',#6740,#5373,#5374);
#4561=AXIS2_PLACEMENT_3D('',#6743,#5377,#5378);
#4562=AXIS2_PLACEMENT_3D('',#6745,#5380,#5381);
#4563=AXIS2_PLACEMENT_3D('',#6747,#5383,#5384);
#4564=AXIS2_PLACEMENT_3D('',#6750,#5387,#5388);
#4565=AXIS2_PLACEMENT_3D('',#6751,#5389,#5390);
#4566=AXIS2_PLACEMENT_3D('',#6757,#5394,#5395);
#4567=AXIS2_PLACEMENT_3D('',#6761,#5398,#5399);
#4568=AXIS2_PLACEMENT_3D('',#6763,#5401,#5402);
#4569=AXIS2_PLACEMENT_3D('',#6767,#5405,#5406);
#4570=AXIS2_PLACEMENT_3D('',#6773,#5410,#5411);
#4571=AXIS2_PLACEMENT_3D('',#6779,#5415,#5416);
#4572=AXIS2_PLACEMENT_3D('',#6785,#5420,#5421);
#4573=AXIS2_PLACEMENT_3D('',#6791,#5425,#5426);
#4574=AXIS2_PLACEMENT_3D('',#6797,#5430,#5431);
#4575=AXIS2_PLACEMENT_3D('',#6801,#5434,#5435);
#4576=AXIS2_PLACEMENT_3D('',#6807,#5439,#5440);
#4577=AXIS2_PLACEMENT_3D('',#6811,#5443,#5444);
#4578=AXIS2_PLACEMENT_3D('',#6817,#5448,#5449);
#4579=AXIS2_PLACEMENT_3D('',#6823,#5453,#5454);
#4580=AXIS2_PLACEMENT_3D('',#6827,#5457,#5458);
#4581=AXIS2_PLACEMENT_3D('',#6831,#5461,#5462);
#4582=AXIS2_PLACEMENT_3D('',#6837,#5466,#5467);
#4583=AXIS2_PLACEMENT_3D('',#6842,#5470,#5471);
#4584=AXIS2_PLACEMENT_3D('',#6848,#5472,#5473);
#4585=AXIS2_PLACEMENT_3D('',#6857,#5478,#5479);
#4586=AXIS2_PLACEMENT_3D('',#6858,#5480,#5481);
#4587=AXIS2_PLACEMENT_3D('',#6868,#5484,#5485);
#4588=AXIS2_PLACEMENT_3D('',#6869,#5486,#5487);
#4589=AXIS2_PLACEMENT_3D('',#6870,#5488,#5489);
#4590=AXIS2_PLACEMENT_3D('',#6871,#5490,#5491);
#4591=AXIS2_PLACEMENT_3D('',#6872,#5492,#5493);
#4592=AXIS2_PLACEMENT_3D('',#6873,#5494,#5495);
#4593=AXIS2_PLACEMENT_3D('',#6874,#5496,#5497);
#4594=AXIS2_PLACEMENT_3D('',#6875,#5498,#5499);
#4595=AXIS2_PLACEMENT_3D('',#6876,#5500,#5501);
#4596=AXIS2_PLACEMENT_3D('',#6877,#5502,#5503);
#4597=AXIS2_PLACEMENT_3D('',#6878,#5504,#5505);
#4598=AXIS2_PLACEMENT_3D('',#6879,#5506,#5507);
#4599=AXIS2_PLACEMENT_3D('',#6880,#5508,#5509);
#4600=AXIS2_PLACEMENT_3D('',#6881,#5510,#5511);
#4601=AXIS2_PLACEMENT_3D('',#6882,#5512,#5513);
#4602=AXIS2_PLACEMENT_3D('',#6883,#5514,#5515);
#4603=AXIS2_PLACEMENT_3D('',#6884,#5516,#5517);
#4604=AXIS2_PLACEMENT_3D('',#6885,#5518,#5519);
#4605=AXIS2_PLACEMENT_3D('',#6886,#5520,#5521);
#4606=AXIS2_PLACEMENT_3D('',#6887,#5522,#5523);
#4607=AXIS2_PLACEMENT_3D('',#6888,#5524,#5525);
#4608=AXIS2_PLACEMENT_3D('',#6889,#5526,#5527);
#4609=AXIS2_PLACEMENT_3D('',#6890,#5528,#5529);
#4610=AXIS2_PLACEMENT_3D('',#6891,#5530,#5531);
#4611=AXIS2_PLACEMENT_3D('',#6892,#5532,#5533);
#4612=AXIS2_PLACEMENT_3D('',#6893,#5534,#5535);
#4613=AXIS2_PLACEMENT_3D('',#6894,#5536,#5537);
#4614=AXIS2_PLACEMENT_3D('',#6895,#5538,#5539);
#4615=AXIS2_PLACEMENT_3D('',#6896,#5540,#5541);
#4616=AXIS2_PLACEMENT_3D('',#6897,#5542,#5543);
#4617=AXIS2_PLACEMENT_3D('',#6898,#5544,#5545);
#4618=AXIS2_PLACEMENT_3D('',#6899,#5546,#5547);
#4619=AXIS2_PLACEMENT_3D('',#6900,#5548,#5549);
#4620=AXIS2_PLACEMENT_3D('',#6901,#5550,#5551);
#4621=AXIS2_PLACEMENT_3D('',#6902,#5552,#5553);
#4622=AXIS2_PLACEMENT_3D('',#6903,#5554,#5555);
#4623=AXIS2_PLACEMENT_3D('',#6904,#5556,#5557);
#4624=AXIS2_PLACEMENT_3D('',#6905,#5558,#5559);
#4625=AXIS2_PLACEMENT_3D('',#6906,#5560,#5561);
#4626=AXIS2_PLACEMENT_3D('',#6907,#5562,#5563);
#4627=AXIS2_PLACEMENT_3D('',#6908,#5564,#5565);
#4628=AXIS2_PLACEMENT_3D('',#6909,#5566,#5567);
#4629=AXIS2_PLACEMENT_3D('',#6910,#5568,#5569);
#4630=AXIS2_PLACEMENT_3D('',#6911,#5570,#5571);
#4631=AXIS2_PLACEMENT_3D('',#6912,#5572,#5573);
#4632=AXIS2_PLACEMENT_3D('',#6913,#5574,#5575);
#4633=AXIS2_PLACEMENT_3D('',#6914,#5576,#5577);
#4634=AXIS2_PLACEMENT_3D('',#6915,#5578,#5579);
#4635=AXIS2_PLACEMENT_3D('',#6916,#5580,#5581);
#4636=AXIS2_PLACEMENT_3D('',#6917,#5582,#5583);
#4637=AXIS2_PLACEMENT_3D('',#6918,#5584,#5585);
#4638=AXIS2_PLACEMENT_3D('',#6919,#5586,#5587);
#4639=AXIS2_PLACEMENT_3D('',#6920,#5588,#5589);
#4640=AXIS2_PLACEMENT_3D('',#6921,#5590,#5591);
#4641=AXIS2_PLACEMENT_3D('',#6922,#5592,#5593);
#4642=AXIS2_PLACEMENT_3D('',#6923,#5594,#5595);
#4643=AXIS2_PLACEMENT_3D('',#6924,#5596,#5597);
#4644=AXIS2_PLACEMENT_3D('',#6925,#5598,#5599);
#4645=AXIS2_PLACEMENT_3D('',#6926,#5600,#5601);
#4646=AXIS2_PLACEMENT_3D('',#6927,#5602,#5603);
#4647=AXIS2_PLACEMENT_3D('',#6928,#5604,#5605);
#4648=AXIS2_PLACEMENT_3D('',#6929,#5606,#5607);
#4649=AXIS2_PLACEMENT_3D('',#6930,#5608,#5609);
#4650=AXIS2_PLACEMENT_3D('',#6931,#5610,#5611);
#4651=AXIS2_PLACEMENT_3D('',#6932,#5612,#5613);
#4652=AXIS2_PLACEMENT_3D('',#6933,#5614,#5615);
#4653=AXIS2_PLACEMENT_3D('',#6934,#5616,#5617);
#4654=AXIS2_PLACEMENT_3D('',#6935,#5618,#5619);
#4655=AXIS2_PLACEMENT_3D('',#6936,#5620,#5621);
#4656=AXIS2_PLACEMENT_3D('',#6937,#5622,#5623);
#4657=AXIS2_PLACEMENT_3D('',#6938,#5624,#5625);
#4658=AXIS2_PLACEMENT_3D('',#6947,#5630,#5631);
#4659=AXIS2_PLACEMENT_3D('',#6953,#5635,#5636);
#4660=AXIS2_PLACEMENT_3D('',#6961,#5640,#5641);
#4661=AXIS2_PLACEMENT_3D('',#6971,#5646,#5647);
#4662=AXIS2_PLACEMENT_3D('',#6984,#5654,#5655);
#4663=AXIS2_PLACEMENT_3D('',#6989,#5658,#5659);
#4664=AXIS2_PLACEMENT_3D('',#6994,#5662,#5663);
#4665=AXIS2_PLACEMENT_3D('',#7000,#5667,#5668);
#4666=AXIS2_PLACEMENT_3D('',#7010,#5673,#5674);
#4667=AXIS2_PLACEMENT_3D('',#7015,#5677,#5678);
#4668=AXIS2_PLACEMENT_3D('',#7028,#5685,#5686);
#4669=AXIS2_PLACEMENT_3D('',#7035,#5690,#5691);
#4670=AXIS2_PLACEMENT_3D('',#7038,#5693,#5694);
#4671=AXIS2_PLACEMENT_3D('',#7040,#5696,#5697);
#4672=AXIS2_PLACEMENT_3D('',#7042,#5699,#5700);
#4673=AXIS2_PLACEMENT_3D('',#7044,#5702,#5703);
#4674=AXIS2_PLACEMENT_3D('',#7046,#5705,#5706);
#4675=AXIS2_PLACEMENT_3D('',#7048,#5708,#5709);
#4676=AXIS2_PLACEMENT_3D('',#7051,#5712,#5713);
#4677=AXIS2_PLACEMENT_3D('',#7053,#5715,#5716);
#4678=AXIS2_PLACEMENT_3D('',#7055,#5718,#5719);
#4679=AXIS2_PLACEMENT_3D('',#7058,#5722,#5723);
#4680=AXIS2_PLACEMENT_3D('',#7059,#5724,#5725);
#4681=AXIS2_PLACEMENT_3D('',#7060,#5726,#5727);
#4682=AXIS2_PLACEMENT_3D('',#7061,#5728,#5729);
#4683=AXIS2_PLACEMENT_3D('',#7062,#5730,#5731);
#4684=AXIS2_PLACEMENT_3D('',#7064,#5733,#5734);
#4685=AXIS2_PLACEMENT_3D('',#7068,#5736,#5737);
#4686=AXIS2_PLACEMENT_3D('',#7069,#5738,#5739);
#4687=AXIS2_PLACEMENT_3D('',#7071,#5741,#5742);
#4688=AXIS2_PLACEMENT_3D('',#7075,#5744,#5745);
#4689=AXIS2_PLACEMENT_3D('',#7076,#5746,#5747);
#4690=AXIS2_PLACEMENT_3D('',#7077,#5748,#5749);
#4691=AXIS2_PLACEMENT_3D('',#7078,#5750,#5751);
#4692=AXIS2_PLACEMENT_3D('',#7079,#5752,#5753);
#4693=AXIS2_PLACEMENT_3D('',#7080,#5754,#5755);
#4694=AXIS2_PLACEMENT_3D('',#7081,#5756,#5757);
#4695=AXIS2_PLACEMENT_3D('',#7082,#5758,#5759);
#4696=AXIS2_PLACEMENT_3D('',#7083,#5760,#5761);
#4697=AXIS2_PLACEMENT_3D('',#7084,#5762,#5763);
#4698=AXIS2_PLACEMENT_3D('',#7085,#5764,#5765);
#4699=AXIS2_PLACEMENT_3D('',#7086,#5766,#5767);
#4700=AXIS2_PLACEMENT_3D('',#7087,#5768,#5769);
#4701=AXIS2_PLACEMENT_3D('',#7088,#5770,#5771);
#4702=AXIS2_PLACEMENT_3D('',#7089,#5772,#5773);
#4703=AXIS2_PLACEMENT_3D('',#7090,#5774,#5775);
#4704=AXIS2_PLACEMENT_3D('',#7091,#5776,#5777);
#4705=AXIS2_PLACEMENT_3D('',#7092,#5778,#5779);
#4706=AXIS2_PLACEMENT_3D('',#7093,#5780,#5781);
#4707=AXIS2_PLACEMENT_3D('',#7094,#5782,#5783);
#4708=AXIS2_PLACEMENT_3D('',#7095,#5784,#5785);
#4709=AXIS2_PLACEMENT_3D('',#7096,#5786,#5787);
#4710=AXIS2_PLACEMENT_3D('',#7097,#5788,#5789);
#4711=AXIS2_PLACEMENT_3D('',#7098,#5790,#5791);
#4712=AXIS2_PLACEMENT_3D('',#7099,#5792,#5793);
#4713=AXIS2_PLACEMENT_3D('',#7121,#5794,#5795);
#4714=AXIS2_PLACEMENT_3D('',#7122,#5796,#5797);
#4715=AXIS2_PLACEMENT_3D('',#7123,#5798,#5799);
#4716=AXIS2_PLACEMENT_3D('',#7145,#5800,#5801);
#4717=AXIS2_PLACEMENT_3D('',#7146,#5802,#5803);
#4718=AXIS2_PLACEMENT_3D('',#7147,#5804,#5805);
#4719=AXIS2_PLACEMENT_3D('',#7148,#5806,#5807);
#4720=AXIS2_PLACEMENT_3D('',#7170,#5808,#5809);
#4721=AXIS2_PLACEMENT_3D('',#7171,#5810,#5811);
#4722=AXIS2_PLACEMENT_3D('',#7172,#5812,#5813);
#4723=AXIS2_PLACEMENT_3D('',#7173,#5814,#5815);
#4724=AXIS2_PLACEMENT_3D('',#7195,#5816,#5817);
#4725=AXIS2_PLACEMENT_3D('',#7196,#5818,#5819);
#4726=AXIS2_PLACEMENT_3D('',#7197,#5820,#5821);
#4727=AXIS2_PLACEMENT_3D('',#7198,#5822,#5823);
#4728=AXIS2_PLACEMENT_3D('',#7220,#5824,#5825);
#4729=AXIS2_PLACEMENT_3D('',#7221,#5826,#5827);
#4730=AXIS2_PLACEMENT_3D('',#7243,#5828,#5829);
#4731=AXIS2_PLACEMENT_3D('',#7244,#5830,#5831);
#4732=AXIS2_PLACEMENT_3D('',#7266,#5832,#5833);
#4733=AXIS2_PLACEMENT_3D('',#7267,#5834,#5835);
#4734=AXIS2_PLACEMENT_3D('',#7289,#5836,#5837);
#4735=AXIS2_PLACEMENT_3D('',#7290,#5838,#5839);
#4736=AXIS2_PLACEMENT_3D('',#7312,#5840,#5841);
#4737=AXIS2_PLACEMENT_3D('',#7313,#5842,#5843);
#4738=AXIS2_PLACEMENT_3D('',#7335,#5844,#5845);
#4739=AXIS2_PLACEMENT_3D('',#7336,#5846,#5847);
#4740=AXIS2_PLACEMENT_3D('',#7358,#5848,#5849);
#4741=AXIS2_PLACEMENT_3D('',#7359,#5850,#5851);
#4742=AXIS2_PLACEMENT_3D('',#7381,#5852,#5853);
#4743=AXIS2_PLACEMENT_3D('',#7382,#5854,#5855);
#4744=AXIS2_PLACEMENT_3D('',#7383,#5856,#5857);
#4745=AXIS2_PLACEMENT_3D('',#7384,#5858,#5859);
#4746=AXIS2_PLACEMENT_3D('',#7397,#5866,#5867);
#4747=AXIS2_PLACEMENT_3D('',#7403,#5870,#5871);
#4748=AXIS2_PLACEMENT_3D('',#7408,#5874,#5875);
#4749=AXIS2_PLACEMENT_3D('',#7409,#5876,#5877);
#4750=AXIS2_PLACEMENT_3D('',#7419,#5882,#5883);
#4751=AXIS2_PLACEMENT_3D('',#7432,#5890,#5891);
#4752=AXIS2_PLACEMENT_3D('',#7441,#5896,#5897);
#4753=AXIS2_PLACEMENT_3D('',#7450,#5902,#5903);
#4754=AXIS2_PLACEMENT_3D('',#7459,#5908,#5909);
#4755=AXIS2_PLACEMENT_3D('',#7482,#5916,#5917);
#4756=AXIS2_PLACEMENT_3D('',#7491,#5922,#5923);
#4757=AXIS2_PLACEMENT_3D('',#7500,#5928,#5929);
#4758=AXIS2_PLACEMENT_3D('',#7503,#5931,#5932);
#4759=AXIS2_PLACEMENT_3D('',#7505,#5934,#5935);
#4760=AXIS2_PLACEMENT_3D('',#7511,#5939,#5940);
#4761=AXIS2_PLACEMENT_3D('',#7517,#5944,#5945);
#4762=AXIS2_PLACEMENT_3D('',#7518,#5946,#5947);
#4763=AXIS2_PLACEMENT_3D('',#7522,#5950,#5951);
#4764=AXIS2_PLACEMENT_3D('',#7523,#5952,#5953);
#4765=AXIS2_PLACEMENT_3D('',#7524,#5954,#5955);
#4766=AXIS2_PLACEMENT_3D('',#7525,#5956,#5957);
#4767=AXIS2_PLACEMENT_3D('',#7526,#5958,#5959);
#4768=AXIS2_PLACEMENT_3D('',#7527,#5960,#5961);
#4769=AXIS2_PLACEMENT_3D('',#7529,#5962,#5963);
#4770=AXIS2_PLACEMENT_3D('',#7530,#5964,#5965);
#4771=AXIS2_PLACEMENT_3D('',#7531,#5966,#5967);
#4772=AXIS2_PLACEMENT_3D('',#7532,#5968,#5969);
#4773=AXIS2_PLACEMENT_3D('',#7534,#5970,#5971);
#4774=AXIS2_PLACEMENT_3D('',#7535,#5972,#5973);
#4775=AXIS2_PLACEMENT_3D('',#7542,#5977,#5978);
#4776=AXIS2_PLACEMENT_3D('',#7543,#5979,#5980);
#4777=AXIS2_PLACEMENT_3D('',#7544,#5981,#5982);
#4778=AXIS2_PLACEMENT_3D('',#7546,#5983,#5984);
#4779=AXIS2_PLACEMENT_3D('',#7555,#5987,#5988);
#4780=AXIS2_PLACEMENT_3D('',#7564,#5993,#5994);
#4781=AXIS2_PLACEMENT_3D('',#7571,#5998,#5999);
#4782=AXIS2_PLACEMENT_3D('',#7572,#6000,#6001);
#4783=AXIS2_PLACEMENT_3D('',#7581,#6006,#6007);
#4784=AXIS2_PLACEMENT_3D('',#7582,#6008,#6009);
#4785=AXIS2_PLACEMENT_3D('',#7584,#6010,#6011);
#4786=AXIS2_PLACEMENT_3D('',#7593,#6014,#6015);
#4787=AXIS2_PLACEMENT_3D('',#7594,#6016,#6017);
#4788=AXIS2_PLACEMENT_3D('',#7595,#6018,#6019);
#4789=AXIS2_PLACEMENT_3D('',#7596,#6020,#6021);
#4790=AXIS2_PLACEMENT_3D('',#7598,#6022,#6023);
#4791=AXIS2_PLACEMENT_3D('',#7599,#6024,#6025);
#4792=AXIS2_PLACEMENT_3D('',#7601,#6026,#6027);
#4793=AXIS2_PLACEMENT_3D('',#7602,#6028,#6029);
#4794=AXIS2_PLACEMENT_3D('',#7603,#6030,#6031);
#4795=AXIS2_PLACEMENT_3D('',#7604,#6032,#6033);
#4796=AXIS2_PLACEMENT_3D('',#7605,#6034,#6035);
#4797=AXIS2_PLACEMENT_3D('',#7606,#6036,#6037);
#4798=AXIS2_PLACEMENT_3D('',#7607,#6038,#6039);
#4799=AXIS2_PLACEMENT_3D('',#7610,#6041,#6042);
#4800=AXIS2_PLACEMENT_3D('',#7615,#6043,#6044);
#4801=AXIS2_PLACEMENT_3D('',#7616,#6045,#6046);
#4802=AXIS2_PLACEMENT_3D('',#7617,#6047,#6048);
#4803=AXIS2_PLACEMENT_3D('',#7618,#6049,#6050);
#4804=AXIS2_PLACEMENT_3D('',#7619,#6051,#6052);
#4805=AXIS2_PLACEMENT_3D('',#7620,#6053,#6054);
#4806=AXIS2_PLACEMENT_3D('',#7623,#6056,#6057);
#4807=AXIS2_PLACEMENT_3D('',#7624,#6058,#6059);
#4808=AXIS2_PLACEMENT_3D('',#7625,#6060,#6061);
#4809=AXIS2_PLACEMENT_3D('',#7626,#6062,#6063);
#4810=AXIS2_PLACEMENT_3D('',#7631,#6064,#6065);
#4811=AXIS2_PLACEMENT_3D('',#7632,#6066,#6067);
#4812=AXIS2_PLACEMENT_3D('',#7633,#6068,#6069);
#4813=AXIS2_PLACEMENT_3D('',#7634,#6070,#6071);
#4814=AXIS2_PLACEMENT_3D('',#7635,#6072,#6073);
#4815=AXIS2_PLACEMENT_3D('',#7636,#6074,#6075);
#4816=AXIS2_PLACEMENT_3D('',#7637,#6076,#6077);
#4817=AXIS2_PLACEMENT_3D('',#7650,#6078,#6079);
#4818=AXIS2_PLACEMENT_3D('',#7651,#6080,#6081);
#4819=AXIS2_PLACEMENT_3D('',#7652,#6082,#6083);
#4820=AXIS2_PLACEMENT_3D('',#7653,#6084,#6085);
#4821=AXIS2_PLACEMENT_3D('',#7666,#6086,#6087);
#4822=AXIS2_PLACEMENT_3D('',#7667,#6088,#6089);
#4823=AXIS2_PLACEMENT_3D('',#7668,#6090,#6091);
#4824=AXIS2_PLACEMENT_3D('',#7669,#6092,#6093);
#4825=AXIS2_PLACEMENT_3D('',#7670,#6094,#6095);
#4826=AXIS2_PLACEMENT_3D('',#7672,#6097,#6098);
#4827=AXIS2_PLACEMENT_3D('',#7673,#6099,#6100);
#4828=AXIS2_PLACEMENT_3D('',#7675,#6102,#6103);
#4829=AXIS2_PLACEMENT_3D('',#7676,#6104,#6105);
#4830=DIRECTION('',(0.,0.,1.));
#4831=DIRECTION('',(1.,0.,0.));
#4832=DIRECTION('',(1.15648231731787E-15,1.,0.));
#4833=DIRECTION('',(-1.,1.15648231731787E-15,0.));
#4834=DIRECTION('',(0.,0.,-1.));
#4835=DIRECTION('',(1.15648231731787E-15,1.,0.));
#4836=DIRECTION('',(-1.,1.15648231731787E-15,0.));
#4837=DIRECTION('',(0.,0.,1.));
#4838=DIRECTION('',(1.,-1.15648231731787E-15,0.));
#4839=DIRECTION('',(0.,0.,-1.));
#4840=DIRECTION('',(1.15648231731787E-15,1.,0.));
#4841=DIRECTION('',(-1.,1.15648231731787E-15,0.));
#4842=DIRECTION('',(-1.,1.15648231731787E-15,0.));
#4843=DIRECTION('',(1.69241314729444E-16,0.,1.));
#4844=DIRECTION('',(1.,0.,-1.69241314729444E-16));
#4845=DIRECTION('',(1.53515351856354E-16,0.,-1.));
#4846=DIRECTION('',(-1.,0.,-1.53515351856354E-16));
#4847=DIRECTION('',(1.69241314729444E-16,0.,1.));
#4848=DIRECTION('',(1.,0.,-1.69241314729444E-16));
#4849=DIRECTION('',(0.,-1.,0.));
#4850=DIRECTION('',(1.,0.,0.));
#4851=DIRECTION('',(0.,0.,-1.));
#4852=DIRECTION('',(-1.,0.,0.));
#4853=DIRECTION('',(0.,-1.,0.));
#4854=DIRECTION('',(0.,0.,-1.));
#4855=DIRECTION('',(0.,0.,-1.));
#4856=DIRECTION('',(-1.,0.,0.));
#4857=DIRECTION('',(0.,0.,1.));
#4858=DIRECTION('',(0.,-1.,0.));
#4859=DIRECTION('',(0.,0.,-1.));
#4860=DIRECTION('',(1.,0.,-1.20466908053945E-16));
#4861=DIRECTION('',(0.,-1.,0.));
#4862=DIRECTION('',(0.,0.,-1.));
#4863=DIRECTION('',(0.,0.,-1.));
#4864=DIRECTION('',(0.,-1.,0.));
#4865=DIRECTION('',(0.,0.,-1.));
#4866=DIRECTION('',(-1.,0.,1.69241314729444E-16));
#4867=DIRECTION('',(0.,-1.,0.));
#4868=DIRECTION('',(0.,0.,-1.));
#4869=DIRECTION('',(0.,0.,-1.));
#4870=DIRECTION('',(0.,-1.,0.));
#4871=DIRECTION('',(0.,0.,-1.));
#4872=DIRECTION('',(-1.,0.,-1.20466908053945E-16));
#4873=DIRECTION('',(0.,-1.,0.));
#4874=DIRECTION('',(0.,0.,-1.));
#4875=DIRECTION('',(0.,0.,1.));
#4876=DIRECTION('',(1.,0.,0.));
#4877=DIRECTION('',(0.,0.,-1.));
#4878=DIRECTION('',(0.,-1.,0.));
#4879=DIRECTION('',(0.,0.,-1.));
#4880=DIRECTION('',(1.,0.,2.16840434497101E-16));
#4881=DIRECTION('',(0.,0.,-1.));
#4882=DIRECTION('',(1.,0.,1.53515351856354E-16));
#4883=DIRECTION('',(0.,0.,1.));
#4884=DIRECTION('',(1.,0.,0.));
#4885=DIRECTION('',(0.,-1.,0.));
#4886=DIRECTION('',(0.,0.,1.));
#4887=DIRECTION('',(1.,0.,0.));
#4888=DIRECTION('',(0.,-1.,0.));
#4889=DIRECTION('',(0.,0.,1.));
#4890=DIRECTION('',(1.,0.,0.));
#4891=DIRECTION('',(-1.,0.,0.));
#4892=DIRECTION('',(0.,0.,1.));
#4893=DIRECTION('',(0.,-1.,0.));
#4894=DIRECTION('',(0.,-1.,0.));
#4895=DIRECTION('',(0.,0.,1.));
#4896=DIRECTION('',(1.,0.,0.));
#4897=DIRECTION('',(0.,-1.,0.));
#4898=DIRECTION('',(1.,0.,0.));
#4899=DIRECTION('',(0.,0.,-1.));
#4900=DIRECTION('',(0.,-1.,0.));
#4901=DIRECTION('',(1.,0.,0.));
#4902=DIRECTION('',(0.,0.,-1.));
#4903=DIRECTION('',(0.,-1.,0.));
#4904=DIRECTION('',(0.,0.,1.));
#4905=DIRECTION('',(0.,-1.,0.));
#4906=DIRECTION('',(0.,0.,-1.));
#4907=DIRECTION('',(-1.,0.,0.));
#4908=DIRECTION('',(1.,-1.15648231731787E-15,0.));
#4909=DIRECTION('',(0.,-1.,0.));
#4910=DIRECTION('',(-1.,0.,0.));
#4911=DIRECTION('',(0.,0.,1.));
#4912=DIRECTION('',(0.,0.,-1.));
#4913=DIRECTION('',(0.,-1.,0.));
#4914=DIRECTION('',(2.16840434497101E-16,0.,-1.));
#4915=DIRECTION('',(-1.,0.,-2.16840434497101E-16));
#4916=DIRECTION('',(0.,-1.,0.));
#4917=DIRECTION('',(1.,-1.15648231731787E-15,2.16840434497101E-16));
#4918=DIRECTION('',(2.16840434497101E-16,0.,-1.));
#4919=DIRECTION('',(-1.,0.,-2.16840434497101E-16));
#4920=DIRECTION('',(0.,-1.,0.));
#4921=DIRECTION('',(2.16840434497101E-16,0.,-1.));
#4922=DIRECTION('',(-1.,0.,-2.16840434497101E-16));
#4923=DIRECTION('',(1.53515351856354E-16,0.,-1.));
#4924=DIRECTION('',(-1.,0.,-1.53515351856354E-16));
#4925=DIRECTION('',(1.53515351856354E-16,0.,-1.));
#4926=DIRECTION('',(-1.,0.,-1.53515351856354E-16));
#4927=DIRECTION('',(0.,-1.,0.));
#4928=DIRECTION('',(1.,0.,1.53515351856354E-16));
#4929=DIRECTION('',(0.,-1.,0.));
#4930=DIRECTION('',(1.53515351856354E-16,0.,-1.));
#4931=DIRECTION('',(-1.,0.,-1.53515351856354E-16));
#4932=DIRECTION('',(-1.,0.,-1.53515351856354E-16));
#4933=DIRECTION('',(1.53515351856354E-16,0.,-1.));
#4934=DIRECTION('',(-1.,0.,-1.53515351856354E-16));
#4935=DIRECTION('',(-1.,0.,0.));
#4936=DIRECTION('',(0.,0.,1.));
#4937=DIRECTION('',(0.,0.,1.));
#4938=DIRECTION('',(0.,-1.,0.));
#4939=DIRECTION('',(0.,-1.,0.));
#4940=DIRECTION('',(1.69241314729444E-16,0.,1.));
#4941=DIRECTION('',(1.,0.,-1.69241314729444E-16));
#4942=DIRECTION('',(1.69241314729444E-16,0.,1.));
#4943=DIRECTION('',(1.,0.,-1.69241314729444E-16));
#4944=DIRECTION('',(0.,-1.,0.));
#4945=DIRECTION('',(1.,0.,-1.69241314729444E-16));
#4946=DIRECTION('',(0.,-1.,0.));
#4947=DIRECTION('',(-1.,0.,0.));
#4948=DIRECTION('',(0.,0.,1.));
#4949=DIRECTION('',(0.,-1.,0.));
#4950=DIRECTION('',(0.,0.,1.));
#4951=DIRECTION('',(0.,-1.,0.));
#4952=DIRECTION('',(-1.20466908053945E-16,0.,-1.));
#4953=DIRECTION('',(-1.,0.,1.20466908053945E-16));
#4954=DIRECTION('',(1.,-1.15648231731787E-15,-1.20466908053945E-16));
#4955=DIRECTION('',(0.,-1.,0.));
#4956=DIRECTION('',(0.,-1.,0.));
#4957=DIRECTION('',(-1.,0.,0.));
#4958=DIRECTION('',(0.,0.,1.));
#4959=DIRECTION('',(0.,0.,-1.));
#4960=DIRECTION('',(0.,0.,-1.));
#4961=DIRECTION('',(1.15648231731787E-15,1.,0.));
#4962=DIRECTION('',(-1.,1.15648231731787E-15,0.));
#4963=DIRECTION('',(-1.,1.15648231731787E-15,-1.20466908053945E-16));
#4964=DIRECTION('',(0.,0.,1.));
#4965=DIRECTION('',(0.,0.,1.));
#4966=DIRECTION('',(1.,-1.15648231731787E-15,-1.20466908053945E-16));
#4967=DIRECTION('',(1.15648231731787E-15,1.,0.));
#4968=DIRECTION('',(-1.,1.15648231731787E-15,0.));
#4969=DIRECTION('',(0.,0.,-1.));
#4970=DIRECTION('',(0.,0.,-1.));
#4971=DIRECTION('',(1.15648231731787E-15,1.,0.));
#4972=DIRECTION('',(-1.,1.15648231731787E-15,0.));
#4973=DIRECTION('',(1.15648231731787E-15,1.,0.));
#4974=DIRECTION('',(-1.,1.15648231731787E-15,0.));
#4975=DIRECTION('',(-1.,0.,0.));
#4976=DIRECTION('',(0.,0.,1.));
#4977=DIRECTION('',(0.,0.,-1.));
#4978=DIRECTION('',(0.,0.,-1.));
#4979=DIRECTION('',(-1.20466908053945E-16,0.,1.));
#4980=DIRECTION('',(1.,0.,1.20466908053945E-16));
#4981=DIRECTION('',(0.,-1.,0.));
#4982=DIRECTION('',(0.,-1.,0.));
#4983=DIRECTION('',(0.,0.,1.));
#4984=DIRECTION('',(1.,0.,0.));
#4985=DIRECTION('',(0.707106781186548,0.,0.707106781186548));
#4986=DIRECTION('',(0.707106781186548,0.,-0.707106781186548));
#4987=DIRECTION('',(0.,0.,-1.));
#4988=DIRECTION('',(-1.,0.,0.));
#4989=DIRECTION('',(0.707106781186548,0.,-0.707106781186548));
#4990=DIRECTION('',(0.707106781186548,0.,0.707106781186548));
#4991=DIRECTION('',(1.,0.,1.53515351856354E-16));
#4992=DIRECTION('',(1.53515351856354E-16,0.,-1.));
#4993=DIRECTION('',(1.53515351856354E-16,0.,-1.));
#4994=DIRECTION('',(-1.,0.,-1.53515351856354E-16));
#4995=DIRECTION('',(1.69241314729444E-16,0.,1.));
#4996=DIRECTION('',(1.,0.,-1.69241314729444E-16));
#4997=DIRECTION('',(0.,1.,0.));
#4998=DIRECTION('',(0.,0.,1.));
#4999=DIRECTION('',(0.,0.707106781186548,0.707106781186548));
#5000=DIRECTION('',(0.,0.707106781186548,-0.707106781186548));
#5001=DIRECTION('',(0.,-1.,0.));
#5002=DIRECTION('',(0.,0.,-1.));
#5003=DIRECTION('',(0.,-0.707106781186548,0.707106781186548));
#5004=DIRECTION('',(0.,-0.707106781186548,-0.707106781186548));
#5005=DIRECTION('',(0.,0.,1.));
#5006=DIRECTION('',(1.,0.,0.));
#5007=DIRECTION('',(0.,1.,0.));
#5008=DIRECTION('',(0.,0.,1.));
#5009=DIRECTION('',(1.15648231731787E-15,1.,0.));
#5010=DIRECTION('',(-1.,1.15648231731787E-15,0.));
#5011=DIRECTION('',(1.15648231731787E-15,1.,0.));
#5012=DIRECTION('',(-1.,1.15648231731787E-15,0.));
#5013=DIRECTION('',(1.,-1.7347234759768E-15,0.));
#5014=DIRECTION('',(1.7347234759768E-15,1.,0.));
#5015=DIRECTION('',(1.,-1.15648231731787E-15,-1.20466908053945E-16));
#5016=DIRECTION('',(1.15648231731787E-15,1.,0.));
#5017=DIRECTION('',(1.,0.,0.));
#5018=DIRECTION('',(0.,0.,-1.));
#5019=DIRECTION('',(0.,1.,0.));
#5020=DIRECTION('',(0.,0.,1.));
#5021=DIRECTION('',(0.,1.,-3.46944695195361E-15));
#5022=DIRECTION('',(0.,3.46944695195361E-15,1.));
#5023=DIRECTION('',(0.,-3.46944695195361E-15,-1.));
#5024=DIRECTION('',(0.,1.,-3.46944695195361E-15));
#5025=DIRECTION('',(8.67361737988403E-16,0.,-1.));
#5026=DIRECTION('',(-1.,0.,-8.67361737988403E-16));
#5027=DIRECTION('',(0.,1.,0.));
#5028=DIRECTION('',(0.,0.,1.));
#5029=DIRECTION('',(0.,0.707106781186548,-0.707106781186548));
#5030=DIRECTION('',(0.,0.707106781186548,0.707106781186548));
#5031=DIRECTION('',(0.,0.,-1.));
#5032=DIRECTION('',(-1.,0.,0.));
#5033=DIRECTION('',(0.,0.,1.));
#5034=DIRECTION('',(1.,0.,0.));
#5035=DIRECTION('',(0.,0.,-1.));
#5036=DIRECTION('',(-1.,0.,0.));
#5037=DIRECTION('',(0.,1.,0.));
#5038=DIRECTION('',(0.,0.,1.));
#5039=DIRECTION('',(0.,-1.,0.));
#5040=DIRECTION('',(0.,0.,-1.));
#5041=DIRECTION('',(0.,-1.,0.));
#5042=DIRECTION('',(0.,0.,-1.));
#5043=DIRECTION('',(0.,0.,1.));
#5044=DIRECTION('',(1.,0.,0.));
#5045=DIRECTION('',(0.,0.,-1.));
#5046=DIRECTION('',(-1.,0.,0.));
#5047=DIRECTION('',(0.,0.,-1.));
#5048=DIRECTION('',(-1.,0.,0.));
#5049=DIRECTION('',(-1.,0.,0.));
#5050=DIRECTION('',(0.,-1.,0.));
#5051=DIRECTION('',(1.,0.,0.));
#5052=DIRECTION('',(0.,1.,0.));
#5053=DIRECTION('',(1.,0.,0.));
#5054=DIRECTION('',(0.,-1.,0.));
#5055=DIRECTION('',(-1.,0.,0.));
#5056=DIRECTION('',(3.30423519233678E-16,-1.,0.));
#5057=DIRECTION('',(-1.,0.,0.));
#5058=DIRECTION('',(0.,0.,-1.));
#5059=DIRECTION('',(-1.,0.,0.));
#5060=DIRECTION('',(1.,0.,0.));
#5061=DIRECTION('',(0.,0.,-1.));
#5062=DIRECTION('',(-1.,0.,0.));
#5063=DIRECTION('',(-1.,0.,0.));
#5064=DIRECTION('',(3.30423519233678E-16,-1.,0.));
#5065=DIRECTION('',(-1.,0.,0.));
#5066=DIRECTION('',(0.,-1.,0.));
#5067=DIRECTION('',(1.,0.,0.));
#5068=DIRECTION('',(1.15648231731787E-16,-1.,0.));
#5069=DIRECTION('',(1.,0.,0.));
#5070=DIRECTION('',(0.,-1.,0.));
#5071=DIRECTION('',(-1.,0.,0.));
#5072=DIRECTION('',(0.,0.,-1.));
#5073=DIRECTION('',(-1.,0.,0.));
#5074=DIRECTION('',(3.33600668457078E-16,-1.,0.));
#5075=DIRECTION('',(-1.,-1.4065325480893E-16,0.));
#5076=DIRECTION('',(3.33600668457079E-16,-1.,0.));
#5077=DIRECTION('',(-2.06522328766534E-16,0.,-1.));
#5078=DIRECTION('',(1.,0.,-2.06522328766534E-16));
#5079=DIRECTION('',(0.,1.,0.));
#5080=DIRECTION('',(-1.,-1.15648231731787E-16,2.06522328766534E-16));
#5081=DIRECTION('',(0.,1.,0.));
#5082=DIRECTION('',(-1.,0.,2.06522328766534E-16));
#5083=DIRECTION('',(-2.06522328766534E-16,0.,-1.));
#5084=DIRECTION('',(-1.,0.,2.06522328766534E-16));
#5085=DIRECTION('',(0.,-1.,0.));
#5086=DIRECTION('',(-1.,0.,2.06522328766534E-16));
#5087=DIRECTION('',(0.,-1.,0.));
#5088=DIRECTION('',(1.,0.,-2.06522328766534E-16));
#5089=DIRECTION('',(0.,-1.,0.));
#5090=DIRECTION('',(0.,0.,-1.));
#5091=DIRECTION('',(-1.,0.,0.));
#5092=DIRECTION('',(0.,0.,-1.));
#5093=DIRECTION('',(-1.,0.,0.));
#5094=DIRECTION('',(1.7347234759768E-16,0.,-1.));
#5095=DIRECTION('',(0.,0.,1.));
#5096=DIRECTION('',(1.,0.,0.));
#5097=DIRECTION('',(-1.,0.,0.));
#5098=DIRECTION('',(0.,0.,1.));
#5099=DIRECTION('',(1.,0.,0.));
#5100=DIRECTION('',(0.,-1.,0.));
#5101=DIRECTION('',(0.,0.,1.));
#5102=DIRECTION('',(1.,0.,0.));
#5103=DIRECTION('',(1.,0.,0.));
#5104=DIRECTION('',(1.15648231731787E-16,-1.,0.));
#5105=DIRECTION('',(1.,0.,0.));
#5106=DIRECTION('',(0.,0.,1.));
#5107=DIRECTION('',(1.,0.,0.));
#5108=DIRECTION('',(0.,-1.,0.));
#5109=DIRECTION('',(0.,0.,1.));
#5110=DIRECTION('',(1.,0.,0.));
#5111=DIRECTION('',(-1.,0.,0.));
#5112=DIRECTION('',(3.30423519233678E-16,-1.,0.));
#5113=DIRECTION('',(0.,0.,1.));
#5114=DIRECTION('',(1.,0.,0.));
#5115=DIRECTION('',(-1.,0.,0.));
#5116=DIRECTION('',(0.,1.,0.));
#5117=DIRECTION('',(-1.,0.,7.88510670898549E-17));
#5118=DIRECTION('',(0.,-1.,0.));
#5119=DIRECTION('',(1.,0.,0.));
#5120=DIRECTION('',(0.,-1.,0.));
#5121=DIRECTION('',(-1.,0.,0.));
#5122=DIRECTION('',(0.,-1.,0.));
#5123=DIRECTION('',(-1.,0.,7.88510670898549E-17));
#5124=DIRECTION('',(0.,-1.,0.));
#5125=DIRECTION('',(-1.,0.,0.));
#5126=DIRECTION('',(0.,-1.,0.));
#5127=DIRECTION('',(1.,0.,0.));
#5128=DIRECTION('',(0.,-1.,0.));
#5129=DIRECTION('',(-1.,0.,7.88510670898549E-17));
#5130=DIRECTION('',(0.,1.,0.));
#5131=DIRECTION('',(-1.,0.,0.));
#5132=DIRECTION('',(0.,0.,1.));
#5133=DIRECTION('',(1.,0.,0.));
#5134=DIRECTION('',(3.30423519233678E-16,-1.,0.));
#5135=DIRECTION('',(-1.,0.,0.));
#5136=DIRECTION('',(0.,0.,1.));
#5137=DIRECTION('',(1.,0.,0.));
#5138=DIRECTION('',(0.,-1.,0.));
#5139=DIRECTION('',(0.,0.,1.));
#5140=DIRECTION('',(1.,0.,0.));
#5141=DIRECTION('',(1.,0.,0.));
#5142=DIRECTION('',(0.,1.,0.));
#5143=DIRECTION('',(1.,0.,0.));
#5144=DIRECTION('',(0.,0.,1.));
#5145=DIRECTION('',(1.,0.,0.));
#5146=DIRECTION('',(0.,-1.,0.));
#5147=DIRECTION('',(0.,0.,1.));
#5148=DIRECTION('',(1.,0.,0.));
#5149=DIRECTION('',(0.,0.,1.));
#5150=DIRECTION('',(1.,0.,0.));
#5151=DIRECTION('',(3.33600668457079E-16,-1.,0.));
#5152=DIRECTION('',(-1.,-1.4065325480893E-16,0.));
#5153=DIRECTION('',(3.33600668457078E-16,-1.,0.));
#5154=DIRECTION('',(0.,0.,1.));
#5155=DIRECTION('',(1.,0.,0.));
#5156=DIRECTION('',(0.,-1.,0.));
#5157=DIRECTION('',(0.,0.,-1.));
#5158=DIRECTION('',(-1.,0.,0.));
#5159=DIRECTION('',(1.7347234759768E-16,0.,-1.));
#5160=DIRECTION('',(0.,0.,-1.));
#5161=DIRECTION('',(0.,-1.,0.));
#5162=DIRECTION('',(1.,0.,0.));
#5163=DIRECTION('',(1.,0.,0.));
#5164=DIRECTION('',(0.,-1.,0.));
#5165=DIRECTION('',(0.,0.,-1.));
#5166=DIRECTION('',(0.,0.,-1.));
#5167=DIRECTION('',(-1.,0.,-1.7347234759768E-16));
#5168=DIRECTION('',(0.,0.,-1.));
#5169=DIRECTION('',(0.,-1.,0.));
#5170=DIRECTION('',(0.,0.,-1.));
#5171=DIRECTION('',(1.,0.,0.));
#5172=DIRECTION('',(0.,0.,1.));
#5173=DIRECTION('',(0.,0.,1.));
#5174=DIRECTION('',(0.,-1.,0.));
#5175=DIRECTION('',(0.,0.,-1.));
#5176=DIRECTION('',(-1.,0.,1.80700362080917E-16));
#5177=DIRECTION('',(0.,-1.,0.));
#5178=DIRECTION('',(0.,0.,-1.));
#5179=DIRECTION('',(-1.0842021724855E-16,0.,-1.));
#5180=DIRECTION('',(0.,0.,1.));
#5181=DIRECTION('',(-1.,0.,0.));
#5182=DIRECTION('',(0.,-1.,0.));
#5183=DIRECTION('',(0.,0.,-1.));
#5184=DIRECTION('',(0.,0.,-1.));
#5185=DIRECTION('',(1.,0.,-1.7347234759768E-16));
#5186=DIRECTION('',(0.,0.,-1.));
#5187=DIRECTION('',(0.,-1.,0.));
#5188=DIRECTION('',(0.,0.,-1.));
#5189=DIRECTION('',(-1.,0.,0.));
#5190=DIRECTION('',(-6.93889390390723E-16,0.,-1.));
#5191=DIRECTION('',(-6.93889390390723E-16,0.,-1.));
#5192=DIRECTION('',(0.,-1.,0.));
#5193=DIRECTION('',(0.,0.,-1.));
#5194=DIRECTION('',(-1.,0.,0.));
#5195=DIRECTION('',(0.,0.,-1.));
#5196=DIRECTION('',(1.0842021724855E-16,0.,1.));
#5197=DIRECTION('',(0.,1.,0.));
#5198=DIRECTION('',(-1.,0.,0.));
#5199=DIRECTION('',(0.,1.,0.));
#5200=DIRECTION('',(0.,0.,1.));
#5201=DIRECTION('',(0.,0.,-1.));
#5202=DIRECTION('',(-1.,0.,0.));
#5203=DIRECTION('',(0.,1.,0.));
#5204=DIRECTION('',(0.,0.,1.));
#5205=DIRECTION('',(0.,0.,-1.));
#5206=DIRECTION('',(-1.,0.,-1.7347234759768E-16));
#5207=DIRECTION('',(0.,0.,-1.));
#5208=DIRECTION('',(0.,1.,0.));
#5209=DIRECTION('',(0.,0.,1.));
#5210=DIRECTION('',(1.,0.,0.));
#5211=DIRECTION('',(0.,0.,1.));
#5212=DIRECTION('',(0.,1.,0.));
#5213=DIRECTION('',(-1.,0.,0.));
#5214=DIRECTION('',(0.,0.,-1.));
#5215=DIRECTION('',(0.,1.,0.));
#5216=DIRECTION('',(0.,0.,1.));
#5217=DIRECTION('',(0.,0.,1.));
#5218=DIRECTION('',(1.,0.,0.));
#5219=DIRECTION('',(0.,1.,0.));
#5220=DIRECTION('',(0.,0.,1.));
#5221=DIRECTION('',(0.,0.,-1.));
#5222=DIRECTION('',(-1.,0.,-1.7347234759768E-16));
#5223=DIRECTION('',(0.,0.,-1.));
#5224=DIRECTION('',(0.,1.,0.));
#5225=DIRECTION('',(0.,0.,1.));
#5226=DIRECTION('',(1.,0.,0.));
#5227=DIRECTION('',(0.,1.,0.));
#5228=DIRECTION('',(0.,0.,1.));
#5229=DIRECTION('',(1.7347234759768E-16,0.,-1.));
#5230=DIRECTION('',(1.,0.,0.));
#5231=DIRECTION('',(0.,0.,-1.));
#5232=DIRECTION('',(0.,1.,0.));
#5233=DIRECTION('',(0.,0.,1.));
#5234=DIRECTION('',(1.,0.,0.));
#5235=DIRECTION('',(1.7347234759768E-16,0.,-1.));
#5236=DIRECTION('',(0.,0.,-1.));
#5237=DIRECTION('',(0.,0.,-1.));
#5238=DIRECTION('',(-1.,0.,0.));
#5239=DIRECTION('',(-1.,0.,0.));
#5240=DIRECTION('',(0.,-1.,0.));
#5241=DIRECTION('',(-1.,0.,0.));
#5242=DIRECTION('',(0.,-1.,0.));
#5243=DIRECTION('',(0.,0.,-1.));
#5244=DIRECTION('',(-1.,0.,0.));
#5245=DIRECTION('',(1.,0.,0.));
#5246=DIRECTION('',(0.,-1.,0.));
#5247=DIRECTION('',(0.,-1.,0.));
#5248=DIRECTION('',(0.,0.,-1.));
#5249=DIRECTION('',(-1.,0.,0.));
#5250=DIRECTION('',(0.,-1.,0.));
#5251=DIRECTION('',(0.,-1.,0.));
#5252=DIRECTION('',(0.,0.,-1.));
#5253=DIRECTION('',(-1.,0.,0.));
#5254=DIRECTION('',(0.,-1.,0.));
#5255=DIRECTION('',(1.,0.,0.));
#5256=DIRECTION('',(0.,-1.,0.));
#5257=DIRECTION('',(1.,0.,0.));
#5258=DIRECTION('',(0.,0.,-1.));
#5259=DIRECTION('',(0.,0.,1.));
#5260=DIRECTION('',(0.,-1.,0.));
#5261=DIRECTION('',(0.,0.,-1.));
#5262=DIRECTION('',(-1.,0.,0.));
#5263=DIRECTION('',(0.,-1.,0.));
#5264=DIRECTION('',(1.,0.,0.));
#5265=DIRECTION('',(-1.,0.,0.));
#5266=DIRECTION('',(0.,0.,1.));
#5267=DIRECTION('',(0.,0.,-1.));
#5268=DIRECTION('',(0.,-1.,0.));
#5269=DIRECTION('',(0.,-1.,0.));
#5270=DIRECTION('',(-1.73472347597681E-16,0.,1.));
#5271=DIRECTION('',(1.,0.,1.73472347597681E-16));
#5272=DIRECTION('',(-1.,0.,-1.7347234759768E-16));
#5273=DIRECTION('',(0.,-1.,0.));
#5274=DIRECTION('',(-1.,0.,0.));
#5275=DIRECTION('',(0.,0.,1.));
#5276=DIRECTION('',(0.,-1.,0.));
#5277=DIRECTION('',(0.,0.,-1.));
#5278=DIRECTION('',(-1.,0.,6.93889390390723E-16));
#5279=DIRECTION('',(6.93889390390723E-16,0.,1.));
#5280=DIRECTION('',(0.,-1.,0.));
#5281=DIRECTION('',(-6.93889390390723E-16,-5.63631388811543E-32,-1.));
#5282=DIRECTION('',(0.,-1.,0.));
#5283=DIRECTION('',(-6.93889390390723E-16,0.,-1.));
#5284=DIRECTION('',(0.,-1.,0.));
#5285=DIRECTION('',(6.93889390390723E-16,0.,1.));
#5286=DIRECTION('',(-2.06522328766534E-16,0.,-1.));
#5287=DIRECTION('',(-1.,0.,2.06522328766534E-16));
#5288=DIRECTION('',(-1.,-1.15648231731787E-16,2.06522328766534E-16));
#5289=DIRECTION('',(0.,-1.,0.));
#5290=DIRECTION('',(1.,0.,-2.06522328766534E-16));
#5291=DIRECTION('',(-1.,0.,6.93889390390723E-16));
#5292=DIRECTION('',(6.93889390390723E-16,0.,1.));
#5293=DIRECTION('',(6.93889390390723E-16,5.63631388811543E-32,1.));
#5294=DIRECTION('',(0.,-1.,0.));
#5295=DIRECTION('',(-6.93889390390723E-16,0.,-1.));
#5296=DIRECTION('',(0.,0.,-1.));
#5297=DIRECTION('',(0.,-1.,0.));
#5298=DIRECTION('',(0.,0.,-1.));
#5299=DIRECTION('',(-6.93889390390723E-16,0.,-1.));
#5300=DIRECTION('',(-1.,0.,0.));
#5301=DIRECTION('',(0.,0.,1.));
#5302=DIRECTION('',(0.,0.,-1.));
#5303=DIRECTION('',(0.,-1.,0.));
#5304=DIRECTION('',(0.,0.,-1.));
#5305=DIRECTION('',(0.,-1.,0.));
#5306=DIRECTION('',(-1.73472347597681E-16,0.,-1.));
#5307=DIRECTION('',(-1.,0.,1.73472347597681E-16));
#5308=DIRECTION('',(1.,0.,-1.7347234759768E-16));
#5309=DIRECTION('',(1.,0.,-1.7347234759768E-16));
#5310=DIRECTION('',(0.,-1.,0.));
#5311=DIRECTION('',(-1.,0.,0.));
#5312=DIRECTION('',(0.,0.,1.));
#5313=DIRECTION('',(0.,0.,-1.));
#5314=DIRECTION('',(0.,-1.,0.));
#5315=DIRECTION('',(0.,0.,-1.));
#5316=DIRECTION('',(0.,0.,1.));
#5317=DIRECTION('',(1.,0.,0.));
#5318=DIRECTION('',(-1.,0.,0.));
#5319=DIRECTION('',(0.,-1.,0.));
#5320=DIRECTION('',(-1.,0.,0.));
#5321=DIRECTION('',(0.,-1.,0.));
#5322=DIRECTION('',(1.,0.,0.));
#5323=DIRECTION('',(0.,0.,-1.));
#5324=DIRECTION('',(0.,0.,1.));
#5325=DIRECTION('',(0.,0.,1.));
#5326=DIRECTION('',(0.,-1.,0.));
#5327=DIRECTION('',(1.,0.,0.));
#5328=DIRECTION('',(0.,-1.,0.));
#5329=DIRECTION('',(0.,0.,-1.));
#5330=DIRECTION('',(0.,-1.,0.));
#5331=DIRECTION('',(0.,0.,-1.));
#5332=DIRECTION('',(0.,-1.,0.));
#5333=DIRECTION('',(0.,0.,-1.));
#5334=DIRECTION('',(0.,-1.,0.));
#5335=DIRECTION('',(0.,0.,-1.));
#5336=DIRECTION('',(0.,1.,0.));
#5337=DIRECTION('',(-1.,0.,0.));
#5338=DIRECTION('',(0.,1.,0.));
#5339=DIRECTION('',(0.,0.,1.));
#5340=DIRECTION('',(0.,1.,0.));
#5341=DIRECTION('',(0.,0.,1.));
#5342=DIRECTION('',(0.,1.,0.));
#5343=DIRECTION('',(0.,0.,1.));
#5344=DIRECTION('',(0.,1.,0.));
#5345=DIRECTION('',(-1.,0.,0.));
#5346=DIRECTION('',(0.,0.,-1.));
#5347=DIRECTION('',(0.,1.,0.));
#5348=DIRECTION('',(0.,0.,1.));
#5349=DIRECTION('',(-1.,0.,0.));
#5350=DIRECTION('',(0.,0.,1.));
#5351=DIRECTION('',(0.,1.,0.));
#5352=DIRECTION('',(0.,0.,1.));
#5353=DIRECTION('',(0.,1.,0.));
#5354=DIRECTION('',(0.,0.,1.));
#5355=DIRECTION('',(0.,0.,-1.));
#5356=DIRECTION('',(1.,0.,-1.7347234759768E-16));
#5357=DIRECTION('',(1.,0.,0.));
#5358=DIRECTION('',(0.,0.,-1.));
#5359=DIRECTION('',(0.,-1.,0.));
#5360=DIRECTION('',(0.,0.,-1.));
#5361=DIRECTION('',(-1.,0.,0.));
#5362=DIRECTION('',(0.,-1.,0.));
#5363=DIRECTION('',(-1.,0.,0.));
#5364=DIRECTION('',(0.,0.,1.));
#5365=DIRECTION('',(0.,-1.,0.));
#5366=DIRECTION('',(0.,-1.,0.));
#5367=DIRECTION('',(-1.7347234759768E-16,0.,1.));
#5368=DIRECTION('',(1.,0.,1.7347234759768E-16));
#5369=DIRECTION('',(0.,-1.,0.));
#5370=DIRECTION('',(-1.,0.,0.));
#5371=DIRECTION('',(0.,0.,1.));
#5372=DIRECTION('',(0.,-1.,0.));
#5373=DIRECTION('',(-1.,0.,0.));
#5374=DIRECTION('',(0.,0.,1.));
#5375=DIRECTION('',(0.,-1.,0.));
#5376=DIRECTION('',(0.,-1.,0.));
#5377=DIRECTION('',(-1.7347234759768E-16,0.,-1.));
#5378=DIRECTION('',(-1.,0.,1.7347234759768E-16));
#5379=DIRECTION('',(0.,-1.,0.));
#5380=DIRECTION('',(-1.,0.,0.));
#5381=DIRECTION('',(0.,0.,1.));
#5382=DIRECTION('',(0.,-1.,0.));
#5383=DIRECTION('',(0.,0.,1.));
#5384=DIRECTION('',(1.,0.,0.));
#5385=DIRECTION('',(0.,-1.,0.));
#5386=DIRECTION('',(0.,-1.,0.));
#5387=DIRECTION('',(1.,0.,0.));
#5388=DIRECTION('',(0.,0.,-1.));
#5389=DIRECTION('',(-1.,0.,0.));
#5390=DIRECTION('',(0.,0.,1.));
#5391=DIRECTION('',(0.,0.,-1.));
#5392=DIRECTION('',(0.,1.,0.));
#5393=DIRECTION('',(0.,0.,-1.));
#5394=DIRECTION('',(0.,1.,0.));
#5395=DIRECTION('',(0.,0.,1.));
#5396=DIRECTION('',(1.,0.,0.));
#5397=DIRECTION('',(1.7347234759768E-16,0.,-1.));
#5398=DIRECTION('',(1.,1.15648231731787E-16,0.));
#5399=DIRECTION('',(-1.15648231731787E-16,1.,0.));
#5400=DIRECTION('',(1.15648231731787E-16,-1.,0.));
#5401=DIRECTION('',(0.,1.,0.));
#5402=DIRECTION('',(0.,0.,1.));
#5403=DIRECTION('',(1.7347234759768E-16,0.,-1.));
#5404=DIRECTION('',(1.,0.,0.));
#5405=DIRECTION('',(1.,0.,1.7347234759768E-16));
#5406=DIRECTION('',(1.7347234759768E-16,0.,-1.));
#5407=DIRECTION('',(0.,-1.,0.));
#5408=DIRECTION('',(1.7347234759768E-16,0.,-1.));
#5409=DIRECTION('',(1.7347234759768E-16,0.,-1.));
#5410=DIRECTION('',(1.,0.,1.7347234759768E-16));
#5411=DIRECTION('',(1.7347234759768E-16,0.,-1.));
#5412=DIRECTION('',(1.7347234759768E-16,0.,-1.));
#5413=DIRECTION('',(0.,-1.,0.));
#5414=DIRECTION('',(1.7347234759768E-16,0.,-1.));
#5415=DIRECTION('',(1.,0.,1.7347234759768E-16));
#5416=DIRECTION('',(1.7347234759768E-16,0.,-1.));
#5417=DIRECTION('',(0.,-1.,0.));
#5418=DIRECTION('',(1.7347234759768E-16,0.,-1.));
#5419=DIRECTION('',(1.7347234759768E-16,0.,-1.));
#5420=DIRECTION('',(1.,0.,1.7347234759768E-16));
#5421=DIRECTION('',(1.7347234759768E-16,0.,-1.));
#5422=DIRECTION('',(1.7347234759768E-16,0.,-1.));
#5423=DIRECTION('',(0.,-1.,0.));
#5424=DIRECTION('',(1.7347234759768E-16,0.,-1.));
#5425=DIRECTION('',(0.,-1.,0.));
#5426=DIRECTION('',(0.,0.,-1.));
#5427=DIRECTION('',(0.,0.,-1.));
#5428=DIRECTION('',(-1.,0.,0.));
#5429=DIRECTION('',(0.,0.,-1.));
#5430=DIRECTION('',(1.,3.30423519233678E-16,0.));
#5431=DIRECTION('',(-3.30423519233678E-16,1.,0.));
#5432=DIRECTION('',(0.,0.,-1.));
#5433=DIRECTION('',(3.30423519233678E-16,-1.,0.));
#5434=DIRECTION('',(0.,-1.,0.));
#5435=DIRECTION('',(0.,0.,-1.));
#5436=DIRECTION('',(1.7347234759768E-16,0.,-1.));
#5437=DIRECTION('',(-1.,0.,0.));
#5438=DIRECTION('',(0.,0.,-1.));
#5439=DIRECTION('',(1.,3.30423519233678E-16,0.));
#5440=DIRECTION('',(-3.30423519233678E-16,1.,0.));
#5441=DIRECTION('',(3.30423519233678E-16,-1.,0.));
#5442=DIRECTION('',(0.,0.,-1.));
#5443=DIRECTION('',(0.,-1.,0.));
#5444=DIRECTION('',(0.,0.,-1.));
#5445=DIRECTION('',(0.,0.,-1.));
#5446=DIRECTION('',(-1.,0.,0.));
#5447=DIRECTION('',(1.7347234759768E-16,0.,-1.));
#5448=DIRECTION('',(1.,3.33600668457079E-16,0.));
#5449=DIRECTION('',(-3.33600668457079E-16,1.,0.));
#5450=DIRECTION('',(0.,0.,-1.));
#5451=DIRECTION('',(3.33600668457079E-16,-1.,0.));
#5452=DIRECTION('',(0.,0.,-1.));
#5453=DIRECTION('',(1.4065325480893E-16,-1.,0.));
#5454=DIRECTION('',(1.,1.4065325480893E-16,0.));
#5455=DIRECTION('',(-1.,-1.4065325480893E-16,0.));
#5456=DIRECTION('',(0.,0.,-1.));
#5457=DIRECTION('',(1.,3.33600668457078E-16,0.));
#5458=DIRECTION('',(-3.33600668457078E-16,1.,0.));
#5459=DIRECTION('',(3.33600668457078E-16,-1.,0.));
#5460=DIRECTION('',(0.,0.,-1.));
#5461=DIRECTION('',(0.,1.,0.));
#5462=DIRECTION('',(-1.,0.,0.));
#5463=DIRECTION('',(-1.0842021724855E-16,0.,-1.));
#5464=DIRECTION('',(-1.,0.,1.80700362080917E-16));
#5465=DIRECTION('',(0.,0.,1.));
#5466=DIRECTION('',(1.,0.,-1.0842021724855E-16));
#5467=DIRECTION('',(-1.0842021724855E-16,0.,-1.));
#5468=DIRECTION('',(0.,1.,0.));
#5469=DIRECTION('',(-1.0842021724855E-16,0.,-1.));
#5470=DIRECTION('',(1.,0.,-1.0842021724855E-16));
#5471=DIRECTION('',(-1.0842021724855E-16,0.,-1.));
#5472=DIRECTION('',(-1.80700362080917E-16,0.,-1.));
#5473=DIRECTION('',(-1.,0.,1.80700362080917E-16));
#5474=DIRECTION('',(0.,1.,0.));
#5475=DIRECTION('',(-1.,0.,1.80700362080917E-16));
#5476=DIRECTION('',(0.,1.,0.));
#5477=DIRECTION('',(-1.,0.,1.80700362080917E-16));
#5478=DIRECTION('',(-1.,0.,0.));
#5479=DIRECTION('',(0.,0.,1.));
#5480=DIRECTION('',(-1.,0.,0.));
#5481=DIRECTION('',(0.,0.,1.));
#5482=DIRECTION('',(0.,0.,1.));
#5483=DIRECTION('',(0.,1.,0.));
#5484=DIRECTION('',(0.,1.,0.));
#5485=DIRECTION('',(0.,0.,1.));
#5486=DIRECTION('',(0.,1.,0.));
#5487=DIRECTION('',(0.,0.,1.));
#5488=DIRECTION('',(0.,1.,0.));
#5489=DIRECTION('',(0.,0.,1.));
#5490=DIRECTION('',(0.,-1.,0.));
#5491=DIRECTION('',(0.,0.,-1.));
#5492=DIRECTION('',(0.,1.,0.));
#5493=DIRECTION('',(0.,0.,1.));
#5494=DIRECTION('',(0.,-1.,0.));
#5495=DIRECTION('',(0.,0.,-1.));
#5496=DIRECTION('',(0.,1.,0.));
#5497=DIRECTION('',(0.,0.,1.));
#5498=DIRECTION('',(0.,-1.,0.));
#5499=DIRECTION('',(0.,0.,-1.));
#5500=DIRECTION('',(0.,1.,0.));
#5501=DIRECTION('',(0.,0.,1.));
#5502=DIRECTION('',(-3.30423519233678E-16,1.,0.));
#5503=DIRECTION('',(-1.,-3.30423519233678E-16,0.));
#5504=DIRECTION('',(0.,1.,0.));
#5505=DIRECTION('',(0.,0.,1.));
#5506=DIRECTION('',(0.707106781186547,0.707106781186548,0.));
#5507=DIRECTION('',(0.707106781186548,-0.707106781186548,0.));
#5508=DIRECTION('',(1.,0.,0.));
#5509=DIRECTION('',(0.,0.,-1.));
#5510=DIRECTION('',(-0.316227766016838,-0.948683298050513,0.));
#5511=DIRECTION('',(-0.948683298050514,0.316227766016838,0.));
#5512=DIRECTION('',(0.,1.,0.));
#5513=DIRECTION('',(0.,0.,1.));
#5514=DIRECTION('',(0.948683298050514,-0.316227766016837,0.));
#5515=DIRECTION('',(-0.316227766016837,-0.948683298050514,0.));
#5516=DIRECTION('',(-0.948683298050514,-0.316227766016837,0.));
#5517=DIRECTION('',(-0.316227766016837,0.948683298050514,0.));
#5518=DIRECTION('',(-1.,0.,0.));
#5519=DIRECTION('',(0.,0.,1.));
#5520=DIRECTION('',(0.316227766016838,-0.948683298050513,0.));
#5521=DIRECTION('',(-0.948683298050514,-0.316227766016838,0.));
#5522=DIRECTION('',(-0.707106781186548,0.707106781186548,0.));
#5523=DIRECTION('',(-0.707106781186548,-0.707106781186548,0.));
#5524=DIRECTION('',(0.,1.,0.));
#5525=DIRECTION('',(0.,0.,1.));
#5526=DIRECTION('',(0.707106781186548,0.707106781186548,0.));
#5527=DIRECTION('',(0.707106781186548,-0.707106781186548,0.));
#5528=DIRECTION('',(1.,0.,0.));
#5529=DIRECTION('',(0.,0.,-1.));
#5530=DIRECTION('',(-0.316227766016838,-0.948683298050513,0.));
#5531=DIRECTION('',(-0.948683298050514,0.316227766016838,0.));
#5532=DIRECTION('',(0.,1.,0.));
#5533=DIRECTION('',(0.,0.,1.));
#5534=DIRECTION('',(0.948683298050514,-0.316227766016838,0.));
#5535=DIRECTION('',(-0.316227766016838,-0.948683298050514,0.));
#5536=DIRECTION('',(-0.948683298050514,-0.316227766016837,0.));
#5537=DIRECTION('',(-0.316227766016837,0.948683298050514,0.));
#5538=DIRECTION('',(-1.,0.,0.));
#5539=DIRECTION('',(0.,0.,1.));
#5540=DIRECTION('',(1.,0.,0.));
#5541=DIRECTION('',(0.,0.,-1.));
#5542=DIRECTION('',(0.316227766016838,-0.948683298050513,0.));
#5543=DIRECTION('',(-0.948683298050514,-0.316227766016838,0.));
#5544=DIRECTION('',(-3.33600668457079E-16,1.,0.));
#5545=DIRECTION('',(-1.,-3.33600668457079E-16,0.));
#5546=DIRECTION('',(0.,1.,0.));
#5547=DIRECTION('',(0.,0.,1.));
#5548=DIRECTION('',(0.707106781186547,0.707106781186548,0.));
#5549=DIRECTION('',(0.707106781186548,-0.707106781186547,0.));
#5550=DIRECTION('',(1.,1.4065325480893E-16,0.));
#5551=DIRECTION('',(-1.4065325480893E-16,1.,0.));
#5552=DIRECTION('',(0.707106781186548,-0.707106781186547,0.));
#5553=DIRECTION('',(0.707106781186547,0.707106781186548,0.));
#5554=DIRECTION('',(3.33600668457078E-16,-1.,0.));
#5555=DIRECTION('',(1.,3.33600668457078E-16,0.));
#5556=DIRECTION('',(0.,1.,0.));
#5557=DIRECTION('',(0.,0.,1.));
#5558=DIRECTION('',(-1.,0.,0.));
#5559=DIRECTION('',(0.,0.,1.));
#5560=DIRECTION('',(-1.,0.,0.));
#5561=DIRECTION('',(0.,0.,1.));
#5562=DIRECTION('',(0.316227766016838,0.948683298050513,0.));
#5563=DIRECTION('',(0.948683298050514,-0.316227766016838,0.));
#5564=DIRECTION('',(0.,-1.,0.));
#5565=DIRECTION('',(0.,0.,-1.));
#5566=DIRECTION('',(0.948683298050514,0.316227766016838,0.));
#5567=DIRECTION('',(0.316227766016838,-0.948683298050514,0.));
#5568=DIRECTION('',(-0.948683298050514,0.316227766016837,0.));
#5569=DIRECTION('',(0.316227766016837,0.948683298050514,0.));
#5570=DIRECTION('',(1.,0.,0.));
#5571=DIRECTION('',(0.,0.,-1.));
#5572=DIRECTION('',(-0.316227766016838,0.948683298050513,0.));
#5573=DIRECTION('',(0.948683298050514,0.316227766016838,0.));
#5574=DIRECTION('',(0.707106781186548,-0.707106781186548,0.));
#5575=DIRECTION('',(0.707106781186548,0.707106781186548,0.));
#5576=DIRECTION('',(1.15648231731787E-16,-1.,0.));
#5577=DIRECTION('',(1.,1.15648231731787E-16,0.));
#5578=DIRECTION('',(-0.707106781186548,-0.707106781186548,0.));
#5579=DIRECTION('',(-0.707106781186548,0.707106781186548,0.));
#5580=DIRECTION('',(-1.,0.,0.));
#5581=DIRECTION('',(0.,0.,1.));
#5582=DIRECTION('',(0.316227766016838,0.948683298050513,0.));
#5583=DIRECTION('',(0.948683298050514,-0.316227766016838,0.));
#5584=DIRECTION('',(0.,-1.,0.));
#5585=DIRECTION('',(0.,0.,-1.));
#5586=DIRECTION('',(0.948683298050514,0.316227766016837,0.));
#5587=DIRECTION('',(0.316227766016837,-0.948683298050514,0.));
#5588=DIRECTION('',(-0.948683298050514,0.316227766016837,0.));
#5589=DIRECTION('',(0.316227766016837,0.948683298050514,0.));
#5590=DIRECTION('',(3.30423519233678E-16,-1.,0.));
#5591=DIRECTION('',(1.,3.30423519233678E-16,0.));
#5592=DIRECTION('',(0.,1.,0.));
#5593=DIRECTION('',(0.,0.,1.));
#5594=DIRECTION('',(0.707106781186548,-0.707106781186548,0.));
#5595=DIRECTION('',(0.707106781186547,0.707106781186548,0.));
#5596=DIRECTION('',(1.,0.,0.));
#5597=DIRECTION('',(0.,0.,-1.));
#5598=DIRECTION('',(-0.316227766016838,0.948683298050513,0.));
#5599=DIRECTION('',(0.948683298050514,0.316227766016838,0.));
#5600=DIRECTION('',(0.,-1.,0.));
#5601=DIRECTION('',(0.,0.,-1.));
#5602=DIRECTION('',(0.,-1.,0.));
#5603=DIRECTION('',(0.,0.,-1.));
#5604=DIRECTION('',(0.,-1.,0.));
#5605=DIRECTION('',(0.,0.,-1.));
#5606=DIRECTION('',(0.,-1.,0.));
#5607=DIRECTION('',(0.,0.,-1.));
#5608=DIRECTION('',(1.,0.,0.));
#5609=DIRECTION('',(0.,0.,-1.));
#5610=DIRECTION('',(0.,-1.,0.));
#5611=DIRECTION('',(0.,0.,-1.));
#5612=DIRECTION('',(0.,-1.,0.));
#5613=DIRECTION('',(0.,0.,-1.));
#5614=DIRECTION('',(0.,-1.,0.));
#5615=DIRECTION('',(0.,0.,-1.));
#5616=DIRECTION('',(-1.,0.,1.80700362080917E-16));
#5617=DIRECTION('',(1.80700362080917E-16,0.,1.));
#5618=DIRECTION('',(1.,0.,0.));
#5619=DIRECTION('',(0.,0.,-1.));
#5620=DIRECTION('',(0.,-1.,0.));
#5621=DIRECTION('',(0.,0.,-1.));
#5622=DIRECTION('',(0.,1.,0.));
#5623=DIRECTION('',(0.,0.,1.));
#5624=DIRECTION('',(-2.06522328766534E-16,0.,-1.));
#5625=DIRECTION('',(1.,0.,-2.06522328766534E-16));
#5626=DIRECTION('',(-1.,0.,2.06522328766534E-16));
#5627=DIRECTION('',(0.,1.,0.));
#5628=DIRECTION('',(-1.,-1.15648231731787E-16,2.06522328766534E-16));
#5629=DIRECTION('',(-3.46944695195362E-16,1.,7.16518264049416E-32));
#5630=DIRECTION('',(1.,3.46944695195362E-16,-2.06522328766534E-16));
#5631=DIRECTION('',(-3.46944695195362E-16,1.,0.));
#5632=DIRECTION('',(2.06522328766534E-16,0.,1.));
#5633=DIRECTION('',(-3.46944695195362E-16,1.,7.16518264049416E-32));
#5634=DIRECTION('',(2.06522328766534E-16,0.,1.));
#5635=DIRECTION('',(-1.15648231731787E-16,1.,2.38839421349806E-32));
#5636=DIRECTION('',(-1.,-1.15648231731787E-16,0.));
#5637=DIRECTION('',(-1.,-1.15648231731787E-16,2.06522328766534E-16));
#5638=DIRECTION('',(-6.93889390390723E-16,-5.63631388811543E-32,-1.));
#5639=DIRECTION('',(-0.707106781186548,-8.17756488897801E-17,-0.707106781186547));
#5640=DIRECTION('',(-1.15648231731787E-16,1.,2.38839421349806E-32));
#5641=DIRECTION('',(-1.,-1.15648231731787E-16,0.));
#5642=DIRECTION('',(-1.,-1.15648231731787E-16,2.06522328766534E-16));
#5643=DIRECTION('',(2.06522328766534E-16,0.,1.));
#5644=DIRECTION('',(-1.,-1.15648231731787E-16,2.06522328766534E-16));
#5645=DIRECTION('',(2.76213567469482E-48,-2.38839421349806E-32,1.));
#5646=DIRECTION('',(-1.15648231731787E-16,1.,2.38839421349806E-32));
#5647=DIRECTION('',(-1.,-1.15648231731787E-16,0.));
#5648=DIRECTION('',(-1.,-1.15648231731787E-16,-2.76213567469482E-48));
#5649=DIRECTION('',(0.707106781186543,8.17756488897794E-17,-0.707106781186553));
#5650=DIRECTION('',(2.06522328766534E-16,0.,1.));
#5651=DIRECTION('',(2.06522328766534E-16,0.,1.));
#5652=DIRECTION('',(0.707106781186553,8.17756488897805E-17,0.707106781186543));
#5653=DIRECTION('',(1.,1.15648231731787E-16,2.76213567469482E-48));
#5654=DIRECTION('',(-1.15648231731787E-16,1.,2.38839421349806E-32));
#5655=DIRECTION('',(-1.,-1.15648231731787E-16,0.));
#5656=DIRECTION('',(2.76213567469482E-48,-2.38839421349806E-32,1.));
#5657=DIRECTION('',(-1.,-1.15648231731787E-16,2.06522328766534E-16));
#5658=DIRECTION('',(-1.15648231731787E-16,1.,2.38839421349806E-32));
#5659=DIRECTION('',(-1.,-1.15648231731787E-16,0.));
#5660=DIRECTION('',(0.707106781186547,8.17756488897799E-17,-0.707106781186548));
#5661=DIRECTION('',(6.93889390390723E-16,5.63631388811543E-32,1.));
#5662=DIRECTION('',(1.,3.46944695195362E-16,-2.06522328766534E-16));
#5663=DIRECTION('',(-3.46944695195362E-16,1.,0.));
#5664=DIRECTION('',(-3.46944695195362E-16,1.,7.16518264049416E-32));
#5665=DIRECTION('',(2.06522328766534E-16,0.,1.));
#5666=DIRECTION('',(-3.46944695195362E-16,1.,7.16518264049416E-32));
#5667=DIRECTION('',(0.,1.,0.));
#5668=DIRECTION('',(0.,0.,1.));
#5669=DIRECTION('',(6.93889390390723E-16,0.,1.));
#5670=DIRECTION('',(-1.,0.,2.06522328766534E-16));
#5671=DIRECTION('',(-6.93889390390723E-16,0.,-1.));
#5672=DIRECTION('',(-0.707106781186547,0.,0.707106781186548));
#5673=DIRECTION('',(0.,1.,0.));
#5674=DIRECTION('',(0.,0.,1.));
#5675=DIRECTION('',(-1.,0.,2.06522328766534E-16));
#5676=DIRECTION('',(2.76213567469482E-48,-2.38839421349806E-32,1.));
#5677=DIRECTION('',(0.,1.,0.));
#5678=DIRECTION('',(0.,0.,1.));
#5679=DIRECTION('',(1.,1.15648231731787E-16,2.76213567469482E-48));
#5680=DIRECTION('',(-0.707106781186553,0.,-0.707106781186543));
#5681=DIRECTION('',(2.06522328766534E-16,0.,1.));
#5682=DIRECTION('',(2.06522328766534E-16,0.,1.));
#5683=DIRECTION('',(-0.707106781186543,0.,0.707106781186553));
#5684=DIRECTION('',(-1.,-1.15648231731787E-16,-2.76213567469482E-48));
#5685=DIRECTION('',(0.,1.,0.));
#5686=DIRECTION('',(0.,0.,1.));
#5687=DIRECTION('',(2.76213567469482E-48,-2.38839421349806E-32,1.));
#5688=DIRECTION('',(-1.,0.,2.06522328766534E-16));
#5689=DIRECTION('',(-1.,0.,2.06522328766534E-16));
#5690=DIRECTION('',(0.,1.,0.));
#5691=DIRECTION('',(0.,0.,1.));
#5692=DIRECTION('',(0.707106781186548,0.,0.707106781186547));
#5693=DIRECTION('',(-2.06522328766534E-16,0.,-1.));
#5694=DIRECTION('',(1.,0.,-2.06522328766534E-16));
#5695=DIRECTION('',(0.,1.,0.));
#5696=DIRECTION('',(1.,0.,-2.06522328766534E-16));
#5697=DIRECTION('',(-2.06522328766534E-16,0.,-1.));
#5698=DIRECTION('',(4.93256734984134E-48,1.,2.38839421349806E-32));
#5699=DIRECTION('',(-2.06522328766534E-16,0.,-1.));
#5700=DIRECTION('',(1.,0.,-2.06522328766534E-16));
#5701=DIRECTION('',(1.15648231731787E-16,-1.,-2.38839421349806E-32));
#5702=DIRECTION('',(1.,0.,-2.06522328766534E-16));
#5703=DIRECTION('',(-2.06522328766534E-16,0.,-1.));
#5704=DIRECTION('',(-4.93256734984134E-48,-1.,-2.38839421349806E-32));
#5705=DIRECTION('',(-2.06522328766534E-16,0.,-1.));
#5706=DIRECTION('',(1.,0.,-2.06522328766534E-16));
#5707=DIRECTION('',(1.15648231731787E-16,-1.,-2.38839421349806E-32));
#5708=DIRECTION('',(0.,2.38839421349806E-32,-1.));
#5709=DIRECTION('',(0.,1.,2.38839421349806E-32));
#5710=DIRECTION('',(1.15648231731787E-16,-1.,-2.38839421349806E-32));
#5711=DIRECTION('',(4.93256734984134E-48,1.,2.38839421349806E-32));
#5712=DIRECTION('',(1.,1.15648231731787E-16,0.));
#5713=DIRECTION('',(-1.15648231731787E-16,1.,0.));
#5714=DIRECTION('',(1.15648231731787E-16,-1.,-2.38839421349806E-32));
#5715=DIRECTION('',(1.,1.15648231731787E-16,0.));
#5716=DIRECTION('',(-1.15648231731787E-16,1.,0.));
#5717=DIRECTION('',(1.15648231731787E-16,-1.,-2.38839421349806E-32));
#5718=DIRECTION('',(0.,-2.38839421349806E-32,1.));
#5719=DIRECTION('',(0.,-1.,-2.38839421349806E-32));
#5720=DIRECTION('',(1.15648231731787E-16,-1.,-2.38839421349806E-32));
#5721=DIRECTION('',(-4.93256734984134E-48,-1.,-2.38839421349806E-32));
#5722=DIRECTION('',(0.707106781186552,-1.68884974451118E-32,0.707106781186543));
#5723=DIRECTION('',(4.93256734984134E-48,1.,2.38839421349806E-32));
#5724=DIRECTION('',(-0.707106781186543,-1.6888497445112E-32,0.707106781186552));
#5725=DIRECTION('',(4.93256734984134E-48,1.,2.38839421349806E-32));
#5726=DIRECTION('',(1.15648231731787E-16,-1.,-2.38839421349806E-32));
#5727=DIRECTION('',(1.,1.15648231731787E-16,0.));
#5728=DIRECTION('',(1.15648231731787E-16,-1.,-2.38839421349806E-32));
#5729=DIRECTION('',(1.,1.15648231731787E-16,0.));
#5730=DIRECTION('',(0.707106781186547,0.,-0.707106781186548));
#5731=DIRECTION('',(0.,-1.,0.));
#5732=DIRECTION('',(0.,1.,0.));
#5733=DIRECTION('',(0.707106781186547,0.,-0.707106781186548));
#5734=DIRECTION('',(-0.707106781186548,-7.97095154236468E-32,-0.707106781186547));
#5735=DIRECTION('',(0.,-1.,0.));
#5736=DIRECTION('',(0.707106781186547,0.,-0.707106781186548));
#5737=DIRECTION('',(-0.707106781186548,0.,-0.707106781186547));
#5738=DIRECTION('',(0.707106781186548,0.,0.707106781186547));
#5739=DIRECTION('',(0.,1.,0.));
#5740=DIRECTION('',(0.,-1.,0.));
#5741=DIRECTION('',(0.707106781186548,0.,0.707106781186547));
#5742=DIRECTION('',(0.707106781186547,0.,-0.707106781186548));
#5743=DIRECTION('',(0.,1.,0.));
#5744=DIRECTION('',(0.707106781186548,0.,0.707106781186547));
#5745=DIRECTION('',(0.707106781186547,-7.97095154236467E-32,-0.707106781186548));
#5746=DIRECTION('',(-6.93889390390723E-16,0.,-1.));
#5747=DIRECTION('',(-1.,0.,6.93889390390723E-16));
#5748=DIRECTION('',(-0.707106781186548,0.,-0.707106781186547));
#5749=DIRECTION('',(0.707106781186547,0.,-0.707106781186548));
#5750=DIRECTION('',(-4.9065389333868E-16,0.707106781186548,-0.707106781186548));
#5751=DIRECTION('',(4.9065389333868E-16,0.707106781186548,0.707106781186548));
#5752=DIRECTION('',(0.,1.,0.));
#5753=DIRECTION('',(0.,0.,1.));
#5754=DIRECTION('',(4.9065389333868E-16,0.707106781186548,0.707106781186548));
#5755=DIRECTION('',(-4.9065389333868E-16,0.707106781186548,-0.707106781186548));
#5756=DIRECTION('',(-6.93889390390723E-16,-5.63631388811543E-32,-1.));
#5757=DIRECTION('',(-1.,0.,6.93889390390723E-16));
#5758=DIRECTION('',(-0.707106781186548,-8.177564888978E-17,-0.707106781186547));
#5759=DIRECTION('',(0.707106781186547,8.177564888978E-17,-0.707106781186548));
#5760=DIRECTION('',(-6.93889390390723E-16,0.,-1.));
#5761=DIRECTION('',(-1.,0.,6.93889390390723E-16));
#5762=DIRECTION('',(4.9065389333868E-16,-0.707106781186548,0.707106781186548));
#5763=DIRECTION('',(-4.9065389333868E-16,-0.707106781186548,-0.707106781186548));
#5764=DIRECTION('',(0.707106781186547,0.,-0.707106781186548));
#5765=DIRECTION('',(-0.707106781186548,0.,-0.707106781186547));
#5766=DIRECTION('',(0.,-1.,0.));
#5767=DIRECTION('',(0.,0.,-1.));
#5768=DIRECTION('',(-4.9065389333868E-16,-0.707106781186548,-0.707106781186548));
#5769=DIRECTION('',(4.9065389333868E-16,-0.707106781186548,0.707106781186548));
#5770=DIRECTION('',(-6.93889390390723E-16,-5.63631388811543E-32,-1.));
#5771=DIRECTION('',(-1.,0.,6.93889390390723E-16));
#5772=DIRECTION('',(0.707106781186547,8.177564888978E-17,-0.707106781186548));
#5773=DIRECTION('',(-0.707106781186548,-8.177564888978E-17,-0.707106781186547));
#5774=DIRECTION('',(0.,-1.,0.));
#5775=DIRECTION('',(0.,0.,-1.));
#5776=DIRECTION('',(0.,-1.,0.));
#5777=DIRECTION('',(0.,0.,-1.));
#5778=DIRECTION('',(0.,0.,-1.));
#5779=DIRECTION('',(-1.,0.,0.));
#5780=DIRECTION('',(0.,0.,-1.));
#5781=DIRECTION('',(-1.,0.,0.));
#5782=DIRECTION('',(0.,0.,-1.));
#5783=DIRECTION('',(-1.,0.,0.));
#5784=DIRECTION('',(0.,0.,1.));
#5785=DIRECTION('',(1.,0.,0.));
#5786=DIRECTION('',(0.,0.,-1.));
#5787=DIRECTION('',(-1.,0.,0.));
#5788=DIRECTION('',(0.,0.,-1.));
#5789=DIRECTION('',(-1.,0.,0.));
#5790=DIRECTION('',(0.,0.,1.));
#5791=DIRECTION('',(1.,0.,0.));
#5792=DIRECTION('',(0.447213595499958,0.,-0.894427190999916));
#5793=DIRECTION('',(0.894427190999916,0.,0.447213595499958));
#5794=DIRECTION('',(0.894427190999916,0.,-0.447213595499958));
#5795=DIRECTION('',(0.447213595499958,0.,0.894427190999916));
#5796=DIRECTION('',(-1.,0.,1.80700362080917E-16));
#5797=DIRECTION('',(1.80700362080917E-16,0.,1.));
#5798=DIRECTION('',(0.894427190999916,0.,0.447213595499958));
#5799=DIRECTION('',(-0.447213595499958,0.,0.894427190999916));
#5800=DIRECTION('',(0.447213595499958,0.,0.894427190999916));
#5801=DIRECTION('',(-0.894427190999916,0.,0.447213595499958));
#5802=DIRECTION('',(-1.0842021724855E-16,0.,-1.));
#5803=DIRECTION('',(-1.,0.,1.0842021724855E-16));
#5804=DIRECTION('',(-1.,0.,0.));
#5805=DIRECTION('',(0.,0.,1.));
#5806=DIRECTION('',(0.894427190999916,0.,-0.447213595499958));
#5807=DIRECTION('',(-0.447213595499958,0.,-0.894427190999916));
#5808=DIRECTION('',(0.447213595499958,0.,-0.894427190999916));
#5809=DIRECTION('',(-0.894427190999916,0.,-0.447213595499958));
#5810=DIRECTION('',(0.,0.,1.));
#5811=DIRECTION('',(1.,0.,0.));
#5812=DIRECTION('',(-1.,0.,0.));
#5813=DIRECTION('',(0.,0.,1.));
#5814=DIRECTION('',(0.894427190999916,0.,0.447213595499958));
#5815=DIRECTION('',(0.447213595499958,0.,-0.894427190999916));
#5816=DIRECTION('',(0.447213595499958,0.,0.894427190999916));
#5817=DIRECTION('',(0.894427190999916,0.,-0.447213595499958));
#5818=DIRECTION('',(0.,0.,-1.));
#5819=DIRECTION('',(-1.,0.,0.));
#5820=DIRECTION('',(1.7347234759768E-16,0.,-1.));
#5821=DIRECTION('',(-1.,0.,-1.7347234759768E-16));
#5822=DIRECTION('',(0.,0.,-1.));
#5823=DIRECTION('',(-1.,0.,0.));
#5824=DIRECTION('',(-1.7347234759768E-16,0.,1.));
#5825=DIRECTION('',(1.,0.,1.7347234759768E-16));
#5826=DIRECTION('',(0.,0.,-1.));
#5827=DIRECTION('',(-1.,0.,0.));
#5828=DIRECTION('',(1.7347234759768E-16,0.,-1.));
#5829=DIRECTION('',(-1.,0.,-1.7347234759768E-16));
#5830=DIRECTION('',(0.,0.,-1.));
#5831=DIRECTION('',(-1.,0.,0.));
#5832=DIRECTION('',(-1.7347234759768E-16,0.,1.));
#5833=DIRECTION('',(1.,0.,1.7347234759768E-16));
#5834=DIRECTION('',(0.,0.,-1.));
#5835=DIRECTION('',(-1.,0.,0.));
#5836=DIRECTION('',(-1.7347234759768E-16,0.,1.));
#5837=DIRECTION('',(1.,0.,1.7347234759768E-16));
#5838=DIRECTION('',(0.,0.,-1.));
#5839=DIRECTION('',(-1.,0.,0.));
#5840=DIRECTION('',(1.7347234759768E-16,0.,-1.));
#5841=DIRECTION('',(-1.,0.,-1.7347234759768E-16));
#5842=DIRECTION('',(0.,0.,-1.));
#5843=DIRECTION('',(-1.,0.,0.));
#5844=DIRECTION('',(-1.7347234759768E-16,0.,1.));
#5845=DIRECTION('',(1.,0.,1.7347234759768E-16));
#5846=DIRECTION('',(0.,0.,-1.));
#5847=DIRECTION('',(-1.,0.,0.));
#5848=DIRECTION('',(1.7347234759768E-16,0.,-1.));
#5849=DIRECTION('',(-1.,0.,-1.7347234759768E-16));
#5850=DIRECTION('',(0.,0.,-1.));
#5851=DIRECTION('',(-1.,0.,0.));
#5852=DIRECTION('',(1.,0.,-2.06522328766534E-16));
#5853=DIRECTION('',(-2.06522328766534E-16,0.,-1.));
#5854=DIRECTION('',(-1.,-1.15648231731787E-16,2.06522328766534E-16));
#5855=DIRECTION('',(2.06522328766534E-16,0.,1.));
#5856=DIRECTION('',(0.,0.,1.));
#5857=DIRECTION('',(1.,0.,0.));
#5858=DIRECTION('',(-1.20466908053945E-16,0.,1.));
#5859=DIRECTION('',(1.,0.,1.20466908053945E-16));
#5860=DIRECTION('',(1.,0.,1.20466908053945E-16));
#5861=DIRECTION('',(0.,-1.,0.));
#5862=DIRECTION('',(-1.,0.,-1.20466908053945E-16));
#5863=DIRECTION('',(0.,-1.,0.));
#5864=DIRECTION('',(1.,0.,1.20466908053945E-16));
#5865=DIRECTION('',(0.,1.,0.));
#5866=DIRECTION('',(-1.,0.,0.));
#5867=DIRECTION('',(0.,0.,1.));
#5868=DIRECTION('',(0.,0.,-1.));
#5869=DIRECTION('',(0.,-1.,0.));
#5870=DIRECTION('',(-1.,0.,0.));
#5871=DIRECTION('',(0.,0.,1.));
#5872=DIRECTION('',(0.,0.,1.));
#5873=DIRECTION('',(0.,-1.,0.));
#5874=DIRECTION('',(-1.,0.,0.));
#5875=DIRECTION('',(0.,0.,1.));
#5876=DIRECTION('',(-1.,0.,0.));
#5877=DIRECTION('',(0.,0.,1.));
#5878=DIRECTION('',(0.,-1.,0.));
#5879=DIRECTION('',(0.,0.,-1.));
#5880=DIRECTION('',(0.,-1.,0.));
#5881=DIRECTION('',(0.,0.,1.));
#5882=DIRECTION('',(-1.20466908053945E-16,0.,-1.));
#5883=DIRECTION('',(-1.,0.,1.20466908053945E-16));
#5884=DIRECTION('',(1.,0.,-1.20466908053945E-16));
#5885=DIRECTION('',(0.,-1.,0.));
#5886=DIRECTION('',(-1.,0.,1.20466908053945E-16));
#5887=DIRECTION('',(0.,-1.,0.));
#5888=DIRECTION('',(-1.,0.,1.20466908053945E-16));
#5889=DIRECTION('',(0.,-1.,0.));
#5890=DIRECTION('',(-1.,0.,0.));
#5891=DIRECTION('',(0.,0.,1.));
#5892=DIRECTION('',(0.,0.,1.));
#5893=DIRECTION('',(0.,-1.,0.));
#5894=DIRECTION('',(0.,0.,-1.));
#5895=DIRECTION('',(0.,-1.,0.));
#5896=DIRECTION('',(1.69241314729444E-16,0.,1.));
#5897=DIRECTION('',(1.,0.,-1.69241314729444E-16));
#5898=DIRECTION('',(-1.,0.,1.69241314729444E-16));
#5899=DIRECTION('',(0.,-1.,0.));
#5900=DIRECTION('',(1.,0.,-1.69241314729444E-16));
#5901=DIRECTION('',(0.,-1.,0.));
#5902=DIRECTION('',(-1.,0.,0.));
#5903=DIRECTION('',(0.,0.,1.));
#5904=DIRECTION('',(0.,0.,-1.));
#5905=DIRECTION('',(0.,-1.,0.));
#5906=DIRECTION('',(0.,0.,1.));
#5907=DIRECTION('',(0.,-1.,0.));
#5908=DIRECTION('',(1.53515351856354E-16,0.,-1.));
#5909=DIRECTION('',(-1.,0.,-1.53515351856354E-16));
#5910=DIRECTION('',(-1.,0.,-1.53515351856354E-16));
#5911=DIRECTION('',(0.,-1.,0.));
#5912=DIRECTION('',(0.,-1.,0.));
#5913=DIRECTION('',(1.,0.,1.53515351856354E-16));
#5914=DIRECTION('',(0.,-1.,0.));
#5915=DIRECTION('',(0.,1.,0.));
#5916=DIRECTION('',(0.,0.,-1.));
#5917=DIRECTION('',(-1.,0.,0.));
#5918=DIRECTION('',(0.,-1.,0.));
#5919=DIRECTION('',(-1.,0.,0.));
#5920=DIRECTION('',(0.,-1.,0.));
#5921=DIRECTION('',(1.,0.,0.));
#5922=DIRECTION('',(0.,0.,1.));
#5923=DIRECTION('',(1.,0.,0.));
#5924=DIRECTION('',(0.,-1.,0.));
#5925=DIRECTION('',(-1.,0.,0.));
#5926=DIRECTION('',(0.,-1.,0.));
#5927=DIRECTION('',(-1.,0.,0.));
#5928=DIRECTION('',(1.,0.,0.));
#5929=DIRECTION('',(0.,0.,-1.));
#5930=DIRECTION('',(0.,0.,-1.));
#5931=DIRECTION('',(1.,0.,0.));
#5932=DIRECTION('',(0.,0.,-1.));
#5933=DIRECTION('',(0.,0.,1.));
#5934=DIRECTION('',(-1.,0.,0.));
#5935=DIRECTION('',(0.,0.,1.));
#5936=DIRECTION('',(0.,0.,-1.));
#5937=DIRECTION('',(0.,-1.,0.));
#5938=DIRECTION('',(0.,0.,1.));
#5939=DIRECTION('',(-1.,0.,0.));
#5940=DIRECTION('',(0.,0.,1.));
#5941=DIRECTION('',(0.,0.,1.));
#5942=DIRECTION('',(0.,-1.,0.));
#5943=DIRECTION('',(0.,0.,-1.));
#5944=DIRECTION('',(1.,0.,0.));
#5945=DIRECTION('',(0.,0.,-1.));
#5946=DIRECTION('',(1.,0.,0.));
#5947=DIRECTION('',(0.,0.,-1.));
#5948=DIRECTION('',(0.,0.,-1.));
#5949=DIRECTION('',(0.,0.,1.));
#5950=DIRECTION('',(0.,-1.,0.));
#5951=DIRECTION('',(1.,0.,0.));
#5952=DIRECTION('',(0.,-1.,0.));
#5953=DIRECTION('',(0.,0.,-1.));
#5954=DIRECTION('',(0.,-1.,0.));
#5955=DIRECTION('',(0.,0.,-1.));
#5956=DIRECTION('',(0.,-1.,0.));
#5957=DIRECTION('',(0.,0.,-1.));
#5958=DIRECTION('',(0.,-1.,0.));
#5959=DIRECTION('',(0.,0.,-1.));
#5960=DIRECTION('',(0.,-1.,0.));
#5961=DIRECTION('',(0.,0.,-1.));
#5962=DIRECTION('',(0.,-1.,0.));
#5963=DIRECTION('',(0.,0.,-1.));
#5964=DIRECTION('',(0.,-1.,0.));
#5965=DIRECTION('',(0.,0.,-1.));
#5966=DIRECTION('',(0.,-1.,0.));
#5967=DIRECTION('',(0.,0.,-1.));
#5968=DIRECTION('',(0.,-1.,0.));
#5969=DIRECTION('',(0.,0.,-1.));
#5970=DIRECTION('',(0.,-1.,0.));
#5971=DIRECTION('',(0.,0.,-1.));
#5972=DIRECTION('',(1.,0.,0.));
#5973=DIRECTION('',(0.,0.,-1.));
#5974=DIRECTION('',(0.,0.,-1.));
#5975=DIRECTION('',(0.,-1.,0.));
#5976=DIRECTION('',(0.,0.,-1.));
#5977=DIRECTION('',(1.,0.,0.));
#5978=DIRECTION('',(0.,0.,-1.));
#5979=DIRECTION('',(0.,-1.,0.));
#5980=DIRECTION('',(0.,0.,-1.));
#5981=DIRECTION('',(0.,-1.,0.));
#5982=DIRECTION('',(0.,0.,-1.));
#5983=DIRECTION('',(0.,-1.,0.));
#5984=DIRECTION('',(0.,0.,-1.));
#5985=DIRECTION('',(-1.,0.,1.20466908053945E-16));
#5986=DIRECTION('',(-1.,0.,0.));
#5987=DIRECTION('',(0.,0.,-1.));
#5988=DIRECTION('',(1.,0.,0.));
#5989=DIRECTION('',(1.,-1.15648231731787E-15,0.));
#5990=DIRECTION('',(0.,-1.,0.));
#5991=DIRECTION('',(-1.,0.,0.));
#5992=DIRECTION('',(0.,-1.,0.));
#5993=DIRECTION('',(1.,0.,0.));
#5994=DIRECTION('',(0.,0.,-1.));
#5995=DIRECTION('',(0.,0.,-1.));
#5996=DIRECTION('',(0.,-1.,0.));
#5997=DIRECTION('',(0.,0.,-1.));
#5998=DIRECTION('',(1.,0.,0.));
#5999=DIRECTION('',(0.,0.,-1.));
#6000=DIRECTION('',(0.,0.,-1.));
#6001=DIRECTION('',(1.,0.,0.));
#6002=DIRECTION('',(1.,-1.15648231731787E-15,0.));
#6003=DIRECTION('',(0.,-1.,0.));
#6004=DIRECTION('',(-1.,0.,0.));
#6005=DIRECTION('',(0.,-1.,0.));
#6006=DIRECTION('',(0.,-1.,0.));
#6007=DIRECTION('',(0.,0.,-1.));
#6008=DIRECTION('',(0.,-1.,0.));
#6009=DIRECTION('',(0.,0.,-1.));
#6010=DIRECTION('',(0.,-1.,0.));
#6011=DIRECTION('',(0.,0.,-1.));
#6012=DIRECTION('',(-1.,0.,0.));
#6013=DIRECTION('',(1.,0.,1.20466908053945E-16));
#6014=DIRECTION('',(0.,-1.,0.));
#6015=DIRECTION('',(1.,0.,0.));
#6016=DIRECTION('',(0.,-1.,0.));
#6017=DIRECTION('',(0.,0.,-1.));
#6018=DIRECTION('',(0.,-1.,0.));
#6019=DIRECTION('',(0.,0.,-1.));
#6020=DIRECTION('',(0.,-1.,0.));
#6021=DIRECTION('',(0.,0.,-1.));
#6022=DIRECTION('',(0.,-1.,0.));
#6023=DIRECTION('',(0.,0.,-1.));
#6024=DIRECTION('',(0.,-1.,0.));
#6025=DIRECTION('',(0.,0.,-1.));
#6026=DIRECTION('',(0.,-1.,0.));
#6027=DIRECTION('',(0.,0.,-1.));
#6028=DIRECTION('',(0.,-1.,0.));
#6029=DIRECTION('',(0.,0.,-1.));
#6030=DIRECTION('',(0.,-1.,0.));
#6031=DIRECTION('',(0.,0.,-1.));
#6032=DIRECTION('',(0.,-1.,0.));
#6033=DIRECTION('',(0.,0.,-1.));
#6034=DIRECTION('',(0.,-1.,0.));
#6035=DIRECTION('',(0.,0.,-1.));
#6036=DIRECTION('',(0.,1.,0.));
#6037=DIRECTION('',(0.,0.,1.));
#6038=DIRECTION('',(0.,1.,0.));
#6039=DIRECTION('',(0.,0.,1.));
#6040=DIRECTION('',(0.,1.,0.));
#6041=DIRECTION('',(-1.,0.,0.));
#6042=DIRECTION('',(0.,0.,1.));
#6043=DIRECTION('',(-1.,0.,0.));
#6044=DIRECTION('',(0.,0.,1.));
#6045=DIRECTION('',(0.,1.,0.));
#6046=DIRECTION('',(0.,0.,1.));
#6047=DIRECTION('',(0.707106781186548,0.707106781186548,0.));
#6048=DIRECTION('',(0.707106781186548,-0.707106781186548,0.));
#6049=DIRECTION('',(1.,0.,0.));
#6050=DIRECTION('',(0.,0.,-1.));
#6051=DIRECTION('',(-1.,0.,-1.20466908053945E-16));
#6052=DIRECTION('',(-1.20466908053945E-16,0.,1.));
#6053=DIRECTION('',(0.,-1.,0.));
#6054=DIRECTION('',(0.,0.,-1.));
#6055=DIRECTION('',(0.,-1.,0.));
#6056=DIRECTION('',(0.,1.,0.));
#6057=DIRECTION('',(0.,0.,1.));
#6058=DIRECTION('',(0.,-1.,0.));
#6059=DIRECTION('',(0.,0.,-1.));
#6060=DIRECTION('',(0.707106781186548,-0.707106781186548,0.));
#6061=DIRECTION('',(0.707106781186548,0.707106781186548,0.));
#6062=DIRECTION('',(-1.,0.,0.));
#6063=DIRECTION('',(0.,0.,1.));
#6064=DIRECTION('',(-1.,0.,0.));
#6065=DIRECTION('',(0.,0.,1.));
#6066=DIRECTION('',(1.,0.,0.));
#6067=DIRECTION('',(0.,0.,-1.));
#6068=DIRECTION('',(-1.,0.,1.20466908053945E-16));
#6069=DIRECTION('',(1.20466908053945E-16,0.,1.));
#6070=DIRECTION('',(0.,-1.,0.));
#6071=DIRECTION('',(0.,0.,-1.));
#6072=DIRECTION('',(0.,1.,0.));
#6073=DIRECTION('',(0.,0.,1.));
#6074=DIRECTION('',(0.,1.,0.));
#6075=DIRECTION('',(0.,0.,1.));
#6076=DIRECTION('',(0.,-1.,0.));
#6077=DIRECTION('',(0.,0.,-1.));
#6078=DIRECTION('',(0.,-1.,0.));
#6079=DIRECTION('',(0.,0.,-1.));
#6080=DIRECTION('',(0.,-1.,0.));
#6081=DIRECTION('',(0.,0.,-1.));
#6082=DIRECTION('',(0.,-1.,0.));
#6083=DIRECTION('',(0.,0.,-1.));
#6084=DIRECTION('',(0.,-1.,0.));
#6085=DIRECTION('',(0.,0.,-1.));
#6086=DIRECTION('',(0.,-1.,0.));
#6087=DIRECTION('',(0.,0.,-1.));
#6088=DIRECTION('',(0.,1.,0.));
#6089=DIRECTION('',(0.,0.,1.));
#6090=DIRECTION('',(0.,1.,0.));
#6091=DIRECTION('',(0.,0.,1.));
#6092=DIRECTION('',(0.,1.,0.));
#6093=DIRECTION('',(0.,0.,1.));
#6094=DIRECTION('',(0.,1.,0.));
#6095=DIRECTION('',(0.,0.,1.));
#6096=DIRECTION('',(0.,-1.,0.));
#6097=DIRECTION('',(0.,-1.,0.));
#6098=DIRECTION('',(0.,0.,-1.));
#6099=DIRECTION('',(0.,1.,0.));
#6100=DIRECTION('',(0.,0.,1.));
#6101=DIRECTION('',(0.,-1.,0.));
#6102=DIRECTION('',(0.,-1.,0.));
#6103=DIRECTION('',(0.,0.,-1.));
#6104=DIRECTION('',(0.,0.,1.));
#6105=DIRECTION('',(1.,0.,0.));
#6106=CARTESIAN_POINT('',(0.,0.,0.));
#6107=CARTESIAN_POINT('',(-0.0163,0.03,0.008));
#6108=CARTESIAN_POINT('',(0.0123,0.03,0.008));
#6109=CARTESIAN_POINT('',(0.0123,0.03,0.0015));
#6110=CARTESIAN_POINT('',(0.0123,0.03,0.002));
#6111=CARTESIAN_POINT('',(0.0143,0.03,0.002));
#6112=CARTESIAN_POINT('',(0.0133,0.03,0.000267949192431124));
#6113=CARTESIAN_POINT('',(0.0133,0.03,0.0015));
#6114=CARTESIAN_POINT('',(0.0133,0.03,-8.67361737988404E-19));
#6115=CARTESIAN_POINT('',(-0.0163,0.03,-8.67361737988404E-19));
#6116=CARTESIAN_POINT('',(0.0093,0.03,-8.67361737988404E-19));
#6117=CARTESIAN_POINT('',(0.0093,0.03,0.00075));
#6118=CARTESIAN_POINT('',(0.0093,0.03,0.0005));
#6119=CARTESIAN_POINT('',(0.0103,0.03,0.0005));
#6120=CARTESIAN_POINT('',(0.0103,0.03,0.0015));
#6121=CARTESIAN_POINT('',(0.0103,0.03,0.0015));
#6122=CARTESIAN_POINT('',(-3.36367113024771E-18,0.01525,-0.011));
#6123=CARTESIAN_POINT('',(2.75017136435349E-19,0.01525,0.0105));
#6124=CARTESIAN_POINT('',(-0.00525,0.01525,0.0105));
#6125=CARTESIAN_POINT('',(6.98120423258959E-19,0.01525,0.013));
#6126=CARTESIAN_POINT('',(0.00525,0.01525,0.013));
#6127=CARTESIAN_POINT('',(-3.46944695195361E-18,0.,0.007));
#6128=CARTESIAN_POINT('',(0.0123,0.,0.007));
#6129=CARTESIAN_POINT('',(0.0123,0.,0.0105));
#6130=CARTESIAN_POINT('',(0.0123,0.,0.0015));
#6131=CARTESIAN_POINT('',(0.0103,0.,0.0015));
#6132=CARTESIAN_POINT('',(0.0103,0.,0.0015));
#6133=CARTESIAN_POINT('',(0.0103,0.,0.0005));
#6134=CARTESIAN_POINT('',(0.0093,0.,0.0005));
#6135=CARTESIAN_POINT('',(0.0093,0.,0.00075));
#6136=CARTESIAN_POINT('',(0.0093,0.,2.16840434497101E-19));
#6137=CARTESIAN_POINT('',(0.0113,0.,-8.67361737988404E-19));
#6138=CARTESIAN_POINT('',(0.0133,0.,-8.67361737988404E-19));
#6139=CARTESIAN_POINT('',(0.0133,0.,0.0015));
#6140=CARTESIAN_POINT('',(0.0133,0.,0.002));
#6141=CARTESIAN_POINT('',(0.0143,0.,0.002));
#6142=CARTESIAN_POINT('',(0.0143,0.,0.003));
#6143=CARTESIAN_POINT('',(0.0169,0.,0.003));
#6144=CARTESIAN_POINT('',(0.0195,0.,0.003));
#6145=CARTESIAN_POINT('',(0.0195,0.,0.004));
#6146=CARTESIAN_POINT('',(0.0205,0.,0.004));
#6147=CARTESIAN_POINT('',(0.0205,0.,0.0085));
#6148=CARTESIAN_POINT('',(0.0205,0.,0.013));
#6149=CARTESIAN_POINT('',(0.0195,0.,0.013));
#6150=CARTESIAN_POINT('',(0.0195,0.,0.014));
#6151=CARTESIAN_POINT('',(-3.46944695195361E-18,0.,0.014));
#6152=CARTESIAN_POINT('',(-0.0195,0.,0.014));
#6153=CARTESIAN_POINT('',(-0.0195,0.,0.013));
#6154=CARTESIAN_POINT('',(-0.0205,0.,0.013));
#6155=CARTESIAN_POINT('',(-0.0205,0.,0.0085));
#6156=CARTESIAN_POINT('',(-0.0205,0.,0.004));
#6157=CARTESIAN_POINT('',(-0.0195,0.,0.004));
#6158=CARTESIAN_POINT('',(-0.0195,0.,0.003));
#6159=CARTESIAN_POINT('',(-0.0169,0.,0.003));
#6160=CARTESIAN_POINT('',(-0.0143,0.,0.003));
#6161=CARTESIAN_POINT('',(-0.0143,0.,0.002));
#6162=CARTESIAN_POINT('',(-0.0133,0.,0.002));
#6163=CARTESIAN_POINT('',(-0.0133,0.,0.0015));
#6164=CARTESIAN_POINT('',(-0.0133,0.,-8.67361737988404E-19));
#6165=CARTESIAN_POINT('',(-0.0113,0.,-8.67361737988404E-19));
#6166=CARTESIAN_POINT('',(-0.0093,0.,2.16840434497101E-19));
#6167=CARTESIAN_POINT('',(-0.0093,0.,0.00075));
#6168=CARTESIAN_POINT('',(-0.0093,0.,0.0005));
#6169=CARTESIAN_POINT('',(-0.0103,0.,0.0005));
#6170=CARTESIAN_POINT('',(-0.0103,0.,0.0015));
#6171=CARTESIAN_POINT('',(-0.0103,0.,0.0015));
#6172=CARTESIAN_POINT('',(-0.0123,0.,0.0015));
#6173=CARTESIAN_POINT('',(-0.0123,0.,0.0095));
#6174=CARTESIAN_POINT('',(-0.0123,0.,0.0105));
#6175=CARTESIAN_POINT('',(-4.00675068345086E-18,0.,0.0105));
#6176=CARTESIAN_POINT('',(0.0103,0.095,0.0015));
#6177=CARTESIAN_POINT('',(0.0103,0.095,0.0015));
#6178=CARTESIAN_POINT('',(0.0123,0.001,0.0015));
#6179=CARTESIAN_POINT('',(0.0113,0.001,0.0015));
#6180=CARTESIAN_POINT('',(0.0113,0.095,0.0015));
#6181=CARTESIAN_POINT('',(0.0113,0.029,0.0015));
#6182=CARTESIAN_POINT('',(0.0123,0.029,0.0015));
#6183=CARTESIAN_POINT('',(0.0093,0.095,0.00075));
#6184=CARTESIAN_POINT('',(0.0093,0.095,0.0005));
#6185=CARTESIAN_POINT('',(0.0093,0.095,2.16840434497101E-19));
#6186=CARTESIAN_POINT('',(0.0113,0.095,-8.67361737988404E-19));
#6187=CARTESIAN_POINT('',(0.0133,0.095,-8.67361737988404E-19));
#6188=CARTESIAN_POINT('',(0.0133,0.095,0.0015));
#6189=CARTESIAN_POINT('',(0.0133,0.03,0.000267949192431124));
#6190=CARTESIAN_POINT('',(0.0133,0.03,0.00061460329838123));
#6191=CARTESIAN_POINT('',(0.0133,0.0297328454292394,0.00126783664218308));
#6192=CARTESIAN_POINT('',(0.0133,0.0292412977276973,0.00175870106579528));
#6193=CARTESIAN_POINT('',(0.0133,0.029,0.002));
#6194=CARTESIAN_POINT('',(0.0133,0.029,0.002));
#6195=CARTESIAN_POINT('',(0.0133,0.,0.002));
#6196=CARTESIAN_POINT('',(-0.0133,0.095,0.0015));
#6197=CARTESIAN_POINT('',(-0.0133,0.03,0.002));
#6198=CARTESIAN_POINT('',(-0.0133,0.03,0.002));
#6199=CARTESIAN_POINT('',(-0.0133,0.03,0.0015));
#6200=CARTESIAN_POINT('',(-0.0133,0.03,-8.67361737988404E-19));
#6201=CARTESIAN_POINT('',(-0.0133,0.095,-8.67361737988404E-19));
#6202=CARTESIAN_POINT('',(-0.0113,0.095,-8.67361737988404E-19));
#6203=CARTESIAN_POINT('',(-0.0163,0.03,-8.67361737988404E-19));
#6204=CARTESIAN_POINT('',(-0.0093,0.03,-8.67361737988404E-19));
#6205=CARTESIAN_POINT('',(-0.0093,0.095,2.16840434497101E-19));
#6206=CARTESIAN_POINT('',(-0.0093,0.095,0.00075));
#6207=CARTESIAN_POINT('',(-0.0093,0.03,0.00075));
#6208=CARTESIAN_POINT('',(-0.0093,0.03,0.0005));
#6209=CARTESIAN_POINT('',(-0.0093,0.095,0.0005));
#6210=CARTESIAN_POINT('',(-0.0103,0.095,0.0015));
#6211=CARTESIAN_POINT('',(-0.0103,0.095,0.0015));
#6212=CARTESIAN_POINT('',(-0.0103,0.03,0.0015));
#6213=CARTESIAN_POINT('',(-0.0103,0.03,0.0015));
#6214=CARTESIAN_POINT('',(-0.0123,0.03,0.0015));
#6215=CARTESIAN_POINT('',(-0.0123,0.029,0.0015));
#6216=CARTESIAN_POINT('',(-0.0113,0.029,0.0015));
#6217=CARTESIAN_POINT('',(-0.0113,0.095,0.0015));
#6218=CARTESIAN_POINT('',(-0.0113,0.001,0.0015));
#6219=CARTESIAN_POINT('',(-0.0123,0.001,0.0015));
#6220=CARTESIAN_POINT('',(0.,0.095,0.0095));
#6221=CARTESIAN_POINT('',(4.28532488291703E-19,0.01525,0.0095));
#6222=CARTESIAN_POINT('',(-0.00625,0.01525,0.0095));
#6223=CARTESIAN_POINT('',(0.0113,0.095,0.0095));
#6224=CARTESIAN_POINT('',(0.0113,0.029,0.0095));
#6225=CARTESIAN_POINT('',(0.0113,0.001,0.0095));
#6226=CARTESIAN_POINT('',(0.,0.001,0.0095));
#6227=CARTESIAN_POINT('',(-0.0113,0.001,0.0095));
#6228=CARTESIAN_POINT('',(-0.0113,0.095,0.0095));
#6229=CARTESIAN_POINT('',(-0.0113,0.029,0.0095));
#6230=CARTESIAN_POINT('',(-0.0123,0.029,0.0095));
#6231=CARTESIAN_POINT('',(-0.0123,0.03,0.0095));
#6232=CARTESIAN_POINT('',(0.,0.03,0.0095));
#6233=CARTESIAN_POINT('',(0.0123,0.03,0.0095));
#6234=CARTESIAN_POINT('',(0.0123,0.029,0.0095));
#6235=CARTESIAN_POINT('',(-0.0205,0.095,0.0085));
#6236=CARTESIAN_POINT('',(-0.0205,0.029,0.0085));
#6237=CARTESIAN_POINT('',(-0.0205,0.029,0.013));
#6238=CARTESIAN_POINT('',(-0.0205,0.029,0.004));
#6239=CARTESIAN_POINT('',(-0.0205,0.,0.004));
#6240=CARTESIAN_POINT('',(-0.0205,0.095,0.013));
#6241=CARTESIAN_POINT('',(-3.46944695195361E-18,0.095,0.014));
#6242=CARTESIAN_POINT('',(8.67361737988404E-19,0.01525,0.014));
#6243=CARTESIAN_POINT('',(0.00625,0.01525,0.014));
#6244=CARTESIAN_POINT('',(0.0195,0.03,0.014));
#6245=CARTESIAN_POINT('',(0.0195,0.03,0.014));
#6246=CARTESIAN_POINT('',(-3.46944695195361E-18,0.03,0.014));
#6247=CARTESIAN_POINT('',(-0.0195,0.03,0.014));
#6248=CARTESIAN_POINT('',(-0.0195,0.095,0.014));
#6249=CARTESIAN_POINT('',(0.0205,0.095,0.0085));
#6250=CARTESIAN_POINT('',(0.0205,0.03,0.004));
#6251=CARTESIAN_POINT('',(0.0205,0.029,0.004));
#6252=CARTESIAN_POINT('',(0.0205,0.029,0.014));
#6253=CARTESIAN_POINT('',(0.0205,0.029,0.013));
#6254=CARTESIAN_POINT('',(0.0205,0.,0.013));
#6255=CARTESIAN_POINT('',(0.0169,0.095,0.003));
#6256=CARTESIAN_POINT('',(0.0169,0.029,0.003));
#6257=CARTESIAN_POINT('',(0.0143,0.029,0.003));
#6258=CARTESIAN_POINT('',(0.0195,0.029,0.003));
#6259=CARTESIAN_POINT('',(0.0195,0.,0.003));
#6260=CARTESIAN_POINT('',(0.0143,0.03,0.003));
#6261=CARTESIAN_POINT('',(0.0113,0.095,0.0055));
#6262=CARTESIAN_POINT('',(0.0113,0.001,0.0055));
#6263=CARTESIAN_POINT('',(0.0113,0.029,0.0055));
#6264=CARTESIAN_POINT('',(-0.0163,0.03,0.008));
#6265=CARTESIAN_POINT('',(-0.0169,0.03,0.003));
#6266=CARTESIAN_POINT('',(-0.0143,0.03,0.003));
#6267=CARTESIAN_POINT('',(-0.0195,0.03,0.003));
#6268=CARTESIAN_POINT('',(-0.0195,0.03,0.008));
#6269=CARTESIAN_POINT('',(0.0195,0.03,0.003));
#6270=CARTESIAN_POINT('',(0.0195,0.03,0.004));
#6271=CARTESIAN_POINT('',(-0.0163,0.03,0.004));
#6272=CARTESIAN_POINT('',(0.0143,0.03,0.004));
#6273=CARTESIAN_POINT('',(0.0143,0.03,0.002));
#6274=CARTESIAN_POINT('',(0.0123,0.03,0.008));
#6275=CARTESIAN_POINT('',(-0.0123,0.03,0.0015));
#6276=CARTESIAN_POINT('',(-0.0103,0.03,0.0005));
#6277=CARTESIAN_POINT('',(-0.0143,0.03,0.002));
#6278=CARTESIAN_POINT('',(-0.0113,0.095,0.0055));
#6279=CARTESIAN_POINT('',(-0.0113,0.001,0.0015));
#6280=CARTESIAN_POINT('',(-0.0113,0.029,0.0095));
#6281=CARTESIAN_POINT('',(-0.0169,0.095,0.003));
#6282=CARTESIAN_POINT('',(-0.0195,0.03,0.003));
#6283=CARTESIAN_POINT('',(-0.0143,0.,0.003));
#6284=CARTESIAN_POINT('',(-0.0123,0.001,0.0055));
#6285=CARTESIAN_POINT('',(-0.0123,0.001,0.0105));
#6286=CARTESIAN_POINT('',(0.0123,0.001,0.007));
#6287=CARTESIAN_POINT('',(0.0123,0.001,0.0105));
#6288=CARTESIAN_POINT('',(-4.00675068345086E-18,0.001,0.0105));
#6289=CARTESIAN_POINT('',(2.75017136435349E-19,0.01525,0.0105));
#6290=CARTESIAN_POINT('',(6.98120423258959E-19,0.01525,0.013));
#6291=CARTESIAN_POINT('',(-0.0195,0.095,0.004));
#6292=CARTESIAN_POINT('',(-0.0195,0.029,0.004));
#6293=CARTESIAN_POINT('',(-0.0195,0.095,0.013));
#6294=CARTESIAN_POINT('',(-0.0195,0.029,0.013));
#6295=CARTESIAN_POINT('',(-0.0195,0.029,0.008));
#6296=CARTESIAN_POINT('',(0.0143,0.095,0.002));
#6297=CARTESIAN_POINT('',(0.0143,0.029,0.002));
#6298=CARTESIAN_POINT('',(0.0143,0.029,0.002));
#6299=CARTESIAN_POINT('',(0.0143,0.029,0.004));
#6300=CARTESIAN_POINT('',(0.0169,0.029,0.004));
#6301=CARTESIAN_POINT('',(0.0195,0.029,0.004));
#6302=CARTESIAN_POINT('',(0.0195,0.095,0.004));
#6303=CARTESIAN_POINT('',(0.0195,0.029,0.004));
#6304=CARTESIAN_POINT('',(0.0195,0.029,0.004));
#6305=CARTESIAN_POINT('',(0.0195,0.029,0.004));
#6306=CARTESIAN_POINT('',(0.0195,0.095,0.013));
#6307=CARTESIAN_POINT('',(0.0195,0.029,0.013));
#6308=CARTESIAN_POINT('',(0.0195,0.029,0.0085));
#6309=CARTESIAN_POINT('',(-0.0123,0.029,0.008));
#6310=CARTESIAN_POINT('',(0.0123,0.029,0.0055));
#6311=CARTESIAN_POINT('',(-0.0143,0.095,0.002));
#6312=CARTESIAN_POINT('',(0.0103,0.095,0.0005));
#6313=CARTESIAN_POINT('',(-0.0103,0.095,0.0005));
#6314=CARTESIAN_POINT('',(-0.00721641115628708,0.000501425885413638,0.0146730148931409));
#6315=CARTESIAN_POINT('',(-0.0165,0.03,0.005));
#6316=CARTESIAN_POINT('',(0.00725,0.026,0.005));
#6317=CARTESIAN_POINT('',(0.00725,0.027,0.005));
#6318=CARTESIAN_POINT('',(0.00825,0.026,0.005));
#6319=CARTESIAN_POINT('',(-0.0165,0.027,0.005));
#6320=CARTESIAN_POINT('',(0.004,0.027,0.005));
#6321=CARTESIAN_POINT('',(0.004,0.035,0.005));
#6322=CARTESIAN_POINT('',(0.004,0.036,0.005));
#6323=CARTESIAN_POINT('',(-0.0165,0.036,0.005));
#6324=CARTESIAN_POINT('',(0.009,0.036,0.005));
#6325=CARTESIAN_POINT('',(0.009,0.03,0.005));
#6326=CARTESIAN_POINT('',(0.009,0.064,0.005));
#6327=CARTESIAN_POINT('',(0.005,0.064,0.005));
#6328=CARTESIAN_POINT('',(0.004,0.064,0.005));
#6329=CARTESIAN_POINT('',(0.004,0.072,0.005));
#6330=CARTESIAN_POINT('',(0.004,0.073,0.005));
#6331=CARTESIAN_POINT('',(0.00925,0.073,0.005));
#6332=CARTESIAN_POINT('',(0.00825,0.073,0.005));
#6333=CARTESIAN_POINT('',(0.00825,0.093,0.005));
#6334=CARTESIAN_POINT('',(0.00825,0.091,0.005));
#6335=CARTESIAN_POINT('',(-0.0165,0.091,0.005));
#6336=CARTESIAN_POINT('',(0.006,0.091,0.005));
#6337=CARTESIAN_POINT('',(0.004,0.091,0.005));
#6338=CARTESIAN_POINT('',(0.004,0.089,0.005));
#6339=CARTESIAN_POINT('',(-0.0165,0.089,0.005));
#6340=CARTESIAN_POINT('',(-0.004,0.089,0.005));
#6341=CARTESIAN_POINT('',(-0.004,0.091,0.005));
#6342=CARTESIAN_POINT('',(-0.006,0.091,0.005));
#6343=CARTESIAN_POINT('',(-0.0165,0.091,0.005));
#6344=CARTESIAN_POINT('',(-0.00825,0.091,0.005));
#6345=CARTESIAN_POINT('',(-0.00825,0.03,0.005));
#6346=CARTESIAN_POINT('',(-0.00825,0.073,0.005));
#6347=CARTESIAN_POINT('',(-0.005,0.073,0.005));
#6348=CARTESIAN_POINT('',(-0.004,0.073,0.005));
#6349=CARTESIAN_POINT('',(-0.004,0.03,0.005));
#6350=CARTESIAN_POINT('',(-0.004,0.064,0.005));
#6351=CARTESIAN_POINT('',(-0.01,0.064,0.005));
#6352=CARTESIAN_POINT('',(-0.009,0.064,0.005));
#6353=CARTESIAN_POINT('',(-0.009,0.03,0.005));
#6354=CARTESIAN_POINT('',(-0.009,0.036,0.005));
#6355=CARTESIAN_POINT('',(-0.0165,0.036,0.005));
#6356=CARTESIAN_POINT('',(-0.004,0.036,0.005));
#6357=CARTESIAN_POINT('',(-0.004,0.03,0.005));
#6358=CARTESIAN_POINT('',(-0.004,0.027,0.005));
#6359=CARTESIAN_POINT('',(-0.0165,0.027,0.005));
#6360=CARTESIAN_POINT('',(-0.00725,0.027,0.005));
#6361=CARTESIAN_POINT('',(-0.00725,0.026,0.005));
#6362=CARTESIAN_POINT('',(-0.00825,0.026,0.005));
#6363=CARTESIAN_POINT('',(-0.00825,0.03,0.005));
#6364=CARTESIAN_POINT('',(-0.00825,0.003,0.005));
#6365=CARTESIAN_POINT('',(0.00925,0.003,0.005));
#6366=CARTESIAN_POINT('',(0.00825,0.003,0.005));
#6367=CARTESIAN_POINT('',(0.00825,0.028,0.005));
#6368=CARTESIAN_POINT('',(-8.26089315066139E-19,0.0475,-0.004));
#6369=CARTESIAN_POINT('',(0.042,0.0475,-0.004));
#6370=CARTESIAN_POINT('',(0.042,0.0275,-0.004));
#6371=CARTESIAN_POINT('',(0.042,0.0675,-0.004));
#6372=CARTESIAN_POINT('',(9.5822515407947E-18,0.0275,-0.004));
#6373=CARTESIAN_POINT('',(-0.042,0.0275,-0.004));
#6374=CARTESIAN_POINT('',(-0.042,0.0475,-0.004));
#6375=CARTESIAN_POINT('',(-0.042,0.0675,-0.004));
#6376=CARTESIAN_POINT('',(-7.76498321897337E-18,0.0675,-0.004));
#6377=CARTESIAN_POINT('',(0.0095,0.03,-3.44670175013679E-18));
#6378=CARTESIAN_POINT('',(0.019,0.03,-5.20417042793042E-18));
#6379=CARTESIAN_POINT('',(0.019,0.095,-5.20417042793042E-18));
#6380=CARTESIAN_POINT('',(0.019,0.0695,-5.20417042793042E-18));
#6381=CARTESIAN_POINT('',(-0.021,0.0695,2.85222927724252E-18));
#6382=CARTESIAN_POINT('',(-0.019,0.0695,2.60208521396521E-18));
#6383=CARTESIAN_POINT('',(-0.019,0.03,2.60208521396521E-18));
#6384=CARTESIAN_POINT('',(-0.019,0.095,2.60208521396521E-18));
#6385=CARTESIAN_POINT('',(0.0095,0.095,-3.44670175013679E-18));
#6386=CARTESIAN_POINT('',(-1.7347234759768E-18,0.028,0.01));
#6387=CARTESIAN_POINT('',(-1.7347234759768E-18,0.028,0.006));
#6388=CARTESIAN_POINT('',(0.007,0.028,0.006));
#6389=CARTESIAN_POINT('',(0.00725,0.028,0.006));
#6390=CARTESIAN_POINT('',(0.00725,0.028,0.01));
#6391=CARTESIAN_POINT('',(0.00725,0.028,0.01));
#6392=CARTESIAN_POINT('',(-1.7347234759768E-18,0.028,0.01));
#6393=CARTESIAN_POINT('',(0.007,0.028,0.01));
#6394=CARTESIAN_POINT('',(0.007,0.028,0.006));
#6395=CARTESIAN_POINT('',(0.,0.0475,0.01));
#6396=CARTESIAN_POINT('',(-1.7347234759768E-18,0.028,0.01));
#6397=CARTESIAN_POINT('',(-0.007,0.028,0.01));
#6398=CARTESIAN_POINT('',(-0.00725,0.028,0.01));
#6399=CARTESIAN_POINT('',(-0.007,0.03,0.01));
#6400=CARTESIAN_POINT('',(-0.005,0.03,0.01));
#6401=CARTESIAN_POINT('',(-0.005,0.107815641868528,0.01));
#6402=CARTESIAN_POINT('',(-0.005,0.033,0.01));
#6403=CARTESIAN_POINT('',(-0.007,0.033,0.01));
#6404=CARTESIAN_POINT('',(-0.007,0.035,0.01));
#6405=CARTESIAN_POINT('',(6.93889390390723E-18,0.035,0.01));
#6406=CARTESIAN_POINT('',(-0.01,0.035,0.01));
#6407=CARTESIAN_POINT('',(-0.01,0.05,0.01));
#6408=CARTESIAN_POINT('',(-0.01,0.065,0.01));
#6409=CARTESIAN_POINT('',(5.20417042793042E-18,0.065,0.01));
#6410=CARTESIAN_POINT('',(-0.007,0.065,0.01));
#6411=CARTESIAN_POINT('',(-0.007,0.067,0.01));
#6412=CARTESIAN_POINT('',(-0.005,0.067,0.01));
#6413=CARTESIAN_POINT('',(-0.005,0.107815641868528,0.01));
#6414=CARTESIAN_POINT('',(-0.005,0.07,0.01));
#6415=CARTESIAN_POINT('',(-0.007,0.07,0.01));
#6416=CARTESIAN_POINT('',(-0.007,0.072,0.01));
#6417=CARTESIAN_POINT('',(1.04083408558608E-17,0.072,0.01));
#6418=CARTESIAN_POINT('',(-0.00925,0.072,0.01));
#6419=CARTESIAN_POINT('',(-0.00925,0.0825,0.01));
#6420=CARTESIAN_POINT('',(-0.00925,0.091,0.01));
#6421=CARTESIAN_POINT('',(-0.00725,0.091,0.01));
#6422=CARTESIAN_POINT('',(-0.00725,0.093,0.01));
#6423=CARTESIAN_POINT('',(3.46944695195361E-18,0.093,0.01));
#6424=CARTESIAN_POINT('',(-0.006,0.093,0.01));
#6425=CARTESIAN_POINT('',(-0.006,0.089,0.01));
#6426=CARTESIAN_POINT('',(-0.006,0.095,0.01));
#6427=CARTESIAN_POINT('',(0.0055,0.095,0.01));
#6428=CARTESIAN_POINT('',(-0.011,0.095,0.01));
#6429=CARTESIAN_POINT('',(-0.011,0.095,0.01));
#6430=CARTESIAN_POINT('',(-0.011,0.07,0.01));
#6431=CARTESIAN_POINT('',(1.7347234759768E-18,0.07,0.01));
#6432=CARTESIAN_POINT('',(-0.018,0.07,0.01));
#6433=CARTESIAN_POINT('',(-0.018,0.0475,0.01));
#6434=CARTESIAN_POINT('',(-0.018,0.03,0.01));
#6435=CARTESIAN_POINT('',(0.,0.03,0.01));
#6436=CARTESIAN_POINT('',(-0.011,0.03,0.01));
#6437=CARTESIAN_POINT('',(-0.011,0.03,0.01));
#6438=CARTESIAN_POINT('',(-0.011,0.,0.01));
#6439=CARTESIAN_POINT('',(0.0055,0.,0.01));
#6440=CARTESIAN_POINT('',(0.011,0.,0.01));
#6441=CARTESIAN_POINT('',(0.011,0.03,0.01));
#6442=CARTESIAN_POINT('',(0.011,0.03,0.01));
#6443=CARTESIAN_POINT('',(0.,0.03,0.01));
#6444=CARTESIAN_POINT('',(0.018,0.03,0.01));
#6445=CARTESIAN_POINT('',(0.018,0.07,0.01));
#6446=CARTESIAN_POINT('',(0.018,0.07,0.01));
#6447=CARTESIAN_POINT('',(1.7347234759768E-18,0.07,0.01));
#6448=CARTESIAN_POINT('',(0.011,0.07,0.01));
#6449=CARTESIAN_POINT('',(0.011,0.095,0.01));
#6450=CARTESIAN_POINT('',(0.011,0.095,0.01));
#6451=CARTESIAN_POINT('',(0.0055,0.095,0.01));
#6452=CARTESIAN_POINT('',(0.006,0.095,0.01));
#6453=CARTESIAN_POINT('',(0.006,0.089,0.01));
#6454=CARTESIAN_POINT('',(0.006,0.093,0.01));
#6455=CARTESIAN_POINT('',(3.46944695195361E-18,0.093,0.01));
#6456=CARTESIAN_POINT('',(0.00725,0.093,0.01));
#6457=CARTESIAN_POINT('',(0.00725,0.091,0.01));
#6458=CARTESIAN_POINT('',(0.00925,0.091,0.01));
#6459=CARTESIAN_POINT('',(0.00925,0.0825,0.01));
#6460=CARTESIAN_POINT('',(0.00925,0.072,0.01));
#6461=CARTESIAN_POINT('',(1.04083408558608E-17,0.072,0.01));
#6462=CARTESIAN_POINT('',(0.007,0.072,0.01));
#6463=CARTESIAN_POINT('',(0.007,0.07,0.01));
#6464=CARTESIAN_POINT('',(0.005,0.07,0.01));
#6465=CARTESIAN_POINT('',(0.005,0.107815641868528,0.01));
#6466=CARTESIAN_POINT('',(0.005,0.067,0.01));
#6467=CARTESIAN_POINT('',(0.007,0.067,0.01));
#6468=CARTESIAN_POINT('',(0.007,0.065,0.01));
#6469=CARTESIAN_POINT('',(5.20417042793042E-18,0.065,0.01));
#6470=CARTESIAN_POINT('',(0.01,0.065,0.01));
#6471=CARTESIAN_POINT('',(0.01,0.05,0.01));
#6472=CARTESIAN_POINT('',(0.01,0.035,0.01));
#6473=CARTESIAN_POINT('',(6.93889390390723E-18,0.035,0.01));
#6474=CARTESIAN_POINT('',(0.007,0.035,0.01));
#6475=CARTESIAN_POINT('',(0.007,0.033,0.01));
#6476=CARTESIAN_POINT('',(0.005,0.033,0.01));
#6477=CARTESIAN_POINT('',(0.005,0.107815641868528,0.01));
#6478=CARTESIAN_POINT('',(0.005,0.03,0.01));
#6479=CARTESIAN_POINT('',(0.007,0.03,0.01));
#6480=CARTESIAN_POINT('',(0.00725,0.026,0.01));
#6481=CARTESIAN_POINT('',(0.00925,0.026,0.01));
#6482=CARTESIAN_POINT('',(0.00925,0.015,0.01));
#6483=CARTESIAN_POINT('',(0.00925,0.002,0.01));
#6484=CARTESIAN_POINT('',(5.20417042793042E-18,0.002,0.01));
#6485=CARTESIAN_POINT('',(-0.00925,0.002,0.01));
#6486=CARTESIAN_POINT('',(-0.00925,0.015,0.01));
#6487=CARTESIAN_POINT('',(-0.00925,0.026,0.01));
#6488=CARTESIAN_POINT('',(-0.00725,0.026,0.01));
#6489=CARTESIAN_POINT('',(1.04083408558608E-17,0.072,0.01));
#6490=CARTESIAN_POINT('',(0.005,0.072,0.006));
#6491=CARTESIAN_POINT('',(0.00925,0.072,0.006));
#6492=CARTESIAN_POINT('',(0.007,0.072,0.006));
#6493=CARTESIAN_POINT('',(0.007,0.072,0.01));
#6494=CARTESIAN_POINT('',(0.00925,0.072,0.01));
#6495=CARTESIAN_POINT('',(0.,0.095,0.0025));
#6496=CARTESIAN_POINT('',(-0.0165,0.095,0.005));
#6497=CARTESIAN_POINT('',(-0.019,0.095,0.005));
#6498=CARTESIAN_POINT('',(-0.015,0.095,0.005));
#6499=CARTESIAN_POINT('',(-0.015,0.095,0.004));
#6500=CARTESIAN_POINT('',(-0.014,0.095,0.004));
#6501=CARTESIAN_POINT('',(-0.014,0.095,0.0035));
#6502=CARTESIAN_POINT('',(-0.014,0.095,0.002));
#6503=CARTESIAN_POINT('',(-0.0115,0.095,0.002));
#6504=CARTESIAN_POINT('',(-0.009,0.095,0.002));
#6505=CARTESIAN_POINT('',(-0.009,0.095,0.003));
#6506=CARTESIAN_POINT('',(-0.009,0.095,0.003));
#6507=CARTESIAN_POINT('',(-0.01,0.095,0.003));
#6508=CARTESIAN_POINT('',(-0.01,0.095,0.004));
#6509=CARTESIAN_POINT('',(-0.01,0.095,0.004));
#6510=CARTESIAN_POINT('',(-0.011,0.095,0.004));
#6511=CARTESIAN_POINT('',(-0.011,0.095,0.0045));
#6512=CARTESIAN_POINT('',(-0.006,0.095,0.006));
#6513=CARTESIAN_POINT('',(-0.006,0.095,0.00473205080756888));
#6514=CARTESIAN_POINT('',(-0.005,0.095,0.003));
#6515=CARTESIAN_POINT('',(-0.005,0.095,0.001));
#6516=CARTESIAN_POINT('',(-2.71050543121376E-19,0.095,0.001));
#6517=CARTESIAN_POINT('',(0.005,0.095,0.001));
#6518=CARTESIAN_POINT('',(0.005,0.095,0.003));
#6519=CARTESIAN_POINT('',(0.006,0.095,0.00473205080756888));
#6520=CARTESIAN_POINT('',(0.006,0.095,0.006));
#6521=CARTESIAN_POINT('',(0.011,0.095,0.0045));
#6522=CARTESIAN_POINT('',(0.011,0.095,0.004));
#6523=CARTESIAN_POINT('',(0.01,0.095,0.004));
#6524=CARTESIAN_POINT('',(0.01,0.095,0.004));
#6525=CARTESIAN_POINT('',(0.01,0.095,0.003));
#6526=CARTESIAN_POINT('',(0.009,0.095,0.003));
#6527=CARTESIAN_POINT('',(0.009,0.095,0.003));
#6528=CARTESIAN_POINT('',(0.009,0.095,0.002));
#6529=CARTESIAN_POINT('',(0.0115,0.095,0.002));
#6530=CARTESIAN_POINT('',(0.014,0.095,0.002));
#6531=CARTESIAN_POINT('',(0.014,0.095,0.0035));
#6532=CARTESIAN_POINT('',(0.014,0.095,0.004));
#6533=CARTESIAN_POINT('',(0.015,0.095,0.004));
#6534=CARTESIAN_POINT('',(0.015,0.095,0.005));
#6535=CARTESIAN_POINT('',(0.0165,0.095,0.005));
#6536=CARTESIAN_POINT('',(0.019,0.095,0.005));
#6537=CARTESIAN_POINT('',(0.019,0.095,0.0025));
#6538=CARTESIAN_POINT('',(-0.019,0.095,0.0025));
#6539=CARTESIAN_POINT('',(3.46944695195361E-18,0.093,0.01));
#6540=CARTESIAN_POINT('',(3.46944695195361E-18,0.093,0.007));
#6541=CARTESIAN_POINT('',(0.006,0.093,0.007));
#6542=CARTESIAN_POINT('',(0.00725,0.093,0.007));
#6543=CARTESIAN_POINT('',(0.00725,0.093,0.01));
#6544=CARTESIAN_POINT('',(0.006,0.093,0.01));
#6545=CARTESIAN_POINT('',(0.,0.03,0.0025));
#6546=CARTESIAN_POINT('',(-0.018,0.03,0.009));
#6547=CARTESIAN_POINT('',(-0.019,0.03,0.009));
#6548=CARTESIAN_POINT('',(-0.019,0.03,0.01));
#6549=CARTESIAN_POINT('',(-0.019,0.03,0.005));
#6550=CARTESIAN_POINT('',(0.,0.03,0.005));
#6551=CARTESIAN_POINT('',(-0.015,0.03,0.005));
#6552=CARTESIAN_POINT('',(-0.015,0.03,0.004));
#6553=CARTESIAN_POINT('',(-0.014,0.03,0.004));
#6554=CARTESIAN_POINT('',(-0.014,0.03,0.0035));
#6555=CARTESIAN_POINT('',(-0.014,0.03,0.002));
#6556=CARTESIAN_POINT('',(-0.0115,0.03,0.002));
#6557=CARTESIAN_POINT('',(-0.009,0.03,0.002));
#6558=CARTESIAN_POINT('',(-0.009,0.03,0.003));
#6559=CARTESIAN_POINT('',(-0.009,0.03,0.003));
#6560=CARTESIAN_POINT('',(-0.01,0.03,0.003));
#6561=CARTESIAN_POINT('',(-0.01,0.03,0.004));
#6562=CARTESIAN_POINT('',(-0.01,0.03,0.004));
#6563=CARTESIAN_POINT('',(-0.011,0.03,0.004));
#6564=CARTESIAN_POINT('',(-0.011,0.03,0.0045));
#6565=CARTESIAN_POINT('',(0.,0.07,0.0025));
#6566=CARTESIAN_POINT('',(-0.019,0.07,0.01));
#6567=CARTESIAN_POINT('',(-0.019,0.07,0.009));
#6568=CARTESIAN_POINT('',(-0.019,0.07,0.005));
#6569=CARTESIAN_POINT('',(-0.018,0.07,0.009));
#6570=CARTESIAN_POINT('',(-0.011,0.07,0.0045));
#6571=CARTESIAN_POINT('',(-0.011,0.07,0.004));
#6572=CARTESIAN_POINT('',(-0.01,0.07,0.004));
#6573=CARTESIAN_POINT('',(-0.01,0.07,0.004));
#6574=CARTESIAN_POINT('',(-0.01,0.07,0.003));
#6575=CARTESIAN_POINT('',(-0.009,0.07,0.003));
#6576=CARTESIAN_POINT('',(-0.009,0.07,0.003));
#6577=CARTESIAN_POINT('',(-0.009,0.07,0.002));
#6578=CARTESIAN_POINT('',(-0.0115,0.07,0.002));
#6579=CARTESIAN_POINT('',(-0.014,0.07,0.002));
#6580=CARTESIAN_POINT('',(-0.014,0.07,0.0035));
#6581=CARTESIAN_POINT('',(-0.014,0.07,0.004));
#6582=CARTESIAN_POINT('',(-0.015,0.07,0.004));
#6583=CARTESIAN_POINT('',(-0.015,0.07,0.005));
#6584=CARTESIAN_POINT('',(1.7347234759768E-18,0.07,0.005));
#6585=CARTESIAN_POINT('',(6.93889390390723E-18,0.035,0.01));
#6586=CARTESIAN_POINT('',(-0.007,0.035,0.01));
#6587=CARTESIAN_POINT('',(-0.007,0.035,0.006));
#6588=CARTESIAN_POINT('',(6.93889390390723E-18,0.035,0.006));
#6589=CARTESIAN_POINT('',(-0.01,0.035,0.006));
#6590=CARTESIAN_POINT('',(-0.01,0.035,0.01));
#6591=CARTESIAN_POINT('',(5.20417042793042E-18,0.065,0.01));
#6592=CARTESIAN_POINT('',(-0.005,0.065,0.006));
#6593=CARTESIAN_POINT('',(-0.01,0.065,0.006));
#6594=CARTESIAN_POINT('',(-0.007,0.065,0.006));
#6595=CARTESIAN_POINT('',(-0.007,0.065,0.01));
#6596=CARTESIAN_POINT('',(-0.01,0.065,0.01));
#6597=CARTESIAN_POINT('',(-0.0165,0.03,0.005));
#6598=CARTESIAN_POINT('',(0.,0.03,0.005));
#6599=CARTESIAN_POINT('',(0.019,0.03,0.005));
#6600=CARTESIAN_POINT('',(0.015,0.03,0.005));
#6601=CARTESIAN_POINT('',(0.015,0.,0.005));
#6602=CARTESIAN_POINT('',(0.015,0.,0.005));
#6603=CARTESIAN_POINT('',(0.0165,0.,0.005));
#6604=CARTESIAN_POINT('',(0.019,0.,0.005));
#6605=CARTESIAN_POINT('',(0.019,0.03,0.005));
#6606=CARTESIAN_POINT('',(-0.0165,0.03,0.005));
#6607=CARTESIAN_POINT('',(-0.0165,0.,0.005));
#6608=CARTESIAN_POINT('',(-0.019,0.,0.005));
#6609=CARTESIAN_POINT('',(-0.015,0.,0.005));
#6610=CARTESIAN_POINT('',(-0.015,0.03,0.005));
#6611=CARTESIAN_POINT('',(-0.019,0.03,0.005));
#6612=CARTESIAN_POINT('',(-0.0165,0.03,0.005));
#6613=CARTESIAN_POINT('',(-0.015,0.03,0.005));
#6614=CARTESIAN_POINT('',(-0.019,0.03,0.005));
#6615=CARTESIAN_POINT('',(-0.0165,0.03,0.005));
#6616=CARTESIAN_POINT('',(0.015,0.07,0.005));
#6617=CARTESIAN_POINT('',(0.015,0.07,0.005));
#6618=CARTESIAN_POINT('',(1.7347234759768E-18,0.07,0.005));
#6619=CARTESIAN_POINT('',(0.019,0.07,0.005));
#6620=CARTESIAN_POINT('',(0.019,0.03,0.005));
#6621=CARTESIAN_POINT('',(-0.011,0.03,0.0045));
#6622=CARTESIAN_POINT('',(-0.011,0.,0.0045));
#6623=CARTESIAN_POINT('',(-0.011,0.,0.004));
#6624=CARTESIAN_POINT('',(-0.011,0.03,0.004));
#6625=CARTESIAN_POINT('',(-0.01,0.03,0.004));
#6626=CARTESIAN_POINT('',(-0.01,0.,0.004));
#6627=CARTESIAN_POINT('',(-0.01,0.,0.004));
#6628=CARTESIAN_POINT('',(-0.01,0.,0.004));
#6629=CARTESIAN_POINT('',(-0.009,0.03,0.003));
#6630=CARTESIAN_POINT('',(-0.009,0.,0.003));
#6631=CARTESIAN_POINT('',(-0.009,0.,0.003));
#6632=CARTESIAN_POINT('',(-0.009,0.,0.002));
#6633=CARTESIAN_POINT('',(-0.009,0.03,0.003));
#6634=CARTESIAN_POINT('',(-0.009,0.03,0.002));
#6635=CARTESIAN_POINT('',(-0.0115,0.03,0.002));
#6636=CARTESIAN_POINT('',(-0.0115,0.,0.002));
#6637=CARTESIAN_POINT('',(-0.014,0.,0.002));
#6638=CARTESIAN_POINT('',(-0.014,0.03,0.002));
#6639=CARTESIAN_POINT('',(-0.014,0.03,0.0035));
#6640=CARTESIAN_POINT('',(-0.014,0.03,0.004));
#6641=CARTESIAN_POINT('',(-0.014,0.,0.004));
#6642=CARTESIAN_POINT('',(-0.014,0.,0.0035));
#6643=CARTESIAN_POINT('',(-0.019,0.03,0.0025));
#6644=CARTESIAN_POINT('',(-0.019,0.03,0.00382842712474619));
#6645=CARTESIAN_POINT('',(-0.019,0.0695,0.00382842712474619));
#6646=CARTESIAN_POINT('',(-0.019,0.0255,0.00382842712474619));
#6647=CARTESIAN_POINT('',(-0.019,0.0255,0.0025));
#6648=CARTESIAN_POINT('',(-0.019,0.0255,2.60208521396521E-18));
#6649=CARTESIAN_POINT('',(-0.019,0.03,2.60208521396521E-18));
#6650=CARTESIAN_POINT('',(-0.019,0.,2.60208521396521E-18));
#6651=CARTESIAN_POINT('',(-0.019,0.,0.0025));
#6652=CARTESIAN_POINT('',(-0.019,0.03,0.009));
#6653=CARTESIAN_POINT('',(-0.019,0.0695,0.003));
#6654=CARTESIAN_POINT('',(0.0095,0.03,-3.44670175013679E-18));
#6655=CARTESIAN_POINT('',(0.0095,0.0255,-3.44670175013679E-18));
#6656=CARTESIAN_POINT('',(0.019,0.0255,-5.20417042793042E-18));
#6657=CARTESIAN_POINT('',(0.019,0.03,-5.20417042793042E-18));
#6658=CARTESIAN_POINT('',(0.019,0.,-5.20417042793042E-18));
#6659=CARTESIAN_POINT('',(0.0095,0.,-3.44670175013679E-18));
#6660=CARTESIAN_POINT('',(0.019,0.03,0.0025));
#6661=CARTESIAN_POINT('',(0.019,0.0255,0.003));
#6662=CARTESIAN_POINT('',(0.019,0.0255,0.00382842712474619));
#6663=CARTESIAN_POINT('',(0.019,0.0675,0.00382842712474619));
#6664=CARTESIAN_POINT('',(0.019,0.0695,0.00382842712474619));
#6665=CARTESIAN_POINT('',(0.019,0.0695,0.0025));
#6666=CARTESIAN_POINT('',(0.019,0.07,0.01));
#6667=CARTESIAN_POINT('',(0.019,0.07,0.009));
#6668=CARTESIAN_POINT('',(0.019,0.03,0.009));
#6669=CARTESIAN_POINT('',(0.019,0.03,0.009));
#6670=CARTESIAN_POINT('',(0.019,0.03,0.01));
#6671=CARTESIAN_POINT('',(0.019,0.,0.0025));
#6672=CARTESIAN_POINT('',(0.014,0.03,0.0035));
#6673=CARTESIAN_POINT('',(0.014,0.,0.0035));
#6674=CARTESIAN_POINT('',(0.014,0.,0.004));
#6675=CARTESIAN_POINT('',(0.014,0.,0.002));
#6676=CARTESIAN_POINT('',(0.014,0.03,0.004));
#6677=CARTESIAN_POINT('',(0.014,0.03,0.004));
#6678=CARTESIAN_POINT('',(0.014,0.03,0.0035));
#6679=CARTESIAN_POINT('',(0.014,0.03,0.002));
#6680=CARTESIAN_POINT('',(0.014,0.03,0.002));
#6681=CARTESIAN_POINT('',(0.0115,0.03,0.002));
#6682=CARTESIAN_POINT('',(0.0115,0.,0.002));
#6683=CARTESIAN_POINT('',(0.009,0.,0.002));
#6684=CARTESIAN_POINT('',(0.0115,0.03,0.002));
#6685=CARTESIAN_POINT('',(0.009,0.03,0.002));
#6686=CARTESIAN_POINT('',(0.009,0.03,0.002));
#6687=CARTESIAN_POINT('',(0.009,0.03,0.003));
#6688=CARTESIAN_POINT('',(0.009,0.03,0.003));
#6689=CARTESIAN_POINT('',(0.009,0.03,0.003));
#6690=CARTESIAN_POINT('',(0.009,0.,0.003));
#6691=CARTESIAN_POINT('',(0.009,0.,0.003));
#6692=CARTESIAN_POINT('',(0.009,0.,0.003));
#6693=CARTESIAN_POINT('',(0.01,0.03,0.004));
#6694=CARTESIAN_POINT('',(0.01,0.,0.004));
#6695=CARTESIAN_POINT('',(0.011,0.,0.004));
#6696=CARTESIAN_POINT('',(0.01,0.,0.004));
#6697=CARTESIAN_POINT('',(0.01,0.03,0.004));
#6698=CARTESIAN_POINT('',(0.01,0.03,0.004));
#6699=CARTESIAN_POINT('',(0.01,0.03,0.004));
#6700=CARTESIAN_POINT('',(0.011,0.03,0.004));
#6701=CARTESIAN_POINT('',(0.011,0.03,0.004));
#6702=CARTESIAN_POINT('',(0.011,0.03,0.0045));
#6703=CARTESIAN_POINT('',(0.011,0.,0.0045));
#6704=CARTESIAN_POINT('',(0.011,0.03,0.0045));
#6705=CARTESIAN_POINT('',(0.,0.,0.0025));
#6706=CARTESIAN_POINT('',(-0.015,0.,0.004));
#6707=CARTESIAN_POINT('',(0.015,0.,0.004));
#6708=CARTESIAN_POINT('',(0.01,0.,0.003));
#6709=CARTESIAN_POINT('',(-0.01,0.,0.003));
#6710=CARTESIAN_POINT('',(0.,0.03,0.0025));
#6711=CARTESIAN_POINT('',(0.01,0.03,0.003));
#6712=CARTESIAN_POINT('',(0.015,0.03,0.004));
#6713=CARTESIAN_POINT('',(0.018,0.03,0.009));
#6714=CARTESIAN_POINT('',(0.,0.07,0.0025));
#6715=CARTESIAN_POINT('',(0.009,0.07,0.003));
#6716=CARTESIAN_POINT('',(0.009,0.07,0.003));
#6717=CARTESIAN_POINT('',(0.009,0.07,0.002));
#6718=CARTESIAN_POINT('',(0.01,0.07,0.003));
#6719=CARTESIAN_POINT('',(0.01,0.07,0.004));
#6720=CARTESIAN_POINT('',(0.01,0.07,0.004));
#6721=CARTESIAN_POINT('',(0.011,0.07,0.004));
#6722=CARTESIAN_POINT('',(0.011,0.07,0.0045));
#6723=CARTESIAN_POINT('',(0.018,0.07,0.009));
#6724=CARTESIAN_POINT('',(0.015,0.07,0.004));
#6725=CARTESIAN_POINT('',(0.014,0.07,0.004));
#6726=CARTESIAN_POINT('',(0.014,0.07,0.0035));
#6727=CARTESIAN_POINT('',(0.014,0.07,0.002));
#6728=CARTESIAN_POINT('',(0.0115,0.07,0.002));
#6729=CARTESIAN_POINT('',(-0.011,0.095,0.0045));
#6730=CARTESIAN_POINT('',(-0.011,0.095,0.004));
#6731=CARTESIAN_POINT('',(-0.01,0.095,0.004));
#6732=CARTESIAN_POINT('',(-0.01,0.07,0.004));
#6733=CARTESIAN_POINT('',(-0.009,0.095,0.003));
#6734=CARTESIAN_POINT('',(-0.009,0.095,0.003));
#6735=CARTESIAN_POINT('',(-0.009,0.095,0.002));
#6736=CARTESIAN_POINT('',(-0.0115,0.095,0.002));
#6737=CARTESIAN_POINT('',(-0.014,0.095,0.002));
#6738=CARTESIAN_POINT('',(-0.014,0.095,0.0035));
#6739=CARTESIAN_POINT('',(-0.014,0.095,0.004));
#6740=CARTESIAN_POINT('',(0.014,0.095,0.0035));
#6741=CARTESIAN_POINT('',(0.014,0.095,0.004));
#6742=CARTESIAN_POINT('',(0.014,0.095,0.002));
#6743=CARTESIAN_POINT('',(0.0115,0.095,0.002));
#6744=CARTESIAN_POINT('',(0.009,0.095,0.002));
#6745=CARTESIAN_POINT('',(0.009,0.095,0.003));
#6746=CARTESIAN_POINT('',(0.009,0.07,0.003));
#6747=CARTESIAN_POINT('',(0.01,0.095,0.004));
#6748=CARTESIAN_POINT('',(0.01,0.095,0.004));
#6749=CARTESIAN_POINT('',(0.011,0.095,0.004));
#6750=CARTESIAN_POINT('',(0.011,0.095,0.0045));
#6751=CARTESIAN_POINT('',(0.01,0.05,0.01));
#6752=CARTESIAN_POINT('',(0.01,0.065,0.01));
#6753=CARTESIAN_POINT('',(0.01,0.065,0.006));
#6754=CARTESIAN_POINT('',(0.01,0.05,0.006));
#6755=CARTESIAN_POINT('',(0.01,0.035,0.006));
#6756=CARTESIAN_POINT('',(0.01,0.035,0.01));
#6757=CARTESIAN_POINT('',(6.93889390390723E-18,0.035,0.01));
#6758=CARTESIAN_POINT('',(6.93889390390723E-18,0.035,0.006));
#6759=CARTESIAN_POINT('',(0.007,0.035,0.006));
#6760=CARTESIAN_POINT('',(0.007,0.035,0.01));
#6761=CARTESIAN_POINT('',(-0.01,0.05,0.01));
#6762=CARTESIAN_POINT('',(-0.01,0.05,0.006));
#6763=CARTESIAN_POINT('',(5.20417042793042E-18,0.065,0.01));
#6764=CARTESIAN_POINT('',(0.007,0.065,0.01));
#6765=CARTESIAN_POINT('',(0.007,0.065,0.006));
#6766=CARTESIAN_POINT('',(0.01,0.065,0.006));
#6767=CARTESIAN_POINT('',(0.005,0.107815641868528,0.0075));
#6768=CARTESIAN_POINT('',(0.005,0.065,0.006));
#6769=CARTESIAN_POINT('',(0.005,0.07,0.006));
#6770=CARTESIAN_POINT('',(0.005,0.067,0.006));
#6771=CARTESIAN_POINT('',(0.005,0.067,0.0075));
#6772=CARTESIAN_POINT('',(0.005,0.07,0.0075));
#6773=CARTESIAN_POINT('',(-0.005,0.107815641868528,0.0075));
#6774=CARTESIAN_POINT('',(-0.005,0.067,0.006));
#6775=CARTESIAN_POINT('',(-0.005,0.067,0.006));
#6776=CARTESIAN_POINT('',(-0.005,0.107815641868528,0.006));
#6777=CARTESIAN_POINT('',(-0.005,0.07,0.006));
#6778=CARTESIAN_POINT('',(-0.005,0.07,0.01));
#6779=CARTESIAN_POINT('',(0.005,0.107815641868528,0.0075));
#6780=CARTESIAN_POINT('',(0.005,0.028,0.006));
#6781=CARTESIAN_POINT('',(0.005,0.033,0.006));
#6782=CARTESIAN_POINT('',(0.005,0.03,0.006));
#6783=CARTESIAN_POINT('',(0.005,0.03,0.01));
#6784=CARTESIAN_POINT('',(0.005,0.033,0.006));
#6785=CARTESIAN_POINT('',(-0.005,0.107815641868528,0.0075));
#6786=CARTESIAN_POINT('',(-0.005,0.03,0.0075));
#6787=CARTESIAN_POINT('',(-0.005,0.03,0.006));
#6788=CARTESIAN_POINT('',(-0.005,0.107815641868528,0.006));
#6789=CARTESIAN_POINT('',(-0.005,0.033,0.006));
#6790=CARTESIAN_POINT('',(-0.005,0.033,0.0075));
#6791=CARTESIAN_POINT('',(3.46944695195361E-18,0.093,0.01));
#6792=CARTESIAN_POINT('',(-0.00725,0.093,0.006));
#6793=CARTESIAN_POINT('',(-0.00725,0.093,0.007));
#6794=CARTESIAN_POINT('',(3.46944695195361E-18,0.093,0.007));
#6795=CARTESIAN_POINT('',(-0.006,0.093,0.007));
#6796=CARTESIAN_POINT('',(-0.006,0.093,0.01));
#6797=CARTESIAN_POINT('',(0.00925,0.0825,0.01));
#6798=CARTESIAN_POINT('',(0.00925,0.091,0.01));
#6799=CARTESIAN_POINT('',(0.00925,0.091,0.006));
#6800=CARTESIAN_POINT('',(0.00925,0.072,0.006));
#6801=CARTESIAN_POINT('',(1.04083408558608E-17,0.072,0.01));
#6802=CARTESIAN_POINT('',(-0.007,0.072,0.006));
#6803=CARTESIAN_POINT('',(-0.007,0.072,0.006));
#6804=CARTESIAN_POINT('',(-0.00925,0.072,0.006));
#6805=CARTESIAN_POINT('',(-0.00925,0.072,0.006));
#6806=CARTESIAN_POINT('',(-0.00925,0.072,0.01));
#6807=CARTESIAN_POINT('',(-0.00925,0.0825,0.01));
#6808=CARTESIAN_POINT('',(-0.00925,0.0825,0.006));
#6809=CARTESIAN_POINT('',(-0.00925,0.091,0.006));
#6810=CARTESIAN_POINT('',(-0.00925,0.091,0.01));
#6811=CARTESIAN_POINT('',(-1.7347234759768E-18,0.028,0.01));
#6812=CARTESIAN_POINT('',(-0.00725,0.028,0.006));
#6813=CARTESIAN_POINT('',(-0.00725,0.028,0.006));
#6814=CARTESIAN_POINT('',(-1.7347234759768E-18,0.028,0.006));
#6815=CARTESIAN_POINT('',(-0.007,0.028,0.006));
#6816=CARTESIAN_POINT('',(-0.007,0.028,0.01));
#6817=CARTESIAN_POINT('',(0.00925,0.015,0.01));
#6818=CARTESIAN_POINT('',(0.00925,0.026,0.01));
#6819=CARTESIAN_POINT('',(0.00925,0.026,0.006));
#6820=CARTESIAN_POINT('',(0.00925,0.002,0.006));
#6821=CARTESIAN_POINT('',(0.00925,0.002,0.006));
#6822=CARTESIAN_POINT('',(0.00925,0.002,0.01));
#6823=CARTESIAN_POINT('',(5.20417042793042E-18,0.002,0.01));
#6824=CARTESIAN_POINT('',(-0.00925,0.002,0.006));
#6825=CARTESIAN_POINT('',(-0.00925,0.002,0.006));
#6826=CARTESIAN_POINT('',(-0.00925,0.002,0.01));
#6827=CARTESIAN_POINT('',(-0.00925,0.015,0.01));
#6828=CARTESIAN_POINT('',(-0.00925,0.015,0.006));
#6829=CARTESIAN_POINT('',(-0.00925,0.026,0.006));
#6830=CARTESIAN_POINT('',(-0.00925,0.026,0.01));
#6831=CARTESIAN_POINT('',(0.,0.089,0.005));
#6832=CARTESIAN_POINT('',(0.004,0.089,0.005));
#6833=CARTESIAN_POINT('',(0.004,0.089,0.004));
#6834=CARTESIAN_POINT('',(-1.80700362080916E-19,0.089,0.004));
#6835=CARTESIAN_POINT('',(-0.004,0.089,0.004));
#6836=CARTESIAN_POINT('',(-0.004,0.089,0.005));
#6837=CARTESIAN_POINT('',(0.006,0.089,0.006));
#6838=CARTESIAN_POINT('',(0.006,0.089,0.003));
#6839=CARTESIAN_POINT('',(0.006,0.094,0.003));
#6840=CARTESIAN_POINT('',(0.006,0.091,0.003));
#6841=CARTESIAN_POINT('',(0.006,0.091,0.006));
#6842=CARTESIAN_POINT('',(0.006,0.091,0.007));
#6843=CARTESIAN_POINT('',(0.006,0.095,0.00473205080756888));
#6844=CARTESIAN_POINT('',(0.006,0.095,0.00438539670161877));
#6845=CARTESIAN_POINT('',(0.006,0.0947328454292369,0.00373216335781943));
#6846=CARTESIAN_POINT('',(0.006,0.0942412977277023,0.00324129893419972));
#6847=CARTESIAN_POINT('',(0.006,0.094,0.003));
#6848=CARTESIAN_POINT('',(-1.7347234759768E-18,0.089,0.002));
#6849=CARTESIAN_POINT('',(-0.005,0.089,0.002));
#6850=CARTESIAN_POINT('',(-0.005,0.094,0.002));
#6851=CARTESIAN_POINT('',(-0.005,0.091,0.002));
#6852=CARTESIAN_POINT('',(-1.7347234759768E-18,0.091,0.002));
#6853=CARTESIAN_POINT('',(0.005,0.091,0.002));
#6854=CARTESIAN_POINT('',(0.005,0.095,0.002));
#6855=CARTESIAN_POINT('',(0.005,0.094,0.002));
#6856=CARTESIAN_POINT('',(-1.7347234759768E-18,0.094,0.002));
#6857=CARTESIAN_POINT('',(-0.006,0.089,0.006));
#6858=CARTESIAN_POINT('',(-0.006,0.091,0.007));
#6859=CARTESIAN_POINT('',(-0.006,0.091,0.006));
#6860=CARTESIAN_POINT('',(-0.006,0.091,0.003));
#6861=CARTESIAN_POINT('',(-0.006,0.095,0.003));
#6862=CARTESIAN_POINT('',(-0.006,0.094,0.003));
#6863=CARTESIAN_POINT('',(-0.006,0.095,0.00473205080756888));
#6864=CARTESIAN_POINT('',(-0.006,0.095,0.00438539670161877));
#6865=CARTESIAN_POINT('',(-0.006,0.0947328454292371,0.00373216335781923));
#6866=CARTESIAN_POINT('',(-0.006,0.0942412977277019,0.00324129893420011));
#6867=CARTESIAN_POINT('',(-0.006,0.094,0.003));
#6868=CARTESIAN_POINT('',(0.01,0.095,0.003));
#6869=CARTESIAN_POINT('',(0.01,0.03,0.003));
#6870=CARTESIAN_POINT('',(0.018,0.03,0.009));
#6871=CARTESIAN_POINT('',(-0.018,0.0475,0.009));
#6872=CARTESIAN_POINT('',(-0.01,0.03,0.003));
#6873=CARTESIAN_POINT('',(-0.015,0.03,0.004));
#6874=CARTESIAN_POINT('',(0.015,0.03,0.004));
#6875=CARTESIAN_POINT('',(-0.015,0.095,0.004));
#6876=CARTESIAN_POINT('',(0.015,0.03,0.004));
#6877=CARTESIAN_POINT('',(0.00825,0.0825,0.006));
#6878=CARTESIAN_POINT('',(0.00825,0.091,0.006));
#6879=CARTESIAN_POINT('',(0.00825,0.073,0.006));
#6880=CARTESIAN_POINT('',(1.04083408558608E-17,0.073,0.006));
#6881=CARTESIAN_POINT('',(0.004,0.073,0.006));
#6882=CARTESIAN_POINT('',(0.004,0.107815641868528,0.006));
#6883=CARTESIAN_POINT('',(0.004,0.064,0.006));
#6884=CARTESIAN_POINT('',(0.004,0.073,0.006));
#6885=CARTESIAN_POINT('',(5.20417042793042E-18,0.064,0.006));
#6886=CARTESIAN_POINT('',(0.004,0.064,0.006));
#6887=CARTESIAN_POINT('',(0.009,0.064,0.006));
#6888=CARTESIAN_POINT('',(0.009,0.03,0.006));
#6889=CARTESIAN_POINT('',(0.009,0.036,0.006));
#6890=CARTESIAN_POINT('',(-0.0165,0.036,0.006));
#6891=CARTESIAN_POINT('',(0.004,0.036,0.006));
#6892=CARTESIAN_POINT('',(0.004,0.107815641868528,0.006));
#6893=CARTESIAN_POINT('',(0.004,0.027,0.006));
#6894=CARTESIAN_POINT('',(0.004,0.036,0.006));
#6895=CARTESIAN_POINT('',(-0.0165,0.027,0.006));
#6896=CARTESIAN_POINT('',(0.00725,0.027,0.006));
#6897=CARTESIAN_POINT('',(0.004,0.027,0.006));
#6898=CARTESIAN_POINT('',(0.00825,0.015,0.006));
#6899=CARTESIAN_POINT('',(0.00825,0.026,0.006));
#6900=CARTESIAN_POINT('',(0.00825,0.003,0.006));
#6901=CARTESIAN_POINT('',(5.06351717312149E-18,0.003,0.006));
#6902=CARTESIAN_POINT('',(-0.00825,0.003,0.006));
#6903=CARTESIAN_POINT('',(-0.00825,0.03,0.006));
#6904=CARTESIAN_POINT('',(-0.00825,0.026,0.006));
#6905=CARTESIAN_POINT('',(-0.0165,0.027,0.006));
#6906=CARTESIAN_POINT('',(-0.00725,0.027,0.006));
#6907=CARTESIAN_POINT('',(-0.004,0.027,0.006));
#6908=CARTESIAN_POINT('',(-0.004,0.03,0.006));
#6909=CARTESIAN_POINT('',(-0.004,0.027,0.006));
#6910=CARTESIAN_POINT('',(-0.004,0.036,0.006));
#6911=CARTESIAN_POINT('',(-0.0165,0.036,0.006));
#6912=CARTESIAN_POINT('',(-0.004,0.036,0.006));
#6913=CARTESIAN_POINT('',(-0.009,0.036,0.006));
#6914=CARTESIAN_POINT('',(-0.009,0.03,0.006));
#6915=CARTESIAN_POINT('',(-0.009,0.064,0.006));
#6916=CARTESIAN_POINT('',(5.20417042793042E-18,0.064,0.006));
#6917=CARTESIAN_POINT('',(-0.004,0.064,0.006));
#6918=CARTESIAN_POINT('',(-0.004,0.03,0.006));
#6919=CARTESIAN_POINT('',(-0.004,0.064,0.006));
#6920=CARTESIAN_POINT('',(-0.004,0.073,0.006));
#6921=CARTESIAN_POINT('',(-0.00825,0.03,0.006));
#6922=CARTESIAN_POINT('',(-0.00825,0.091,0.006));
#6923=CARTESIAN_POINT('',(-0.00825,0.073,0.006));
#6924=CARTESIAN_POINT('',(1.04083408558608E-17,0.073,0.006));
#6925=CARTESIAN_POINT('',(-0.004,0.073,0.006));
#6926=CARTESIAN_POINT('',(-0.005,0.089,0.003));
#6927=CARTESIAN_POINT('',(-0.005,0.091,0.003));
#6928=CARTESIAN_POINT('',(-0.005,0.094,0.003));
#6929=CARTESIAN_POINT('',(-0.005,0.094,0.003));
#6930=CARTESIAN_POINT('',(-0.005,0.094,0.001));
#6931=CARTESIAN_POINT('',(0.005,0.089,0.003));
#6932=CARTESIAN_POINT('',(0.005,0.091,0.003));
#6933=CARTESIAN_POINT('',(0.005,0.094,0.003));
#6934=CARTESIAN_POINT('',(-1.91542383805773E-18,0.094,0.001));
#6935=CARTESIAN_POINT('',(0.005,0.094,0.001));
#6936=CARTESIAN_POINT('',(0.005,0.094,0.003));
#6937=CARTESIAN_POINT('',(-0.01,0.095,0.003));
#6938=CARTESIAN_POINT('',(-3.0663188534999E-34,0.0475,-1.48473962685471E-18));
#6939=CARTESIAN_POINT('',(-6.93889390390723E-18,0.0675,-1.48473962685471E-18));
#6940=CARTESIAN_POINT('',(0.045,0.0675,-1.07782444213488E-17));
#6941=CARTESIAN_POINT('',(0.0228284271247462,0.0675,-6.19931955873442E-18));
#6942=CARTESIAN_POINT('',(0.0228284271247462,0.0275,-6.19931955873442E-18));
#6943=CARTESIAN_POINT('',(0.0228284271247462,0.0275,-6.19931955873442E-18));
#6944=CARTESIAN_POINT('',(1.04083408558608E-17,0.0275,-1.48473962685471E-18));
#6945=CARTESIAN_POINT('',(0.045,0.0275,-1.07782444213488E-17));
#6946=CARTESIAN_POINT('',(0.045,0.0475,-1.07782444213488E-17));
#6947=CARTESIAN_POINT('',(0.045,0.0475,-0.004));
#6948=CARTESIAN_POINT('',(0.045,0.0275,-0.004));
#6949=CARTESIAN_POINT('',(0.045,0.0275,-0.016));
#6950=CARTESIAN_POINT('',(0.045,0.0475,-0.016));
#6951=CARTESIAN_POINT('',(0.045,0.0675,-0.016));
#6952=CARTESIAN_POINT('',(0.045,0.0675,-0.004));
#6953=CARTESIAN_POINT('',(9.5822515407947E-18,0.0275,-0.004));
#6954=CARTESIAN_POINT('',(9.99529619832777E-18,0.0275,-0.002));
#6955=CARTESIAN_POINT('',(0.021,0.0275,-0.002));
#6956=CARTESIAN_POINT('',(-0.021,0.0275,-0.002));
#6957=CARTESIAN_POINT('',(-0.021,0.0275,-0.004));
#6958=CARTESIAN_POINT('',(-0.021,0.0275,0.001));
#6959=CARTESIAN_POINT('',(-0.013,0.0275,0.009));
#6960=CARTESIAN_POINT('',(-0.0214142135623731,0.0275,0.000585786437626908));
#6961=CARTESIAN_POINT('',(-0.0228284271247462,0.0275,0.002));
#6962=CARTESIAN_POINT('',(-0.0228284271247462,0.0275,3.229840305025E-18));
#6963=CARTESIAN_POINT('',(1.04083408558608E-17,0.0275,-1.48473962685471E-18));
#6964=CARTESIAN_POINT('',(-0.045,0.0275,7.80876516763935E-18));
#6965=CARTESIAN_POINT('',(-0.045,0.0275,-0.004));
#6966=CARTESIAN_POINT('',(-0.045,0.0275,-0.016));
#6967=CARTESIAN_POINT('',(7.10398359559629E-18,0.0275,-0.016));
#6968=CARTESIAN_POINT('',(-0.04,0.0275,-0.016));
#6969=CARTESIAN_POINT('',(-0.04,0.0275,-0.0155));
#6970=CARTESIAN_POINT('',(-0.04,0.0275,-0.0155));
#6971=CARTESIAN_POINT('',(-0.0405,0.0275,-0.0155));
#6972=CARTESIAN_POINT('',(-0.0405,0.0275,-0.015));
#6973=CARTESIAN_POINT('',(-0.041,0.0275,-0.015));
#6974=CARTESIAN_POINT('',(-0.0415,0.0275,-0.015));
#6975=CARTESIAN_POINT('',(-0.02625,0.0275,-0.03025));
#6976=CARTESIAN_POINT('',(-0.042,0.0275,-0.0145));
#6977=CARTESIAN_POINT('',(-0.042,0.0275,-0.016));
#6978=CARTESIAN_POINT('',(0.042,0.0275,-0.016));
#6979=CARTESIAN_POINT('',(0.042,0.0275,-0.0145));
#6980=CARTESIAN_POINT('',(0.02625,0.0275,-0.03025));
#6981=CARTESIAN_POINT('',(0.0415,0.0275,-0.015));
#6982=CARTESIAN_POINT('',(0.041,0.0275,-0.015));
#6983=CARTESIAN_POINT('',(0.0405,0.0275,-0.015));
#6984=CARTESIAN_POINT('',(0.0405,0.0275,-0.0155));
#6985=CARTESIAN_POINT('',(0.04,0.0275,-0.0155));
#6986=CARTESIAN_POINT('',(0.04,0.0275,-0.0155));
#6987=CARTESIAN_POINT('',(0.04,0.0275,-0.016));
#6988=CARTESIAN_POINT('',(7.10398359559629E-18,0.0275,-0.016));
#6989=CARTESIAN_POINT('',(0.0228284271247462,0.0275,0.002));
#6990=CARTESIAN_POINT('',(0.0214142135623731,0.0275,0.000585786437626903));
#6991=CARTESIAN_POINT('',(0.013,0.0275,0.009));
#6992=CARTESIAN_POINT('',(0.021,0.0275,0.000999999999999989));
#6993=CARTESIAN_POINT('',(0.021,0.0275,-6.50521303491303E-18));
#6994=CARTESIAN_POINT('',(-0.045,0.0475,-0.004));
#6995=CARTESIAN_POINT('',(-0.045,0.0475,7.80876516763935E-18));
#6996=CARTESIAN_POINT('',(-0.045,0.0675,7.80876516763935E-18));
#6997=CARTESIAN_POINT('',(-0.045,0.0675,-0.004));
#6998=CARTESIAN_POINT('',(-0.045,0.0675,-0.016));
#6999=CARTESIAN_POINT('',(-0.045,0.0475,-0.016));
#7000=CARTESIAN_POINT('',(-7.76498321897337E-18,0.0675,-0.004));
#7001=CARTESIAN_POINT('',(-0.021,0.0675,3.90312782094781E-18));
#7002=CARTESIAN_POINT('',(-0.021,0.0675,0.001));
#7003=CARTESIAN_POINT('',(-0.021,0.0675,-0.002));
#7004=CARTESIAN_POINT('',(0.021,0.0675,-0.002));
#7005=CARTESIAN_POINT('',(0.021,0.0675,-0.002));
#7006=CARTESIAN_POINT('',(0.021,0.0675,-0.004));
#7007=CARTESIAN_POINT('',(0.021,0.0675,0.001));
#7008=CARTESIAN_POINT('',(0.022,0.0675,-6.02823085971847E-18));
#7009=CARTESIAN_POINT('',(0.0214142135623731,0.0675,0.000585786437626903));
#7010=CARTESIAN_POINT('',(0.0228284271247462,0.0675,0.002));
#7011=CARTESIAN_POINT('',(-1.02432511641718E-17,0.0675,-0.016));
#7012=CARTESIAN_POINT('',(0.04,0.0675,-0.016));
#7013=CARTESIAN_POINT('',(0.04,0.0675,-0.0155));
#7014=CARTESIAN_POINT('',(0.04,0.0675,-0.0155));
#7015=CARTESIAN_POINT('',(0.0405,0.0675,-0.0155));
#7016=CARTESIAN_POINT('',(0.0405,0.0675,-0.015));
#7017=CARTESIAN_POINT('',(0.041,0.0675,-0.015));
#7018=CARTESIAN_POINT('',(0.0415,0.0675,-0.015));
#7019=CARTESIAN_POINT('',(0.042,0.0675,-0.0145));
#7020=CARTESIAN_POINT('',(0.042,0.0675,-0.0145));
#7021=CARTESIAN_POINT('',(0.042,0.0675,-0.016));
#7022=CARTESIAN_POINT('',(-0.042,0.0675,-0.016));
#7023=CARTESIAN_POINT('',(-0.042,0.0675,-0.0145));
#7024=CARTESIAN_POINT('',(-0.0415,0.0675,-0.015));
#7025=CARTESIAN_POINT('',(-0.0415,0.0675,-0.015));
#7026=CARTESIAN_POINT('',(-0.041,0.0675,-0.015));
#7027=CARTESIAN_POINT('',(-0.0405,0.0675,-0.015));
#7028=CARTESIAN_POINT('',(-0.0405,0.0675,-0.0155));
#7029=CARTESIAN_POINT('',(-0.04,0.0675,-0.0155));
#7030=CARTESIAN_POINT('',(-0.04,0.0675,-0.0155));
#7031=CARTESIAN_POINT('',(-0.04,0.0675,-0.016));
#7032=CARTESIAN_POINT('',(-1.02432511641718E-17,0.0675,-0.016));
#7033=CARTESIAN_POINT('',(-6.93889390390723E-18,0.0675,-1.48473962685471E-18));
#7034=CARTESIAN_POINT('',(-0.0228284271247462,0.0675,3.229840305025E-18));
#7035=CARTESIAN_POINT('',(-0.0228284271247462,0.0675,0.002));
#7036=CARTESIAN_POINT('',(-0.0214142135623731,0.0675,0.000585786437626907));
#7037=CARTESIAN_POINT('',(-0.019,0.0675,0.003));
#7038=CARTESIAN_POINT('',(-3.0663188534999E-34,0.0475,-1.48473962685471E-18));
#7039=CARTESIAN_POINT('',(-0.0228284271247462,0.0675,3.229840305025E-18));
#7040=CARTESIAN_POINT('',(-0.042,0.0475,-0.016));
#7041=CARTESIAN_POINT('',(-0.042,0.0675,-0.0145));
#7042=CARTESIAN_POINT('',(-3.30435726026455E-18,0.0475,-0.016));
#7043=CARTESIAN_POINT('',(-0.04,0.0675,-0.016));
#7044=CARTESIAN_POINT('',(0.042,0.0475,-0.016));
#7045=CARTESIAN_POINT('',(0.042,0.0275,-0.0145));
#7046=CARTESIAN_POINT('',(-3.30435726026455E-18,0.0475,-0.016));
#7047=CARTESIAN_POINT('',(0.04,0.0675,-0.016));
#7048=CARTESIAN_POINT('',(0.041,0.0675,-0.015));
#7049=CARTESIAN_POINT('',(0.0405,0.0675,-0.015));
#7050=CARTESIAN_POINT('',(0.0415,0.0675,-0.015));
#7051=CARTESIAN_POINT('',(0.04,0.0675,-0.0155));
#7052=CARTESIAN_POINT('',(0.04,0.0675,-0.0155));
#7053=CARTESIAN_POINT('',(-0.04,0.0675,-0.0155));
#7054=CARTESIAN_POINT('',(-0.04,0.0675,-0.0155));
#7055=CARTESIAN_POINT('',(-0.041,0.0675,-0.015));
#7056=CARTESIAN_POINT('',(-0.0405,0.0675,-0.015));
#7057=CARTESIAN_POINT('',(-0.0415,0.0275,-0.015));
#7058=CARTESIAN_POINT('',(-0.0415,0.0675,-0.015));
#7059=CARTESIAN_POINT('',(0.042,0.0475,-0.0145));
#7060=CARTESIAN_POINT('',(-0.0405,0.0675,-0.0155));
#7061=CARTESIAN_POINT('',(0.0405,0.0675,-0.0155));
#7062=CARTESIAN_POINT('',(-0.019,0.03,0.003));
#7063=CARTESIAN_POINT('',(-0.0214142135623731,0.0275,0.000585786437626906));
#7064=CARTESIAN_POINT('',(-0.021,0.0255,0.001));
#7065=CARTESIAN_POINT('',(-0.0195857864376269,0.0269142135623731,0.0024142135623731));
#7066=CARTESIAN_POINT('',(-0.0195857864376269,0.03,0.0024142135623731));
#7067=CARTESIAN_POINT('',(-0.0195857864376269,0.0680857864376269,0.0024142135623731));
#7068=CARTESIAN_POINT('',(-0.021,0.0695,0.001));
#7069=CARTESIAN_POINT('',(0.022,0.0475,-6.02823085971847E-18));
#7070=CARTESIAN_POINT('',(0.0214142135623731,0.0675,0.000585786437626902));
#7071=CARTESIAN_POINT('',(0.021,0.0695,0.001));
#7072=CARTESIAN_POINT('',(0.0195857864376269,0.0680857864376269,0.00241421356237309));
#7073=CARTESIAN_POINT('',(0.0195857864376269,0.0275,0.00241421356237309));
#7074=CARTESIAN_POINT('',(0.0195857864376269,0.0269142135623731,0.00241421356237309));
#7075=CARTESIAN_POINT('',(0.021,0.0255,0.001));
#7076=CARTESIAN_POINT('',(0.021,0.0695,0.0025));
#7077=CARTESIAN_POINT('',(0.021,0.0695,-0.002));
#7078=CARTESIAN_POINT('',(0.021,0.0695,0.00382842712474619));
#7079=CARTESIAN_POINT('',(0.021,0.03,0.00382842712474619));
#7080=CARTESIAN_POINT('',(0.021,0.0255,0.00382842712474619));
#7081=CARTESIAN_POINT('',(0.021,0.0255,0.0025));
#7082=CARTESIAN_POINT('',(0.021,0.0255,-0.002));
#7083=CARTESIAN_POINT('',(-0.021,0.0695,0.0025));
#7084=CARTESIAN_POINT('',(-0.021,0.0695,0.0038284271247462));
#7085=CARTESIAN_POINT('',(-0.021,0.0695,-0.002));
#7086=CARTESIAN_POINT('',(-0.021,0.03,0.0038284271247462));
#7087=CARTESIAN_POINT('',(-0.021,0.0255,0.0038284271247462));
#7088=CARTESIAN_POINT('',(-0.021,0.0255,0.0025));
#7089=CARTESIAN_POINT('',(-0.021,0.0255,-0.002));
#7090=CARTESIAN_POINT('',(0.0228284271247462,0.0475,0.002));
#7091=CARTESIAN_POINT('',(-0.0228284271247462,0.0475,0.002));
#7092=CARTESIAN_POINT('',(0.00725,0.026,0.01));
#7093=CARTESIAN_POINT('',(0.00725,0.026,0.006));
#7094=CARTESIAN_POINT('',(0.00725,0.026,0.006));
#7095=CARTESIAN_POINT('',(-0.00725,0.026,0.01));
#7096=CARTESIAN_POINT('',(-0.00725,0.026,0.006));
#7097=CARTESIAN_POINT('',(-0.00725,0.026,0.006));
#7098=CARTESIAN_POINT('',(-0.004,0.091,0.005));
#7099=CARTESIAN_POINT('',(-0.004,0.091,0.004));
#7100=CARTESIAN_POINT('',(-0.005,0.091,0.002));
#7101=CARTESIAN_POINT('',(-0.006,0.091,0.002));
#7102=CARTESIAN_POINT('',(-0.006,0.091,0.003));
#7103=CARTESIAN_POINT('',(-0.00499999999996713,0.0907382005249366,0.002));
#7104=CARTESIAN_POINT('',(-0.00599999999927999,0.0906073006565981,0.00200000000072002));
#7105=CARTESIAN_POINT('',(-0.006,0.0907382005249366,0.00300000000003276));
#7106=CARTESIAN_POINT('',(-0.00494793124171953,0.0902147239222496,0.00210413751659146));
#7107=CARTESIAN_POINT('',(-0.00579385652057481,0.0898934146092281,0.00220614347942517));
#7108=CARTESIAN_POINT('',(-0.00589586248340854,0.0902147239222496,0.00305206875828052));
#7109=CARTESIAN_POINT('',(-0.00472551784909868,0.0895489642963405,0.00254896430179442));
#7110=CARTESIAN_POINT('',(-0.00520711466789442,0.0893164205610376,0.00279288533210562));
#7111=CARTESIAN_POINT('',(-0.00545103569820558,0.0895489642963405,0.00327448215090131));
#7112=CARTESIAN_POINT('',(-0.00439263804900504,0.0891041375181497,0.00321472390199228));
#7113=CARTESIAN_POINT('',(-0.00460445021377683,0.0890536002329537,0.00339554978622306));
#7114=CARTESIAN_POINT('',(-0.00478527609800772,0.0891041375181497,0.00360736195099497));
#7115=CARTESIAN_POINT('',(-0.00413089971571616,0.089,0.00373820056856768));
#7116=CARTESIAN_POINT('',(-0.00419634955721764,0.0890000925557968,0.00380365044278259));
#7117=CARTESIAN_POINT('',(-0.00426179943143232,0.089,0.00386910028428384));
#7118=CARTESIAN_POINT('',(-0.004,0.089,0.004));
#7119=CARTESIAN_POINT('',(-0.004,0.089,0.004));
#7120=CARTESIAN_POINT('',(-0.004,0.089,0.004));
#7121=CARTESIAN_POINT('',(-0.004,0.091,0.004));
#7122=CARTESIAN_POINT('',(-1.80700362080916E-19,0.091,0.004));
#7123=CARTESIAN_POINT('',(0.004,0.091,0.004));
#7124=CARTESIAN_POINT('',(0.006,0.091,0.003));
#7125=CARTESIAN_POINT('',(0.006,0.091,0.002));
#7126=CARTESIAN_POINT('',(0.005,0.091,0.002));
#7127=CARTESIAN_POINT('',(0.006,0.0907382005249366,0.00300000000003276));
#7128=CARTESIAN_POINT('',(0.00599999999928023,0.0906073006565981,0.00200000000072002));
#7129=CARTESIAN_POINT('',(0.00499999999996736,0.0907382005249366,0.002));
#7130=CARTESIAN_POINT('',(0.00589586248340854,0.0902147239222496,0.00305206875828052));
#7131=CARTESIAN_POINT('',(0.00579385652057471,0.089893414609228,0.00220614347942518));
#7132=CARTESIAN_POINT('',(0.00494793124171942,0.0902147239222496,0.00210413751659146));
#7133=CARTESIAN_POINT('',(0.00545103569820558,0.0895489642963405,0.00327448215090131));
#7134=CARTESIAN_POINT('',(0.00520711466789444,0.0893164205610376,0.00279288533210558));
#7135=CARTESIAN_POINT('',(0.00472551784909871,0.0895489642963405,0.00254896430179442));
#7136=CARTESIAN_POINT('',(0.00478527609800772,0.0891041375181497,0.00360736195099497));
#7137=CARTESIAN_POINT('',(0.00460445021377683,0.0890536002329537,0.00339554978622317));
#7138=CARTESIAN_POINT('',(0.00439263804900503,0.0891041375181497,0.00321472390199228));
#7139=CARTESIAN_POINT('',(0.00426179943143232,0.089,0.00386910028428384));
#7140=CARTESIAN_POINT('',(0.00419634955721764,0.0890000925557968,0.00380365044278235));
#7141=CARTESIAN_POINT('',(0.00413089971571616,0.089,0.00373820056856768));
#7142=CARTESIAN_POINT('',(0.004,0.089,0.004));
#7143=CARTESIAN_POINT('',(0.004,0.089,0.004));
#7144=CARTESIAN_POINT('',(0.004,0.089,0.00400000000000001));
#7145=CARTESIAN_POINT('',(0.004,0.091,0.004));
#7146=CARTESIAN_POINT('',(0.004,0.091,0.005));
#7147=CARTESIAN_POINT('',(-0.0165,0.091,0.007));
#7148=CARTESIAN_POINT('',(-0.00725,0.091,0.007));
#7149=CARTESIAN_POINT('',(-0.00725,0.093,0.007));
#7150=CARTESIAN_POINT('',(-0.00725,0.093,0.007));
#7151=CARTESIAN_POINT('',(-0.00725,0.093,0.007));
#7152=CARTESIAN_POINT('',(-0.00738089971571616,0.093,0.00673820056856768));
#7153=CARTESIAN_POINT('',(-0.00744634955721781,0.0929999074442051,0.00680365044278203));
#7154=CARTESIAN_POINT('',(-0.00751179943143232,0.093,0.00686910028428384));
#7155=CARTESIAN_POINT('',(-0.00764263804900503,0.0928958624818503,0.00621472390199229));
#7156=CARTESIAN_POINT('',(-0.00785445021377675,0.0929463997670451,0.00639554978622334));
#7157=CARTESIAN_POINT('',(-0.00803527609800772,0.0928958624818503,0.00660736195099498));
#7158=CARTESIAN_POINT('',(-0.0079755178490987,0.0924510357036594,0.00554896430179442));
#7159=CARTESIAN_POINT('',(-0.0084571146678944,0.0926835794389639,0.0057928853321055));
#7160=CARTESIAN_POINT('',(-0.00870103569820558,0.0924510357036594,0.00627448215090129));
#7161=CARTESIAN_POINT('',(-0.00819793124171945,0.0917852760777506,0.00510413751659148));
#7162=CARTESIAN_POINT('',(-0.00904385652057499,0.0921065853907665,0.00520614347942533));
#7163=CARTESIAN_POINT('',(-0.00914586248340853,0.0917852760777506,0.00605206875828058));
#7164=CARTESIAN_POINT('',(-0.0082499999999673,0.0912617994750633,0.005));
#7165=CARTESIAN_POINT('',(-0.00924999999927947,0.0913926993434142,0.00500000000071982));
#7166=CARTESIAN_POINT('',(-0.00925,0.0912617994750633,0.00600000000003264));
#7167=CARTESIAN_POINT('',(-0.00825,0.091,0.005));
#7168=CARTESIAN_POINT('',(-0.00925,0.091,0.005));
#7169=CARTESIAN_POINT('',(-0.00925,0.091,0.006));
#7170=CARTESIAN_POINT('',(-0.00725,0.091,0.007));
#7171=CARTESIAN_POINT('',(-0.00725,0.091,0.01));
#7172=CARTESIAN_POINT('',(-0.0165,0.091,0.007));
#7173=CARTESIAN_POINT('',(0.00725,0.091,0.007));
#7174=CARTESIAN_POINT('',(0.00725,0.093,0.007));
#7175=CARTESIAN_POINT('',(0.00725,0.093,0.007));
#7176=CARTESIAN_POINT('',(0.00725,0.093,0.007));
#7177=CARTESIAN_POINT('',(0.00751179943143232,0.093,0.00686910028428384));
#7178=CARTESIAN_POINT('',(0.00744634955721781,0.0929999074442051,0.00680365044278203));
#7179=CARTESIAN_POINT('',(0.00738089971571616,0.093,0.00673820056856768));
#7180=CARTESIAN_POINT('',(0.00803527609800772,0.0928958624818503,0.00660736195099498));
#7181=CARTESIAN_POINT('',(0.00785445021377675,0.0929463997670451,0.00639554978622334));
#7182=CARTESIAN_POINT('',(0.00764263804900503,0.0928958624818503,0.00621472390199229));
#7183=CARTESIAN_POINT('',(0.00870103569820558,0.0924510357036594,0.00627448215090129));
#7184=CARTESIAN_POINT('',(0.0084571146678944,0.0926835794389639,0.0057928853321055));
#7185=CARTESIAN_POINT('',(0.0079755178490987,0.0924510357036594,0.00554896430179442));
#7186=CARTESIAN_POINT('',(0.00914586248340853,0.0917852760777506,0.00605206875828058));
#7187=CARTESIAN_POINT('',(0.00904385652057499,0.0921065853907665,0.00520614347942533));
#7188=CARTESIAN_POINT('',(0.00819793124171945,0.0917852760777506,0.00510413751659148));
#7189=CARTESIAN_POINT('',(0.00925,0.0912617994750633,0.00600000000003264));
#7190=CARTESIAN_POINT('',(0.00924999999927947,0.0913926993434142,0.00500000000071982));
#7191=CARTESIAN_POINT('',(0.0082499999999673,0.0912617994750633,0.005));
#7192=CARTESIAN_POINT('',(0.00925,0.091,0.006));
#7193=CARTESIAN_POINT('',(0.00925,0.091,0.005));
#7194=CARTESIAN_POINT('',(0.00825,0.091,0.005));
#7195=CARTESIAN_POINT('',(0.00725,0.091,0.007));
#7196=CARTESIAN_POINT('',(0.00725,0.091,0.01));
#7197=CARTESIAN_POINT('',(-0.007,0.03,0.0075));
#7198=CARTESIAN_POINT('',(-0.007,0.03,0.006));
#7199=CARTESIAN_POINT('',(-0.007,0.028,0.006));
#7200=CARTESIAN_POINT('',(-0.005,0.028,0.006));
#7201=CARTESIAN_POINT('',(-0.005,0.03,0.006));
#7202=CARTESIAN_POINT('',(-0.00699999999999643,0.028,0.00586910030125257));
#7203=CARTESIAN_POINT('',(-0.00500000000008394,0.0280000000000815,0.00613089980055707));
#7204=CARTESIAN_POINT('',(-0.005,0.0299999999999952,0.00586910030125257));
#7205=CARTESIAN_POINT('',(-0.00684379372719221,0.0279479312423969,0.0056073619431178));
#7206=CARTESIAN_POINT('',(-0.00518415758805379,0.028184157588055,0.00633615548005699));
#7207=CARTESIAN_POINT('',(-0.00494793124239684,0.0298437937271929,0.0056073619431178));
#7208=CARTESIAN_POINT('',(-0.00617655354003581,0.0277255178466786,0.0052744821530183));
#7209=CARTESIAN_POINT('',(-0.00528218209728563,0.028282182097285,0.00580776380942309));
#7210=CARTESIAN_POINT('',(-0.00472551784667879,0.0291765535400353,0.0052744821530183));
#7211=CARTESIAN_POINT('',(-0.00517791417402241,0.0273926380580082,0.00505206875768971));
#7212=CARTESIAN_POINT('',(-0.00480398597389077,0.0278039859738923,0.00517051537863301));
#7213=CARTESIAN_POINT('',(-0.00439263805800728,0.0281779141740238,0.00505206875768971));
#7214=CARTESIAN_POINT('',(-0.0043926990889716,0.0271308996963223,0.005));
#7215=CARTESIAN_POINT('',(-0.00426179939992112,0.027261799399918,0.00500000000000213));
#7216=CARTESIAN_POINT('',(-0.00413089969632419,0.0273926990889687,0.005));
#7217=CARTESIAN_POINT('',(-0.004,0.027,0.005));
#7218=CARTESIAN_POINT('',(-0.004,0.027,0.005));
#7219=CARTESIAN_POINT('',(-0.004,0.027,0.005));
#7220=CARTESIAN_POINT('',(0.007,0.03,0.01));
#7221=CARTESIAN_POINT('',(0.007,0.03,0.006));
#7222=CARTESIAN_POINT('',(0.005,0.03,0.006));
#7223=CARTESIAN_POINT('',(0.005,0.028,0.006));
#7224=CARTESIAN_POINT('',(0.007,0.028,0.006));
#7225=CARTESIAN_POINT('',(0.005,0.0299999999999952,0.00586910030125257));
#7226=CARTESIAN_POINT('',(0.00500000000008394,0.0280000000000815,0.00613089980055707));
#7227=CARTESIAN_POINT('',(0.00699999999999643,0.028,0.00586910030125257));
#7228=CARTESIAN_POINT('',(0.00494793124239684,0.0298437937271929,0.0056073619431178));
#7229=CARTESIAN_POINT('',(0.00518415758805379,0.028184157588055,0.00633615548005699));
#7230=CARTESIAN_POINT('',(0.00684379372719221,0.0279479312423969,0.0056073619431178));
#7231=CARTESIAN_POINT('',(0.00472551784667879,0.0291765535400353,0.0052744821530183));
#7232=CARTESIAN_POINT('',(0.00528218209728563,0.028282182097285,0.00580776380942309));
#7233=CARTESIAN_POINT('',(0.00617655354003581,0.0277255178466786,0.0052744821530183));
#7234=CARTESIAN_POINT('',(0.00439263805800728,0.0281779141740238,0.00505206875768971));
#7235=CARTESIAN_POINT('',(0.00480398597389077,0.0278039859738923,0.00517051537863301));
#7236=CARTESIAN_POINT('',(0.00517791417402241,0.0273926380580082,0.00505206875768971));
#7237=CARTESIAN_POINT('',(0.00413089969632419,0.0273926990889687,0.005));
#7238=CARTESIAN_POINT('',(0.00426179939992112,0.027261799399918,0.00500000000000213));
#7239=CARTESIAN_POINT('',(0.0043926990889716,0.0271308996963223,0.005));
#7240=CARTESIAN_POINT('',(0.004,0.027,0.005));
#7241=CARTESIAN_POINT('',(0.004,0.027,0.005));
#7242=CARTESIAN_POINT('',(0.004,0.027,0.005));
#7243=CARTESIAN_POINT('',(-0.007,0.033,0.01));
#7244=CARTESIAN_POINT('',(-0.007,0.033,0.006));
#7245=CARTESIAN_POINT('',(-0.005,0.033,0.006));
#7246=CARTESIAN_POINT('',(-0.005,0.035,0.006));
#7247=CARTESIAN_POINT('',(-0.007,0.035,0.006));
#7248=CARTESIAN_POINT('',(-0.005,0.0330000000000041,0.00586910030125257));
#7249=CARTESIAN_POINT('',(-0.00500000000008394,0.0349999999999152,0.00613089980055707));
#7250=CARTESIAN_POINT('',(-0.00699999999999643,0.035,0.00586910030125257));
#7251=CARTESIAN_POINT('',(-0.00494793124239684,0.0331562062728075,0.0056073619431178));
#7252=CARTESIAN_POINT('',(-0.00518415758805379,0.0348158424119467,0.00633615548005699));
#7253=CARTESIAN_POINT('',(-0.00684379372719221,0.0350520687576031,0.0056073619431178));
#7254=CARTESIAN_POINT('',(-0.00472551784667879,0.0338234464599644,0.0052744821530183));
#7255=CARTESIAN_POINT('',(-0.00528218209728563,0.0347178179027138,0.00580776380942309));
#7256=CARTESIAN_POINT('',(-0.00617655354003581,0.0352744821533214,0.0052744821530183));
#7257=CARTESIAN_POINT('',(-0.00439263805800728,0.0348220858259771,0.00505206875768971));
#7258=CARTESIAN_POINT('',(-0.00480398597389077,0.0351960140261108,0.00517051537863301));
#7259=CARTESIAN_POINT('',(-0.00517791417402241,0.0356073619419918,0.0050520687576897));
#7260=CARTESIAN_POINT('',(-0.00413089969632419,0.0356073009110294,0.005));
#7261=CARTESIAN_POINT('',(-0.00426179939992112,0.0357382006000755,0.00500000000000213));
#7262=CARTESIAN_POINT('',(-0.0043926990889716,0.0358691003036777,0.005));
#7263=CARTESIAN_POINT('',(-0.004,0.036,0.005));
#7264=CARTESIAN_POINT('',(-0.004,0.036,0.005));
#7265=CARTESIAN_POINT('',(-0.004,0.036,0.005));
#7266=CARTESIAN_POINT('',(0.007,0.033,0.0075));
#7267=CARTESIAN_POINT('',(0.007,0.033,0.006));
#7268=CARTESIAN_POINT('',(0.007,0.035,0.006));
#7269=CARTESIAN_POINT('',(0.005,0.035,0.006));
#7270=CARTESIAN_POINT('',(0.005,0.033,0.006));
#7271=CARTESIAN_POINT('',(0.00699999999999643,0.035,0.00586910030125257));
#7272=CARTESIAN_POINT('',(0.00500000000008394,0.0349999999999152,0.00613089980055707));
#7273=CARTESIAN_POINT('',(0.005,0.0330000000000041,0.00586910030125257));
#7274=CARTESIAN_POINT('',(0.00684379372719221,0.0350520687576031,0.0056073619431178));
#7275=CARTESIAN_POINT('',(0.00518415758805379,0.0348158424119467,0.00633615548005699));
#7276=CARTESIAN_POINT('',(0.00494793124239684,0.0331562062728075,0.0056073619431178));
#7277=CARTESIAN_POINT('',(0.00617655354003581,0.0352744821533214,0.0052744821530183));
#7278=CARTESIAN_POINT('',(0.00528218209728563,0.0347178179027138,0.00580776380942309));
#7279=CARTESIAN_POINT('',(0.00472551784667879,0.0338234464599644,0.0052744821530183));
#7280=CARTESIAN_POINT('',(0.00517791417402241,0.0356073619419918,0.0050520687576897));
#7281=CARTESIAN_POINT('',(0.00480398597389077,0.0351960140261108,0.00517051537863301));
#7282=CARTESIAN_POINT('',(0.00439263805800728,0.0348220858259771,0.00505206875768971));
#7283=CARTESIAN_POINT('',(0.0043926990889716,0.0358691003036777,0.005));
#7284=CARTESIAN_POINT('',(0.00426179939992112,0.0357382006000755,0.00500000000000213));
#7285=CARTESIAN_POINT('',(0.00413089969632419,0.0356073009110294,0.005));
#7286=CARTESIAN_POINT('',(0.004,0.036,0.005));
#7287=CARTESIAN_POINT('',(0.004,0.036,0.005));
#7288=CARTESIAN_POINT('',(0.004,0.036,0.005));
#7289=CARTESIAN_POINT('',(-0.007,0.067,0.0075));
#7290=CARTESIAN_POINT('',(-0.007,0.067,0.006));
#7291=CARTESIAN_POINT('',(-0.007,0.065,0.006));
#7292=CARTESIAN_POINT('',(-0.005,0.065,0.006));
#7293=CARTESIAN_POINT('',(-0.005,0.067,0.006));
#7294=CARTESIAN_POINT('',(-0.00699999999999643,0.065,0.00586910030125257));
#7295=CARTESIAN_POINT('',(-0.00500000000008394,0.0650000000000732,0.00613089980055707));
#7296=CARTESIAN_POINT('',(-0.005,0.0669999999999946,0.00586910030125257));
#7297=CARTESIAN_POINT('',(-0.00684379372719221,0.064947931242397,0.0056073619431178));
#7298=CARTESIAN_POINT('',(-0.00518415758805379,0.0651841575880591,0.00633615548005699));
#7299=CARTESIAN_POINT('',(-0.00494793124239684,0.0668437937271933,0.0056073619431178));
#7300=CARTESIAN_POINT('',(-0.00617655354003581,0.0647255178466783,0.00527448215301829));
#7301=CARTESIAN_POINT('',(-0.00528218209728563,0.0652821820972826,0.00580776380942308));
#7302=CARTESIAN_POINT('',(-0.00472551784667879,0.0661765535400347,0.0052744821530183));
#7303=CARTESIAN_POINT('',(-0.00517791417402241,0.0643926380580091,0.00505206875768971));
#7304=CARTESIAN_POINT('',(-0.00480398597389077,0.0648039859738976,0.00517051537863301));
#7305=CARTESIAN_POINT('',(-0.00439263805800728,0.0651779141740256,0.00505206875768971));
#7306=CARTESIAN_POINT('',(-0.0043926990889716,0.0641308996963204,0.005));
#7307=CARTESIAN_POINT('',(-0.00426179939992112,0.0642617993999075,0.00500000000000213));
#7308=CARTESIAN_POINT('',(-0.00413089969632419,0.0643926990889649,0.005));
#7309=CARTESIAN_POINT('',(-0.004,0.064,0.005));
#7310=CARTESIAN_POINT('',(-0.004,0.064,0.005));
#7311=CARTESIAN_POINT('',(-0.004,0.064,0.005));
#7312=CARTESIAN_POINT('',(0.007,0.067,0.01));
#7313=CARTESIAN_POINT('',(0.007,0.067,0.006));
#7314=CARTESIAN_POINT('',(0.005,0.067,0.006));
#7315=CARTESIAN_POINT('',(0.005,0.065,0.006));
#7316=CARTESIAN_POINT('',(0.007,0.065,0.006));
#7317=CARTESIAN_POINT('',(0.005,0.0669999999999946,0.00586910030125257));
#7318=CARTESIAN_POINT('',(0.00500000000008394,0.0650000000000732,0.00613089980055707));
#7319=CARTESIAN_POINT('',(0.00699999999999643,0.065,0.00586910030125257));
#7320=CARTESIAN_POINT('',(0.00494793124239684,0.0668437937271933,0.0056073619431178));
#7321=CARTESIAN_POINT('',(0.00518415758805379,0.0651841575880591,0.00633615548005699));
#7322=CARTESIAN_POINT('',(0.00684379372719221,0.064947931242397,0.0056073619431178));
#7323=CARTESIAN_POINT('',(0.00472551784667879,0.0661765535400347,0.0052744821530183));
#7324=CARTESIAN_POINT('',(0.00528218209728563,0.0652821820972826,0.00580776380942308));
#7325=CARTESIAN_POINT('',(0.00617655354003581,0.0647255178466783,0.00527448215301829));
#7326=CARTESIAN_POINT('',(0.00439263805800728,0.0651779141740256,0.00505206875768971));
#7327=CARTESIAN_POINT('',(0.00480398597389077,0.0648039859738976,0.00517051537863301));
#7328=CARTESIAN_POINT('',(0.00517791417402241,0.0643926380580091,0.00505206875768971));
#7329=CARTESIAN_POINT('',(0.00413089969632419,0.0643926990889649,0.005));
#7330=CARTESIAN_POINT('',(0.00426179939992112,0.0642617993999075,0.00500000000000213));
#7331=CARTESIAN_POINT('',(0.0043926990889716,0.0641308996963204,0.005));
#7332=CARTESIAN_POINT('',(0.004,0.064,0.005));
#7333=CARTESIAN_POINT('',(0.004,0.064,0.005));
#7334=CARTESIAN_POINT('',(0.004,0.064,0.005));
#7335=CARTESIAN_POINT('',(-0.007,0.07,0.01));
#7336=CARTESIAN_POINT('',(-0.007,0.07,0.006));
#7337=CARTESIAN_POINT('',(-0.005,0.07,0.006));
#7338=CARTESIAN_POINT('',(-0.005,0.072,0.006));
#7339=CARTESIAN_POINT('',(-0.007,0.072,0.006));
#7340=CARTESIAN_POINT('',(-0.005,0.0700000000000054,0.00586910030125257));
#7341=CARTESIAN_POINT('',(-0.00500000000008394,0.0719999999999233,0.00613089980055707));
#7342=CARTESIAN_POINT('',(-0.00699999999999643,0.072,0.00586910030125257));
#7343=CARTESIAN_POINT('',(-0.00494793124239684,0.0701562062728067,0.0056073619431178));
#7344=CARTESIAN_POINT('',(-0.00518415758805379,0.0718158424119426,0.00633615548005699));
#7345=CARTESIAN_POINT('',(-0.00684379372719221,0.072052068757603,0.0056073619431178));
#7346=CARTESIAN_POINT('',(-0.00472551784667879,0.0708234464599652,0.0052744821530183));
#7347=CARTESIAN_POINT('',(-0.00528218209728563,0.0717178179027163,0.00580776380942308));
#7348=CARTESIAN_POINT('',(-0.00617655354003581,0.0722744821533217,0.00527448215301829));
#7349=CARTESIAN_POINT('',(-0.00439263805800728,0.0718220858259744,0.00505206875768971));
#7350=CARTESIAN_POINT('',(-0.00480398597389077,0.072196014026105,0.00517051537863301));
#7351=CARTESIAN_POINT('',(-0.00517791417402241,0.0726073619419909,0.00505206875768971));
#7352=CARTESIAN_POINT('',(-0.00413089969632419,0.0726073009110351,0.005));
#7353=CARTESIAN_POINT('',(-0.00426179939992112,0.0727382006000872,0.00500000000000213));
#7354=CARTESIAN_POINT('',(-0.0043926990889716,0.0728691003036797,0.005));
#7355=CARTESIAN_POINT('',(-0.004,0.073,0.005));
#7356=CARTESIAN_POINT('',(-0.004,0.073,0.005));
#7357=CARTESIAN_POINT('',(-0.004,0.073,0.005));
#7358=CARTESIAN_POINT('',(0.007,0.07,0.0075));
#7359=CARTESIAN_POINT('',(0.007,0.07,0.006));
#7360=CARTESIAN_POINT('',(0.007,0.072,0.006));
#7361=CARTESIAN_POINT('',(0.005,0.072,0.006));
#7362=CARTESIAN_POINT('',(0.005,0.07,0.006));
#7363=CARTESIAN_POINT('',(0.00699999999999643,0.072,0.00586910030125257));
#7364=CARTESIAN_POINT('',(0.00500000000008394,0.0719999999999233,0.00613089980055707));
#7365=CARTESIAN_POINT('',(0.005,0.0700000000000054,0.00586910030125257));
#7366=CARTESIAN_POINT('',(0.00684379372719221,0.072052068757603,0.0056073619431178));
#7367=CARTESIAN_POINT('',(0.00518415758805379,0.0718158424119426,0.00633615548005699));
#7368=CARTESIAN_POINT('',(0.00494793124239684,0.0701562062728067,0.0056073619431178));
#7369=CARTESIAN_POINT('',(0.00617655354003581,0.0722744821533217,0.00527448215301829));
#7370=CARTESIAN_POINT('',(0.00528218209728563,0.0717178179027163,0.00580776380942308));
#7371=CARTESIAN_POINT('',(0.00472551784667879,0.0708234464599652,0.0052744821530183));
#7372=CARTESIAN_POINT('',(0.00517791417402241,0.0726073619419909,0.00505206875768971));
#7373=CARTESIAN_POINT('',(0.00480398597389077,0.072196014026105,0.00517051537863301));
#7374=CARTESIAN_POINT('',(0.00439263805800728,0.0718220858259744,0.00505206875768971));
#7375=CARTESIAN_POINT('',(0.0043926990889716,0.0728691003036797,0.005));
#7376=CARTESIAN_POINT('',(0.00426179939992112,0.0727382006000872,0.00500000000000213));
#7377=CARTESIAN_POINT('',(0.00413089969632419,0.0726073009110351,0.005));
#7378=CARTESIAN_POINT('',(0.004,0.073,0.005));
#7379=CARTESIAN_POINT('',(0.004,0.073,0.005));
#7380=CARTESIAN_POINT('',(0.004,0.073,0.005));
#7381=CARTESIAN_POINT('',(0.0095,0.0695,-0.002));
#7382=CARTESIAN_POINT('',(1.02265926617913E-17,0.0255,-0.002));
#7383=CARTESIAN_POINT('',(-0.00751641115628708,0.000501425885413638,0.0126730148931409));
#7384=CARTESIAN_POINT('',(-0.0169,0.095,0.003));
#7385=CARTESIAN_POINT('',(-0.0169,0.03,0.003));
#7386=CARTESIAN_POINT('',(-0.0195,0.03,0.003));
#7387=CARTESIAN_POINT('',(-0.0193,0.03,0.003));
#7388=CARTESIAN_POINT('',(-0.0195,0.095,0.003));
#7389=CARTESIAN_POINT('',(-0.0195,0.095,0.003));
#7390=CARTESIAN_POINT('',(-0.0169,0.095,0.003));
#7391=CARTESIAN_POINT('',(-0.0133,0.095,0.003));
#7392=CARTESIAN_POINT('',(-0.0133,0.095,0.003));
#7393=CARTESIAN_POINT('',(-0.0133,0.071,0.003));
#7394=CARTESIAN_POINT('',(-0.0193,0.071,0.003));
#7395=CARTESIAN_POINT('',(-0.0193,0.071,0.003));
#7396=CARTESIAN_POINT('',(-0.0193,0.095,0.003));
#7397=CARTESIAN_POINT('',(-0.0113,0.095,0.0055));
#7398=CARTESIAN_POINT('',(-0.0113,0.095,0.0055));
#7399=CARTESIAN_POINT('',(-0.0113,0.095,0.0085));
#7400=CARTESIAN_POINT('',(-0.0113,0.095,0.0025));
#7401=CARTESIAN_POINT('',(-0.0113,0.095,0.0085));
#7402=CARTESIAN_POINT('',(-0.0113,0.0703228756555323,0.0085));
#7403=CARTESIAN_POINT('',(-0.0113,0.069,0.007));
#7404=CARTESIAN_POINT('',(-0.0113,0.07,0.00526794919243112));
#7405=CARTESIAN_POINT('',(-0.0113,0.07,0.0055));
#7406=CARTESIAN_POINT('',(-0.0113,0.07,0.0025));
#7407=CARTESIAN_POINT('',(-0.0113,0.095,0.0025));
#7408=CARTESIAN_POINT('',(0.0113,0.095,0.0055));
#7409=CARTESIAN_POINT('',(0.0113,0.069,0.007));
#7410=CARTESIAN_POINT('',(0.0113,0.07,0.00526794919243112));
#7411=CARTESIAN_POINT('',(0.0113,0.0703228756555323,0.0085));
#7412=CARTESIAN_POINT('',(0.0113,0.095,0.0085));
#7413=CARTESIAN_POINT('',(0.0113,0.095,0.0085));
#7414=CARTESIAN_POINT('',(0.0113,0.095,0.0055));
#7415=CARTESIAN_POINT('',(0.0113,0.095,0.0025));
#7416=CARTESIAN_POINT('',(0.0113,0.07,0.0025));
#7417=CARTESIAN_POINT('',(0.0113,0.07,0.0025));
#7418=CARTESIAN_POINT('',(0.0113,0.07,0.0055));
#7419=CARTESIAN_POINT('',(0.0169,0.095,0.003));
#7420=CARTESIAN_POINT('',(0.0169,0.095,0.003));
#7421=CARTESIAN_POINT('',(0.0133,0.095,0.003));
#7422=CARTESIAN_POINT('',(0.0195,0.095,0.003));
#7423=CARTESIAN_POINT('',(0.0195,0.03,0.003));
#7424=CARTESIAN_POINT('',(0.0195,0.03,0.003));
#7425=CARTESIAN_POINT('',(0.0169,0.03,0.003));
#7426=CARTESIAN_POINT('',(0.0193,0.03,0.003));
#7427=CARTESIAN_POINT('',(0.0193,0.095,0.003));
#7428=CARTESIAN_POINT('',(0.0193,0.071,0.003));
#7429=CARTESIAN_POINT('',(0.0169,0.071,0.003));
#7430=CARTESIAN_POINT('',(0.0133,0.071,0.003));
#7431=CARTESIAN_POINT('',(0.0133,0.095,0.003));
#7432=CARTESIAN_POINT('',(0.0205,0.095,0.0085));
#7433=CARTESIAN_POINT('',(0.0205,0.03,0.0085));
#7434=CARTESIAN_POINT('',(0.0205,0.03,0.004));
#7435=CARTESIAN_POINT('',(0.0205,0.03,0.013));
#7436=CARTESIAN_POINT('',(0.0205,0.095,0.004));
#7437=CARTESIAN_POINT('',(0.0205,0.095,0.004));
#7438=CARTESIAN_POINT('',(0.0205,0.095,0.0085));
#7439=CARTESIAN_POINT('',(0.0205,0.095,0.013));
#7440=CARTESIAN_POINT('',(0.0205,0.03,0.013));
#7441=CARTESIAN_POINT('',(-3.46944695195361E-18,0.095,0.014));
#7442=CARTESIAN_POINT('',(-3.46944695195361E-18,0.095,0.014));
#7443=CARTESIAN_POINT('',(0.0195,0.095,0.014));
#7444=CARTESIAN_POINT('',(-0.0195,0.095,0.014));
#7445=CARTESIAN_POINT('',(-0.0195,0.095,0.014));
#7446=CARTESIAN_POINT('',(-0.0195,0.03,0.014));
#7447=CARTESIAN_POINT('',(-3.46944695195361E-18,0.03,0.014));
#7448=CARTESIAN_POINT('',(0.0195,0.03,0.014));
#7449=CARTESIAN_POINT('',(0.0195,0.095,0.014));
#7450=CARTESIAN_POINT('',(-0.0205,0.095,0.0085));
#7451=CARTESIAN_POINT('',(-0.0205,0.095,0.0085));
#7452=CARTESIAN_POINT('',(-0.0205,0.095,0.013));
#7453=CARTESIAN_POINT('',(-0.0205,0.095,0.004));
#7454=CARTESIAN_POINT('',(-0.0205,0.03,0.004));
#7455=CARTESIAN_POINT('',(-0.0205,0.03,0.004));
#7456=CARTESIAN_POINT('',(-0.0205,0.03,0.0085));
#7457=CARTESIAN_POINT('',(-0.0205,0.03,0.013));
#7458=CARTESIAN_POINT('',(-0.0205,0.095,0.013));
#7459=CARTESIAN_POINT('',(0.,0.095,0.0095));
#7460=CARTESIAN_POINT('',(0.,0.03,0.0095));
#7461=CARTESIAN_POINT('',(0.0103635083268963,0.03,0.0095));
#7462=CARTESIAN_POINT('',(-0.0103635083268963,0.03,0.0095));
#7463=CARTESIAN_POINT('',(-0.0103635083268963,0.095,0.0095));
#7464=CARTESIAN_POINT('',(-0.0103635083268963,0.069,0.0095));
#7465=CARTESIAN_POINT('',(-0.0103635083268963,0.069,0.0095));
#7466=CARTESIAN_POINT('',(-0.0103635083268963,0.0694420971708625,0.0095));
#7467=CARTESIAN_POINT('',(-0.0103,0.0698810766957842,0.0095));
#7468=CARTESIAN_POINT('',(-0.0103,0.0703228756555323,0.0095));
#7469=CARTESIAN_POINT('',(-0.0103,0.0703228756555323,0.0095));
#7470=CARTESIAN_POINT('',(-0.0103,0.095,0.0095));
#7471=CARTESIAN_POINT('',(-0.0103,0.095,0.0095));
#7472=CARTESIAN_POINT('',(0.,0.095,0.0095));
#7473=CARTESIAN_POINT('',(0.0103,0.095,0.0095));
#7474=CARTESIAN_POINT('',(0.0103,0.03,0.0095));
#7475=CARTESIAN_POINT('',(0.0103,0.0703228756555323,0.0095));
#7476=CARTESIAN_POINT('',(0.0103,0.0703228756555323,0.0095));
#7477=CARTESIAN_POINT('',(0.0103,0.0698810766957842,0.0095));
#7478=CARTESIAN_POINT('',(0.0103635083268961,0.0694420971708625,0.0095));
#7479=CARTESIAN_POINT('',(0.0103635083268961,0.069,0.0095));
#7480=CARTESIAN_POINT('',(0.0103635083268963,0.069,0.0095));
#7481=CARTESIAN_POINT('',(0.0103635083268963,0.03,0.0095));
#7482=CARTESIAN_POINT('',(-0.0113,0.095,-8.67361737988404E-19));
#7483=CARTESIAN_POINT('',(-0.0093,0.095,2.16840434497101E-19));
#7484=CARTESIAN_POINT('',(-0.0093,0.095,2.16840434497101E-19));
#7485=CARTESIAN_POINT('',(-0.0093,0.07,-8.67361737988404E-19));
#7486=CARTESIAN_POINT('',(-0.0163,0.07,-8.67361737988404E-19));
#7487=CARTESIAN_POINT('',(-0.0133,0.07,-8.67361737988404E-19));
#7488=CARTESIAN_POINT('',(-0.0133,0.095,-8.67361737988404E-19));
#7489=CARTESIAN_POINT('',(-0.0133,0.095,-8.67361737988404E-19));
#7490=CARTESIAN_POINT('',(-0.0113,0.095,-8.67361737988404E-19));
#7491=CARTESIAN_POINT('',(0.0113,0.095,-8.67361737988404E-19));
#7492=CARTESIAN_POINT('',(0.0133,0.095,-8.67361737988404E-19));
#7493=CARTESIAN_POINT('',(0.0133,0.095,-8.67361737988404E-19));
#7494=CARTESIAN_POINT('',(0.0133,0.07,-8.67361737988404E-19));
#7495=CARTESIAN_POINT('',(-0.0163,0.07,-8.67361737988404E-19));
#7496=CARTESIAN_POINT('',(0.0093,0.07,-8.67361737988404E-19));
#7497=CARTESIAN_POINT('',(0.0093,0.095,2.16840434497101E-19));
#7498=CARTESIAN_POINT('',(0.0093,0.095,2.16840434497101E-19));
#7499=CARTESIAN_POINT('',(0.0113,0.095,-8.67361737988404E-19));
#7500=CARTESIAN_POINT('',(-0.0133,0.095,0.0015));
#7501=CARTESIAN_POINT('',(-0.0133,0.07,0.0015));
#7502=CARTESIAN_POINT('',(-0.0133,0.07,0.004));
#7503=CARTESIAN_POINT('',(-0.0133,0.071,0.004));
#7504=CARTESIAN_POINT('',(-0.0133,0.095,0.0015));
#7505=CARTESIAN_POINT('',(-0.0093,0.095,0.00075));
#7506=CARTESIAN_POINT('',(-0.0093,0.095,0.00075));
#7507=CARTESIAN_POINT('',(-0.0093,0.095,0.0005));
#7508=CARTESIAN_POINT('',(-0.0093,0.095,0.0005));
#7509=CARTESIAN_POINT('',(-0.0093,0.07,0.0005));
#7510=CARTESIAN_POINT('',(-0.0093,0.07,0.00075));
#7511=CARTESIAN_POINT('',(0.0093,0.095,0.00075));
#7512=CARTESIAN_POINT('',(0.0093,0.07,0.00075));
#7513=CARTESIAN_POINT('',(0.0093,0.07,0.0005));
#7514=CARTESIAN_POINT('',(0.0093,0.095,0.0005));
#7515=CARTESIAN_POINT('',(0.0093,0.095,0.0005));
#7516=CARTESIAN_POINT('',(0.0093,0.095,0.00075));
#7517=CARTESIAN_POINT('',(0.0133,0.095,0.0015));
#7518=CARTESIAN_POINT('',(0.0133,0.071,0.004));
#7519=CARTESIAN_POINT('',(0.0133,0.07,0.004));
#7520=CARTESIAN_POINT('',(0.0133,0.07,0.0015));
#7521=CARTESIAN_POINT('',(0.0133,0.095,0.0015));
#7522=CARTESIAN_POINT('',(-3.46944695195361E-18,0.095,0.007));
#7523=CARTESIAN_POINT('',(-0.0195,0.095,0.004));
#7524=CARTESIAN_POINT('',(-0.0195,0.095,0.013));
#7525=CARTESIAN_POINT('',(0.0195,0.095,0.013));
#7526=CARTESIAN_POINT('',(0.0195,0.095,0.004));
#7527=CARTESIAN_POINT('',(0.0103,0.095,0.0005));
#7528=CARTESIAN_POINT('',(0.0103,0.095,0.0015));
#7529=CARTESIAN_POINT('',(0.0103,0.095,0.0025));
#7530=CARTESIAN_POINT('',(0.0103,0.095,0.0085));
#7531=CARTESIAN_POINT('',(-0.0103,0.095,0.0085));
#7532=CARTESIAN_POINT('',(-0.0103,0.095,0.0025));
#7533=CARTESIAN_POINT('',(-0.0103,0.095,0.0015));
#7534=CARTESIAN_POINT('',(-0.0103,0.095,0.0005));
#7535=CARTESIAN_POINT('',(0.0193,0.05,0.008));
#7536=CARTESIAN_POINT('',(0.0193,0.03,0.008));
#7537=CARTESIAN_POINT('',(0.0193,0.03,0.007));
#7538=CARTESIAN_POINT('',(0.0193,0.05,0.007));
#7539=CARTESIAN_POINT('',(0.0193,0.07,0.007));
#7540=CARTESIAN_POINT('',(0.0193,0.07,0.008));
#7541=CARTESIAN_POINT('',(0.0193,0.07,0.004));
#7542=CARTESIAN_POINT('',(0.0193,0.071,0.004));
#7543=CARTESIAN_POINT('',(-0.0163,0.07,0.008));
#7544=CARTESIAN_POINT('',(0.0103,0.07,0.0025));
#7545=CARTESIAN_POINT('',(0.0103,0.07,0.0015));
#7546=CARTESIAN_POINT('',(0.0103,0.07,0.0005));
#7547=CARTESIAN_POINT('',(-0.0163,0.07,0.004));
#7548=CARTESIAN_POINT('',(0.0113,0.07,0.007));
#7549=CARTESIAN_POINT('',(0.0123,0.07,0.007));
#7550=CARTESIAN_POINT('',(0.0113,0.07,0.00526794919243112));
#7551=CARTESIAN_POINT('',(0.0113,0.07,0.00561460329838122));
#7552=CARTESIAN_POINT('',(0.0115671545707675,0.07,0.00626783664217615));
#7553=CARTESIAN_POINT('',(0.0120587022722889,0.07,0.00675870106580909));
#7554=CARTESIAN_POINT('',(0.0123,0.07,0.007));
#7555=CARTESIAN_POINT('',(0.,0.0475,0.008));
#7556=CARTESIAN_POINT('',(-0.0163,0.03,0.008));
#7557=CARTESIAN_POINT('',(0.0123,0.03,0.008));
#7558=CARTESIAN_POINT('',(0.0183,0.03,0.008));
#7559=CARTESIAN_POINT('',(0.0123,0.0475,0.008));
#7560=CARTESIAN_POINT('',(0.0123,0.069,0.008));
#7561=CARTESIAN_POINT('',(0.0193,0.069,0.008));
#7562=CARTESIAN_POINT('',(0.0183,0.069,0.008));
#7563=CARTESIAN_POINT('',(0.0183,0.0475,0.008));
#7564=CARTESIAN_POINT('',(-0.0193,0.05,0.008));
#7565=CARTESIAN_POINT('',(-0.0193,0.07,0.008));
#7566=CARTESIAN_POINT('',(-0.0193,0.07,0.007));
#7567=CARTESIAN_POINT('',(-0.0193,0.07,0.004));
#7568=CARTESIAN_POINT('',(-0.0193,0.03,0.007));
#7569=CARTESIAN_POINT('',(-0.0193,0.03,0.007));
#7570=CARTESIAN_POINT('',(-0.0193,0.03,0.008));
#7571=CARTESIAN_POINT('',(-0.0193,0.071,0.004));
#7572=CARTESIAN_POINT('',(0.,0.0475,0.008));
#7573=CARTESIAN_POINT('',(-0.0163,0.03,0.008));
#7574=CARTESIAN_POINT('',(-0.0183,0.03,0.008));
#7575=CARTESIAN_POINT('',(-0.0123,0.03,0.008));
#7576=CARTESIAN_POINT('',(-0.0183,0.07,0.008));
#7577=CARTESIAN_POINT('',(-0.0183,0.069,0.008));
#7578=CARTESIAN_POINT('',(-0.0113,0.069,0.008));
#7579=CARTESIAN_POINT('',(-0.0123,0.069,0.008));
#7580=CARTESIAN_POINT('',(-0.0123,0.03,0.008));
#7581=CARTESIAN_POINT('',(-0.0163,0.07,0.008));
#7582=CARTESIAN_POINT('',(-0.0103,0.07,0.0005));
#7583=CARTESIAN_POINT('',(-0.0103,0.07,0.0015));
#7584=CARTESIAN_POINT('',(-0.0103,0.07,0.0025));
#7585=CARTESIAN_POINT('',(-0.0113,0.07,0.00526794919243112));
#7586=CARTESIAN_POINT('',(-0.0113,0.07,0.00561460329838122));
#7587=CARTESIAN_POINT('',(-0.0115671545707675,0.07,0.00626783664217615));
#7588=CARTESIAN_POINT('',(-0.0120587022722889,0.07,0.00675870106580909));
#7589=CARTESIAN_POINT('',(-0.0123,0.07,0.007));
#7590=CARTESIAN_POINT('',(-0.0123,0.07,0.007));
#7591=CARTESIAN_POINT('',(-0.0193,0.07,0.007));
#7592=CARTESIAN_POINT('',(-0.0133,0.07,0.004));
#7593=CARTESIAN_POINT('',(0.,0.03,0.));
#7594=CARTESIAN_POINT('',(-0.0195,0.03,0.004));
#7595=CARTESIAN_POINT('',(-0.0183,0.03,0.007));
#7596=CARTESIAN_POINT('',(-0.0123,0.03,0.009));
#7597=CARTESIAN_POINT('',(-0.0113317541634481,0.03,0.00875));
#7598=CARTESIAN_POINT('',(-0.0103635083268963,0.03,0.0085));
#7599=CARTESIAN_POINT('',(0.0103635083268963,0.03,0.0085));
#7600=CARTESIAN_POINT('',(0.0113317541634481,0.03,0.00875));
#7601=CARTESIAN_POINT('',(0.0123,0.03,0.009));
#7602=CARTESIAN_POINT('',(0.0183,0.03,0.007));
#7603=CARTESIAN_POINT('',(0.0195,0.03,0.004));
#7604=CARTESIAN_POINT('',(0.0195,0.03,0.013));
#7605=CARTESIAN_POINT('',(-0.0195,0.03,0.013));
#7606=CARTESIAN_POINT('',(-0.0123,0.0475,0.009));
#7607=CARTESIAN_POINT('',(-0.0123,0.069,0.009));
#7608=CARTESIAN_POINT('',(-0.0113317541634481,0.069,0.00875));
#7609=CARTESIAN_POINT('',(-0.0113317541634481,0.0475,0.00875));
#7610=CARTESIAN_POINT('',(-0.0123,0.069,0.007));
#7611=CARTESIAN_POINT('',(-0.0113,0.0703228756555323,0.0085));
#7612=CARTESIAN_POINT('',(-0.0113,0.0698919518021008,0.00863681408202225));
#7613=CARTESIAN_POINT('',(-0.0113317541634481,0.0694534460458636,0.00875));
#7614=CARTESIAN_POINT('',(-0.0113317541634481,0.069,0.00875));
#7615=CARTESIAN_POINT('',(-0.0123,0.069,0.007));
#7616=CARTESIAN_POINT('',(-0.0183,0.05,0.007));
#7617=CARTESIAN_POINT('',(-0.0183,0.069,0.007));
#7618=CARTESIAN_POINT('',(-0.0163,0.069,0.007));
#7619=CARTESIAN_POINT('',(-0.0163,0.071,0.004));
#7620=CARTESIAN_POINT('',(0.0123,0.095,0.009));
#7621=CARTESIAN_POINT('',(0.0113317541634481,0.095,0.00875));
#7622=CARTESIAN_POINT('',(0.0113317541634481,0.069,0.00875));
#7623=CARTESIAN_POINT('',(0.0123,0.069,0.009));
#7624=CARTESIAN_POINT('',(0.0183,0.0475,0.007));
#7625=CARTESIAN_POINT('',(0.0183,0.069,0.007));
#7626=CARTESIAN_POINT('',(0.0123,0.069,0.007));
#7627=CARTESIAN_POINT('',(0.0113317541634481,0.069,0.00875));
#7628=CARTESIAN_POINT('',(0.0113317541634481,0.0694534460458636,0.00875));
#7629=CARTESIAN_POINT('',(0.0113,0.0698919518021008,0.00863681408202225));
#7630=CARTESIAN_POINT('',(0.0113,0.0703228756555323,0.0085));
#7631=CARTESIAN_POINT('',(0.0123,0.069,0.007));
#7632=CARTESIAN_POINT('',(-0.0163,0.069,0.007));
#7633=CARTESIAN_POINT('',(0.0169,0.071,0.004));
#7634=CARTESIAN_POINT('',(-0.0195,0.095,0.013));
#7635=CARTESIAN_POINT('',(0.0195,0.095,0.013));
#7636=CARTESIAN_POINT('',(-0.0103635083268963,0.0475,0.0085));
#7637=CARTESIAN_POINT('',(-0.0103635083268963,0.069,0.0085));
#7638=CARTESIAN_POINT('',(-0.0113,0.0703228756555323,0.0085));
#7639=CARTESIAN_POINT('',(-0.0113,0.0703228756555323,0.0095));
#7640=CARTESIAN_POINT('',(-0.0103,0.0703228756555323,0.0095));
#7641=CARTESIAN_POINT('',(-0.0113,0.0699774764195762,0.00860966089168814));
#7642=CARTESIAN_POINT('',(-0.0111960393207245,0.0699954303782846,0.00949999999999787));
#7643=CARTESIAN_POINT('',(-0.010300000042026,0.0698807645877112,0.0095));
#7644=CARTESIAN_POINT('',(-0.0113317541634186,0.069513935766685,0.00875000000011438));
#7645=CARTESIAN_POINT('',(-0.011138104996012,0.0694992519331038,0.00949999999999988));
#7646=CARTESIAN_POINT('',(-0.0103635083269135,0.0694405162595688,0.0095));
#7647=CARTESIAN_POINT('',(-0.0113317541634481,0.069,0.00875));
#7648=CARTESIAN_POINT('',(-0.0111381049961378,0.069,0.0095));
#7649=CARTESIAN_POINT('',(-0.0103635083268963,0.069,0.0095));
#7650=CARTESIAN_POINT('',(-0.0103,0.0703228756555323,0.0085));
#7651=CARTESIAN_POINT('',(-0.0103,0.095,0.0085));
#7652=CARTESIAN_POINT('',(0.0103635083268963,0.095,0.0085));
#7653=CARTESIAN_POINT('',(0.0103635083268963,0.069,0.0085));
#7654=CARTESIAN_POINT('',(0.0103,0.0703228756555323,0.0095));
#7655=CARTESIAN_POINT('',(0.0113,0.0703228756555323,0.0095));
#7656=CARTESIAN_POINT('',(0.0113,0.0703228756555323,0.0085));
#7657=CARTESIAN_POINT('',(0.010300000042026,0.0698807645877112,0.0095));
#7658=CARTESIAN_POINT('',(0.0111960393207254,0.0699954303782822,0.00950000000000025));
#7659=CARTESIAN_POINT('',(0.0113,0.0699774764195762,0.00860966089168929));
#7660=CARTESIAN_POINT('',(0.0103635083269139,0.0694405162595596,0.0095));
#7661=CARTESIAN_POINT('',(0.0111381049960089,0.0694992519330925,0.00949999999999994));
#7662=CARTESIAN_POINT('',(0.0113317541634187,0.0695139357666758,0.0087500000001142));
#7663=CARTESIAN_POINT('',(0.0103635083268963,0.069,0.0095));
#7664=CARTESIAN_POINT('',(0.0111381049961378,0.069,0.0095));
#7665=CARTESIAN_POINT('',(0.0113317541634481,0.069,0.00875));
#7666=CARTESIAN_POINT('',(0.0103,0.0703228756555323,0.0085));
#7667=CARTESIAN_POINT('',(0.0103,0.095,0.0085));
#7668=CARTESIAN_POINT('',(-0.0195,0.095,0.004));
#7669=CARTESIAN_POINT('',(0.0195,0.095,0.004));
#7670=CARTESIAN_POINT('',(0.0103,0.095,0.0025));
#7671=CARTESIAN_POINT('',(0.0103,0.095,0.0015));
#7672=CARTESIAN_POINT('',(0.0103,0.095,0.0005));
#7673=CARTESIAN_POINT('',(-0.0103,0.095,0.0025));
#7674=CARTESIAN_POINT('',(-0.0103,0.07,0.0015));
#7675=CARTESIAN_POINT('',(-0.0103,0.095,0.0005));
#7676=CARTESIAN_POINT('',(-0.00751641115628708,0.000501425885413631,0.0146730148931409));
#7677=MECHANICAL_DESIGN_GEOMETRIC_PRESENTATION_REPRESENTATION('',(#4375,
#4376,#4377),#7678);
#7678=(
GEOMETRIC_REPRESENTATION_CONTEXT(3)
GLOBAL_UNCERTAINTY_ASSIGNED_CONTEXT((#7682))
GLOBAL_UNIT_ASSIGNED_CONTEXT((#7688,#7687,#7686))
REPRESENTATION_CONTEXT('HACKATHON_ASSEMBLY','TOP_LEVEL_ASSEMBLY_PART')
);
#7679=(
GEOMETRIC_REPRESENTATION_CONTEXT(3)
GLOBAL_UNCERTAINTY_ASSIGNED_CONTEXT((#7683))
GLOBAL_UNIT_ASSIGNED_CONTEXT((#7688,#7687,#7686))
REPRESENTATION_CONTEXT('Part 1','COMPONENT_PART')
);
#7680=(
GEOMETRIC_REPRESENTATION_CONTEXT(3)
GLOBAL_UNCERTAINTY_ASSIGNED_CONTEXT((#7684))
GLOBAL_UNIT_ASSIGNED_CONTEXT((#7688,#7687,#7686))
REPRESENTATION_CONTEXT('Part 1','COMPONENT_PART')
);
#7681=(
GEOMETRIC_REPRESENTATION_CONTEXT(3)
GLOBAL_UNCERTAINTY_ASSIGNED_CONTEXT((#7685))
GLOBAL_UNIT_ASSIGNED_CONTEXT((#7688,#7687,#7686))
REPRESENTATION_CONTEXT('Part 2','COMPONENT_PART')
);
#7682=UNCERTAINTY_MEASURE_WITH_UNIT(LENGTH_MEASURE(1.E-8),#7688,
'DISTANCE_ACCURACY_VALUE','Maximum Tolerance applied to model');
#7683=UNCERTAINTY_MEASURE_WITH_UNIT(LENGTH_MEASURE(2.E-5),#7688,
'DISTANCE_ACCURACY_VALUE','Maximum Tolerance applied to model');
#7684=UNCERTAINTY_MEASURE_WITH_UNIT(LENGTH_MEASURE(2.E-5),#7688,
'DISTANCE_ACCURACY_VALUE','Maximum Tolerance applied to model');
#7685=UNCERTAINTY_MEASURE_WITH_UNIT(LENGTH_MEASURE(2.E-5),#7688,
'DISTANCE_ACCURACY_VALUE','Maximum Tolerance applied to model');
#7686=(
NAMED_UNIT(*)
SI_UNIT($,.STERADIAN.)
SOLID_ANGLE_UNIT()
);
#7687=(
NAMED_UNIT(*)
PLANE_ANGLE_UNIT()
SI_UNIT($,.RADIAN.)
);
#7688=(
LENGTH_UNIT()
NAMED_UNIT(*)
SI_UNIT($,.METRE.)
);
#7689=PRODUCT_DEFINITION_SHAPE('','',#7696);
#7690=PRODUCT_DEFINITION_SHAPE('','',#7697);
#7691=PRODUCT_DEFINITION_SHAPE(' ','NAUO PRDDFN',#27);
#7692=PRODUCT_DEFINITION_SHAPE('','',#7698);
#7693=PRODUCT_DEFINITION_SHAPE(' ','NAUO PRDDFN',#28);
#7694=PRODUCT_DEFINITION_SHAPE('','',#7699);
#7695=PRODUCT_DEFINITION_SHAPE(' ','NAUO PRDDFN',#29);
#7696=PRODUCT_DEFINITION('','',#7704,#7700);
#7697=PRODUCT_DEFINITION('','',#7705,#7701);
#7698=PRODUCT_DEFINITION('','',#7706,#7702);
#7699=PRODUCT_DEFINITION('','',#7707,#7703);
#7700=PRODUCT_DEFINITION_CONTEXT('',#7725,'design');
#7701=PRODUCT_DEFINITION_CONTEXT('',#7725,'design');
#7702=PRODUCT_DEFINITION_CONTEXT('',#7725,'design');
#7703=PRODUCT_DEFINITION_CONTEXT('',#7725,'design');
#7704=PRODUCT_DEFINITION_FORMATION_WITH_SPECIFIED_SOURCE('','',#7712,
 .NOT_KNOWN.);
#7705=PRODUCT_DEFINITION_FORMATION_WITH_SPECIFIED_SOURCE('','',#7713,
 .NOT_KNOWN.);
#7706=PRODUCT_DEFINITION_FORMATION_WITH_SPECIFIED_SOURCE('','',#7714,
 .NOT_KNOWN.);
#7707=PRODUCT_DEFINITION_FORMATION_WITH_SPECIFIED_SOURCE('','',#7715,
 .NOT_KNOWN.);
#7708=PRODUCT_RELATED_PRODUCT_CATEGORY('','',(#7712));
#7709=PRODUCT_RELATED_PRODUCT_CATEGORY('','',(#7713));
#7710=PRODUCT_RELATED_PRODUCT_CATEGORY('','',(#7714));
#7711=PRODUCT_RELATED_PRODUCT_CATEGORY('','',(#7715));
#7712=PRODUCT('HACKATHON_ASSEMBLY','HACKATHON_ASSEMBLY',
'HACKATHON_ASSEMBLY',(#7720));
#7713=PRODUCT('Part 1','Part 1','Part 1',(#7721));
#7714=PRODUCT('Part 1','Part 1','Part 1',(#7722));
#7715=PRODUCT('Part 2','Part 2','Part 2',(#7723));
#7716=PRODUCT_CATEGORY('','');
#7717=PRODUCT_CATEGORY('','');
#7718=PRODUCT_CATEGORY('','');
#7719=PRODUCT_CATEGORY('','');
#7720=PRODUCT_CONTEXT('',#7725,'mechanical');
#7721=PRODUCT_CONTEXT('',#7725,'mechanical');
#7722=PRODUCT_CONTEXT('',#7725,'mechanical');
#7723=PRODUCT_CONTEXT('',#7725,'mechanical');
#7724=APPLICATION_PROTOCOL_DEFINITION('international standard',
'ap242_managed_model_based_3d_engineering',2020,#7725);
#7725=APPLICATION_CONTEXT('managed model based 3d engineering');
ENDSEC;
END-ISO-10303-21;
