ISO-10303-21;
HEADER;
/* Generated by software containing ST-Developer
 * from STEP Tools, Inc. (www.steptools.com) 
 */
/* OPTION: using custom renumber hook */

FILE_DESCRIPTION(
/* description */ ('STEP AP242 Edition 2',
'CAx-IF Rec.Pracs.---Representation and Presentation of Product Manufa
cturing Information (PMI)---4.0---2014-10-13',
'CAx-IF Rec.Pracs.---3D Tessellated Geometry---0.4---2014-09-14','2;1',
'CAx-IF Rec.Pracs.---User Defined Attributes---1.5---2016-08-15'),
/* implementation_level */ '2;1');

FILE_NAME(
/* name */ '6abf779d1a2a090b907a8338',
/* time_stamp */ '2026-10-02T09:21:34Z',
/* author */ (''),
/* organization */ (''),
/* preprocessor_version */ 'ST-DEVELOPER v20',
/* originating_system */ 'ONSHAPE BY PTC INC, 1.221',
/* authorisation */ '  ');

FILE_SCHEMA (('AP242_MANAGED_MODEL_BASED_3D_ENGINEERING_MIM_LF { 1 0 10303 442 3 1 4 }'));
ENDSEC;

DATA;
#10=CONTEXT_DEPENDENT_SHAPE_REPRESENTATION(#16,#6450);
#11=CONTEXT_DEPENDENT_SHAPE_REPRESENTATION(#17,#6452);
#12=CONTEXT_DEPENDENT_SHAPE_REPRESENTATION(#18,#6454);
#13=NEXT_ASSEMBLY_USAGE_OCCURRENCE('NAUO1','Part 1','Part 1',#6455,#6456,
'');
#14=NEXT_ASSEMBLY_USAGE_OCCURRENCE('NAUO2','Part 1','Part 1',#6455,#6457,
'');
#15=NEXT_ASSEMBLY_USAGE_OCCURRENCE('NAUO3','Part 2','Part 2',#6455,#6458,
'');
#16=(
REPRESENTATION_RELATIONSHIP(' ',' ',#3863,#3862)
REPRESENTATION_RELATIONSHIP_WITH_TRANSFORMATION(#19)
SHAPE_REPRESENTATION_RELATIONSHIP()
);
#17=(
REPRESENTATION_RELATIONSHIP(' ',' ',#3864,#3862)
REPRESENTATION_RELATIONSHIP_WITH_TRANSFORMATION(#20)
SHAPE_REPRESENTATION_RELATIONSHIP()
);
#18=(
REPRESENTATION_RELATIONSHIP(' ',' ',#3865,#3862)
REPRESENTATION_RELATIONSHIP_WITH_TRANSFORMATION(#21)
SHAPE_REPRESENTATION_RELATIONSHIP()
);
#19=ITEM_DEFINED_TRANSFORMATION(' ',' ',#3866,#3927);
#20=ITEM_DEFINED_TRANSFORMATION(' ',' ',#3866,#4120);
#21=ITEM_DEFINED_TRANSFORMATION(' ',' ',#3866,#4205);
#22=SHAPE_REPRESENTATION_RELATIONSHIP('','',#3863,#25);
#23=SHAPE_REPRESENTATION_RELATIONSHIP('','',#3864,#26);
#24=SHAPE_REPRESENTATION_RELATIONSHIP('','',#3865,#27);
#25=ADVANCED_BREP_SHAPE_REPRESENTATION('',(#3855),#6438);
#26=ADVANCED_BREP_SHAPE_REPRESENTATION('',(#3856),#6439);
#27=ADVANCED_BREP_SHAPE_REPRESENTATION('',(#3857),#6440);
#28=SPHERICAL_SURFACE('',#3917,0.001);
#29=TOROIDAL_SURFACE('',#3911,0.002,0.001);
#30=TOROIDAL_SURFACE('',#4063,0.002,0.001);
#31=TOROIDAL_SURFACE('',#4069,0.002,0.001);
#32=TOROIDAL_SURFACE('',#4175,0.002,0.001);
#33=TOROIDAL_SURFACE('',#4182,0.002,0.001);
#34=TOROIDAL_SURFACE('',#4191,0.002,0.001);
#35=TOROIDAL_SURFACE('',#4196,0.002,0.001);
#36=ELLIPSE('',#3905,0.00141421356237309,0.001);
#37=ELLIPSE('',#3907,0.00141421356237309,0.001);
#38=ELLIPSE('',#3920,0.00141421356237309,0.001);
#39=ELLIPSE('',#4037,0.00141421356237309,0.001);
#40=ELLIPSE('',#4039,0.00141421356237309,0.001);
#41=ELLIPSE('',#4042,0.00141421356237309,0.001);
#42=ELLIPSE('',#4043,0.00141421356237309,0.001);
#43=ELLIPSE('',#4045,0.00141421356237309,0.001);
#44=ELLIPSE('',#4047,0.00141421356237309,0.001);
#45=ELLIPSE('',#4052,0.00141421356237309,0.001);
#46=ELLIPSE('',#4053,0.00141421356237309,0.001);
#47=ELLIPSE('',#4055,0.00141421356237309,0.001);
#48=ELLIPSE('',#4057,0.00141421356237309,0.001);
#49=ELLIPSE('',#4097,0.00282842712474619,0.002);
#50=ELLIPSE('',#4098,0.00282842712474619,0.002);
#51=ELLIPSE('',#4100,0.00282842712474619,0.002);
#52=ELLIPSE('',#4101,0.00282842712474619,0.002);
#53=ELLIPSE('',#4103,0.00282842712474619,0.002);
#54=ELLIPSE('',#4104,0.00282842712474619,0.002);
#55=ELLIPSE('',#4106,0.00282842712474619,0.002);
#56=ELLIPSE('',#4108,0.00282842712474619,0.002);
#57=ELLIPSE('',#4110,0.00282842712474619,0.002);
#58=ELLIPSE('',#4111,0.00282842712474619,0.002);
#59=ELLIPSE('',#4113,0.00282842712474619,0.002);
#60=ELLIPSE('',#4115,0.00282842712474619,0.002);
#61=ELLIPSE('',#4178,0.00141421356237309,0.001);
#62=ELLIPSE('',#4190,0.00141421356237309,0.001);
#63=B_SPLINE_CURVE_WITH_KNOTS('',3,(#5377,#5378,#5379,#5380,#5381),
 .UNSPECIFIED.,.F.,.F.,(4,1,4),(0.,0.00102374211662993,0.00204748423325986),
 .UNSPECIFIED.);
#64=B_SPLINE_CURVE_WITH_KNOTS('',3,(#5967,#5968,#5969,#5970,#5971),
 .UNSPECIFIED.,.F.,.F.,(4,1,4),(0.,0.00102374211662993,0.00204748423325987),
 .UNSPECIFIED.);
#65=B_SPLINE_CURVE_WITH_KNOTS('',3,(#5983,#5984,#5985,#5986,#5987),
 .UNSPECIFIED.,.F.,.F.,(4,1,4),(0.,0.00102374211662993,0.00204748423325987),
 .UNSPECIFIED.);
#66=B_SPLINE_CURVE_WITH_KNOTS('',3,(#6284,#6285,#6286,#6287,#6288),
 .UNSPECIFIED.,.F.,.F.,(4,1,4),(0.,0.00102374211662992,0.00204748423325985),
 .UNSPECIFIED.);
#67=B_SPLINE_CURVE_WITH_KNOTS('',3,(#6325,#6326,#6327,#6328,#6329),
 .UNSPECIFIED.,.F.,.F.,(4,1,4),(0.,0.00102374211662992,0.00204748423325985),
 .UNSPECIFIED.);
#68=LINE('',#5308,#483);
#69=LINE('',#5313,#484);
#70=LINE('',#5317,#485);
#71=LINE('',#5321,#486);
#72=LINE('',#5325,#487);
#73=LINE('',#5329,#488);
#74=LINE('',#5331,#489);
#75=LINE('',#5333,#490);
#76=LINE('',#5337,#491);
#77=LINE('',#5339,#492);
#78=LINE('',#5341,#493);
#79=LINE('',#5343,#494);
#80=LINE('',#5345,#495);
#81=LINE('',#5349,#496);
#82=LINE('',#5351,#497);
#83=LINE('',#5353,#498);
#84=LINE('',#5357,#499);
#85=LINE('',#5360,#500);
#86=LINE('',#5361,#501);
#87=LINE('',#5365,#502);
#88=LINE('',#5367,#503);
#89=LINE('',#5369,#504);
#90=LINE('',#5371,#505);
#91=LINE('',#5373,#506);
#92=LINE('',#5375,#507);
#93=LINE('',#5383,#508);
#94=LINE('',#5385,#509);
#95=LINE('',#5387,#510);
#96=LINE('',#5389,#511);
#97=LINE('',#5391,#512);
#98=LINE('',#5393,#513);
#99=LINE('',#5395,#514);
#100=LINE('',#5397,#515);
#101=LINE('',#5399,#516);
#102=LINE('',#5401,#517);
#103=LINE('',#5405,#518);
#104=LINE('',#5407,#519);
#105=LINE('',#5412,#520);
#106=LINE('',#5413,#521);
#107=LINE('',#5417,#522);
#108=LINE('',#5420,#523);
#109=LINE('',#5421,#524);
#110=LINE('',#5423,#525);
#111=LINE('',#5425,#526);
#112=LINE('',#5427,#527);
#113=LINE('',#5429,#528);
#114=LINE('',#5431,#529);
#115=LINE('',#5433,#530);
#116=LINE('',#5435,#531);
#117=LINE('',#5438,#532);
#118=LINE('',#5439,#533);
#119=LINE('',#5441,#534);
#120=LINE('',#5443,#535);
#121=LINE('',#5446,#536);
#122=LINE('',#5447,#537);
#123=LINE('',#5449,#538);
#124=LINE('',#5453,#539);
#125=LINE('',#5454,#540);
#126=LINE('',#5458,#541);
#127=LINE('',#5460,#542);
#128=LINE('',#5461,#543);
#129=LINE('',#5487,#544);
#130=LINE('',#5490,#545);
#131=LINE('',#5492,#546);
#132=LINE('',#5494,#547);
#133=LINE('',#5496,#548);
#134=LINE('',#5499,#549);
#135=LINE('',#5501,#550);
#136=LINE('',#5503,#551);
#137=LINE('',#5505,#552);
#138=LINE('',#5508,#553);
#139=LINE('',#5512,#554);
#140=LINE('',#5514,#555);
#141=LINE('',#5516,#556);
#142=LINE('',#5519,#557);
#143=LINE('',#5523,#558);
#144=LINE('',#5525,#559);
#145=LINE('',#5527,#560);
#146=LINE('',#5530,#561);
#147=LINE('',#5534,#562);
#148=LINE('',#5536,#563);
#149=LINE('',#5538,#564);
#150=LINE('',#5541,#565);
#151=LINE('',#5545,#566);
#152=LINE('',#5547,#567);
#153=LINE('',#5552,#568);
#154=LINE('',#5554,#569);
#155=LINE('',#5556,#570);
#156=LINE('',#5558,#571);
#157=LINE('',#5560,#572);
#158=LINE('',#5563,#573);
#159=LINE('',#5565,#574);
#160=LINE('',#5567,#575);
#161=LINE('',#5569,#576);
#162=LINE('',#5571,#577);
#163=LINE('',#5573,#578);
#164=LINE('',#5575,#579);
#165=LINE('',#5576,#580);
#166=LINE('',#5578,#581);
#167=LINE('',#5580,#582);
#168=LINE('',#5581,#583);
#169=LINE('',#5582,#584);
#170=LINE('',#5584,#585);
#171=LINE('',#5586,#586);
#172=LINE('',#5587,#587);
#173=LINE('',#5589,#588);
#174=LINE('',#5591,#589);
#175=LINE('',#5592,#590);
#176=LINE('',#5594,#591);
#177=LINE('',#5596,#592);
#178=LINE('',#5598,#593);
#179=LINE('',#5600,#594);
#180=LINE('',#5602,#595);
#181=LINE('',#5604,#596);
#182=LINE('',#5606,#597);
#183=LINE('',#5608,#598);
#184=LINE('',#5610,#599);
#185=LINE('',#5612,#600);
#186=LINE('',#5614,#601);
#187=LINE('',#5616,#602);
#188=LINE('',#5621,#603);
#189=LINE('',#5623,#604);
#190=LINE('',#5624,#605);
#191=LINE('',#5626,#606);
#192=LINE('',#5631,#607);
#193=LINE('',#5632,#608);
#194=LINE('',#5634,#609);
#195=LINE('',#5638,#610);
#196=LINE('',#5640,#611);
#197=LINE('',#5642,#612);
#198=LINE('',#5647,#613);
#199=LINE('',#5649,#614);
#200=LINE('',#5651,#615);
#201=LINE('',#5655,#616);
#202=LINE('',#5657,#617);
#203=LINE('',#5658,#618);
#204=LINE('',#5662,#619);
#205=LINE('',#5666,#620);
#206=LINE('',#5667,#621);
#207=LINE('',#5669,#622);
#208=LINE('',#5673,#623);
#209=LINE('',#5675,#624);
#210=LINE('',#5677,#625);
#211=LINE('',#5681,#626);
#212=LINE('',#5683,#627);
#213=LINE('',#5684,#628);
#214=LINE('',#5688,#629);
#215=LINE('',#5690,#630);
#216=LINE('',#5694,#631);
#217=LINE('',#5696,#632);
#218=LINE('',#5698,#633);
#219=LINE('',#5702,#634);
#220=LINE('',#5704,#635);
#221=LINE('',#5706,#636);
#222=LINE('',#5710,#637);
#223=LINE('',#5712,#638);
#224=LINE('',#5716,#639);
#225=LINE('',#5718,#640);
#226=LINE('',#5720,#641);
#227=LINE('',#5724,#642);
#228=LINE('',#5726,#643);
#229=LINE('',#5729,#644);
#230=LINE('',#5731,#645);
#231=LINE('',#5733,#646);
#232=LINE('',#5735,#647);
#233=LINE('',#5738,#648);
#234=LINE('',#5739,#649);
#235=LINE('',#5741,#650);
#236=LINE('',#5742,#651);
#237=LINE('',#5744,#652);
#238=LINE('',#5746,#653);
#239=LINE('',#5748,#654);
#240=LINE('',#5750,#655);
#241=LINE('',#5752,#656);
#242=LINE('',#5754,#657);
#243=LINE('',#5756,#658);
#244=LINE('',#5758,#659);
#245=LINE('',#5761,#660);
#246=LINE('',#5762,#661);
#247=LINE('',#5764,#662);
#248=LINE('',#5766,#663);
#249=LINE('',#5768,#664);
#250=LINE('',#5770,#665);
#251=LINE('',#5772,#666);
#252=LINE('',#5775,#667);
#253=LINE('',#5777,#668);
#254=LINE('',#5779,#669);
#255=LINE('',#5780,#670);
#256=LINE('',#5781,#671);
#257=LINE('',#5783,#672);
#258=LINE('',#5785,#673);
#259=LINE('',#5787,#674);
#260=LINE('',#5789,#675);
#261=LINE('',#5791,#676);
#262=LINE('',#5793,#677);
#263=LINE('',#5794,#678);
#264=LINE('',#5796,#679);
#265=LINE('',#5798,#680);
#266=LINE('',#5799,#681);
#267=LINE('',#5801,#682);
#268=LINE('',#5804,#683);
#269=LINE('',#5806,#684);
#270=LINE('',#5808,#685);
#271=LINE('',#5810,#686);
#272=LINE('',#5812,#687);
#273=LINE('',#5814,#688);
#274=LINE('',#5816,#689);
#275=LINE('',#5818,#690);
#276=LINE('',#5820,#691);
#277=LINE('',#5822,#692);
#278=LINE('',#5825,#693);
#279=LINE('',#5827,#694);
#280=LINE('',#5829,#695);
#281=LINE('',#5831,#696);
#282=LINE('',#5832,#697);
#283=LINE('',#5846,#698);
#284=LINE('',#5848,#699);
#285=LINE('',#5850,#700);
#286=LINE('',#5854,#701);
#287=LINE('',#5856,#702);
#288=LINE('',#5858,#703);
#289=LINE('',#5860,#704);
#290=LINE('',#5862,#705);
#291=LINE('',#5863,#706);
#292=LINE('',#5865,#707);
#293=LINE('',#5867,#708);
#294=LINE('',#5869,#709);
#295=LINE('',#5870,#710);
#296=LINE('',#5872,#711);
#297=LINE('',#5874,#712);
#298=LINE('',#5876,#713);
#299=LINE('',#5877,#714);
#300=LINE('',#5880,#715);
#301=LINE('',#5882,#716);
#302=LINE('',#5887,#717);
#303=LINE('',#5889,#718);
#304=LINE('',#5890,#719);
#305=LINE('',#5892,#720);
#306=LINE('',#5897,#721);
#307=LINE('',#5898,#722);
#308=LINE('',#5900,#723);
#309=LINE('',#5903,#724);
#310=LINE('',#5905,#725);
#311=LINE('',#5907,#726);
#312=LINE('',#5909,#727);
#313=LINE('',#5911,#728);
#314=LINE('',#5913,#729);
#315=LINE('',#5914,#730);
#316=LINE('',#5915,#731);
#317=LINE('',#5916,#732);
#318=LINE('',#5918,#733);
#319=LINE('',#5919,#734);
#320=LINE('',#5920,#735);
#321=LINE('',#5921,#736);
#322=LINE('',#5923,#737);
#323=LINE('',#5925,#738);
#324=LINE('',#5927,#739);
#325=LINE('',#5929,#740);
#326=LINE('',#5931,#741);
#327=LINE('',#5933,#742);
#328=LINE('',#5935,#743);
#329=LINE('',#5937,#744);
#330=LINE('',#5939,#745);
#331=LINE('',#5941,#746);
#332=LINE('',#5944,#747);
#333=LINE('',#5945,#748);
#334=LINE('',#5946,#749);
#335=LINE('',#5948,#750);
#336=LINE('',#5951,#751);
#337=LINE('',#5953,#752);
#338=LINE('',#5955,#753);
#339=LINE('',#5957,#754);
#340=LINE('',#5962,#755);
#341=LINE('',#5963,#756);
#342=LINE('',#5973,#757);
#343=LINE('',#5975,#758);
#344=LINE('',#5978,#759);
#345=LINE('',#5979,#760);
#346=LINE('',#5981,#761);
#347=LINE('',#6033,#762);
#348=LINE('',#6036,#763);
#349=LINE('',#6038,#764);
#350=LINE('',#6040,#765);
#351=LINE('',#6042,#766);
#352=LINE('',#6044,#767);
#353=LINE('',#6046,#768);
#354=LINE('',#6048,#769);
#355=LINE('',#6051,#770);
#356=LINE('',#6053,#771);
#357=LINE('',#6057,#772);
#358=LINE('',#6059,#773);
#359=LINE('',#6061,#774);
#360=LINE('',#6063,#775);
#361=LINE('',#6067,#776);
#362=LINE('',#6069,#777);
#363=LINE('',#6070,#778);
#364=LINE('',#6072,#779);
#365=LINE('',#6076,#780);
#366=LINE('',#6078,#781);
#367=LINE('',#6081,#782);
#368=LINE('',#6083,#783);
#369=LINE('',#6085,#784);
#370=LINE('',#6087,#785);
#371=LINE('',#6089,#786);
#372=LINE('',#6091,#787);
#373=LINE('',#6094,#788);
#374=LINE('',#6096,#789);
#375=LINE('',#6098,#790);
#376=LINE('',#6101,#791);
#377=LINE('',#6103,#792);
#378=LINE('',#6107,#793);
#379=LINE('',#6109,#794);
#380=LINE('',#6110,#795);
#381=LINE('',#6112,#796);
#382=LINE('',#6116,#797);
#383=LINE('',#6118,#798);
#384=LINE('',#6119,#799);
#385=LINE('',#6123,#800);
#386=LINE('',#6125,#801);
#387=LINE('',#6127,#802);
#388=LINE('',#6129,#803);
#389=LINE('',#6131,#804);
#390=LINE('',#6133,#805);
#391=LINE('',#6135,#806);
#392=LINE('',#6137,#807);
#393=LINE('',#6139,#808);
#394=LINE('',#6141,#809);
#395=LINE('',#6145,#810);
#396=LINE('',#6148,#811);
#397=LINE('',#6152,#812);
#398=LINE('',#6155,#813);
#399=LINE('',#6178,#814);
#400=LINE('',#6181,#815);
#401=LINE('',#6183,#816);
#402=LINE('',#6185,#817);
#403=LINE('',#6187,#818);
#404=LINE('',#6189,#819);
#405=LINE('',#6194,#820);
#406=LINE('',#6196,#821);
#407=LINE('',#6198,#822);
#408=LINE('',#6200,#823);
#409=LINE('',#6202,#824);
#410=LINE('',#6204,#825);
#411=LINE('',#6206,#826);
#412=LINE('',#6209,#827);
#413=LINE('',#6213,#828);
#414=LINE('',#6215,#829);
#415=LINE('',#6217,#830);
#416=LINE('',#6219,#831);
#417=LINE('',#6221,#832);
#418=LINE('',#6224,#833);
#419=LINE('',#6226,#834);
#420=LINE('',#6228,#835);
#421=LINE('',#6230,#836);
#422=LINE('',#6232,#837);
#423=LINE('',#6234,#838);
#424=LINE('',#6237,#839);
#425=LINE('',#6239,#840);
#426=LINE('',#6241,#841);
#427=LINE('',#6243,#842);
#428=LINE('',#6246,#843);
#429=LINE('',#6248,#844);
#430=LINE('',#6250,#845);
#431=LINE('',#6252,#846);
#432=LINE('',#6255,#847);
#433=LINE('',#6257,#848);
#434=LINE('',#6259,#849);
#435=LINE('',#6261,#850);
#436=LINE('',#6262,#851);
#437=LINE('',#6264,#852);
#438=LINE('',#6267,#853);
#439=LINE('',#6269,#854);
#440=LINE('',#6271,#855);
#441=LINE('',#6273,#856);
#442=LINE('',#6276,#857);
#443=LINE('',#6278,#858);
#444=LINE('',#6280,#859);
#445=LINE('',#6282,#860);
#446=LINE('',#6290,#861);
#447=LINE('',#6292,#862);
#448=LINE('',#6294,#863);
#449=LINE('',#6296,#864);
#450=LINE('',#6298,#865);
#451=LINE('',#6300,#866);
#452=LINE('',#6303,#867);
#453=LINE('',#6305,#868);
#454=LINE('',#6308,#869);
#455=LINE('',#6310,#870);
#456=LINE('',#6312,#871);
#457=LINE('',#6316,#872);
#458=LINE('',#6318,#873);
#459=LINE('',#6320,#874);
#460=LINE('',#6322,#875);
#461=LINE('',#6331,#876);
#462=LINE('',#6332,#877);
#463=LINE('',#6343,#878);
#464=LINE('',#6345,#879);
#465=LINE('',#6347,#880);
#466=LINE('',#6351,#881);
#467=LINE('',#6353,#882);
#468=LINE('',#6357,#883);
#469=LINE('',#6359,#884);
#470=LINE('',#6362,#885);
#471=LINE('',#6364,#886);
#472=LINE('',#6366,#887);
#473=LINE('',#6368,#888);
#474=LINE('',#6371,#889);
#475=LINE('',#6373,#890);
#476=LINE('',#6376,#891);
#477=LINE('',#6379,#892);
#478=LINE('',#6381,#893);
#479=LINE('',#6383,#894);
#480=LINE('',#6385,#895);
#481=LINE('',#6387,#896);
#482=LINE('',#6388,#897);
#483=VECTOR('',#4216,1.);
#484=VECTOR('',#4219,1.);
#485=VECTOR('',#4222,1.);
#486=VECTOR('',#4225,1.);
#487=VECTOR('',#4228,1.);
#488=VECTOR('',#4231,1.);
#489=VECTOR('',#4232,1.);
#490=VECTOR('',#4233,1.);
#491=VECTOR('',#4236,1.);
#492=VECTOR('',#4237,1.);
#493=VECTOR('',#4238,1.);
#494=VECTOR('',#4239,1.);
#495=VECTOR('',#4240,1.);
#496=VECTOR('',#4243,1.);
#497=VECTOR('',#4244,1.);
#498=VECTOR('',#4245,1.);
#499=VECTOR('',#4250,1.);
#500=VECTOR('',#4251,1.);
#501=VECTOR('',#4252,1.);
#502=VECTOR('',#4257,1.);
#503=VECTOR('',#4258,1.);
#504=VECTOR('',#4259,1.);
#505=VECTOR('',#4262,1.);
#506=VECTOR('',#4263,1.);
#507=VECTOR('',#4266,1.);
#508=VECTOR('',#4267,1.);
#509=VECTOR('',#4270,1.);
#510=VECTOR('',#4271,1.);
#511=VECTOR('',#4272,1.);
#512=VECTOR('',#4275,1.);
#513=VECTOR('',#4276,1.);
#514=VECTOR('',#4279,1.);
#515=VECTOR('',#4280,1.);
#516=VECTOR('',#4283,1.);
#517=VECTOR('',#4284,1.);
#518=VECTOR('',#4287,1.);
#519=VECTOR('',#4290,1.);
#520=VECTOR('',#4293,1.);
#521=VECTOR('',#4294,1.);
#522=VECTOR('',#4299,1.);
#523=VECTOR('',#4300,1.);
#524=VECTOR('',#4301,1.);
#525=VECTOR('',#4304,1.);
#526=VECTOR('',#4305,1.);
#527=VECTOR('',#4306,1.);
#528=VECTOR('',#4309,1.);
#529=VECTOR('',#4310,1.);
#530=VECTOR('',#4311,1.);
#531=VECTOR('',#4314,1.);
#532=VECTOR('',#4315,1.);
#533=VECTOR('',#4316,1.);
#534=VECTOR('',#4319,1.);
#535=VECTOR('',#4322,1.);
#536=VECTOR('',#4323,1.);
#537=VECTOR('',#4324,1.);
#538=VECTOR('',#4325,1.);
#539=VECTOR('',#4330,1.);
#540=VECTOR('',#4331,1.);
#541=VECTOR('',#4338,1.);
#542=VECTOR('',#4341,1.);
#543=VECTOR('',#4342,1.);
#544=VECTOR('',#4393,1.);
#545=VECTOR('',#4394,1.);
#546=VECTOR('',#4395,1.);
#547=VECTOR('',#4396,1.);
#548=VECTOR('',#4399,1.);
#549=VECTOR('',#4400,1.);
#550=VECTOR('',#4401,1.);
#551=VECTOR('',#4402,1.);
#552=VECTOR('',#4405,1.);
#553=VECTOR('',#4406,1.);
#554=VECTOR('',#4409,1.);
#555=VECTOR('',#4410,1.);
#556=VECTOR('',#4413,1.);
#557=VECTOR('',#4414,1.);
#558=VECTOR('',#4417,1.);
#559=VECTOR('',#4418,1.);
#560=VECTOR('',#4421,1.);
#561=VECTOR('',#4422,1.);
#562=VECTOR('',#4425,1.);
#563=VECTOR('',#4426,1.);
#564=VECTOR('',#4429,1.);
#565=VECTOR('',#4430,1.);
#566=VECTOR('',#4433,1.);
#567=VECTOR('',#4434,1.);
#568=VECTOR('',#4439,1.);
#569=VECTOR('',#4440,1.);
#570=VECTOR('',#4441,1.);
#571=VECTOR('',#4442,1.);
#572=VECTOR('',#4445,1.);
#573=VECTOR('',#4446,1.);
#574=VECTOR('',#4447,1.);
#575=VECTOR('',#4448,1.);
#576=VECTOR('',#4449,1.);
#577=VECTOR('',#4450,1.);
#578=VECTOR('',#4451,1.);
#579=VECTOR('',#4452,1.);
#580=VECTOR('',#4453,1.);
#581=VECTOR('',#4454,1.);
#582=VECTOR('',#4455,1.);
#583=VECTOR('',#4456,1.);
#584=VECTOR('',#4457,1.);
#585=VECTOR('',#4458,1.);
#586=VECTOR('',#4459,1.);
#587=VECTOR('',#4460,1.);
#588=VECTOR('',#4461,1.);
#589=VECTOR('',#4462,1.);
#590=VECTOR('',#4463,1.);
#591=VECTOR('',#4464,1.);
#592=VECTOR('',#4465,1.);
#593=VECTOR('',#4466,1.);
#594=VECTOR('',#4467,1.);
#595=VECTOR('',#4468,1.);
#596=VECTOR('',#4469,1.);
#597=VECTOR('',#4470,1.);
#598=VECTOR('',#4471,1.);
#599=VECTOR('',#4472,1.);
#600=VECTOR('',#4473,1.);
#601=VECTOR('',#4474,1.);
#602=VECTOR('',#4475,1.);
#603=VECTOR('',#4480,1.);
#604=VECTOR('',#4481,1.);
#605=VECTOR('',#4482,1.);
#606=VECTOR('',#4485,1.);
#607=VECTOR('',#4488,1.);
#608=VECTOR('',#4489,1.);
#609=VECTOR('',#4492,1.);
#610=VECTOR('',#4495,1.);
#611=VECTOR('',#4496,1.);
#612=VECTOR('',#4499,1.);
#613=VECTOR('',#4502,1.);
#614=VECTOR('',#4503,1.);
#615=VECTOR('',#4504,1.);
#616=VECTOR('',#4507,1.);
#617=VECTOR('',#4508,1.);
#618=VECTOR('',#4509,1.);
#619=VECTOR('',#4512,1.);
#620=VECTOR('',#4515,1.);
#621=VECTOR('',#4516,1.);
#622=VECTOR('',#4517,1.);
#623=VECTOR('',#4520,1.);
#624=VECTOR('',#4521,1.);
#625=VECTOR('',#4522,1.);
#626=VECTOR('',#4525,1.);
#627=VECTOR('',#4526,1.);
#628=VECTOR('',#4527,1.);
#629=VECTOR('',#4532,1.);
#630=VECTOR('',#4533,1.);
#631=VECTOR('',#4536,1.);
#632=VECTOR('',#4537,1.);
#633=VECTOR('',#4538,1.);
#634=VECTOR('',#4541,1.);
#635=VECTOR('',#4542,1.);
#636=VECTOR('',#4545,1.);
#637=VECTOR('',#4548,1.);
#638=VECTOR('',#4549,1.);
#639=VECTOR('',#4552,1.);
#640=VECTOR('',#4553,1.);
#641=VECTOR('',#4554,1.);
#642=VECTOR('',#4557,1.);
#643=VECTOR('',#4560,1.);
#644=VECTOR('',#4561,1.);
#645=VECTOR('',#4562,1.);
#646=VECTOR('',#4563,1.);
#647=VECTOR('',#4566,1.);
#648=VECTOR('',#4567,1.);
#649=VECTOR('',#4568,1.);
#650=VECTOR('',#4571,1.);
#651=VECTOR('',#4572,1.);
#652=VECTOR('',#4575,1.);
#653=VECTOR('',#4576,1.);
#654=VECTOR('',#4577,1.);
#655=VECTOR('',#4580,1.);
#656=VECTOR('',#4581,1.);
#657=VECTOR('',#4584,1.);
#658=VECTOR('',#4585,1.);
#659=VECTOR('',#4588,1.);
#660=VECTOR('',#4589,1.);
#661=VECTOR('',#4590,1.);
#662=VECTOR('',#4593,1.);
#663=VECTOR('',#4594,1.);
#664=VECTOR('',#4597,1.);
#665=VECTOR('',#4598,1.);
#666=VECTOR('',#4601,1.);
#667=VECTOR('',#4602,1.);
#668=VECTOR('',#4603,1.);
#669=VECTOR('',#4604,1.);
#670=VECTOR('',#4605,1.);
#671=VECTOR('',#4606,1.);
#672=VECTOR('',#4609,1.);
#673=VECTOR('',#4610,1.);
#674=VECTOR('',#4611,1.);
#675=VECTOR('',#4614,1.);
#676=VECTOR('',#4615,1.);
#677=VECTOR('',#4616,1.);
#678=VECTOR('',#4617,1.);
#679=VECTOR('',#4618,1.);
#680=VECTOR('',#4619,1.);
#681=VECTOR('',#4620,1.);
#682=VECTOR('',#4623,1.);
#683=VECTOR('',#4624,1.);
#684=VECTOR('',#4625,1.);
#685=VECTOR('',#4626,1.);
#686=VECTOR('',#4629,1.);
#687=VECTOR('',#4630,1.);
#688=VECTOR('',#4631,1.);
#689=VECTOR('',#4634,1.);
#690=VECTOR('',#4635,1.);
#691=VECTOR('',#4636,1.);
#692=VECTOR('',#4639,1.);
#693=VECTOR('',#4640,1.);
#694=VECTOR('',#4641,1.);
#695=VECTOR('',#4642,1.);
#696=VECTOR('',#4645,1.);
#697=VECTOR('',#4646,1.);
#698=VECTOR('',#4671,1.);
#699=VECTOR('',#4672,1.);
#700=VECTOR('',#4673,1.);
#701=VECTOR('',#4676,1.);
#702=VECTOR('',#4677,1.);
#703=VECTOR('',#4680,1.);
#704=VECTOR('',#4683,1.);
#705=VECTOR('',#4686,1.);
#706=VECTOR('',#4687,1.);
#707=VECTOR('',#4690,1.);
#708=VECTOR('',#4693,1.);
#709=VECTOR('',#4696,1.);
#710=VECTOR('',#4697,1.);
#711=VECTOR('',#4700,1.);
#712=VECTOR('',#4703,1.);
#713=VECTOR('',#4706,1.);
#714=VECTOR('',#4707,1.);
#715=VECTOR('',#4712,1.);
#716=VECTOR('',#4713,1.);
#717=VECTOR('',#4718,1.);
#718=VECTOR('',#4719,1.);
#719=VECTOR('',#4720,1.);
#720=VECTOR('',#4723,1.);
#721=VECTOR('',#4728,1.);
#722=VECTOR('',#4729,1.);
#723=VECTOR('',#4732,1.);
#724=VECTOR('',#4733,1.);
#725=VECTOR('',#4734,1.);
#726=VECTOR('',#4735,1.);
#727=VECTOR('',#4738,1.);
#728=VECTOR('',#4741,1.);
#729=VECTOR('',#4744,1.);
#730=VECTOR('',#4745,1.);
#731=VECTOR('',#4746,1.);
#732=VECTOR('',#4747,1.);
#733=VECTOR('',#4750,1.);
#734=VECTOR('',#4751,1.);
#735=VECTOR('',#4752,1.);
#736=VECTOR('',#4753,1.);
#737=VECTOR('',#4756,1.);
#738=VECTOR('',#4759,1.);
#739=VECTOR('',#4762,1.);
#740=VECTOR('',#4763,1.);
#741=VECTOR('',#4766,1.);
#742=VECTOR('',#4767,1.);
#743=VECTOR('',#4770,1.);
#744=VECTOR('',#4773,1.);
#745=VECTOR('',#4776,1.);
#746=VECTOR('',#4779,1.);
#747=VECTOR('',#4780,1.);
#748=VECTOR('',#4781,1.);
#749=VECTOR('',#4782,1.);
#750=VECTOR('',#4785,1.);
#751=VECTOR('',#4786,1.);
#752=VECTOR('',#4787,1.);
#753=VECTOR('',#4788,1.);
#754=VECTOR('',#4791,1.);
#755=VECTOR('',#4794,1.);
#756=VECTOR('',#4795,1.);
#757=VECTOR('',#4800,1.);
#758=VECTOR('',#4803,1.);
#759=VECTOR('',#4804,1.);
#760=VECTOR('',#4805,1.);
#761=VECTOR('',#4808,1.);
#762=VECTOR('',#4899,1.);
#763=VECTOR('',#4900,1.);
#764=VECTOR('',#4901,1.);
#765=VECTOR('',#4902,1.);
#766=VECTOR('',#4905,1.);
#767=VECTOR('',#4906,1.);
#768=VECTOR('',#4907,1.);
#769=VECTOR('',#4910,1.);
#770=VECTOR('',#4911,1.);
#771=VECTOR('',#4912,1.);
#772=VECTOR('',#4915,1.);
#773=VECTOR('',#4916,1.);
#774=VECTOR('',#4917,1.);
#775=VECTOR('',#4918,1.);
#776=VECTOR('',#4921,1.);
#777=VECTOR('',#4922,1.);
#778=VECTOR('',#4923,1.);
#779=VECTOR('',#4924,1.);
#780=VECTOR('',#4927,1.);
#781=VECTOR('',#4928,1.);
#782=VECTOR('',#4931,1.);
#783=VECTOR('',#4932,1.);
#784=VECTOR('',#4935,1.);
#785=VECTOR('',#4936,1.);
#786=VECTOR('',#4937,1.);
#787=VECTOR('',#4940,1.);
#788=VECTOR('',#4941,1.);
#789=VECTOR('',#4942,1.);
#790=VECTOR('',#4943,1.);
#791=VECTOR('',#4946,1.);
#792=VECTOR('',#4947,1.);
#793=VECTOR('',#4950,1.);
#794=VECTOR('',#4951,1.);
#795=VECTOR('',#4952,1.);
#796=VECTOR('',#4953,1.);
#797=VECTOR('',#4956,1.);
#798=VECTOR('',#4957,1.);
#799=VECTOR('',#4958,1.);
#800=VECTOR('',#4961,1.);
#801=VECTOR('',#4964,1.);
#802=VECTOR('',#4967,1.);
#803=VECTOR('',#4970,1.);
#804=VECTOR('',#4973,1.);
#805=VECTOR('',#4976,1.);
#806=VECTOR('',#4979,1.);
#807=VECTOR('',#4982,1.);
#808=VECTOR('',#4985,1.);
#809=VECTOR('',#4988,1.);
#810=VECTOR('',#4995,1.);
#811=VECTOR('',#4998,1.);
#812=VECTOR('',#5003,1.);
#813=VECTOR('',#5006,1.);
#814=VECTOR('',#5049,1.);
#815=VECTOR('',#5050,1.);
#816=VECTOR('',#5051,1.);
#817=VECTOR('',#5052,1.);
#818=VECTOR('',#5053,1.);
#819=VECTOR('',#5054,1.);
#820=VECTOR('',#5059,1.);
#821=VECTOR('',#5060,1.);
#822=VECTOR('',#5061,1.);
#823=VECTOR('',#5062,1.);
#824=VECTOR('',#5063,1.);
#825=VECTOR('',#5064,1.);
#826=VECTOR('',#5067,1.);
#827=VECTOR('',#5068,1.);
#828=VECTOR('',#5071,1.);
#829=VECTOR('',#5072,1.);
#830=VECTOR('',#5073,1.);
#831=VECTOR('',#5074,1.);
#832=VECTOR('',#5077,1.);
#833=VECTOR('',#5078,1.);
#834=VECTOR('',#5079,1.);
#835=VECTOR('',#5080,1.);
#836=VECTOR('',#5081,1.);
#837=VECTOR('',#5082,1.);
#838=VECTOR('',#5085,1.);
#839=VECTOR('',#5086,1.);
#840=VECTOR('',#5087,1.);
#841=VECTOR('',#5088,1.);
#842=VECTOR('',#5091,1.);
#843=VECTOR('',#5092,1.);
#844=VECTOR('',#5093,1.);
#845=VECTOR('',#5094,1.);
#846=VECTOR('',#5097,1.);
#847=VECTOR('',#5098,1.);
#848=VECTOR('',#5099,1.);
#849=VECTOR('',#5100,1.);
#850=VECTOR('',#5103,1.);
#851=VECTOR('',#5104,1.);
#852=VECTOR('',#5107,1.);
#853=VECTOR('',#5108,1.);
#854=VECTOR('',#5109,1.);
#855=VECTOR('',#5110,1.);
#856=VECTOR('',#5113,1.);
#857=VECTOR('',#5114,1.);
#858=VECTOR('',#5115,1.);
#859=VECTOR('',#5116,1.);
#860=VECTOR('',#5119,1.);
#861=VECTOR('',#5120,1.);
#862=VECTOR('',#5121,1.);
#863=VECTOR('',#5124,1.);
#864=VECTOR('',#5125,1.);
#865=VECTOR('',#5126,1.);
#866=VECTOR('',#5129,1.);
#867=VECTOR('',#5130,1.);
#868=VECTOR('',#5131,1.);
#869=VECTOR('',#5136,1.);
#870=VECTOR('',#5137,1.);
#871=VECTOR('',#5138,1.);
#872=VECTOR('',#5143,1.);
#873=VECTOR('',#5144,1.);
#874=VECTOR('',#5145,1.);
#875=VECTOR('',#5148,1.);
#876=VECTOR('',#5149,1.);
#877=VECTOR('',#5150,1.);
#878=VECTOR('',#5171,1.);
#879=VECTOR('',#5172,1.);
#880=VECTOR('',#5173,1.);
#881=VECTOR('',#5178,1.);
#882=VECTOR('',#5179,1.);
#883=VECTOR('',#5184,1.);
#884=VECTOR('',#5187,1.);
#885=VECTOR('',#5188,1.);
#886=VECTOR('',#5189,1.);
#887=VECTOR('',#5190,1.);
#888=VECTOR('',#5193,1.);
#889=VECTOR('',#5194,1.);
#890=VECTOR('',#5195,1.);
#891=VECTOR('',#5200,1.);
#892=VECTOR('',#5201,1.);
#893=VECTOR('',#5202,1.);
#894=VECTOR('',#5203,1.);
#895=VECTOR('',#5206,1.);
#896=VECTOR('',#5207,1.);
#897=VECTOR('',#5208,1.);
#898=PLANE('',#3870);
#899=PLANE('',#3879);
#900=PLANE('',#3881);
#901=PLANE('',#3882);
#902=PLANE('',#3883);
#903=PLANE('',#3884);
#904=PLANE('',#3885);
#905=PLANE('',#3886);
#906=PLANE('',#3887);
#907=PLANE('',#3889);
#908=PLANE('',#3892);
#909=PLANE('',#3893);
#910=PLANE('',#3894);
#911=PLANE('',#3895);
#912=PLANE('',#3896);
#913=PLANE('',#3897);
#914=PLANE('',#3902);
#915=PLANE('',#3903);
#916=PLANE('',#3928);
#917=PLANE('',#3929);
#918=PLANE('',#3930);
#919=PLANE('',#3932);
#920=PLANE('',#3934);
#921=PLANE('',#3936);
#922=PLANE('',#3938);
#923=PLANE('',#3940);
#924=PLANE('',#3941);
#925=PLANE('',#3943);
#926=PLANE('',#3945);
#927=PLANE('',#3947);
#928=PLANE('',#3954);
#929=PLANE('',#3958);
#930=PLANE('',#3962);
#931=PLANE('',#3963);
#932=PLANE('',#3964);
#933=PLANE('',#3965);
#934=PLANE('',#3966);
#935=PLANE('',#3967);
#936=PLANE('',#3968);
#937=PLANE('',#3969);
#938=PLANE('',#3970);
#939=PLANE('',#3971);
#940=PLANE('',#3972);
#941=PLANE('',#3973);
#942=PLANE('',#3974);
#943=PLANE('',#3975);
#944=PLANE('',#3976);
#945=PLANE('',#3977);
#946=PLANE('',#3978);
#947=PLANE('',#3979);
#948=PLANE('',#3984);
#949=PLANE('',#3988);
#950=PLANE('',#3992);
#951=PLANE('',#3993);
#952=PLANE('',#3994);
#953=PLANE('',#3995);
#954=PLANE('',#3996);
#955=PLANE('',#3997);
#956=PLANE('',#3998);
#957=PLANE('',#3999);
#958=PLANE('',#4000);
#959=PLANE('',#4001);
#960=PLANE('',#4002);
#961=PLANE('',#4003);
#962=PLANE('',#4005);
#963=PLANE('',#4006);
#964=PLANE('',#4008);
#965=PLANE('',#4009);
#966=PLANE('',#4010);
#967=PLANE('',#4011);
#968=PLANE('',#4012);
#969=PLANE('',#4013);
#970=PLANE('',#4014);
#971=PLANE('',#4015);
#972=PLANE('',#4016);
#973=PLANE('',#4017);
#974=PLANE('',#4018);
#975=PLANE('',#4019);
#976=PLANE('',#4020);
#977=PLANE('',#4021);
#978=PLANE('',#4022);
#979=PLANE('',#4025);
#980=PLANE('',#4026);
#981=PLANE('',#4027);
#982=PLANE('',#4072);
#983=PLANE('',#4073);
#984=PLANE('',#4074);
#985=PLANE('',#4079);
#986=PLANE('',#4080);
#987=PLANE('',#4085);
#988=PLANE('',#4086);
#989=PLANE('',#4087);
#990=PLANE('',#4088);
#991=PLANE('',#4089);
#992=PLANE('',#4090);
#993=PLANE('',#4091);
#994=PLANE('',#4092);
#995=PLANE('',#4093);
#996=PLANE('',#4096);
#997=PLANE('',#4099);
#998=PLANE('',#4121);
#999=PLANE('',#4122);
#1000=PLANE('',#4124);
#1001=PLANE('',#4126);
#1002=PLANE('',#4127);
#1003=PLANE('',#4128);
#1004=PLANE('',#4129);
#1005=PLANE('',#4130);
#1006=PLANE('',#4131);
#1007=PLANE('',#4132);
#1008=PLANE('',#4133);
#1009=PLANE('',#4134);
#1010=PLANE('',#4135);
#1011=PLANE('',#4137);
#1012=PLANE('',#4139);
#1013=PLANE('',#4140);
#1014=PLANE('',#4141);
#1015=PLANE('',#4150);
#1016=PLANE('',#4152);
#1017=PLANE('',#4155);
#1018=PLANE('',#4156);
#1019=PLANE('',#4158);
#1020=PLANE('',#4159);
#1021=PLANE('',#4162);
#1022=ORIENTED_EDGE('',*,*,#2126,.T.);
#1023=ORIENTED_EDGE('',*,*,#2127,.T.);
#1024=ORIENTED_EDGE('',*,*,#2128,.T.);
#1025=ORIENTED_EDGE('',*,*,#2129,.T.);
#1026=ORIENTED_EDGE('',*,*,#2130,.F.);
#1027=ORIENTED_EDGE('',*,*,#2131,.T.);
#1028=ORIENTED_EDGE('',*,*,#2132,.T.);
#1029=ORIENTED_EDGE('',*,*,#2133,.T.);
#1030=ORIENTED_EDGE('',*,*,#2134,.T.);
#1031=ORIENTED_EDGE('',*,*,#2135,.T.);
#1032=ORIENTED_EDGE('',*,*,#2136,.F.);
#1033=ORIENTED_EDGE('',*,*,#2137,.T.);
#1034=ORIENTED_EDGE('',*,*,#2138,.F.);
#1035=ORIENTED_EDGE('',*,*,#2139,.T.);
#1036=ORIENTED_EDGE('',*,*,#2140,.F.);
#1037=ORIENTED_EDGE('',*,*,#2141,.T.);
#1038=ORIENTED_EDGE('',*,*,#2142,.F.);
#1039=ORIENTED_EDGE('',*,*,#2143,.F.);
#1040=ORIENTED_EDGE('',*,*,#2144,.T.);
#1041=ORIENTED_EDGE('',*,*,#2145,.T.);
#1042=ORIENTED_EDGE('',*,*,#2146,.T.);
#1043=ORIENTED_EDGE('',*,*,#2147,.T.);
#1044=ORIENTED_EDGE('',*,*,#2148,.T.);
#1045=ORIENTED_EDGE('',*,*,#2149,.F.);
#1046=ORIENTED_EDGE('',*,*,#2150,.T.);
#1047=ORIENTED_EDGE('',*,*,#2151,.T.);
#1048=ORIENTED_EDGE('',*,*,#2152,.T.);
#1049=ORIENTED_EDGE('',*,*,#2153,.T.);
#1050=ORIENTED_EDGE('',*,*,#2146,.F.);
#1051=ORIENTED_EDGE('',*,*,#2154,.F.);
#1052=ORIENTED_EDGE('',*,*,#2155,.T.);
#1053=ORIENTED_EDGE('',*,*,#2148,.F.);
#1054=ORIENTED_EDGE('',*,*,#2156,.T.);
#1055=ORIENTED_EDGE('',*,*,#2157,.T.);
#1056=ORIENTED_EDGE('',*,*,#2158,.T.);
#1057=ORIENTED_EDGE('',*,*,#2158,.F.);
#1058=ORIENTED_EDGE('',*,*,#2159,.T.);
#1059=ORIENTED_EDGE('',*,*,#2160,.T.);
#1060=ORIENTED_EDGE('',*,*,#2149,.T.);
#1061=ORIENTED_EDGE('',*,*,#2161,.T.);
#1062=ORIENTED_EDGE('',*,*,#2162,.T.);
#1063=ORIENTED_EDGE('',*,*,#2163,.T.);
#1064=ORIENTED_EDGE('',*,*,#2150,.F.);
#1065=ORIENTED_EDGE('',*,*,#2160,.F.);
#1066=ORIENTED_EDGE('',*,*,#2138,.T.);
#1067=ORIENTED_EDGE('',*,*,#2164,.T.);
#1068=ORIENTED_EDGE('',*,*,#2165,.F.);
#1069=ORIENTED_EDGE('',*,*,#2166,.T.);
#1070=ORIENTED_EDGE('',*,*,#2166,.F.);
#1071=ORIENTED_EDGE('',*,*,#2167,.T.);
#1072=ORIENTED_EDGE('',*,*,#2168,.T.);
#1073=ORIENTED_EDGE('',*,*,#2139,.F.);
#1074=ORIENTED_EDGE('',*,*,#2169,.F.);
#1075=ORIENTED_EDGE('',*,*,#2170,.T.);
#1076=ORIENTED_EDGE('',*,*,#2140,.T.);
#1077=ORIENTED_EDGE('',*,*,#2168,.F.);
#1078=ORIENTED_EDGE('',*,*,#2142,.T.);
#1079=ORIENTED_EDGE('',*,*,#2171,.T.);
#1080=ORIENTED_EDGE('',*,*,#2172,.F.);
#1081=ORIENTED_EDGE('',*,*,#2173,.T.);
#1082=ORIENTED_EDGE('',*,*,#2174,.T.);
#1083=ORIENTED_EDGE('',*,*,#2175,.F.);
#1084=ORIENTED_EDGE('',*,*,#2176,.T.);
#1085=ORIENTED_EDGE('',*,*,#2177,.T.);
#1086=ORIENTED_EDGE('',*,*,#2144,.F.);
#1087=ORIENTED_EDGE('',*,*,#2178,.F.);
#1088=ORIENTED_EDGE('',*,*,#2179,.T.);
#1089=ORIENTED_EDGE('',*,*,#2126,.F.);
#1090=ORIENTED_EDGE('',*,*,#2180,.T.);
#1091=ORIENTED_EDGE('',*,*,#2181,.T.);
#1092=ORIENTED_EDGE('',*,*,#2134,.F.);
#1093=ORIENTED_EDGE('',*,*,#2182,.T.);
#1094=ORIENTED_EDGE('',*,*,#2132,.F.);
#1095=ORIENTED_EDGE('',*,*,#2183,.T.);
#1096=ORIENTED_EDGE('',*,*,#2184,.F.);
#1097=ORIENTED_EDGE('',*,*,#2185,.T.);
#1098=ORIENTED_EDGE('',*,*,#2127,.F.);
#1099=ORIENTED_EDGE('',*,*,#2130,.T.);
#1100=ORIENTED_EDGE('',*,*,#2186,.T.);
#1101=ORIENTED_EDGE('',*,*,#2187,.T.);
#1102=ORIENTED_EDGE('',*,*,#2188,.T.);
#1103=ORIENTED_EDGE('',*,*,#2189,.T.);
#1104=ORIENTED_EDGE('',*,*,#2190,.T.);
#1105=ORIENTED_EDGE('',*,*,#2128,.F.);
#1106=ORIENTED_EDGE('',*,*,#2191,.T.);
#1107=ORIENTED_EDGE('',*,*,#2177,.F.);
#1108=ORIENTED_EDGE('',*,*,#2192,.T.);
#1109=ORIENTED_EDGE('',*,*,#2154,.T.);
#1110=ORIENTED_EDGE('',*,*,#2145,.F.);
#1111=ORIENTED_EDGE('',*,*,#2193,.T.);
#1112=ORIENTED_EDGE('',*,*,#2194,.T.);
#1113=ORIENTED_EDGE('',*,*,#2184,.T.);
#1114=ORIENTED_EDGE('',*,*,#2195,.T.);
#1115=ORIENTED_EDGE('',*,*,#2196,.T.);
#1116=ORIENTED_EDGE('',*,*,#2197,.T.);
#1117=ORIENTED_EDGE('',*,*,#2161,.F.);
#1118=ORIENTED_EDGE('',*,*,#2159,.F.);
#1119=ORIENTED_EDGE('',*,*,#2157,.F.);
#1120=ORIENTED_EDGE('',*,*,#2198,.T.);
#1121=ORIENTED_EDGE('',*,*,#2152,.F.);
#1122=ORIENTED_EDGE('',*,*,#2199,.T.);
#1123=ORIENTED_EDGE('',*,*,#2175,.T.);
#1124=ORIENTED_EDGE('',*,*,#2200,.T.);
#1125=ORIENTED_EDGE('',*,*,#2172,.T.);
#1126=ORIENTED_EDGE('',*,*,#2201,.T.);
#1127=ORIENTED_EDGE('',*,*,#2169,.T.);
#1128=ORIENTED_EDGE('',*,*,#2167,.F.);
#1129=ORIENTED_EDGE('',*,*,#2165,.T.);
#1130=ORIENTED_EDGE('',*,*,#2202,.T.);
#1131=ORIENTED_EDGE('',*,*,#2174,.F.);
#1132=ORIENTED_EDGE('',*,*,#2203,.T.);
#1133=ORIENTED_EDGE('',*,*,#2178,.T.);
#1134=ORIENTED_EDGE('',*,*,#2143,.T.);
#1135=ORIENTED_EDGE('',*,*,#2136,.T.);
#1136=ORIENTED_EDGE('',*,*,#2204,.T.);
#1137=ORIENTED_EDGE('',*,*,#2193,.F.);
#1138=ORIENTED_EDGE('',*,*,#2205,.T.);
#1139=ORIENTED_EDGE('',*,*,#2135,.F.);
#1140=ORIENTED_EDGE('',*,*,#2181,.F.);
#1141=ORIENTED_EDGE('',*,*,#2206,.F.);
#1142=ORIENTED_EDGE('',*,*,#2204,.F.);
#1143=ORIENTED_EDGE('',*,*,#2133,.F.);
#1144=ORIENTED_EDGE('',*,*,#2185,.F.);
#1145=ORIENTED_EDGE('',*,*,#2207,.F.);
#1146=ORIENTED_EDGE('',*,*,#2182,.F.);
#1147=ORIENTED_EDGE('',*,*,#2206,.T.);
#1148=ORIENTED_EDGE('',*,*,#2180,.F.);
#1149=ORIENTED_EDGE('',*,*,#2207,.T.);
#1150=ORIENTED_EDGE('',*,*,#2194,.F.);
#1151=ORIENTED_EDGE('',*,*,#2151,.F.);
#1152=ORIENTED_EDGE('',*,*,#2163,.F.);
#1153=ORIENTED_EDGE('',*,*,#2208,.F.);
#1154=ORIENTED_EDGE('',*,*,#2191,.F.);
#1155=ORIENTED_EDGE('',*,*,#2162,.F.);
#1156=ORIENTED_EDGE('',*,*,#2197,.F.);
#1157=ORIENTED_EDGE('',*,*,#2209,.F.);
#1158=ORIENTED_EDGE('',*,*,#2208,.T.);
#1159=ORIENTED_EDGE('',*,*,#2209,.T.);
#1160=ORIENTED_EDGE('',*,*,#2196,.F.);
#1161=ORIENTED_EDGE('',*,*,#2210,.F.);
#1162=ORIENTED_EDGE('',*,*,#2189,.F.);
#1163=ORIENTED_EDGE('',*,*,#2129,.F.);
#1164=ORIENTED_EDGE('',*,*,#2190,.F.);
#1165=ORIENTED_EDGE('',*,*,#2211,.F.);
#1166=ORIENTED_EDGE('',*,*,#2186,.F.);
#1167=ORIENTED_EDGE('',*,*,#2211,.T.);
#1168=ORIENTED_EDGE('',*,*,#2210,.T.);
#1169=ORIENTED_EDGE('',*,*,#2212,.F.);
#1170=ORIENTED_EDGE('',*,*,#2131,.F.);
#1171=ORIENTED_EDGE('',*,*,#2188,.F.);
#1172=ORIENTED_EDGE('',*,*,#2213,.F.);
#1173=ORIENTED_EDGE('',*,*,#2183,.F.);
#1174=ORIENTED_EDGE('',*,*,#2212,.T.);
#1175=ORIENTED_EDGE('',*,*,#2195,.F.);
#1176=ORIENTED_EDGE('',*,*,#2213,.T.);
#1177=ORIENTED_EDGE('',*,*,#2187,.F.);
#1178=ORIENTED_EDGE('',*,*,#2179,.F.);
#1179=ORIENTED_EDGE('',*,*,#2203,.F.);
#1180=ORIENTED_EDGE('',*,*,#2173,.F.);
#1181=ORIENTED_EDGE('',*,*,#2200,.F.);
#1182=ORIENTED_EDGE('',*,*,#2176,.F.);
#1183=ORIENTED_EDGE('',*,*,#2199,.F.);
#1184=ORIENTED_EDGE('',*,*,#2155,.F.);
#1185=ORIENTED_EDGE('',*,*,#2192,.F.);
#1186=ORIENTED_EDGE('',*,*,#2202,.F.);
#1187=ORIENTED_EDGE('',*,*,#2164,.F.);
#1188=ORIENTED_EDGE('',*,*,#2137,.F.);
#1189=ORIENTED_EDGE('',*,*,#2205,.F.);
#1190=ORIENTED_EDGE('',*,*,#2198,.F.);
#1191=ORIENTED_EDGE('',*,*,#2156,.F.);
#1192=ORIENTED_EDGE('',*,*,#2147,.F.);
#1193=ORIENTED_EDGE('',*,*,#2153,.F.);
#1194=ORIENTED_EDGE('',*,*,#2201,.F.);
#1195=ORIENTED_EDGE('',*,*,#2171,.F.);
#1196=ORIENTED_EDGE('',*,*,#2141,.F.);
#1197=ORIENTED_EDGE('',*,*,#2170,.F.);
#1198=ORIENTED_EDGE('',*,*,#2214,.F.);
#1199=ORIENTED_EDGE('',*,*,#2215,.T.);
#1200=ORIENTED_EDGE('',*,*,#2216,.T.);
#1201=ORIENTED_EDGE('',*,*,#2217,.F.);
#1202=ORIENTED_EDGE('',*,*,#2218,.T.);
#1203=ORIENTED_EDGE('',*,*,#2219,.T.);
#1204=ORIENTED_EDGE('',*,*,#2220,.F.);
#1205=ORIENTED_EDGE('',*,*,#2221,.T.);
#1206=ORIENTED_EDGE('',*,*,#2222,.T.);
#1207=ORIENTED_EDGE('',*,*,#2223,.T.);
#1208=ORIENTED_EDGE('',*,*,#2224,.T.);
#1209=ORIENTED_EDGE('',*,*,#2225,.F.);
#1210=ORIENTED_EDGE('',*,*,#2226,.T.);
#1211=ORIENTED_EDGE('',*,*,#2227,.T.);
#1212=ORIENTED_EDGE('',*,*,#2228,.T.);
#1213=ORIENTED_EDGE('',*,*,#2229,.T.);
#1214=ORIENTED_EDGE('',*,*,#2230,.F.);
#1215=ORIENTED_EDGE('',*,*,#2231,.F.);
#1216=ORIENTED_EDGE('',*,*,#2232,.T.);
#1217=ORIENTED_EDGE('',*,*,#2233,.T.);
#1218=ORIENTED_EDGE('',*,*,#2234,.T.);
#1219=ORIENTED_EDGE('',*,*,#2235,.F.);
#1220=ORIENTED_EDGE('',*,*,#2236,.T.);
#1221=ORIENTED_EDGE('',*,*,#2237,.T.);
#1222=ORIENTED_EDGE('',*,*,#2238,.T.);
#1223=ORIENTED_EDGE('',*,*,#2239,.T.);
#1224=ORIENTED_EDGE('',*,*,#2240,.F.);
#1225=ORIENTED_EDGE('',*,*,#2241,.F.);
#1226=ORIENTED_EDGE('',*,*,#2242,.T.);
#1227=ORIENTED_EDGE('',*,*,#2243,.T.);
#1228=ORIENTED_EDGE('',*,*,#2244,.F.);
#1229=ORIENTED_EDGE('',*,*,#2245,.T.);
#1230=ORIENTED_EDGE('',*,*,#2246,.T.);
#1231=ORIENTED_EDGE('',*,*,#2247,.F.);
#1232=ORIENTED_EDGE('',*,*,#2248,.T.);
#1233=ORIENTED_EDGE('',*,*,#2249,.F.);
#1234=ORIENTED_EDGE('',*,*,#2250,.F.);
#1235=ORIENTED_EDGE('',*,*,#2251,.T.);
#1236=ORIENTED_EDGE('',*,*,#2252,.F.);
#1237=ORIENTED_EDGE('',*,*,#2253,.F.);
#1238=ORIENTED_EDGE('',*,*,#2254,.T.);
#1239=ORIENTED_EDGE('',*,*,#2241,.T.);
#1240=ORIENTED_EDGE('',*,*,#2255,.T.);
#1241=ORIENTED_EDGE('',*,*,#2256,.T.);
#1242=ORIENTED_EDGE('',*,*,#2257,.F.);
#1243=ORIENTED_EDGE('',*,*,#2226,.F.);
#1244=ORIENTED_EDGE('',*,*,#2258,.T.);
#1245=ORIENTED_EDGE('',*,*,#2245,.F.);
#1246=ORIENTED_EDGE('',*,*,#2259,.T.);
#1247=ORIENTED_EDGE('',*,*,#2260,.T.);
#1248=ORIENTED_EDGE('',*,*,#2261,.F.);
#1249=ORIENTED_EDGE('',*,*,#2236,.F.);
#1250=ORIENTED_EDGE('',*,*,#2262,.F.);
#1251=ORIENTED_EDGE('',*,*,#2263,.F.);
#1252=ORIENTED_EDGE('',*,*,#2264,.F.);
#1253=ORIENTED_EDGE('',*,*,#2231,.T.);
#1254=ORIENTED_EDGE('',*,*,#2265,.F.);
#1255=ORIENTED_EDGE('',*,*,#2266,.T.);
#1256=ORIENTED_EDGE('',*,*,#2267,.F.);
#1257=ORIENTED_EDGE('',*,*,#2268,.F.);
#1258=ORIENTED_EDGE('',*,*,#2269,.T.);
#1259=ORIENTED_EDGE('',*,*,#2270,.T.);
#1260=ORIENTED_EDGE('',*,*,#2271,.T.);
#1261=ORIENTED_EDGE('',*,*,#2272,.F.);
#1262=ORIENTED_EDGE('',*,*,#2273,.T.);
#1263=ORIENTED_EDGE('',*,*,#2274,.F.);
#1264=ORIENTED_EDGE('',*,*,#2275,.T.);
#1265=ORIENTED_EDGE('',*,*,#2276,.F.);
#1266=ORIENTED_EDGE('',*,*,#2277,.F.);
#1267=ORIENTED_EDGE('',*,*,#2278,.T.);
#1268=ORIENTED_EDGE('',*,*,#2279,.T.);
#1269=ORIENTED_EDGE('',*,*,#2280,.F.);
#1270=ORIENTED_EDGE('',*,*,#2266,.F.);
#1271=ORIENTED_EDGE('',*,*,#2281,.T.);
#1272=ORIENTED_EDGE('',*,*,#2282,.F.);
#1273=ORIENTED_EDGE('',*,*,#2283,.T.);
#1274=ORIENTED_EDGE('',*,*,#2284,.F.);
#1275=ORIENTED_EDGE('',*,*,#2253,.T.);
#1276=ORIENTED_EDGE('',*,*,#2285,.T.);
#1277=ORIENTED_EDGE('',*,*,#2286,.T.);
#1278=ORIENTED_EDGE('',*,*,#2287,.T.);
#1279=ORIENTED_EDGE('',*,*,#2288,.F.);
#1280=ORIENTED_EDGE('',*,*,#2289,.T.);
#1281=ORIENTED_EDGE('',*,*,#2268,.T.);
#1282=ORIENTED_EDGE('',*,*,#2290,.T.);
#1283=ORIENTED_EDGE('',*,*,#2291,.T.);
#1284=ORIENTED_EDGE('',*,*,#2292,.T.);
#1285=ORIENTED_EDGE('',*,*,#2293,.F.);
#1286=ORIENTED_EDGE('',*,*,#2294,.F.);
#1287=ORIENTED_EDGE('',*,*,#2295,.T.);
#1288=ORIENTED_EDGE('',*,*,#2296,.F.);
#1289=ORIENTED_EDGE('',*,*,#2297,.T.);
#1290=ORIENTED_EDGE('',*,*,#2270,.F.);
#1291=ORIENTED_EDGE('',*,*,#2298,.F.);
#1292=ORIENTED_EDGE('',*,*,#2299,.T.);
#1293=ORIENTED_EDGE('',*,*,#2300,.T.);
#1294=ORIENTED_EDGE('',*,*,#2301,.T.);
#1295=ORIENTED_EDGE('',*,*,#2302,.F.);
#1296=ORIENTED_EDGE('',*,*,#2251,.F.);
#1297=ORIENTED_EDGE('',*,*,#2303,.F.);
#1298=ORIENTED_EDGE('',*,*,#2304,.T.);
#1299=ORIENTED_EDGE('',*,*,#2305,.T.);
#1300=ORIENTED_EDGE('',*,*,#2306,.F.);
#1301=ORIENTED_EDGE('',*,*,#2307,.T.);
#1302=ORIENTED_EDGE('',*,*,#2308,.F.);
#1303=ORIENTED_EDGE('',*,*,#2309,.T.);
#1304=ORIENTED_EDGE('',*,*,#2310,.F.);
#1305=ORIENTED_EDGE('',*,*,#2311,.T.);
#1306=ORIENTED_EDGE('',*,*,#2221,.F.);
#1307=ORIENTED_EDGE('',*,*,#2312,.F.);
#1308=ORIENTED_EDGE('',*,*,#2274,.T.);
#1309=ORIENTED_EDGE('',*,*,#2313,.T.);
#1310=ORIENTED_EDGE('',*,*,#2314,.T.);
#1311=ORIENTED_EDGE('',*,*,#2315,.F.);
#1312=ORIENTED_EDGE('',*,*,#2316,.T.);
#1313=ORIENTED_EDGE('',*,*,#2317,.T.);
#1314=ORIENTED_EDGE('',*,*,#2318,.F.);
#1315=ORIENTED_EDGE('',*,*,#2319,.F.);
#1316=ORIENTED_EDGE('',*,*,#2320,.T.);
#1317=ORIENTED_EDGE('',*,*,#2321,.F.);
#1318=ORIENTED_EDGE('',*,*,#2322,.T.);
#1319=ORIENTED_EDGE('',*,*,#2323,.F.);
#1320=ORIENTED_EDGE('',*,*,#2324,.T.);
#1321=ORIENTED_EDGE('',*,*,#2272,.T.);
#1322=ORIENTED_EDGE('',*,*,#2325,.F.);
#1323=ORIENTED_EDGE('',*,*,#2326,.T.);
#1324=ORIENTED_EDGE('',*,*,#2327,.T.);
#1325=ORIENTED_EDGE('',*,*,#2328,.T.);
#1326=ORIENTED_EDGE('',*,*,#2329,.T.);
#1327=ORIENTED_EDGE('',*,*,#2330,.F.);
#1328=ORIENTED_EDGE('',*,*,#2331,.T.);
#1329=ORIENTED_EDGE('',*,*,#2332,.F.);
#1330=ORIENTED_EDGE('',*,*,#2333,.T.);
#1331=ORIENTED_EDGE('',*,*,#2334,.T.);
#1332=ORIENTED_EDGE('',*,*,#2335,.F.);
#1333=ORIENTED_EDGE('',*,*,#2336,.F.);
#1334=ORIENTED_EDGE('',*,*,#2337,.T.);
#1335=ORIENTED_EDGE('',*,*,#2338,.T.);
#1336=ORIENTED_EDGE('',*,*,#2315,.T.);
#1337=ORIENTED_EDGE('',*,*,#2339,.T.);
#1338=ORIENTED_EDGE('',*,*,#2332,.T.);
#1339=ORIENTED_EDGE('',*,*,#2340,.T.);
#1340=ORIENTED_EDGE('',*,*,#2290,.F.);
#1341=ORIENTED_EDGE('',*,*,#2341,.T.);
#1342=ORIENTED_EDGE('',*,*,#2310,.T.);
#1343=ORIENTED_EDGE('',*,*,#2342,.T.);
#1344=ORIENTED_EDGE('',*,*,#2343,.T.);
#1345=ORIENTED_EDGE('',*,*,#2344,.F.);
#1346=ORIENTED_EDGE('',*,*,#2345,.T.);
#1347=ORIENTED_EDGE('',*,*,#2275,.F.);
#1348=ORIENTED_EDGE('',*,*,#2322,.F.);
#1349=ORIENTED_EDGE('',*,*,#2346,.T.);
#1350=ORIENTED_EDGE('',*,*,#2321,.T.);
#1351=ORIENTED_EDGE('',*,*,#2347,.T.);
#1352=ORIENTED_EDGE('',*,*,#2348,.F.);
#1353=ORIENTED_EDGE('',*,*,#2346,.F.);
#1354=ORIENTED_EDGE('',*,*,#2349,.F.);
#1355=ORIENTED_EDGE('',*,*,#2350,.T.);
#1356=ORIENTED_EDGE('',*,*,#2319,.T.);
#1357=ORIENTED_EDGE('',*,*,#2351,.T.);
#1358=ORIENTED_EDGE('',*,*,#2352,.F.);
#1359=ORIENTED_EDGE('',*,*,#2351,.F.);
#1360=ORIENTED_EDGE('',*,*,#2318,.T.);
#1361=ORIENTED_EDGE('',*,*,#2353,.T.);
#1362=ORIENTED_EDGE('',*,*,#2317,.F.);
#1363=ORIENTED_EDGE('',*,*,#2354,.T.);
#1364=ORIENTED_EDGE('',*,*,#2355,.T.);
#1365=ORIENTED_EDGE('',*,*,#2353,.F.);
#1366=ORIENTED_EDGE('',*,*,#2356,.T.);
#1367=ORIENTED_EDGE('',*,*,#2357,.T.);
#1368=ORIENTED_EDGE('',*,*,#2358,.T.);
#1369=ORIENTED_EDGE('',*,*,#2359,.F.);
#1370=ORIENTED_EDGE('',*,*,#2339,.F.);
#1371=ORIENTED_EDGE('',*,*,#2314,.F.);
#1372=ORIENTED_EDGE('',*,*,#2360,.T.);
#1373=ORIENTED_EDGE('',*,*,#2323,.T.);
#1374=ORIENTED_EDGE('',*,*,#2341,.F.);
#1375=ORIENTED_EDGE('',*,*,#2312,.T.);
#1376=ORIENTED_EDGE('',*,*,#2220,.T.);
#1377=ORIENTED_EDGE('',*,*,#2361,.T.);
#1378=ORIENTED_EDGE('',*,*,#2358,.F.);
#1379=ORIENTED_EDGE('',*,*,#2362,.T.);
#1380=ORIENTED_EDGE('',*,*,#2363,.T.);
#1381=ORIENTED_EDGE('',*,*,#2364,.F.);
#1382=ORIENTED_EDGE('',*,*,#2363,.F.);
#1383=ORIENTED_EDGE('',*,*,#2365,.T.);
#1384=ORIENTED_EDGE('',*,*,#2366,.T.);
#1385=ORIENTED_EDGE('',*,*,#2367,.T.);
#1386=ORIENTED_EDGE('',*,*,#2218,.F.);
#1387=ORIENTED_EDGE('',*,*,#2311,.F.);
#1388=ORIENTED_EDGE('',*,*,#2344,.T.);
#1389=ORIENTED_EDGE('',*,*,#2368,.F.);
#1390=ORIENTED_EDGE('',*,*,#2369,.T.);
#1391=ORIENTED_EDGE('',*,*,#2370,.T.);
#1392=ORIENTED_EDGE('',*,*,#2336,.T.);
#1393=ORIENTED_EDGE('',*,*,#2371,.T.);
#1394=ORIENTED_EDGE('',*,*,#2372,.F.);
#1395=ORIENTED_EDGE('',*,*,#2373,.T.);
#1396=ORIENTED_EDGE('',*,*,#2374,.T.);
#1397=ORIENTED_EDGE('',*,*,#2375,.T.);
#1398=ORIENTED_EDGE('',*,*,#2376,.T.);
#1399=ORIENTED_EDGE('',*,*,#2375,.F.);
#1400=ORIENTED_EDGE('',*,*,#2377,.F.);
#1401=ORIENTED_EDGE('',*,*,#2378,.T.);
#1402=ORIENTED_EDGE('',*,*,#2379,.T.);
#1403=ORIENTED_EDGE('',*,*,#2380,.T.);
#1404=ORIENTED_EDGE('',*,*,#2381,.F.);
#1405=ORIENTED_EDGE('',*,*,#2378,.F.);
#1406=ORIENTED_EDGE('',*,*,#2382,.T.);
#1407=ORIENTED_EDGE('',*,*,#2383,.T.);
#1408=ORIENTED_EDGE('',*,*,#2384,.F.);
#1409=ORIENTED_EDGE('',*,*,#2385,.T.);
#1410=ORIENTED_EDGE('',*,*,#2386,.F.);
#1411=ORIENTED_EDGE('',*,*,#2385,.F.);
#1412=ORIENTED_EDGE('',*,*,#2387,.T.);
#1413=ORIENTED_EDGE('',*,*,#2277,.T.);
#1414=ORIENTED_EDGE('',*,*,#2355,.F.);
#1415=ORIENTED_EDGE('',*,*,#2388,.T.);
#1416=ORIENTED_EDGE('',*,*,#2337,.F.);
#1417=ORIENTED_EDGE('',*,*,#2359,.T.);
#1418=ORIENTED_EDGE('',*,*,#2364,.T.);
#1419=ORIENTED_EDGE('',*,*,#2371,.F.);
#1420=ORIENTED_EDGE('',*,*,#2335,.T.);
#1421=ORIENTED_EDGE('',*,*,#2389,.T.);
#1422=ORIENTED_EDGE('',*,*,#2372,.T.);
#1423=ORIENTED_EDGE('',*,*,#2376,.F.);
#1424=ORIENTED_EDGE('',*,*,#2381,.T.);
#1425=ORIENTED_EDGE('',*,*,#2390,.T.);
#1426=ORIENTED_EDGE('',*,*,#2382,.F.);
#1427=ORIENTED_EDGE('',*,*,#2386,.T.);
#1428=ORIENTED_EDGE('',*,*,#2276,.T.);
#1429=ORIENTED_EDGE('',*,*,#2345,.F.);
#1430=ORIENTED_EDGE('',*,*,#2348,.T.);
#1431=ORIENTED_EDGE('',*,*,#2391,.T.);
#1432=ORIENTED_EDGE('',*,*,#2349,.T.);
#1433=ORIENTED_EDGE('',*,*,#2352,.T.);
#1434=ORIENTED_EDGE('',*,*,#2370,.F.);
#1435=ORIENTED_EDGE('',*,*,#2392,.T.);
#1436=ORIENTED_EDGE('',*,*,#2247,.T.);
#1437=ORIENTED_EDGE('',*,*,#2387,.F.);
#1438=ORIENTED_EDGE('',*,*,#2384,.T.);
#1439=ORIENTED_EDGE('',*,*,#2393,.T.);
#1440=ORIENTED_EDGE('',*,*,#2379,.F.);
#1441=ORIENTED_EDGE('',*,*,#2377,.T.);
#1442=ORIENTED_EDGE('',*,*,#2374,.F.);
#1443=ORIENTED_EDGE('',*,*,#2394,.T.);
#1444=ORIENTED_EDGE('',*,*,#2333,.F.);
#1445=ORIENTED_EDGE('',*,*,#2249,.T.);
#1446=ORIENTED_EDGE('',*,*,#2395,.T.);
#1447=ORIENTED_EDGE('',*,*,#2368,.T.);
#1448=ORIENTED_EDGE('',*,*,#2343,.F.);
#1449=ORIENTED_EDGE('',*,*,#2396,.T.);
#1450=ORIENTED_EDGE('',*,*,#2397,.T.);
#1451=ORIENTED_EDGE('',*,*,#2398,.F.);
#1452=ORIENTED_EDGE('',*,*,#2399,.T.);
#1453=ORIENTED_EDGE('',*,*,#2400,.T.);
#1454=ORIENTED_EDGE('',*,*,#2401,.F.);
#1455=ORIENTED_EDGE('',*,*,#2402,.T.);
#1456=ORIENTED_EDGE('',*,*,#2325,.T.);
#1457=ORIENTED_EDGE('',*,*,#2271,.F.);
#1458=ORIENTED_EDGE('',*,*,#2297,.F.);
#1459=ORIENTED_EDGE('',*,*,#2403,.T.);
#1460=ORIENTED_EDGE('',*,*,#2296,.T.);
#1461=ORIENTED_EDGE('',*,*,#2404,.T.);
#1462=ORIENTED_EDGE('',*,*,#2326,.F.);
#1463=ORIENTED_EDGE('',*,*,#2403,.F.);
#1464=ORIENTED_EDGE('',*,*,#2328,.F.);
#1465=ORIENTED_EDGE('',*,*,#2405,.T.);
#1466=ORIENTED_EDGE('',*,*,#2294,.T.);
#1467=ORIENTED_EDGE('',*,*,#2406,.T.);
#1468=ORIENTED_EDGE('',*,*,#2329,.F.);
#1469=ORIENTED_EDGE('',*,*,#2406,.F.);
#1470=ORIENTED_EDGE('',*,*,#2293,.T.);
#1471=ORIENTED_EDGE('',*,*,#2407,.T.);
#1472=ORIENTED_EDGE('',*,*,#2292,.F.);
#1473=ORIENTED_EDGE('',*,*,#2408,.T.);
#1474=ORIENTED_EDGE('',*,*,#2330,.T.);
#1475=ORIENTED_EDGE('',*,*,#2407,.F.);
#1476=ORIENTED_EDGE('',*,*,#2397,.F.);
#1477=ORIENTED_EDGE('',*,*,#2409,.T.);
#1478=ORIENTED_EDGE('',*,*,#2308,.T.);
#1479=ORIENTED_EDGE('',*,*,#2410,.T.);
#1480=ORIENTED_EDGE('',*,*,#2398,.T.);
#1481=ORIENTED_EDGE('',*,*,#2410,.F.);
#1482=ORIENTED_EDGE('',*,*,#2307,.F.);
#1483=ORIENTED_EDGE('',*,*,#2411,.T.);
#1484=ORIENTED_EDGE('',*,*,#2306,.T.);
#1485=ORIENTED_EDGE('',*,*,#2412,.T.);
#1486=ORIENTED_EDGE('',*,*,#2399,.F.);
#1487=ORIENTED_EDGE('',*,*,#2411,.F.);
#1488=ORIENTED_EDGE('',*,*,#2401,.T.);
#1489=ORIENTED_EDGE('',*,*,#2413,.T.);
#1490=ORIENTED_EDGE('',*,*,#2304,.F.);
#1491=ORIENTED_EDGE('',*,*,#2414,.T.);
#1492=ORIENTED_EDGE('',*,*,#2402,.F.);
#1493=ORIENTED_EDGE('',*,*,#2414,.F.);
#1494=ORIENTED_EDGE('',*,*,#2303,.T.);
#1495=ORIENTED_EDGE('',*,*,#2250,.T.);
#1496=ORIENTED_EDGE('',*,*,#2415,.T.);
#1497=ORIENTED_EDGE('',*,*,#2416,.T.);
#1498=ORIENTED_EDGE('',*,*,#2222,.F.);
#1499=ORIENTED_EDGE('',*,*,#2257,.T.);
#1500=ORIENTED_EDGE('',*,*,#2417,.T.);
#1501=ORIENTED_EDGE('',*,*,#2418,.T.);
#1502=ORIENTED_EDGE('',*,*,#2419,.F.);
#1503=ORIENTED_EDGE('',*,*,#2263,.T.);
#1504=ORIENTED_EDGE('',*,*,#2420,.T.);
#1505=ORIENTED_EDGE('',*,*,#2419,.T.);
#1506=ORIENTED_EDGE('',*,*,#2421,.T.);
#1507=ORIENTED_EDGE('',*,*,#2227,.F.);
#1508=ORIENTED_EDGE('',*,*,#2264,.T.);
#1509=ORIENTED_EDGE('',*,*,#2422,.T.);
#1510=ORIENTED_EDGE('',*,*,#2423,.T.);
#1511=ORIENTED_EDGE('',*,*,#2415,.F.);
#1512=ORIENTED_EDGE('',*,*,#2256,.F.);
#1513=ORIENTED_EDGE('',*,*,#2424,.T.);
#1514=ORIENTED_EDGE('',*,*,#2425,.T.);
#1515=ORIENTED_EDGE('',*,*,#2426,.T.);
#1516=ORIENTED_EDGE('',*,*,#2427,.T.);
#1517=ORIENTED_EDGE('',*,*,#2428,.T.);
#1518=ORIENTED_EDGE('',*,*,#2240,.T.);
#1519=ORIENTED_EDGE('',*,*,#2429,.T.);
#1520=ORIENTED_EDGE('',*,*,#2424,.F.);
#1521=ORIENTED_EDGE('',*,*,#2255,.F.);
#1522=ORIENTED_EDGE('',*,*,#2230,.T.);
#1523=ORIENTED_EDGE('',*,*,#2430,.T.);
#1524=ORIENTED_EDGE('',*,*,#2281,.F.);
#1525=ORIENTED_EDGE('',*,*,#2265,.T.);
#1526=ORIENTED_EDGE('',*,*,#2431,.T.);
#1527=ORIENTED_EDGE('',*,*,#2432,.T.);
#1528=ORIENTED_EDGE('',*,*,#2433,.F.);
#1529=ORIENTED_EDGE('',*,*,#2434,.T.);
#1530=ORIENTED_EDGE('',*,*,#2435,.F.);
#1531=ORIENTED_EDGE('',*,*,#2436,.T.);
#1532=ORIENTED_EDGE('',*,*,#2437,.T.);
#1533=ORIENTED_EDGE('',*,*,#2438,.T.);
#1534=ORIENTED_EDGE('',*,*,#2225,.T.);
#1535=ORIENTED_EDGE('',*,*,#2439,.T.);
#1536=ORIENTED_EDGE('',*,*,#2246,.F.);
#1537=ORIENTED_EDGE('',*,*,#2258,.F.);
#1538=ORIENTED_EDGE('',*,*,#2235,.T.);
#1539=ORIENTED_EDGE('',*,*,#2440,.T.);
#1540=ORIENTED_EDGE('',*,*,#2420,.F.);
#1541=ORIENTED_EDGE('',*,*,#2262,.T.);
#1542=ORIENTED_EDGE('',*,*,#2244,.T.);
#1543=ORIENTED_EDGE('',*,*,#2441,.T.);
#1544=ORIENTED_EDGE('',*,*,#2442,.F.);
#1545=ORIENTED_EDGE('',*,*,#2259,.F.);
#1546=ORIENTED_EDGE('',*,*,#2442,.T.);
#1547=ORIENTED_EDGE('',*,*,#2443,.T.);
#1548=ORIENTED_EDGE('',*,*,#2444,.F.);
#1549=ORIENTED_EDGE('',*,*,#2260,.F.);
#1550=ORIENTED_EDGE('',*,*,#2444,.T.);
#1551=ORIENTED_EDGE('',*,*,#2445,.T.);
#1552=ORIENTED_EDGE('',*,*,#2232,.F.);
#1553=ORIENTED_EDGE('',*,*,#2261,.T.);
#1554=ORIENTED_EDGE('',*,*,#2284,.T.);
#1555=ORIENTED_EDGE('',*,*,#2446,.T.);
#1556=ORIENTED_EDGE('',*,*,#2237,.F.);
#1557=ORIENTED_EDGE('',*,*,#2254,.F.);
#1558=ORIENTED_EDGE('',*,*,#2280,.T.);
#1559=ORIENTED_EDGE('',*,*,#2447,.T.);
#1560=ORIENTED_EDGE('',*,*,#2286,.F.);
#1561=ORIENTED_EDGE('',*,*,#2267,.T.);
#1562=ORIENTED_EDGE('',*,*,#2448,.T.);
#1563=ORIENTED_EDGE('',*,*,#2449,.T.);
#1564=ORIENTED_EDGE('',*,*,#2282,.T.);
#1565=ORIENTED_EDGE('',*,*,#2450,.T.);
#1566=ORIENTED_EDGE('',*,*,#2288,.T.);
#1567=ORIENTED_EDGE('',*,*,#2451,.T.);
#1568=ORIENTED_EDGE('',*,*,#2452,.T.);
#1569=ORIENTED_EDGE('',*,*,#2453,.T.);
#1570=ORIENTED_EDGE('',*,*,#2454,.T.);
#1571=ORIENTED_EDGE('',*,*,#2455,.T.);
#1572=ORIENTED_EDGE('',*,*,#2456,.T.);
#1573=ORIENTED_EDGE('',*,*,#2457,.T.);
#1574=ORIENTED_EDGE('',*,*,#2458,.T.);
#1575=ORIENTED_EDGE('',*,*,#2450,.F.);
#1576=ORIENTED_EDGE('',*,*,#2459,.T.);
#1577=ORIENTED_EDGE('',*,*,#2460,.T.);
#1578=ORIENTED_EDGE('',*,*,#2302,.T.);
#1579=ORIENTED_EDGE('',*,*,#2461,.T.);
#1580=ORIENTED_EDGE('',*,*,#2462,.T.);
#1581=ORIENTED_EDGE('',*,*,#2459,.F.);
#1582=ORIENTED_EDGE('',*,*,#2285,.F.);
#1583=ORIENTED_EDGE('',*,*,#2252,.T.);
#1584=ORIENTED_EDGE('',*,*,#2463,.T.);
#1585=ORIENTED_EDGE('',*,*,#2464,.T.);
#1586=ORIENTED_EDGE('',*,*,#2456,.F.);
#1587=ORIENTED_EDGE('',*,*,#2465,.T.);
#1588=ORIENTED_EDGE('',*,*,#2466,.T.);
#1589=ORIENTED_EDGE('',*,*,#2467,.T.);
#1590=ORIENTED_EDGE('',*,*,#2298,.T.);
#1591=ORIENTED_EDGE('',*,*,#2269,.F.);
#1592=ORIENTED_EDGE('',*,*,#2289,.F.);
#1593=ORIENTED_EDGE('',*,*,#2458,.F.);
#1594=ORIENTED_EDGE('',*,*,#2395,.F.);
#1595=ORIENTED_EDGE('',*,*,#2248,.F.);
#1596=ORIENTED_EDGE('',*,*,#2392,.F.);
#1597=ORIENTED_EDGE('',*,*,#2369,.F.);
#1598=ORIENTED_EDGE('',*,*,#2324,.F.);
#1599=ORIENTED_EDGE('',*,*,#2360,.F.);
#1600=ORIENTED_EDGE('',*,*,#2313,.F.);
#1601=ORIENTED_EDGE('',*,*,#2273,.F.);
#1602=ORIENTED_EDGE('',*,*,#2393,.F.);
#1603=ORIENTED_EDGE('',*,*,#2383,.F.);
#1604=ORIENTED_EDGE('',*,*,#2390,.F.);
#1605=ORIENTED_EDGE('',*,*,#2380,.F.);
#1606=ORIENTED_EDGE('',*,*,#2320,.F.);
#1607=ORIENTED_EDGE('',*,*,#2350,.F.);
#1608=ORIENTED_EDGE('',*,*,#2391,.F.);
#1609=ORIENTED_EDGE('',*,*,#2347,.F.);
#1610=ORIENTED_EDGE('',*,*,#2316,.F.);
#1611=ORIENTED_EDGE('',*,*,#2338,.F.);
#1612=ORIENTED_EDGE('',*,*,#2388,.F.);
#1613=ORIENTED_EDGE('',*,*,#2354,.F.);
#1614=ORIENTED_EDGE('',*,*,#2394,.F.);
#1615=ORIENTED_EDGE('',*,*,#2373,.F.);
#1616=ORIENTED_EDGE('',*,*,#2389,.F.);
#1617=ORIENTED_EDGE('',*,*,#2334,.F.);
#1618=ORIENTED_EDGE('',*,*,#2291,.F.);
#1619=ORIENTED_EDGE('',*,*,#2340,.F.);
#1620=ORIENTED_EDGE('',*,*,#2331,.F.);
#1621=ORIENTED_EDGE('',*,*,#2408,.F.);
#1622=ORIENTED_EDGE('',*,*,#2309,.F.);
#1623=ORIENTED_EDGE('',*,*,#2409,.F.);
#1624=ORIENTED_EDGE('',*,*,#2396,.F.);
#1625=ORIENTED_EDGE('',*,*,#2342,.F.);
#1626=ORIENTED_EDGE('',*,*,#2283,.F.);
#1627=ORIENTED_EDGE('',*,*,#2449,.F.);
#1628=ORIENTED_EDGE('',*,*,#2468,.F.);
#1629=ORIENTED_EDGE('',*,*,#2446,.F.);
#1630=ORIENTED_EDGE('',*,*,#2287,.F.);
#1631=ORIENTED_EDGE('',*,*,#2447,.F.);
#1632=ORIENTED_EDGE('',*,*,#2469,.F.);
#1633=ORIENTED_EDGE('',*,*,#2451,.F.);
#1634=ORIENTED_EDGE('',*,*,#2468,.T.);
#1635=ORIENTED_EDGE('',*,*,#2448,.F.);
#1636=ORIENTED_EDGE('',*,*,#2469,.T.);
#1637=ORIENTED_EDGE('',*,*,#2279,.F.);
#1638=ORIENTED_EDGE('',*,*,#2433,.T.);
#1639=ORIENTED_EDGE('',*,*,#2238,.F.);
#1640=ORIENTED_EDGE('',*,*,#2470,.F.);
#1641=ORIENTED_EDGE('',*,*,#2455,.F.);
#1642=ORIENTED_EDGE('',*,*,#2471,.F.);
#1643=ORIENTED_EDGE('',*,*,#2243,.F.);
#1644=ORIENTED_EDGE('',*,*,#2437,.F.);
#1645=ORIENTED_EDGE('',*,*,#2233,.F.);
#1646=ORIENTED_EDGE('',*,*,#2471,.T.);
#1647=ORIENTED_EDGE('',*,*,#2454,.F.);
#1648=ORIENTED_EDGE('',*,*,#2472,.F.);
#1649=ORIENTED_EDGE('',*,*,#2441,.F.);
#1650=ORIENTED_EDGE('',*,*,#2470,.T.);
#1651=ORIENTED_EDGE('',*,*,#2445,.F.);
#1652=ORIENTED_EDGE('',*,*,#2473,.F.);
#1653=ORIENTED_EDGE('',*,*,#2452,.F.);
#1654=ORIENTED_EDGE('',*,*,#2472,.T.);
#1655=ORIENTED_EDGE('',*,*,#2453,.F.);
#1656=ORIENTED_EDGE('',*,*,#2473,.T.);
#1657=ORIENTED_EDGE('',*,*,#2443,.F.);
#1658=ORIENTED_EDGE('',*,*,#2417,.F.);
#1659=ORIENTED_EDGE('',*,*,#2440,.F.);
#1660=ORIENTED_EDGE('',*,*,#2234,.F.);
#1661=ORIENTED_EDGE('',*,*,#2436,.F.);
#1662=ORIENTED_EDGE('',*,*,#2224,.F.);
#1663=ORIENTED_EDGE('',*,*,#2438,.F.);
#1664=ORIENTED_EDGE('',*,*,#2242,.F.);
#1665=ORIENTED_EDGE('',*,*,#2439,.F.);
#1666=ORIENTED_EDGE('',*,*,#2474,.F.);
#1667=ORIENTED_EDGE('',*,*,#2425,.F.);
#1668=ORIENTED_EDGE('',*,*,#2475,.F.);
#1669=ORIENTED_EDGE('',*,*,#2418,.F.);
#1670=ORIENTED_EDGE('',*,*,#2435,.T.);
#1671=ORIENTED_EDGE('',*,*,#2223,.F.);
#1672=ORIENTED_EDGE('',*,*,#2475,.T.);
#1673=ORIENTED_EDGE('',*,*,#2428,.F.);
#1674=ORIENTED_EDGE('',*,*,#2476,.F.);
#1675=ORIENTED_EDGE('',*,*,#2421,.F.);
#1676=ORIENTED_EDGE('',*,*,#2474,.T.);
#1677=ORIENTED_EDGE('',*,*,#2416,.F.);
#1678=ORIENTED_EDGE('',*,*,#2477,.F.);
#1679=ORIENTED_EDGE('',*,*,#2426,.F.);
#1680=ORIENTED_EDGE('',*,*,#2476,.T.);
#1681=ORIENTED_EDGE('',*,*,#2427,.F.);
#1682=ORIENTED_EDGE('',*,*,#2477,.T.);
#1683=ORIENTED_EDGE('',*,*,#2423,.F.);
#1684=ORIENTED_EDGE('',*,*,#2431,.F.);
#1685=ORIENTED_EDGE('',*,*,#2228,.F.);
#1686=ORIENTED_EDGE('',*,*,#2239,.F.);
#1687=ORIENTED_EDGE('',*,*,#2432,.F.);
#1688=ORIENTED_EDGE('',*,*,#2422,.F.);
#1689=ORIENTED_EDGE('',*,*,#2429,.F.);
#1690=ORIENTED_EDGE('',*,*,#2278,.F.);
#1691=ORIENTED_EDGE('',*,*,#2430,.F.);
#1692=ORIENTED_EDGE('',*,*,#2229,.F.);
#1693=ORIENTED_EDGE('',*,*,#2434,.F.);
#1694=ORIENTED_EDGE('',*,*,#2478,.F.);
#1695=ORIENTED_EDGE('',*,*,#2466,.F.);
#1696=ORIENTED_EDGE('',*,*,#2457,.F.);
#1697=ORIENTED_EDGE('',*,*,#2464,.F.);
#1698=ORIENTED_EDGE('',*,*,#2467,.F.);
#1699=ORIENTED_EDGE('',*,*,#2478,.T.);
#1700=ORIENTED_EDGE('',*,*,#2479,.F.);
#1701=ORIENTED_EDGE('',*,*,#2299,.F.);
#1702=ORIENTED_EDGE('',*,*,#2460,.F.);
#1703=ORIENTED_EDGE('',*,*,#2462,.F.);
#1704=ORIENTED_EDGE('',*,*,#2480,.F.);
#1705=ORIENTED_EDGE('',*,*,#2465,.F.);
#1706=ORIENTED_EDGE('',*,*,#2479,.T.);
#1707=ORIENTED_EDGE('',*,*,#2463,.F.);
#1708=ORIENTED_EDGE('',*,*,#2481,.F.);
#1709=ORIENTED_EDGE('',*,*,#2300,.F.);
#1710=ORIENTED_EDGE('',*,*,#2461,.F.);
#1711=ORIENTED_EDGE('',*,*,#2301,.F.);
#1712=ORIENTED_EDGE('',*,*,#2481,.T.);
#1713=ORIENTED_EDGE('',*,*,#2480,.T.);
#1714=ORIENTED_EDGE('',*,*,#2295,.F.);
#1715=ORIENTED_EDGE('',*,*,#2405,.F.);
#1716=ORIENTED_EDGE('',*,*,#2327,.F.);
#1717=ORIENTED_EDGE('',*,*,#2404,.F.);
#1718=ORIENTED_EDGE('',*,*,#2305,.F.);
#1719=ORIENTED_EDGE('',*,*,#2413,.F.);
#1720=ORIENTED_EDGE('',*,*,#2400,.F.);
#1721=ORIENTED_EDGE('',*,*,#2412,.F.);
#1722=ORIENTED_EDGE('',*,*,#2482,.T.);
#1723=ORIENTED_EDGE('',*,*,#2483,.T.);
#1724=ORIENTED_EDGE('',*,*,#2484,.F.);
#1725=ORIENTED_EDGE('',*,*,#2485,.T.);
#1726=ORIENTED_EDGE('',*,*,#2485,.F.);
#1727=ORIENTED_EDGE('',*,*,#2486,.F.);
#1728=ORIENTED_EDGE('',*,*,#2487,.T.);
#1729=ORIENTED_EDGE('',*,*,#2488,.T.);
#1730=ORIENTED_EDGE('',*,*,#2489,.T.);
#1731=ORIENTED_EDGE('',*,*,#2490,.T.);
#1732=ORIENTED_EDGE('',*,*,#2491,.T.);
#1733=ORIENTED_EDGE('',*,*,#2492,.T.);
#1734=ORIENTED_EDGE('',*,*,#2493,.T.);
#1735=ORIENTED_EDGE('',*,*,#2494,.F.);
#1736=ORIENTED_EDGE('',*,*,#2495,.F.);
#1737=ORIENTED_EDGE('',*,*,#2496,.T.);
#1738=ORIENTED_EDGE('',*,*,#2497,.T.);
#1739=ORIENTED_EDGE('',*,*,#2498,.T.);
#1740=ORIENTED_EDGE('',*,*,#2499,.T.);
#1741=ORIENTED_EDGE('',*,*,#2215,.F.);
#1742=ORIENTED_EDGE('',*,*,#2500,.F.);
#1743=ORIENTED_EDGE('',*,*,#2501,.T.);
#1744=ORIENTED_EDGE('',*,*,#2502,.T.);
#1745=ORIENTED_EDGE('',*,*,#2503,.F.);
#1746=ORIENTED_EDGE('',*,*,#2504,.F.);
#1747=ORIENTED_EDGE('',*,*,#2486,.T.);
#1748=ORIENTED_EDGE('',*,*,#2484,.T.);
#1749=ORIENTED_EDGE('',*,*,#2505,.T.);
#1750=ORIENTED_EDGE('',*,*,#2506,.T.);
#1751=ORIENTED_EDGE('',*,*,#2507,.T.);
#1752=ORIENTED_EDGE('',*,*,#2508,.T.);
#1753=ORIENTED_EDGE('',*,*,#2509,.F.);
#1754=ORIENTED_EDGE('',*,*,#2510,.F.);
#1755=ORIENTED_EDGE('',*,*,#2494,.T.);
#1756=ORIENTED_EDGE('',*,*,#2511,.T.);
#1757=ORIENTED_EDGE('',*,*,#2512,.T.);
#1758=ORIENTED_EDGE('',*,*,#2513,.T.);
#1759=ORIENTED_EDGE('',*,*,#2514,.T.);
#1760=ORIENTED_EDGE('',*,*,#2515,.T.);
#1761=ORIENTED_EDGE('',*,*,#2482,.F.);
#1762=ORIENTED_EDGE('',*,*,#2488,.F.);
#1763=ORIENTED_EDGE('',*,*,#2516,.T.);
#1764=ORIENTED_EDGE('',*,*,#2517,.T.);
#1765=ORIENTED_EDGE('',*,*,#2518,.T.);
#1766=ORIENTED_EDGE('',*,*,#2519,.T.);
#1767=ORIENTED_EDGE('',*,*,#2520,.T.);
#1768=ORIENTED_EDGE('',*,*,#2217,.T.);
#1769=ORIENTED_EDGE('',*,*,#2521,.F.);
#1770=ORIENTED_EDGE('',*,*,#2522,.T.);
#1771=ORIENTED_EDGE('',*,*,#2523,.T.);
#1772=ORIENTED_EDGE('',*,*,#2524,.F.);
#1773=ORIENTED_EDGE('',*,*,#2525,.T.);
#1774=ORIENTED_EDGE('',*,*,#2509,.T.);
#1775=ORIENTED_EDGE('',*,*,#2526,.F.);
#1776=ORIENTED_EDGE('',*,*,#2527,.T.);
#1777=ORIENTED_EDGE('',*,*,#2528,.T.);
#1778=ORIENTED_EDGE('',*,*,#2493,.F.);
#1779=ORIENTED_EDGE('',*,*,#2529,.T.);
#1780=ORIENTED_EDGE('',*,*,#2526,.T.);
#1781=ORIENTED_EDGE('',*,*,#2508,.F.);
#1782=ORIENTED_EDGE('',*,*,#2499,.F.);
#1783=ORIENTED_EDGE('',*,*,#2530,.T.);
#1784=ORIENTED_EDGE('',*,*,#2521,.T.);
#1785=ORIENTED_EDGE('',*,*,#2216,.F.);
#1786=ORIENTED_EDGE('',*,*,#2525,.F.);
#1787=ORIENTED_EDGE('',*,*,#2531,.T.);
#1788=ORIENTED_EDGE('',*,*,#2495,.T.);
#1789=ORIENTED_EDGE('',*,*,#2510,.T.);
#1790=ORIENTED_EDGE('',*,*,#2520,.F.);
#1791=ORIENTED_EDGE('',*,*,#2532,.T.);
#1792=ORIENTED_EDGE('',*,*,#2500,.T.);
#1793=ORIENTED_EDGE('',*,*,#2214,.T.);
#1794=ORIENTED_EDGE('',*,*,#2504,.T.);
#1795=ORIENTED_EDGE('',*,*,#2533,.F.);
#1796=ORIENTED_EDGE('',*,*,#2516,.F.);
#1797=ORIENTED_EDGE('',*,*,#2487,.F.);
#1798=ORIENTED_EDGE('',*,*,#2503,.T.);
#1799=ORIENTED_EDGE('',*,*,#2534,.T.);
#1800=ORIENTED_EDGE('',*,*,#2517,.F.);
#1801=ORIENTED_EDGE('',*,*,#2533,.T.);
#1802=ORIENTED_EDGE('',*,*,#2524,.T.);
#1803=ORIENTED_EDGE('',*,*,#2535,.T.);
#1804=ORIENTED_EDGE('',*,*,#2496,.F.);
#1805=ORIENTED_EDGE('',*,*,#2531,.F.);
#1806=ORIENTED_EDGE('',*,*,#2522,.F.);
#1807=ORIENTED_EDGE('',*,*,#2530,.F.);
#1808=ORIENTED_EDGE('',*,*,#2498,.F.);
#1809=ORIENTED_EDGE('',*,*,#2536,.F.);
#1810=ORIENTED_EDGE('',*,*,#2519,.F.);
#1811=ORIENTED_EDGE('',*,*,#2537,.F.);
#1812=ORIENTED_EDGE('',*,*,#2501,.F.);
#1813=ORIENTED_EDGE('',*,*,#2532,.F.);
#1814=ORIENTED_EDGE('',*,*,#2523,.F.);
#1815=ORIENTED_EDGE('',*,*,#2536,.T.);
#1816=ORIENTED_EDGE('',*,*,#2497,.F.);
#1817=ORIENTED_EDGE('',*,*,#2535,.F.);
#1818=ORIENTED_EDGE('',*,*,#2518,.F.);
#1819=ORIENTED_EDGE('',*,*,#2534,.F.);
#1820=ORIENTED_EDGE('',*,*,#2502,.F.);
#1821=ORIENTED_EDGE('',*,*,#2537,.T.);
#1822=ORIENTED_EDGE('',*,*,#2528,.F.);
#1823=ORIENTED_EDGE('',*,*,#2538,.T.);
#1824=ORIENTED_EDGE('',*,*,#2491,.F.);
#1825=ORIENTED_EDGE('',*,*,#2539,.T.);
#1826=ORIENTED_EDGE('',*,*,#2540,.T.);
#1827=ORIENTED_EDGE('',*,*,#2541,.T.);
#1828=ORIENTED_EDGE('',*,*,#2506,.F.);
#1829=ORIENTED_EDGE('',*,*,#2542,.T.);
#1830=ORIENTED_EDGE('',*,*,#2514,.F.);
#1831=ORIENTED_EDGE('',*,*,#2543,.T.);
#1832=ORIENTED_EDGE('',*,*,#2544,.T.);
#1833=ORIENTED_EDGE('',*,*,#2545,.T.);
#1834=ORIENTED_EDGE('',*,*,#2513,.F.);
#1835=ORIENTED_EDGE('',*,*,#2546,.T.);
#1836=ORIENTED_EDGE('',*,*,#2367,.F.);
#1837=ORIENTED_EDGE('',*,*,#2547,.F.);
#1838=ORIENTED_EDGE('',*,*,#2543,.F.);
#1839=ORIENTED_EDGE('',*,*,#2547,.T.);
#1840=ORIENTED_EDGE('',*,*,#2366,.F.);
#1841=ORIENTED_EDGE('',*,*,#2548,.F.);
#1842=ORIENTED_EDGE('',*,*,#2544,.F.);
#1843=ORIENTED_EDGE('',*,*,#2365,.F.);
#1844=ORIENTED_EDGE('',*,*,#2549,.T.);
#1845=ORIENTED_EDGE('',*,*,#2507,.F.);
#1846=ORIENTED_EDGE('',*,*,#2545,.F.);
#1847=ORIENTED_EDGE('',*,*,#2548,.T.);
#1848=ORIENTED_EDGE('',*,*,#2511,.F.);
#1849=ORIENTED_EDGE('',*,*,#2541,.F.);
#1850=ORIENTED_EDGE('',*,*,#2550,.F.);
#1851=ORIENTED_EDGE('',*,*,#2361,.F.);
#1852=ORIENTED_EDGE('',*,*,#2551,.T.);
#1853=ORIENTED_EDGE('',*,*,#2540,.F.);
#1854=ORIENTED_EDGE('',*,*,#2552,.F.);
#1855=ORIENTED_EDGE('',*,*,#2356,.F.);
#1856=ORIENTED_EDGE('',*,*,#2550,.T.);
#1857=ORIENTED_EDGE('',*,*,#2539,.F.);
#1858=ORIENTED_EDGE('',*,*,#2490,.F.);
#1859=ORIENTED_EDGE('',*,*,#2553,.T.);
#1860=ORIENTED_EDGE('',*,*,#2357,.F.);
#1861=ORIENTED_EDGE('',*,*,#2552,.T.);
#1862=ORIENTED_EDGE('',*,*,#2515,.F.);
#1863=ORIENTED_EDGE('',*,*,#2542,.F.);
#1864=ORIENTED_EDGE('',*,*,#2505,.F.);
#1865=ORIENTED_EDGE('',*,*,#2483,.F.);
#1866=ORIENTED_EDGE('',*,*,#2492,.F.);
#1867=ORIENTED_EDGE('',*,*,#2538,.F.);
#1868=ORIENTED_EDGE('',*,*,#2527,.F.);
#1869=ORIENTED_EDGE('',*,*,#2529,.F.);
#1870=ORIENTED_EDGE('',*,*,#2546,.F.);
#1871=ORIENTED_EDGE('',*,*,#2512,.F.);
#1872=ORIENTED_EDGE('',*,*,#2551,.F.);
#1873=ORIENTED_EDGE('',*,*,#2219,.F.);
#1874=ORIENTED_EDGE('',*,*,#2549,.F.);
#1875=ORIENTED_EDGE('',*,*,#2362,.F.);
#1876=ORIENTED_EDGE('',*,*,#2553,.F.);
#1877=ORIENTED_EDGE('',*,*,#2489,.F.);
#1878=ORIENTED_EDGE('',*,*,#2554,.F.);
#1879=ORIENTED_EDGE('',*,*,#2555,.T.);
#1880=ORIENTED_EDGE('',*,*,#2556,.F.);
#1881=ORIENTED_EDGE('',*,*,#2557,.T.);
#1882=ORIENTED_EDGE('',*,*,#2558,.T.);
#1883=ORIENTED_EDGE('',*,*,#2559,.F.);
#1884=ORIENTED_EDGE('',*,*,#2560,.F.);
#1885=ORIENTED_EDGE('',*,*,#2561,.T.);
#1886=ORIENTED_EDGE('',*,*,#2562,.F.);
#1887=ORIENTED_EDGE('',*,*,#2563,.F.);
#1888=ORIENTED_EDGE('',*,*,#2564,.T.);
#1889=ORIENTED_EDGE('',*,*,#2565,.F.);
#1890=ORIENTED_EDGE('',*,*,#2566,.T.);
#1891=ORIENTED_EDGE('',*,*,#2567,.T.);
#1892=ORIENTED_EDGE('',*,*,#2568,.T.);
#1893=ORIENTED_EDGE('',*,*,#2569,.F.);
#1894=ORIENTED_EDGE('',*,*,#2570,.T.);
#1895=ORIENTED_EDGE('',*,*,#2571,.T.);
#1896=ORIENTED_EDGE('',*,*,#2572,.F.);
#1897=ORIENTED_EDGE('',*,*,#2573,.T.);
#1898=ORIENTED_EDGE('',*,*,#2574,.T.);
#1899=ORIENTED_EDGE('',*,*,#2575,.T.);
#1900=ORIENTED_EDGE('',*,*,#2576,.T.);
#1901=ORIENTED_EDGE('',*,*,#2577,.F.);
#1902=ORIENTED_EDGE('',*,*,#2578,.T.);
#1903=ORIENTED_EDGE('',*,*,#2579,.T.);
#1904=ORIENTED_EDGE('',*,*,#2580,.F.);
#1905=ORIENTED_EDGE('',*,*,#2581,.T.);
#1906=ORIENTED_EDGE('',*,*,#2582,.F.);
#1907=ORIENTED_EDGE('',*,*,#2583,.T.);
#1908=ORIENTED_EDGE('',*,*,#2584,.T.);
#1909=ORIENTED_EDGE('',*,*,#2585,.T.);
#1910=ORIENTED_EDGE('',*,*,#2586,.T.);
#1911=ORIENTED_EDGE('',*,*,#2587,.T.);
#1912=ORIENTED_EDGE('',*,*,#2588,.T.);
#1913=ORIENTED_EDGE('',*,*,#2589,.T.);
#1914=ORIENTED_EDGE('',*,*,#2590,.T.);
#1915=ORIENTED_EDGE('',*,*,#2591,.T.);
#1916=ORIENTED_EDGE('',*,*,#2572,.T.);
#1917=ORIENTED_EDGE('',*,*,#2592,.T.);
#1918=ORIENTED_EDGE('',*,*,#2564,.F.);
#1919=ORIENTED_EDGE('',*,*,#2593,.T.);
#1920=ORIENTED_EDGE('',*,*,#2594,.T.);
#1921=ORIENTED_EDGE('',*,*,#2595,.T.);
#1922=ORIENTED_EDGE('',*,*,#2596,.F.);
#1923=ORIENTED_EDGE('',*,*,#2597,.T.);
#1924=ORIENTED_EDGE('',*,*,#2598,.T.);
#1925=ORIENTED_EDGE('',*,*,#2599,.T.);
#1926=ORIENTED_EDGE('',*,*,#2600,.F.);
#1927=ORIENTED_EDGE('',*,*,#2601,.F.);
#1928=ORIENTED_EDGE('',*,*,#2602,.F.);
#1929=ORIENTED_EDGE('',*,*,#2603,.T.);
#1930=ORIENTED_EDGE('',*,*,#2604,.T.);
#1931=ORIENTED_EDGE('',*,*,#2605,.F.);
#1932=ORIENTED_EDGE('',*,*,#2596,.T.);
#1933=ORIENTED_EDGE('',*,*,#2606,.F.);
#1934=ORIENTED_EDGE('',*,*,#2607,.T.);
#1935=ORIENTED_EDGE('',*,*,#2608,.F.);
#1936=ORIENTED_EDGE('',*,*,#2594,.F.);
#1937=ORIENTED_EDGE('',*,*,#2609,.F.);
#1938=ORIENTED_EDGE('',*,*,#2610,.T.);
#1939=ORIENTED_EDGE('',*,*,#2611,.F.);
#1940=ORIENTED_EDGE('',*,*,#2562,.T.);
#1941=ORIENTED_EDGE('',*,*,#2612,.T.);
#1942=ORIENTED_EDGE('',*,*,#2613,.T.);
#1943=ORIENTED_EDGE('',*,*,#2614,.T.);
#1944=ORIENTED_EDGE('',*,*,#2615,.T.);
#1945=ORIENTED_EDGE('',*,*,#2616,.T.);
#1946=ORIENTED_EDGE('',*,*,#2567,.F.);
#1947=ORIENTED_EDGE('',*,*,#2617,.T.);
#1948=ORIENTED_EDGE('',*,*,#2618,.T.);
#1949=ORIENTED_EDGE('',*,*,#2619,.T.);
#1950=ORIENTED_EDGE('',*,*,#2600,.T.);
#1951=ORIENTED_EDGE('',*,*,#2620,.T.);
#1952=ORIENTED_EDGE('',*,*,#2621,.T.);
#1953=ORIENTED_EDGE('',*,*,#2622,.T.);
#1954=ORIENTED_EDGE('',*,*,#2598,.F.);
#1955=ORIENTED_EDGE('',*,*,#2623,.T.);
#1956=ORIENTED_EDGE('',*,*,#2582,.T.);
#1957=ORIENTED_EDGE('',*,*,#2624,.T.);
#1958=ORIENTED_EDGE('',*,*,#2574,.F.);
#1959=ORIENTED_EDGE('',*,*,#2625,.T.);
#1960=ORIENTED_EDGE('',*,*,#2623,.F.);
#1961=ORIENTED_EDGE('',*,*,#2601,.T.);
#1962=ORIENTED_EDGE('',*,*,#2619,.F.);
#1963=ORIENTED_EDGE('',*,*,#2626,.T.);
#1964=ORIENTED_EDGE('',*,*,#2613,.F.);
#1965=ORIENTED_EDGE('',*,*,#2573,.F.);
#1966=ORIENTED_EDGE('',*,*,#2593,.F.);
#1967=ORIENTED_EDGE('',*,*,#2563,.T.);
#1968=ORIENTED_EDGE('',*,*,#2611,.T.);
#1969=ORIENTED_EDGE('',*,*,#2627,.T.);
#1970=ORIENTED_EDGE('',*,*,#2606,.T.);
#1971=ORIENTED_EDGE('',*,*,#2597,.F.);
#1972=ORIENTED_EDGE('',*,*,#2605,.T.);
#1973=ORIENTED_EDGE('',*,*,#2628,.T.);
#1974=ORIENTED_EDGE('',*,*,#2556,.T.);
#1975=ORIENTED_EDGE('',*,*,#2629,.T.);
#1976=ORIENTED_EDGE('',*,*,#2588,.F.);
#1977=ORIENTED_EDGE('',*,*,#2630,.T.);
#1978=ORIENTED_EDGE('',*,*,#2584,.F.);
#1979=ORIENTED_EDGE('',*,*,#2631,.T.);
#1980=ORIENTED_EDGE('',*,*,#2632,.F.);
#1981=ORIENTED_EDGE('',*,*,#2633,.T.);
#1982=ORIENTED_EDGE('',*,*,#2634,.T.);
#1983=ORIENTED_EDGE('',*,*,#2635,.T.);
#1984=ORIENTED_EDGE('',*,*,#2577,.T.);
#1985=ORIENTED_EDGE('',*,*,#2634,.F.);
#1986=ORIENTED_EDGE('',*,*,#2636,.T.);
#1987=ORIENTED_EDGE('',*,*,#2637,.T.);
#1988=ORIENTED_EDGE('',*,*,#2615,.F.);
#1989=ORIENTED_EDGE('',*,*,#2638,.T.);
#1990=ORIENTED_EDGE('',*,*,#2617,.F.);
#1991=ORIENTED_EDGE('',*,*,#2599,.F.);
#1992=ORIENTED_EDGE('',*,*,#2622,.F.);
#1993=ORIENTED_EDGE('',*,*,#2639,.T.);
#1994=ORIENTED_EDGE('',*,*,#2640,.T.);
#1995=ORIENTED_EDGE('',*,*,#2641,.F.);
#1996=ORIENTED_EDGE('',*,*,#2642,.T.);
#1997=ORIENTED_EDGE('',*,*,#2643,.T.);
#1998=ORIENTED_EDGE('',*,*,#2644,.T.);
#1999=ORIENTED_EDGE('',*,*,#2645,.F.);
#2000=ORIENTED_EDGE('',*,*,#2646,.T.);
#2001=ORIENTED_EDGE('',*,*,#2647,.T.);
#2002=ORIENTED_EDGE('',*,*,#2559,.T.);
#2003=ORIENTED_EDGE('',*,*,#2648,.T.);
#2004=ORIENTED_EDGE('',*,*,#2649,.F.);
#2005=ORIENTED_EDGE('',*,*,#2650,.T.);
#2006=ORIENTED_EDGE('',*,*,#2651,.T.);
#2007=ORIENTED_EDGE('',*,*,#2652,.T.);
#2008=ORIENTED_EDGE('',*,*,#2653,.T.);
#2009=ORIENTED_EDGE('',*,*,#2654,.T.);
#2010=ORIENTED_EDGE('',*,*,#2645,.T.);
#2011=ORIENTED_EDGE('',*,*,#2655,.T.);
#2012=ORIENTED_EDGE('',*,*,#2656,.T.);
#2013=ORIENTED_EDGE('',*,*,#2602,.T.);
#2014=ORIENTED_EDGE('',*,*,#2595,.F.);
#2015=ORIENTED_EDGE('',*,*,#2608,.T.);
#2016=ORIENTED_EDGE('',*,*,#2657,.T.);
#2017=ORIENTED_EDGE('',*,*,#2609,.T.);
#2018=ORIENTED_EDGE('',*,*,#2649,.T.);
#2019=ORIENTED_EDGE('',*,*,#2658,.T.);
#2020=ORIENTED_EDGE('',*,*,#2565,.T.);
#2021=ORIENTED_EDGE('',*,*,#2592,.F.);
#2022=ORIENTED_EDGE('',*,*,#2571,.F.);
#2023=ORIENTED_EDGE('',*,*,#2659,.T.);
#2024=ORIENTED_EDGE('',*,*,#2641,.T.);
#2025=ORIENTED_EDGE('',*,*,#2660,.T.);
#2026=ORIENTED_EDGE('',*,*,#2632,.T.);
#2027=ORIENTED_EDGE('',*,*,#2576,.F.);
#2028=ORIENTED_EDGE('',*,*,#2661,.T.);
#2029=ORIENTED_EDGE('',*,*,#2580,.T.);
#2030=ORIENTED_EDGE('',*,*,#2662,.T.);
#2031=ORIENTED_EDGE('',*,*,#2586,.F.);
#2032=ORIENTED_EDGE('',*,*,#2663,.T.);
#2033=ORIENTED_EDGE('',*,*,#2590,.F.);
#2034=ORIENTED_EDGE('',*,*,#2664,.T.);
#2035=ORIENTED_EDGE('',*,*,#2554,.T.);
#2036=ORIENTED_EDGE('',*,*,#2647,.F.);
#2037=ORIENTED_EDGE('',*,*,#2665,.T.);
#2038=ORIENTED_EDGE('',*,*,#2658,.F.);
#2039=ORIENTED_EDGE('',*,*,#2652,.F.);
#2040=ORIENTED_EDGE('',*,*,#2666,.F.);
#2041=ORIENTED_EDGE('',*,*,#2566,.F.);
#2042=ORIENTED_EDGE('',*,*,#2612,.F.);
#2043=ORIENTED_EDGE('',*,*,#2561,.F.);
#2044=ORIENTED_EDGE('',*,*,#2667,.F.);
#2045=ORIENTED_EDGE('',*,*,#2653,.F.);
#2046=ORIENTED_EDGE('',*,*,#2560,.T.);
#2047=ORIENTED_EDGE('',*,*,#2666,.T.);
#2048=ORIENTED_EDGE('',*,*,#2668,.F.);
#2049=ORIENTED_EDGE('',*,*,#2667,.T.);
#2050=ORIENTED_EDGE('',*,*,#2665,.F.);
#2051=ORIENTED_EDGE('',*,*,#2646,.F.);
#2052=ORIENTED_EDGE('',*,*,#2669,.F.);
#2053=ORIENTED_EDGE('',*,*,#2650,.F.);
#2054=ORIENTED_EDGE('',*,*,#2668,.T.);
#2055=ORIENTED_EDGE('',*,*,#2651,.F.);
#2056=ORIENTED_EDGE('',*,*,#2669,.T.);
#2057=ORIENTED_EDGE('',*,*,#2654,.F.);
#2058=ORIENTED_EDGE('',*,*,#2628,.F.);
#2059=ORIENTED_EDGE('',*,*,#2604,.F.);
#2060=ORIENTED_EDGE('',*,*,#2670,.F.);
#2061=ORIENTED_EDGE('',*,*,#2557,.F.);
#2062=ORIENTED_EDGE('',*,*,#2603,.F.);
#2063=ORIENTED_EDGE('',*,*,#2656,.F.);
#2064=ORIENTED_EDGE('',*,*,#2671,.F.);
#2065=ORIENTED_EDGE('',*,*,#2670,.T.);
#2066=ORIENTED_EDGE('',*,*,#2648,.F.);
#2067=ORIENTED_EDGE('',*,*,#2558,.F.);
#2068=ORIENTED_EDGE('',*,*,#2671,.T.);
#2069=ORIENTED_EDGE('',*,*,#2655,.F.);
#2070=ORIENTED_EDGE('',*,*,#2616,.F.);
#2071=ORIENTED_EDGE('',*,*,#2637,.F.);
#2072=ORIENTED_EDGE('',*,*,#2672,.F.);
#2073=ORIENTED_EDGE('',*,*,#2568,.F.);
#2074=ORIENTED_EDGE('',*,*,#2659,.F.);
#2075=ORIENTED_EDGE('',*,*,#2570,.F.);
#2076=ORIENTED_EDGE('',*,*,#2673,.F.);
#2077=ORIENTED_EDGE('',*,*,#2642,.F.);
#2078=ORIENTED_EDGE('',*,*,#2660,.F.);
#2079=ORIENTED_EDGE('',*,*,#2644,.F.);
#2080=ORIENTED_EDGE('',*,*,#2674,.F.);
#2081=ORIENTED_EDGE('',*,*,#2633,.F.);
#2082=ORIENTED_EDGE('',*,*,#2569,.T.);
#2083=ORIENTED_EDGE('',*,*,#2672,.T.);
#2084=ORIENTED_EDGE('',*,*,#2675,.F.);
#2085=ORIENTED_EDGE('',*,*,#2673,.T.);
#2086=ORIENTED_EDGE('',*,*,#2674,.T.);
#2087=ORIENTED_EDGE('',*,*,#2643,.F.);
#2088=ORIENTED_EDGE('',*,*,#2675,.T.);
#2089=ORIENTED_EDGE('',*,*,#2636,.F.);
#2090=ORIENTED_EDGE('',*,*,#2676,.F.);
#2091=ORIENTED_EDGE('',*,*,#2620,.F.);
#2092=ORIENTED_EDGE('',*,*,#2625,.F.);
#2093=ORIENTED_EDGE('',*,*,#2579,.F.);
#2094=ORIENTED_EDGE('',*,*,#2621,.F.);
#2095=ORIENTED_EDGE('',*,*,#2676,.T.);
#2096=ORIENTED_EDGE('',*,*,#2677,.F.);
#2097=ORIENTED_EDGE('',*,*,#2639,.F.);
#2098=ORIENTED_EDGE('',*,*,#2635,.F.);
#2099=ORIENTED_EDGE('',*,*,#2640,.F.);
#2100=ORIENTED_EDGE('',*,*,#2677,.T.);
#2101=ORIENTED_EDGE('',*,*,#2578,.F.);
#2102=ORIENTED_EDGE('',*,*,#2624,.F.);
#2103=ORIENTED_EDGE('',*,*,#2581,.F.);
#2104=ORIENTED_EDGE('',*,*,#2661,.F.);
#2105=ORIENTED_EDGE('',*,*,#2575,.F.);
#2106=ORIENTED_EDGE('',*,*,#2629,.F.);
#2107=ORIENTED_EDGE('',*,*,#2555,.F.);
#2108=ORIENTED_EDGE('',*,*,#2664,.F.);
#2109=ORIENTED_EDGE('',*,*,#2589,.F.);
#2110=ORIENTED_EDGE('',*,*,#2630,.F.);
#2111=ORIENTED_EDGE('',*,*,#2591,.F.);
#2112=ORIENTED_EDGE('',*,*,#2663,.F.);
#2113=ORIENTED_EDGE('',*,*,#2585,.F.);
#2114=ORIENTED_EDGE('',*,*,#2631,.F.);
#2115=ORIENTED_EDGE('',*,*,#2587,.F.);
#2116=ORIENTED_EDGE('',*,*,#2662,.F.);
#2117=ORIENTED_EDGE('',*,*,#2583,.F.);
#2118=ORIENTED_EDGE('',*,*,#2626,.F.);
#2119=ORIENTED_EDGE('',*,*,#2618,.F.);
#2120=ORIENTED_EDGE('',*,*,#2638,.F.);
#2121=ORIENTED_EDGE('',*,*,#2614,.F.);
#2122=ORIENTED_EDGE('',*,*,#2627,.F.);
#2123=ORIENTED_EDGE('',*,*,#2610,.F.);
#2124=ORIENTED_EDGE('',*,*,#2657,.F.);
#2125=ORIENTED_EDGE('',*,*,#2607,.F.);
#2126=EDGE_CURVE('',#2678,#2678,#3033,.T.);
#2127=EDGE_CURVE('',#2679,#2679,#3034,.T.);
#2128=EDGE_CURVE('',#2680,#2681,#68,.T.);
#2129=EDGE_CURVE('',#2681,#2682,#3035,.T.);
#2130=EDGE_CURVE('',#2683,#2682,#69,.T.);
#2131=EDGE_CURVE('',#2683,#2684,#3036,.T.);
#2132=EDGE_CURVE('',#2684,#2685,#70,.T.);
#2133=EDGE_CURVE('',#2685,#2686,#3037,.T.);
#2134=EDGE_CURVE('',#2686,#2687,#71,.T.);
#2135=EDGE_CURVE('',#2687,#2688,#3038,.T.);
#2136=EDGE_CURVE('',#2689,#2688,#72,.T.);
#2137=EDGE_CURVE('',#2689,#2690,#3039,.F.);
#2138=EDGE_CURVE('',#2691,#2690,#73,.T.);
#2139=EDGE_CURVE('',#2691,#2692,#74,.T.);
#2140=EDGE_CURVE('',#2693,#2692,#75,.T.);
#2141=EDGE_CURVE('',#2693,#2694,#3040,.T.);
#2142=EDGE_CURVE('',#2695,#2694,#76,.T.);
#2143=EDGE_CURVE('',#2696,#2695,#77,.T.);
#2144=EDGE_CURVE('',#2696,#2697,#78,.T.);
#2145=EDGE_CURVE('',#2697,#2698,#79,.T.);
#2146=EDGE_CURVE('',#2698,#2699,#80,.T.);
#2147=EDGE_CURVE('',#2699,#2700,#3041,.T.);
#2148=EDGE_CURVE('',#2700,#2701,#81,.T.);
#2149=EDGE_CURVE('',#2702,#2701,#82,.T.);
#2150=EDGE_CURVE('',#2702,#2703,#83,.T.);
#2151=EDGE_CURVE('',#2703,#2680,#3042,.F.);
#2152=EDGE_CURVE('',#2704,#2705,#84,.T.);
#2153=EDGE_CURVE('',#2705,#2699,#85,.T.);
#2154=EDGE_CURVE('',#2706,#2698,#86,.T.);
#2155=EDGE_CURVE('',#2706,#2704,#3043,.F.);
#2156=EDGE_CURVE('',#2700,#2707,#87,.F.);
#2157=EDGE_CURVE('',#2707,#2708,#88,.T.);
#2158=EDGE_CURVE('',#2708,#2701,#89,.T.);
#2159=EDGE_CURVE('',#2708,#2709,#90,.T.);
#2160=EDGE_CURVE('',#2709,#2702,#91,.T.);
#2161=EDGE_CURVE('',#2709,#2710,#92,.T.);
#2162=EDGE_CURVE('',#2710,#2711,#63,.T.);
#2163=EDGE_CURVE('',#2711,#2703,#93,.T.);
#2164=EDGE_CURVE('',#2690,#2712,#94,.F.);
#2165=EDGE_CURVE('',#2713,#2712,#95,.T.);
#2166=EDGE_CURVE('',#2713,#2691,#96,.T.);
#2167=EDGE_CURVE('',#2713,#2714,#97,.T.);
#2168=EDGE_CURVE('',#2714,#2692,#98,.T.);
#2169=EDGE_CURVE('',#2715,#2714,#99,.T.);
#2170=EDGE_CURVE('',#2715,#2693,#100,.T.);
#2171=EDGE_CURVE('',#2694,#2716,#101,.F.);
#2172=EDGE_CURVE('',#2717,#2716,#102,.T.);
#2173=EDGE_CURVE('',#2717,#2718,#3044,.T.);
#2174=EDGE_CURVE('',#2718,#2695,#103,.T.);
#2175=EDGE_CURVE('',#2719,#2720,#104,.T.);
#2176=EDGE_CURVE('',#2719,#2721,#3045,.F.);
#2177=EDGE_CURVE('',#2721,#2697,#105,.T.);
#2178=EDGE_CURVE('',#2722,#2696,#106,.T.);
#2179=EDGE_CURVE('',#2722,#2720,#3046,.F.);
#2180=EDGE_CURVE('',#2723,#2724,#107,.F.);
#2181=EDGE_CURVE('',#2724,#2687,#108,.T.);
#2182=EDGE_CURVE('',#2686,#2723,#109,.F.);
#2183=EDGE_CURVE('',#2684,#2725,#110,.F.);
#2184=EDGE_CURVE('',#2726,#2725,#111,.T.);
#2185=EDGE_CURVE('',#2726,#2685,#112,.T.);
#2186=EDGE_CURVE('',#2682,#2727,#113,.F.);
#2187=EDGE_CURVE('',#2727,#2728,#114,.T.);
#2188=EDGE_CURVE('',#2728,#2683,#115,.T.);
#2189=EDGE_CURVE('',#2729,#2730,#116,.T.);
#2190=EDGE_CURVE('',#2730,#2681,#117,.T.);
#2191=EDGE_CURVE('',#2680,#2729,#118,.F.);
#2192=EDGE_CURVE('',#2721,#2706,#119,.T.);
#2193=EDGE_CURVE('',#2731,#2732,#120,.T.);
#2194=EDGE_CURVE('',#2732,#2726,#121,.T.);
#2195=EDGE_CURVE('',#2725,#2733,#122,.F.);
#2196=EDGE_CURVE('',#2733,#2734,#123,.F.);
#2197=EDGE_CURVE('',#2734,#2710,#3047,.F.);
#2198=EDGE_CURVE('',#2707,#2705,#3048,.T.);
#2199=EDGE_CURVE('',#2704,#2719,#124,.F.);
#2200=EDGE_CURVE('',#2720,#2717,#125,.T.);
#2201=EDGE_CURVE('',#2716,#2715,#3049,.T.);
#2202=EDGE_CURVE('',#2712,#2731,#3050,.F.);
#2203=EDGE_CURVE('',#2718,#2722,#126,.F.);
#2204=EDGE_CURVE('',#2688,#2732,#127,.F.);
#2205=EDGE_CURVE('',#2731,#2689,#128,.T.);
#2206=EDGE_CURVE('',#2732,#2724,#36,.T.);
#2207=EDGE_CURVE('',#2723,#2726,#37,.F.);
#2208=EDGE_CURVE('',#2729,#2711,#3051,.F.);
#2209=EDGE_CURVE('',#2729,#2734,#3052,.T.);
#2210=EDGE_CURVE('',#2730,#2733,#3053,.T.);
#2211=EDGE_CURVE('',#2727,#2730,#3054,.T.);
#2212=EDGE_CURVE('',#2727,#2733,#3055,.F.);
#2213=EDGE_CURVE('',#2725,#2728,#38,.T.);
#2214=EDGE_CURVE('',#2735,#2736,#129,.T.);
#2215=EDGE_CURVE('',#2735,#2737,#130,.T.);
#2216=EDGE_CURVE('',#2737,#2738,#131,.T.);
#2217=EDGE_CURVE('',#2736,#2738,#132,.T.);
#2218=EDGE_CURVE('',#2739,#2740,#133,.T.);
#2219=EDGE_CURVE('',#2740,#2741,#134,.T.);
#2220=EDGE_CURVE('',#2742,#2741,#135,.T.);
#2221=EDGE_CURVE('',#2742,#2739,#136,.T.);
#2222=EDGE_CURVE('',#2743,#2744,#137,.T.);
#2223=EDGE_CURVE('',#2744,#2745,#138,.F.);
#2224=EDGE_CURVE('',#2745,#2746,#3056,.F.);
#2225=EDGE_CURVE('',#2747,#2746,#139,.T.);
#2226=EDGE_CURVE('',#2747,#2743,#140,.T.);
#2227=EDGE_CURVE('',#2748,#2749,#141,.T.);
#2228=EDGE_CURVE('',#2749,#2750,#142,.T.);
#2229=EDGE_CURVE('',#2750,#2751,#3057,.T.);
#2230=EDGE_CURVE('',#2752,#2751,#143,.T.);
#2231=EDGE_CURVE('',#2748,#2752,#144,.T.);
#2232=EDGE_CURVE('',#2753,#2754,#145,.T.);
#2233=EDGE_CURVE('',#2754,#2755,#146,.F.);
#2234=EDGE_CURVE('',#2755,#2756,#3058,.F.);
#2235=EDGE_CURVE('',#2757,#2756,#147,.T.);
#2236=EDGE_CURVE('',#2757,#2753,#148,.T.);
#2237=EDGE_CURVE('',#2758,#2759,#149,.T.);
#2238=EDGE_CURVE('',#2759,#2760,#150,.T.);
#2239=EDGE_CURVE('',#2760,#2761,#3059,.T.);
#2240=EDGE_CURVE('',#2762,#2761,#151,.T.);
#2241=EDGE_CURVE('',#2758,#2762,#152,.T.);
#2242=EDGE_CURVE('',#2763,#2764,#3060,.F.);
#2243=EDGE_CURVE('',#2764,#2765,#153,.F.);
#2244=EDGE_CURVE('',#2766,#2765,#154,.T.);
#2245=EDGE_CURVE('',#2766,#2767,#155,.T.);
#2246=EDGE_CURVE('',#2767,#2763,#156,.T.);
#2247=EDGE_CURVE('',#2768,#2769,#157,.T.);
#2248=EDGE_CURVE('',#2768,#2770,#158,.F.);
#2249=EDGE_CURVE('',#2771,#2770,#159,.T.);
#2250=EDGE_CURVE('',#2772,#2771,#160,.T.);
#2251=EDGE_CURVE('',#2772,#2773,#161,.T.);
#2252=EDGE_CURVE('',#2774,#2773,#162,.T.);
#2253=EDGE_CURVE('',#2775,#2774,#163,.T.);
#2254=EDGE_CURVE('',#2775,#2758,#164,.T.);
#2255=EDGE_CURVE('',#2762,#2776,#165,.T.);
#2256=EDGE_CURVE('',#2776,#2777,#166,.T.);
#2257=EDGE_CURVE('',#2743,#2777,#167,.T.);
#2258=EDGE_CURVE('',#2747,#2767,#168,.T.);
#2259=EDGE_CURVE('',#2766,#2778,#169,.T.);
#2260=EDGE_CURVE('',#2778,#2779,#170,.T.);
#2261=EDGE_CURVE('',#2753,#2779,#171,.T.);
#2262=EDGE_CURVE('',#2780,#2757,#172,.T.);
#2263=EDGE_CURVE('',#2781,#2780,#173,.T.);
#2264=EDGE_CURVE('',#2748,#2781,#174,.T.);
#2265=EDGE_CURVE('',#2782,#2752,#175,.T.);
#2266=EDGE_CURVE('',#2782,#2783,#176,.T.);
#2267=EDGE_CURVE('',#2784,#2783,#177,.T.);
#2268=EDGE_CURVE('',#2785,#2784,#178,.T.);
#2269=EDGE_CURVE('',#2785,#2786,#179,.T.);
#2270=EDGE_CURVE('',#2786,#2787,#180,.T.);
#2271=EDGE_CURVE('',#2787,#2788,#181,.T.);
#2272=EDGE_CURVE('',#2789,#2788,#182,.T.);
#2273=EDGE_CURVE('',#2789,#2790,#183,.T.);
#2274=EDGE_CURVE('',#2791,#2790,#184,.T.);
#2275=EDGE_CURVE('',#2791,#2792,#185,.T.);
#2276=EDGE_CURVE('',#2793,#2792,#186,.T.);
#2277=EDGE_CURVE('',#2769,#2793,#187,.T.);
#2278=EDGE_CURVE('',#2794,#2795,#3061,.T.);
#2279=EDGE_CURVE('',#2795,#2796,#188,.T.);
#2280=EDGE_CURVE('',#2783,#2796,#189,.T.);
#2281=EDGE_CURVE('',#2782,#2794,#190,.T.);
#2282=EDGE_CURVE('',#2797,#2798,#191,.T.);
#2283=EDGE_CURVE('',#2797,#2799,#3062,.T.);
#2284=EDGE_CURVE('',#2775,#2799,#192,.T.);
#2285=EDGE_CURVE('',#2774,#2798,#193,.T.);
#2286=EDGE_CURVE('',#2784,#2800,#194,.T.);
#2287=EDGE_CURVE('',#2800,#2801,#3063,.T.);
#2288=EDGE_CURVE('',#2802,#2801,#195,.T.);
#2289=EDGE_CURVE('',#2802,#2785,#196,.T.);
#2290=EDGE_CURVE('',#2803,#2804,#197,.T.);
#2291=EDGE_CURVE('',#2804,#2805,#3064,.F.);
#2292=EDGE_CURVE('',#2805,#2806,#198,.T.);
#2293=EDGE_CURVE('',#2807,#2806,#199,.T.);
#2294=EDGE_CURVE('',#2808,#2807,#200,.T.);
#2295=EDGE_CURVE('',#2808,#2809,#3065,.T.);
#2296=EDGE_CURVE('',#2810,#2809,#201,.T.);
#2297=EDGE_CURVE('',#2810,#2787,#202,.T.);
#2298=EDGE_CURVE('',#2811,#2786,#203,.T.);
#2299=EDGE_CURVE('',#2811,#2812,#3066,.T.);
#2300=EDGE_CURVE('',#2812,#2813,#204,.F.);
#2301=EDGE_CURVE('',#2813,#2814,#3067,.T.);
#2302=EDGE_CURVE('',#2773,#2814,#205,.T.);
#2303=EDGE_CURVE('',#2815,#2772,#206,.T.);
#2304=EDGE_CURVE('',#2815,#2816,#207,.T.);
#2305=EDGE_CURVE('',#2816,#2817,#3068,.T.);
#2306=EDGE_CURVE('',#2818,#2817,#208,.T.);
#2307=EDGE_CURVE('',#2818,#2819,#209,.T.);
#2308=EDGE_CURVE('',#2820,#2819,#210,.T.);
#2309=EDGE_CURVE('',#2820,#2821,#3069,.F.);
#2310=EDGE_CURVE('',#2822,#2821,#211,.T.);
#2311=EDGE_CURVE('',#2822,#2739,#212,.T.);
#2312=EDGE_CURVE('',#2803,#2742,#213,.T.);
#2313=EDGE_CURVE('',#2790,#2823,#3070,.F.);
#2314=EDGE_CURVE('',#2823,#2824,#214,.T.);
#2315=EDGE_CURVE('',#2825,#2824,#215,.T.);
#2316=EDGE_CURVE('',#2825,#2826,#3071,.T.);
#2317=EDGE_CURVE('',#2826,#2827,#216,.T.);
#2318=EDGE_CURVE('',#2828,#2827,#217,.T.);
#2319=EDGE_CURVE('',#2829,#2828,#218,.T.);
#2320=EDGE_CURVE('',#2829,#2830,#3072,.F.);
#2321=EDGE_CURVE('',#2831,#2830,#219,.T.);
#2322=EDGE_CURVE('',#2831,#2791,#220,.T.);
#2323=EDGE_CURVE('',#2832,#2833,#221,.T.);
#2324=EDGE_CURVE('',#2832,#2789,#3073,.T.);
#2325=EDGE_CURVE('',#2834,#2788,#222,.T.);
#2326=EDGE_CURVE('',#2834,#2835,#223,.T.);
#2327=EDGE_CURVE('',#2835,#2836,#3074,.T.);
#2328=EDGE_CURVE('',#2836,#2837,#224,.T.);
#2329=EDGE_CURVE('',#2837,#2838,#225,.T.);
#2330=EDGE_CURVE('',#2839,#2838,#226,.T.);
#2331=EDGE_CURVE('',#2839,#2840,#3075,.F.);
#2332=EDGE_CURVE('',#2833,#2840,#227,.T.);
#2333=EDGE_CURVE('',#2841,#2842,#228,.T.);
#2334=EDGE_CURVE('',#2842,#2843,#229,.T.);
#2335=EDGE_CURVE('',#2844,#2843,#230,.T.);
#2336=EDGE_CURVE('',#2841,#2844,#231,.T.);
#2337=EDGE_CURVE('',#2845,#2846,#232,.T.);
#2338=EDGE_CURVE('',#2846,#2825,#233,.F.);
#2339=EDGE_CURVE('',#2824,#2845,#234,.T.);
#2340=EDGE_CURVE('',#2840,#2804,#235,.F.);
#2341=EDGE_CURVE('',#2803,#2833,#236,.T.);
#2342=EDGE_CURVE('',#2821,#2847,#237,.T.);
#2343=EDGE_CURVE('',#2847,#2848,#238,.T.);
#2344=EDGE_CURVE('',#2822,#2848,#239,.T.);
#2345=EDGE_CURVE('',#2849,#2792,#240,.T.);
#2346=EDGE_CURVE('',#2831,#2849,#241,.T.);
#2347=EDGE_CURVE('',#2830,#2850,#242,.T.);
#2348=EDGE_CURVE('',#2849,#2850,#243,.T.);
#2349=EDGE_CURVE('',#2851,#2852,#244,.T.);
#2350=EDGE_CURVE('',#2851,#2829,#245,.F.);
#2351=EDGE_CURVE('',#2828,#2852,#246,.T.);
#2352=EDGE_CURVE('',#2852,#2853,#247,.T.);
#2353=EDGE_CURVE('',#2827,#2853,#248,.T.);
#2354=EDGE_CURVE('',#2826,#2854,#249,.T.);
#2355=EDGE_CURVE('',#2854,#2853,#250,.T.);
#2356=EDGE_CURVE('',#2855,#2856,#251,.T.);
#2357=EDGE_CURVE('',#2856,#2857,#252,.T.);
#2358=EDGE_CURVE('',#2857,#2858,#253,.T.);
#2359=EDGE_CURVE('',#2845,#2858,#254,.T.);
#2360=EDGE_CURVE('',#2823,#2832,#255,.F.);
#2361=EDGE_CURVE('',#2741,#2855,#256,.T.);
#2362=EDGE_CURVE('',#2857,#2859,#257,.F.);
#2363=EDGE_CURVE('',#2859,#2860,#258,.T.);
#2364=EDGE_CURVE('',#2858,#2860,#259,.T.);
#2365=EDGE_CURVE('',#2859,#2861,#260,.T.);
#2366=EDGE_CURVE('',#2861,#2862,#261,.F.);
#2367=EDGE_CURVE('',#2862,#2740,#262,.T.);
#2368=EDGE_CURVE('',#2863,#2848,#263,.T.);
#2369=EDGE_CURVE('',#2863,#2864,#264,.T.);
#2370=EDGE_CURVE('',#2864,#2841,#265,.T.);
#2371=EDGE_CURVE('',#2844,#2860,#266,.T.);
#2372=EDGE_CURVE('',#2865,#2866,#267,.T.);
#2373=EDGE_CURVE('',#2865,#2867,#268,.F.);
#2374=EDGE_CURVE('',#2867,#2868,#269,.T.);
#2375=EDGE_CURVE('',#2868,#2866,#270,.T.);
#2376=EDGE_CURVE('',#2869,#2866,#271,.T.);
#2377=EDGE_CURVE('',#2870,#2868,#272,.T.);
#2378=EDGE_CURVE('',#2870,#2869,#273,.T.);
#2379=EDGE_CURVE('',#2870,#2871,#274,.T.);
#2380=EDGE_CURVE('',#2871,#2872,#275,.T.);
#2381=EDGE_CURVE('',#2869,#2872,#276,.T.);
#2382=EDGE_CURVE('',#2873,#2874,#277,.T.);
#2383=EDGE_CURVE('',#2874,#2875,#278,.F.);
#2384=EDGE_CURVE('',#2876,#2875,#279,.T.);
#2385=EDGE_CURVE('',#2876,#2873,#280,.T.);
#2386=EDGE_CURVE('',#2873,#2793,#281,.T.);
#2387=EDGE_CURVE('',#2876,#2769,#282,.T.);
#2388=EDGE_CURVE('',#2854,#2846,#3076,.T.);
#2389=EDGE_CURVE('',#2843,#2865,#3077,.T.);
#2390=EDGE_CURVE('',#2872,#2874,#3078,.F.);
#2391=EDGE_CURVE('',#2850,#2851,#3079,.F.);
#2392=EDGE_CURVE('',#2864,#2768,#3080,.F.);
#2393=EDGE_CURVE('',#2875,#2871,#3081,.F.);
#2394=EDGE_CURVE('',#2867,#2842,#3082,.T.);
#2395=EDGE_CURVE('',#2770,#2863,#3083,.T.);
#2396=EDGE_CURVE('',#2847,#2877,#3084,.F.);
#2397=EDGE_CURVE('',#2877,#2878,#283,.T.);
#2398=EDGE_CURVE('',#2879,#2878,#284,.T.);
#2399=EDGE_CURVE('',#2879,#2880,#285,.T.);
#2400=EDGE_CURVE('',#2880,#2881,#3085,.T.);
#2401=EDGE_CURVE('',#2882,#2881,#286,.T.);
#2402=EDGE_CURVE('',#2882,#2771,#287,.T.);
#2403=EDGE_CURVE('',#2810,#2834,#288,.T.);
#2404=EDGE_CURVE('',#2809,#2835,#289,.T.);
#2405=EDGE_CURVE('',#2836,#2808,#290,.F.);
#2406=EDGE_CURVE('',#2807,#2837,#291,.T.);
#2407=EDGE_CURVE('',#2806,#2838,#292,.T.);
#2408=EDGE_CURVE('',#2805,#2839,#293,.T.);
#2409=EDGE_CURVE('',#2877,#2820,#294,.F.);
#2410=EDGE_CURVE('',#2819,#2878,#295,.T.);
#2411=EDGE_CURVE('',#2818,#2879,#296,.T.);
#2412=EDGE_CURVE('',#2817,#2880,#297,.T.);
#2413=EDGE_CURVE('',#2881,#2816,#298,.F.);
#2414=EDGE_CURVE('',#2815,#2882,#299,.T.);
#2415=EDGE_CURVE('',#2777,#2883,#300,.T.);
#2416=EDGE_CURVE('',#2883,#2744,#301,.F.);
#2417=EDGE_CURVE('',#2884,#2885,#3086,.F.);
#2418=EDGE_CURVE('',#2885,#2886,#302,.F.);
#2419=EDGE_CURVE('',#2781,#2886,#303,.T.);
#2420=EDGE_CURVE('',#2780,#2884,#304,.T.);
#2421=EDGE_CURVE('',#2886,#2749,#305,.F.);
#2422=EDGE_CURVE('',#2887,#2888,#3087,.T.);
#2423=EDGE_CURVE('',#2888,#2883,#306,.T.);
#2424=EDGE_CURVE('',#2776,#2887,#307,.T.);
#2425=EDGE_CURVE('',#2889,#2890,#308,.T.);
#2426=EDGE_CURVE('',#2890,#2891,#309,.T.);
#2427=EDGE_CURVE('',#2891,#2892,#310,.F.);
#2428=EDGE_CURVE('',#2892,#2889,#311,.T.);
#2429=EDGE_CURVE('',#2761,#2887,#312,.T.);
#2430=EDGE_CURVE('',#2751,#2794,#313,.F.);
#2431=EDGE_CURVE('',#2750,#2888,#314,.T.);
#2432=EDGE_CURVE('',#2888,#2760,#315,.F.);
#2433=EDGE_CURVE('',#2795,#2760,#316,.T.);
#2434=EDGE_CURVE('',#2795,#2750,#317,.T.);
#2435=EDGE_CURVE('',#2885,#2745,#318,.T.);
#2436=EDGE_CURVE('',#2885,#2755,#319,.T.);
#2437=EDGE_CURVE('',#2755,#2764,#320,.T.);
#2438=EDGE_CURVE('',#2764,#2745,#321,.F.);
#2439=EDGE_CURVE('',#2746,#2763,#322,.T.);
#2440=EDGE_CURVE('',#2756,#2884,#323,.F.);
#2441=EDGE_CURVE('',#2765,#2893,#324,.T.);
#2442=EDGE_CURVE('',#2778,#2893,#325,.T.);
#2443=EDGE_CURVE('',#2893,#2894,#326,.T.);
#2444=EDGE_CURVE('',#2779,#2894,#327,.T.);
#2445=EDGE_CURVE('',#2894,#2754,#328,.F.);
#2446=EDGE_CURVE('',#2799,#2759,#329,.T.);
#2447=EDGE_CURVE('',#2796,#2800,#330,.F.);
#2448=EDGE_CURVE('',#2895,#2896,#331,.F.);
#2449=EDGE_CURVE('',#2896,#2797,#332,.F.);
#2450=EDGE_CURVE('',#2798,#2802,#333,.T.);
#2451=EDGE_CURVE('',#2801,#2895,#334,.T.);
#2452=EDGE_CURVE('',#2897,#2898,#335,.T.);
#2453=EDGE_CURVE('',#2898,#2899,#336,.F.);
#2454=EDGE_CURVE('',#2899,#2900,#337,.F.);
#2455=EDGE_CURVE('',#2900,#2897,#338,.T.);
#2456=EDGE_CURVE('',#2901,#2902,#339,.T.);
#2457=EDGE_CURVE('',#2902,#2903,#3088,.F.);
#2458=EDGE_CURVE('',#2903,#2802,#340,.T.);
#2459=EDGE_CURVE('',#2798,#2904,#341,.T.);
#2460=EDGE_CURVE('',#2904,#2901,#3089,.F.);
#2461=EDGE_CURVE('',#2814,#2905,#64,.T.);
#2462=EDGE_CURVE('',#2905,#2904,#342,.F.);
#2463=EDGE_CURVE('',#2906,#2907,#343,.T.);
#2464=EDGE_CURVE('',#2907,#2902,#344,.F.);
#2465=EDGE_CURVE('',#2901,#2906,#345,.T.);
#2466=EDGE_CURVE('',#2903,#2908,#346,.T.);
#2467=EDGE_CURVE('',#2908,#2811,#65,.F.);
#2468=EDGE_CURVE('',#2759,#2896,#39,.T.);
#2469=EDGE_CURVE('',#2895,#2796,#40,.F.);
#2470=EDGE_CURVE('',#2897,#2754,#41,.F.);
#2471=EDGE_CURVE('',#2765,#2900,#42,.T.);
#2472=EDGE_CURVE('',#2893,#2899,#43,.T.);
#2473=EDGE_CURVE('',#2898,#2894,#44,.F.);
#2474=EDGE_CURVE('',#2890,#2744,#45,.F.);
#2475=EDGE_CURVE('',#2886,#2889,#46,.T.);
#2476=EDGE_CURVE('',#2749,#2892,#47,.T.);
#2477=EDGE_CURVE('',#2891,#2883,#48,.F.);
#2478=EDGE_CURVE('',#2908,#2907,#3090,.T.);
#2479=EDGE_CURVE('',#2812,#2907,#3091,.T.);
#2480=EDGE_CURVE('',#2906,#2905,#3092,.T.);
#2481=EDGE_CURVE('',#2813,#2906,#3093,.T.);
#2482=EDGE_CURVE('',#2909,#2910,#347,.T.);
#2483=EDGE_CURVE('',#2910,#2911,#348,.F.);
#2484=EDGE_CURVE('',#2912,#2911,#349,.T.);
#2485=EDGE_CURVE('',#2912,#2909,#350,.T.);
#2486=EDGE_CURVE('',#2913,#2912,#351,.T.);
#2487=EDGE_CURVE('',#2913,#2914,#352,.T.);
#2488=EDGE_CURVE('',#2914,#2909,#353,.T.);
#2489=EDGE_CURVE('',#2915,#2916,#354,.T.);
#2490=EDGE_CURVE('',#2916,#2917,#355,.F.);
#2491=EDGE_CURVE('',#2917,#2918,#356,.T.);
#2492=EDGE_CURVE('',#2918,#2919,#3094,.T.);
#2493=EDGE_CURVE('',#2919,#2920,#357,.T.);
#2494=EDGE_CURVE('',#2921,#2920,#358,.T.);
#2495=EDGE_CURVE('',#2922,#2921,#359,.T.);
#2496=EDGE_CURVE('',#2922,#2923,#360,.T.);
#2497=EDGE_CURVE('',#2923,#2924,#3095,.F.);
#2498=EDGE_CURVE('',#2924,#2925,#361,.F.);
#2499=EDGE_CURVE('',#2925,#2737,#362,.T.);
#2500=EDGE_CURVE('',#2926,#2735,#363,.T.);
#2501=EDGE_CURVE('',#2926,#2927,#364,.F.);
#2502=EDGE_CURVE('',#2927,#2928,#3096,.F.);
#2503=EDGE_CURVE('',#2929,#2928,#365,.T.);
#2504=EDGE_CURVE('',#2913,#2929,#366,.T.);
#2505=EDGE_CURVE('',#2911,#2930,#3097,.T.);
#2506=EDGE_CURVE('',#2930,#2931,#367,.F.);
#2507=EDGE_CURVE('',#2931,#2915,#368,.F.);
#2508=EDGE_CURVE('',#2920,#2932,#369,.T.);
#2509=EDGE_CURVE('',#2933,#2932,#370,.T.);
#2510=EDGE_CURVE('',#2921,#2933,#371,.T.);
#2511=EDGE_CURVE('',#2934,#2935,#372,.F.);
#2512=EDGE_CURVE('',#2935,#2936,#373,.F.);
#2513=EDGE_CURVE('',#2936,#2937,#374,.F.);
#2514=EDGE_CURVE('',#2937,#2938,#375,.F.);
#2515=EDGE_CURVE('',#2938,#2910,#3098,.F.);
#2516=EDGE_CURVE('',#2914,#2939,#376,.T.);
#2517=EDGE_CURVE('',#2939,#2940,#377,.T.);
#2518=EDGE_CURVE('',#2940,#2941,#3099,.T.);
#2519=EDGE_CURVE('',#2941,#2942,#378,.F.);
#2520=EDGE_CURVE('',#2942,#2736,#379,.T.);
#2521=EDGE_CURVE('',#2943,#2738,#380,.T.);
#2522=EDGE_CURVE('',#2943,#2944,#381,.F.);
#2523=EDGE_CURVE('',#2944,#2945,#3100,.T.);
#2524=EDGE_CURVE('',#2946,#2945,#382,.T.);
#2525=EDGE_CURVE('',#2946,#2933,#383,.T.);
#2526=EDGE_CURVE('',#2947,#2932,#384,.T.);
#2527=EDGE_CURVE('',#2947,#2948,#3101,.F.);
#2528=EDGE_CURVE('',#2948,#2934,#385,.T.);
#2529=EDGE_CURVE('',#2919,#2947,#386,.T.);
#2530=EDGE_CURVE('',#2925,#2943,#387,.T.);
#2531=EDGE_CURVE('',#2946,#2922,#388,.T.);
#2532=EDGE_CURVE('',#2942,#2926,#389,.T.);
#2533=EDGE_CURVE('',#2939,#2929,#390,.T.);
#2534=EDGE_CURVE('',#2928,#2940,#391,.F.);
#2535=EDGE_CURVE('',#2945,#2923,#392,.T.);
#2536=EDGE_CURVE('',#2944,#2924,#393,.T.);
#2537=EDGE_CURVE('',#2927,#2941,#394,.T.);
#2538=EDGE_CURVE('',#2948,#2918,#395,.F.);
#2539=EDGE_CURVE('',#2917,#2949,#49,.T.);
#2540=EDGE_CURVE('',#2949,#2950,#396,.F.);
#2541=EDGE_CURVE('',#2950,#2934,#50,.T.);
#2542=EDGE_CURVE('',#2930,#2938,#397,.F.);
#2543=EDGE_CURVE('',#2937,#2951,#51,.F.);
#2544=EDGE_CURVE('',#2951,#2952,#398,.F.);
#2545=EDGE_CURVE('',#2952,#2931,#52,.F.);
#2546=EDGE_CURVE('',#2936,#2740,#53,.T.);
#2547=EDGE_CURVE('',#2951,#2862,#54,.T.);
#2548=EDGE_CURVE('',#2952,#2861,#55,.T.);
#2549=EDGE_CURVE('',#2859,#2915,#56,.T.);
#2550=EDGE_CURVE('',#2855,#2950,#57,.F.);
#2551=EDGE_CURVE('',#2741,#2935,#58,.T.);
#2552=EDGE_CURVE('',#2856,#2949,#59,.F.);
#2553=EDGE_CURVE('',#2916,#2857,#60,.T.);
#2554=EDGE_CURVE('',#2953,#2954,#399,.T.);
#2555=EDGE_CURVE('',#2953,#2955,#400,.F.);
#2556=EDGE_CURVE('',#2956,#2955,#401,.T.);
#2557=EDGE_CURVE('',#2956,#2957,#402,.T.);
#2558=EDGE_CURVE('',#2957,#2958,#403,.F.);
#2559=EDGE_CURVE('',#2954,#2958,#404,.T.);
#2560=EDGE_CURVE('',#2959,#2960,#3102,.F.);
#2561=EDGE_CURVE('',#2959,#2961,#405,.F.);
#2562=EDGE_CURVE('',#2962,#2961,#406,.T.);
#2563=EDGE_CURVE('',#2963,#2962,#407,.T.);
#2564=EDGE_CURVE('',#2963,#2964,#408,.T.);
#2565=EDGE_CURVE('',#2965,#2964,#409,.T.);
#2566=EDGE_CURVE('',#2965,#2960,#410,.F.);
#2567=EDGE_CURVE('',#2966,#2967,#411,.T.);
#2568=EDGE_CURVE('',#2967,#2968,#412,.T.);
#2569=EDGE_CURVE('',#2969,#2968,#3103,.T.);
#2570=EDGE_CURVE('',#2969,#2970,#413,.T.);
#2571=EDGE_CURVE('',#2970,#2971,#414,.T.);
#2572=EDGE_CURVE('',#2972,#2971,#415,.T.);
#2573=EDGE_CURVE('',#2972,#2966,#416,.T.);
#2574=EDGE_CURVE('',#2973,#2974,#417,.T.);
#2575=EDGE_CURVE('',#2974,#2975,#418,.T.);
#2576=EDGE_CURVE('',#2975,#2976,#419,.T.);
#2577=EDGE_CURVE('',#2977,#2976,#420,.T.);
#2578=EDGE_CURVE('',#2977,#2978,#421,.T.);
#2579=EDGE_CURVE('',#2978,#2973,#422,.F.);
#2580=EDGE_CURVE('',#2979,#2980,#423,.T.);
#2581=EDGE_CURVE('',#2979,#2981,#424,.F.);
#2582=EDGE_CURVE('',#2982,#2981,#425,.T.);
#2583=EDGE_CURVE('',#2982,#2980,#426,.T.);
#2584=EDGE_CURVE('',#2983,#2984,#427,.T.);
#2585=EDGE_CURVE('',#2984,#2985,#428,.T.);
#2586=EDGE_CURVE('',#2985,#2986,#429,.T.);
#2587=EDGE_CURVE('',#2986,#2983,#430,.F.);
#2588=EDGE_CURVE('',#2987,#2988,#431,.T.);
#2589=EDGE_CURVE('',#2988,#2989,#432,.T.);
#2590=EDGE_CURVE('',#2989,#2990,#433,.T.);
#2591=EDGE_CURVE('',#2990,#2987,#434,.F.);
#2592=EDGE_CURVE('',#2971,#2964,#435,.T.);
#2593=EDGE_CURVE('',#2963,#2972,#436,.T.);
#2594=EDGE_CURVE('',#2991,#2992,#437,.T.);
#2595=EDGE_CURVE('',#2992,#2993,#438,.T.);
#2596=EDGE_CURVE('',#2994,#2993,#439,.T.);
#2597=EDGE_CURVE('',#2994,#2991,#440,.T.);
#2598=EDGE_CURVE('',#2995,#2996,#441,.T.);
#2599=EDGE_CURVE('',#2996,#2997,#442,.T.);
#2600=EDGE_CURVE('',#2998,#2997,#443,.T.);
#2601=EDGE_CURVE('',#2995,#2998,#444,.T.);
#2602=EDGE_CURVE('',#2999,#2993,#445,.T.);
#2603=EDGE_CURVE('',#2999,#3000,#66,.T.);
#2604=EDGE_CURVE('',#3000,#3001,#446,.F.);
#2605=EDGE_CURVE('',#2994,#3001,#447,.T.);
#2606=EDGE_CURVE('',#3002,#2991,#448,.T.);
#2607=EDGE_CURVE('',#3002,#3003,#449,.T.);
#2608=EDGE_CURVE('',#2992,#3003,#450,.T.);
#2609=EDGE_CURVE('',#3004,#3005,#451,.T.);
#2610=EDGE_CURVE('',#3004,#3006,#452,.F.);
#2611=EDGE_CURVE('',#2962,#3006,#453,.T.);
#2612=EDGE_CURVE('',#2961,#3005,#3104,.T.);
#2613=EDGE_CURVE('',#2966,#3007,#454,.T.);
#2614=EDGE_CURVE('',#3007,#3008,#455,.T.);
#2615=EDGE_CURVE('',#3008,#3009,#456,.T.);
#2616=EDGE_CURVE('',#3009,#2967,#3105,.F.);
#2617=EDGE_CURVE('',#2997,#3010,#457,.T.);
#2618=EDGE_CURVE('',#3010,#3011,#458,.F.);
#2619=EDGE_CURVE('',#3011,#2998,#459,.T.);
#2620=EDGE_CURVE('',#3012,#3013,#460,.T.);
#2621=EDGE_CURVE('',#3013,#3014,#67,.F.);
#2622=EDGE_CURVE('',#3014,#2996,#461,.T.);
#2623=EDGE_CURVE('',#2995,#3012,#462,.T.);
#2624=EDGE_CURVE('',#2981,#2974,#3106,.F.);
#2625=EDGE_CURVE('',#2973,#3012,#3107,.T.);
#2626=EDGE_CURVE('',#3011,#3007,#3108,.F.);
#2627=EDGE_CURVE('',#3006,#3002,#3109,.F.);
#2628=EDGE_CURVE('',#3001,#2956,#3110,.T.);
#2629=EDGE_CURVE('',#2955,#2988,#3111,.F.);
#2630=EDGE_CURVE('',#2987,#2984,#3112,.F.);
#2631=EDGE_CURVE('',#2983,#2982,#3113,.F.);
#2632=EDGE_CURVE('',#3015,#2976,#463,.T.);
#2633=EDGE_CURVE('',#3015,#3016,#464,.F.);
#2634=EDGE_CURVE('',#3016,#3017,#465,.T.);
#2635=EDGE_CURVE('',#3017,#2977,#3114,.T.);
#2636=EDGE_CURVE('',#3016,#3018,#466,.T.);
#2637=EDGE_CURVE('',#3018,#3009,#467,.F.);
#2638=EDGE_CURVE('',#3008,#3010,#3115,.T.);
#2639=EDGE_CURVE('',#3014,#3019,#3116,.F.);
#2640=EDGE_CURVE('',#3019,#3017,#468,.F.);
#2641=EDGE_CURVE('',#3020,#3021,#469,.T.);
#2642=EDGE_CURVE('',#3020,#3022,#470,.F.);
#2643=EDGE_CURVE('',#3022,#3023,#471,.F.);
#2644=EDGE_CURVE('',#3023,#3021,#472,.T.);
#2645=EDGE_CURVE('',#3024,#3025,#473,.T.);
#2646=EDGE_CURVE('',#3024,#3026,#474,.T.);
#2647=EDGE_CURVE('',#3026,#2954,#475,.T.);
#2648=EDGE_CURVE('',#2958,#3025,#3117,.F.);
#2649=EDGE_CURVE('',#3027,#3028,#476,.T.);
#2650=EDGE_CURVE('',#3027,#3029,#477,.F.);
#2651=EDGE_CURVE('',#3029,#3030,#478,.F.);
#2652=EDGE_CURVE('',#3030,#3028,#479,.T.);
#2653=EDGE_CURVE('',#3005,#3031,#480,.T.);
#2654=EDGE_CURVE('',#3031,#3024,#481,.T.);
#2655=EDGE_CURVE('',#3025,#3032,#482,.T.);
#2656=EDGE_CURVE('',#3032,#2999,#3118,.F.);
#2657=EDGE_CURVE('',#3003,#3004,#3119,.T.);
#2658=EDGE_CURVE('',#3028,#2965,#3120,.T.);
#2659=EDGE_CURVE('',#2970,#3020,#3121,.T.);
#2660=EDGE_CURVE('',#3021,#3015,#3122,.F.);
#2661=EDGE_CURVE('',#2975,#2979,#3123,.T.);
#2662=EDGE_CURVE('',#2980,#2986,#3124,.T.);
#2663=EDGE_CURVE('',#2985,#2990,#3125,.T.);
#2664=EDGE_CURVE('',#2989,#2953,#3126,.T.);
#2665=EDGE_CURVE('',#3026,#3027,#3127,.F.);
#2666=EDGE_CURVE('',#2960,#3030,#3128,.T.);
#2667=EDGE_CURVE('',#3031,#2959,#3129,.T.);
#2668=EDGE_CURVE('',#3031,#3030,#3130,.F.);
#2669=EDGE_CURVE('',#3029,#3024,#61,.F.);
#2670=EDGE_CURVE('',#2957,#3000,#3131,.F.);
#2671=EDGE_CURVE('',#2957,#3032,#3132,.T.);
#2672=EDGE_CURVE('',#2968,#3018,#3133,.T.);
#2673=EDGE_CURVE('',#3022,#2969,#3134,.T.);
#2674=EDGE_CURVE('',#3016,#3023,#62,.T.);
#2675=EDGE_CURVE('',#3022,#3018,#3135,.T.);
#2676=EDGE_CURVE('',#3013,#2978,#3136,.F.);
#2677=EDGE_CURVE('',#3019,#2978,#3137,.T.);
#2678=VERTEX_POINT('',#5304);
#2679=VERTEX_POINT('',#5306);
#2680=VERTEX_POINT('',#5309);
#2681=VERTEX_POINT('',#5310);
#2682=VERTEX_POINT('',#5312);
#2683=VERTEX_POINT('',#5314);
#2684=VERTEX_POINT('',#5316);
#2685=VERTEX_POINT('',#5318);
#2686=VERTEX_POINT('',#5320);
#2687=VERTEX_POINT('',#5322);
#2688=VERTEX_POINT('',#5324);
#2689=VERTEX_POINT('',#5326);
#2690=VERTEX_POINT('',#5328);
#2691=VERTEX_POINT('',#5330);
#2692=VERTEX_POINT('',#5332);
#2693=VERTEX_POINT('',#5334);
#2694=VERTEX_POINT('',#5336);
#2695=VERTEX_POINT('',#5338);
#2696=VERTEX_POINT('',#5340);
#2697=VERTEX_POINT('',#5342);
#2698=VERTEX_POINT('',#5344);
#2699=VERTEX_POINT('',#5346);
#2700=VERTEX_POINT('',#5348);
#2701=VERTEX_POINT('',#5350);
#2702=VERTEX_POINT('',#5352);
#2703=VERTEX_POINT('',#5354);
#2704=VERTEX_POINT('',#5358);
#2705=VERTEX_POINT('',#5359);
#2706=VERTEX_POINT('',#5362);
#2707=VERTEX_POINT('',#5366);
#2708=VERTEX_POINT('',#5368);
#2709=VERTEX_POINT('',#5372);
#2710=VERTEX_POINT('',#5376);
#2711=VERTEX_POINT('',#5382);
#2712=VERTEX_POINT('',#5386);
#2713=VERTEX_POINT('',#5388);
#2714=VERTEX_POINT('',#5392);
#2715=VERTEX_POINT('',#5396);
#2716=VERTEX_POINT('',#5400);
#2717=VERTEX_POINT('',#5402);
#2718=VERTEX_POINT('',#5404);
#2719=VERTEX_POINT('',#5408);
#2720=VERTEX_POINT('',#5409);
#2721=VERTEX_POINT('',#5411);
#2722=VERTEX_POINT('',#5414);
#2723=VERTEX_POINT('',#5418);
#2724=VERTEX_POINT('',#5419);
#2725=VERTEX_POINT('',#5424);
#2726=VERTEX_POINT('',#5426);
#2727=VERTEX_POINT('',#5430);
#2728=VERTEX_POINT('',#5432);
#2729=VERTEX_POINT('',#5436);
#2730=VERTEX_POINT('',#5437);
#2731=VERTEX_POINT('',#5444);
#2732=VERTEX_POINT('',#5445);
#2733=VERTEX_POINT('',#5448);
#2734=VERTEX_POINT('',#5450);
#2735=VERTEX_POINT('',#5488);
#2736=VERTEX_POINT('',#5489);
#2737=VERTEX_POINT('',#5491);
#2738=VERTEX_POINT('',#5493);
#2739=VERTEX_POINT('',#5497);
#2740=VERTEX_POINT('',#5498);
#2741=VERTEX_POINT('',#5500);
#2742=VERTEX_POINT('',#5502);
#2743=VERTEX_POINT('',#5506);
#2744=VERTEX_POINT('',#5507);
#2745=VERTEX_POINT('',#5509);
#2746=VERTEX_POINT('',#5511);
#2747=VERTEX_POINT('',#5513);
#2748=VERTEX_POINT('',#5517);
#2749=VERTEX_POINT('',#5518);
#2750=VERTEX_POINT('',#5520);
#2751=VERTEX_POINT('',#5522);
#2752=VERTEX_POINT('',#5524);
#2753=VERTEX_POINT('',#5528);
#2754=VERTEX_POINT('',#5529);
#2755=VERTEX_POINT('',#5531);
#2756=VERTEX_POINT('',#5533);
#2757=VERTEX_POINT('',#5535);
#2758=VERTEX_POINT('',#5539);
#2759=VERTEX_POINT('',#5540);
#2760=VERTEX_POINT('',#5542);
#2761=VERTEX_POINT('',#5544);
#2762=VERTEX_POINT('',#5546);
#2763=VERTEX_POINT('',#5550);
#2764=VERTEX_POINT('',#5551);
#2765=VERTEX_POINT('',#5553);
#2766=VERTEX_POINT('',#5555);
#2767=VERTEX_POINT('',#5557);
#2768=VERTEX_POINT('',#5561);
#2769=VERTEX_POINT('',#5562);
#2770=VERTEX_POINT('',#5564);
#2771=VERTEX_POINT('',#5566);
#2772=VERTEX_POINT('',#5568);
#2773=VERTEX_POINT('',#5570);
#2774=VERTEX_POINT('',#5572);
#2775=VERTEX_POINT('',#5574);
#2776=VERTEX_POINT('',#5577);
#2777=VERTEX_POINT('',#5579);
#2778=VERTEX_POINT('',#5583);
#2779=VERTEX_POINT('',#5585);
#2780=VERTEX_POINT('',#5588);
#2781=VERTEX_POINT('',#5590);
#2782=VERTEX_POINT('',#5593);
#2783=VERTEX_POINT('',#5595);
#2784=VERTEX_POINT('',#5597);
#2785=VERTEX_POINT('',#5599);
#2786=VERTEX_POINT('',#5601);
#2787=VERTEX_POINT('',#5603);
#2788=VERTEX_POINT('',#5605);
#2789=VERTEX_POINT('',#5607);
#2790=VERTEX_POINT('',#5609);
#2791=VERTEX_POINT('',#5611);
#2792=VERTEX_POINT('',#5613);
#2793=VERTEX_POINT('',#5615);
#2794=VERTEX_POINT('',#5619);
#2795=VERTEX_POINT('',#5620);
#2796=VERTEX_POINT('',#5622);
#2797=VERTEX_POINT('',#5627);
#2798=VERTEX_POINT('',#5628);
#2799=VERTEX_POINT('',#5630);
#2800=VERTEX_POINT('',#5635);
#2801=VERTEX_POINT('',#5637);
#2802=VERTEX_POINT('',#5639);
#2803=VERTEX_POINT('',#5643);
#2804=VERTEX_POINT('',#5644);
#2805=VERTEX_POINT('',#5646);
#2806=VERTEX_POINT('',#5648);
#2807=VERTEX_POINT('',#5650);
#2808=VERTEX_POINT('',#5652);
#2809=VERTEX_POINT('',#5654);
#2810=VERTEX_POINT('',#5656);
#2811=VERTEX_POINT('',#5659);
#2812=VERTEX_POINT('',#5661);
#2813=VERTEX_POINT('',#5663);
#2814=VERTEX_POINT('',#5665);
#2815=VERTEX_POINT('',#5668);
#2816=VERTEX_POINT('',#5670);
#2817=VERTEX_POINT('',#5672);
#2818=VERTEX_POINT('',#5674);
#2819=VERTEX_POINT('',#5676);
#2820=VERTEX_POINT('',#5678);
#2821=VERTEX_POINT('',#5680);
#2822=VERTEX_POINT('',#5682);
#2823=VERTEX_POINT('',#5687);
#2824=VERTEX_POINT('',#5689);
#2825=VERTEX_POINT('',#5691);
#2826=VERTEX_POINT('',#5693);
#2827=VERTEX_POINT('',#5695);
#2828=VERTEX_POINT('',#5697);
#2829=VERTEX_POINT('',#5699);
#2830=VERTEX_POINT('',#5701);
#2831=VERTEX_POINT('',#5703);
#2832=VERTEX_POINT('',#5707);
#2833=VERTEX_POINT('',#5708);
#2834=VERTEX_POINT('',#5711);
#2835=VERTEX_POINT('',#5713);
#2836=VERTEX_POINT('',#5715);
#2837=VERTEX_POINT('',#5717);
#2838=VERTEX_POINT('',#5719);
#2839=VERTEX_POINT('',#5721);
#2840=VERTEX_POINT('',#5723);
#2841=VERTEX_POINT('',#5727);
#2842=VERTEX_POINT('',#5728);
#2843=VERTEX_POINT('',#5730);
#2844=VERTEX_POINT('',#5732);
#2845=VERTEX_POINT('',#5736);
#2846=VERTEX_POINT('',#5737);
#2847=VERTEX_POINT('',#5745);
#2848=VERTEX_POINT('',#5747);
#2849=VERTEX_POINT('',#5751);
#2850=VERTEX_POINT('',#5755);
#2851=VERTEX_POINT('',#5759);
#2852=VERTEX_POINT('',#5760);
#2853=VERTEX_POINT('',#5765);
#2854=VERTEX_POINT('',#5769);
#2855=VERTEX_POINT('',#5773);
#2856=VERTEX_POINT('',#5774);
#2857=VERTEX_POINT('',#5776);
#2858=VERTEX_POINT('',#5778);
#2859=VERTEX_POINT('',#5784);
#2860=VERTEX_POINT('',#5786);
#2861=VERTEX_POINT('',#5790);
#2862=VERTEX_POINT('',#5792);
#2863=VERTEX_POINT('',#5795);
#2864=VERTEX_POINT('',#5797);
#2865=VERTEX_POINT('',#5802);
#2866=VERTEX_POINT('',#5803);
#2867=VERTEX_POINT('',#5805);
#2868=VERTEX_POINT('',#5807);
#2869=VERTEX_POINT('',#5811);
#2870=VERTEX_POINT('',#5813);
#2871=VERTEX_POINT('',#5817);
#2872=VERTEX_POINT('',#5819);
#2873=VERTEX_POINT('',#5823);
#2874=VERTEX_POINT('',#5824);
#2875=VERTEX_POINT('',#5826);
#2876=VERTEX_POINT('',#5828);
#2877=VERTEX_POINT('',#5845);
#2878=VERTEX_POINT('',#5847);
#2879=VERTEX_POINT('',#5849);
#2880=VERTEX_POINT('',#5851);
#2881=VERTEX_POINT('',#5853);
#2882=VERTEX_POINT('',#5855);
#2883=VERTEX_POINT('',#5881);
#2884=VERTEX_POINT('',#5885);
#2885=VERTEX_POINT('',#5886);
#2886=VERTEX_POINT('',#5888);
#2887=VERTEX_POINT('',#5895);
#2888=VERTEX_POINT('',#5896);
#2889=VERTEX_POINT('',#5901);
#2890=VERTEX_POINT('',#5902);
#2891=VERTEX_POINT('',#5904);
#2892=VERTEX_POINT('',#5906);
#2893=VERTEX_POINT('',#5928);
#2894=VERTEX_POINT('',#5932);
#2895=VERTEX_POINT('',#5942);
#2896=VERTEX_POINT('',#5943);
#2897=VERTEX_POINT('',#5949);
#2898=VERTEX_POINT('',#5950);
#2899=VERTEX_POINT('',#5952);
#2900=VERTEX_POINT('',#5954);
#2901=VERTEX_POINT('',#5958);
#2902=VERTEX_POINT('',#5959);
#2903=VERTEX_POINT('',#5961);
#2904=VERTEX_POINT('',#5964);
#2905=VERTEX_POINT('',#5972);
#2906=VERTEX_POINT('',#5976);
#2907=VERTEX_POINT('',#5977);
#2908=VERTEX_POINT('',#5982);
#2909=VERTEX_POINT('',#6034);
#2910=VERTEX_POINT('',#6035);
#2911=VERTEX_POINT('',#6037);
#2912=VERTEX_POINT('',#6039);
#2913=VERTEX_POINT('',#6043);
#2914=VERTEX_POINT('',#6045);
#2915=VERTEX_POINT('',#6049);
#2916=VERTEX_POINT('',#6050);
#2917=VERTEX_POINT('',#6052);
#2918=VERTEX_POINT('',#6054);
#2919=VERTEX_POINT('',#6056);
#2920=VERTEX_POINT('',#6058);
#2921=VERTEX_POINT('',#6060);
#2922=VERTEX_POINT('',#6062);
#2923=VERTEX_POINT('',#6064);
#2924=VERTEX_POINT('',#6066);
#2925=VERTEX_POINT('',#6068);
#2926=VERTEX_POINT('',#6071);
#2927=VERTEX_POINT('',#6073);
#2928=VERTEX_POINT('',#6075);
#2929=VERTEX_POINT('',#6077);
#2930=VERTEX_POINT('',#6080);
#2931=VERTEX_POINT('',#6082);
#2932=VERTEX_POINT('',#6086);
#2933=VERTEX_POINT('',#6088);
#2934=VERTEX_POINT('',#6092);
#2935=VERTEX_POINT('',#6093);
#2936=VERTEX_POINT('',#6095);
#2937=VERTEX_POINT('',#6097);
#2938=VERTEX_POINT('',#6099);
#2939=VERTEX_POINT('',#6102);
#2940=VERTEX_POINT('',#6104);
#2941=VERTEX_POINT('',#6106);
#2942=VERTEX_POINT('',#6108);
#2943=VERTEX_POINT('',#6111);
#2944=VERTEX_POINT('',#6113);
#2945=VERTEX_POINT('',#6115);
#2946=VERTEX_POINT('',#6117);
#2947=VERTEX_POINT('',#6120);
#2948=VERTEX_POINT('',#6122);
#2949=VERTEX_POINT('',#6147);
#2950=VERTEX_POINT('',#6149);
#2951=VERTEX_POINT('',#6154);
#2952=VERTEX_POINT('',#6156);
#2953=VERTEX_POINT('',#6179);
#2954=VERTEX_POINT('',#6180);
#2955=VERTEX_POINT('',#6182);
#2956=VERTEX_POINT('',#6184);
#2957=VERTEX_POINT('',#6186);
#2958=VERTEX_POINT('',#6188);
#2959=VERTEX_POINT('',#6192);
#2960=VERTEX_POINT('',#6193);
#2961=VERTEX_POINT('',#6195);
#2962=VERTEX_POINT('',#6197);
#2963=VERTEX_POINT('',#6199);
#2964=VERTEX_POINT('',#6201);
#2965=VERTEX_POINT('',#6203);
#2966=VERTEX_POINT('',#6207);
#2967=VERTEX_POINT('',#6208);
#2968=VERTEX_POINT('',#6210);
#2969=VERTEX_POINT('',#6212);
#2970=VERTEX_POINT('',#6214);
#2971=VERTEX_POINT('',#6216);
#2972=VERTEX_POINT('',#6218);
#2973=VERTEX_POINT('',#6222);
#2974=VERTEX_POINT('',#6223);
#2975=VERTEX_POINT('',#6225);
#2976=VERTEX_POINT('',#6227);
#2977=VERTEX_POINT('',#6229);
#2978=VERTEX_POINT('',#6231);
#2979=VERTEX_POINT('',#6235);
#2980=VERTEX_POINT('',#6236);
#2981=VERTEX_POINT('',#6238);
#2982=VERTEX_POINT('',#6240);
#2983=VERTEX_POINT('',#6244);
#2984=VERTEX_POINT('',#6245);
#2985=VERTEX_POINT('',#6247);
#2986=VERTEX_POINT('',#6249);
#2987=VERTEX_POINT('',#6253);
#2988=VERTEX_POINT('',#6254);
#2989=VERTEX_POINT('',#6256);
#2990=VERTEX_POINT('',#6258);
#2991=VERTEX_POINT('',#6265);
#2992=VERTEX_POINT('',#6266);
#2993=VERTEX_POINT('',#6268);
#2994=VERTEX_POINT('',#6270);
#2995=VERTEX_POINT('',#6274);
#2996=VERTEX_POINT('',#6275);
#2997=VERTEX_POINT('',#6277);
#2998=VERTEX_POINT('',#6279);
#2999=VERTEX_POINT('',#6283);
#3000=VERTEX_POINT('',#6289);
#3001=VERTEX_POINT('',#6291);
#3002=VERTEX_POINT('',#6295);
#3003=VERTEX_POINT('',#6297);
#3004=VERTEX_POINT('',#6301);
#3005=VERTEX_POINT('',#6302);
#3006=VERTEX_POINT('',#6304);
#3007=VERTEX_POINT('',#6309);
#3008=VERTEX_POINT('',#6311);
#3009=VERTEX_POINT('',#6313);
#3010=VERTEX_POINT('',#6317);
#3011=VERTEX_POINT('',#6319);
#3012=VERTEX_POINT('',#6323);
#3013=VERTEX_POINT('',#6324);
#3014=VERTEX_POINT('',#6330);
#3015=VERTEX_POINT('',#6344);
#3016=VERTEX_POINT('',#6346);
#3017=VERTEX_POINT('',#6348);
#3018=VERTEX_POINT('',#6352);
#3019=VERTEX_POINT('',#6356);
#3020=VERTEX_POINT('',#6360);
#3021=VERTEX_POINT('',#6361);
#3022=VERTEX_POINT('',#6363);
#3023=VERTEX_POINT('',#6365);
#3024=VERTEX_POINT('',#6369);
#3025=VERTEX_POINT('',#6370);
#3026=VERTEX_POINT('',#6372);
#3027=VERTEX_POINT('',#6377);
#3028=VERTEX_POINT('',#6378);
#3029=VERTEX_POINT('',#6380);
#3030=VERTEX_POINT('',#6382);
#3031=VERTEX_POINT('',#6386);
#3032=VERTEX_POINT('',#6389);
#3033=CIRCLE('',#3868,0.0045);
#3034=CIRCLE('',#3869,0.0045);
#3035=CIRCLE('',#3871,0.001);
#3036=CIRCLE('',#3872,0.001);
#3037=CIRCLE('',#3873,0.001);
#3038=CIRCLE('',#3874,0.001);
#3039=CIRCLE('',#3875,0.001);
#3040=CIRCLE('',#3876,0.001);
#3041=CIRCLE('',#3877,0.001);
#3042=CIRCLE('',#3878,0.001);
#3043=CIRCLE('',#3880,0.001);
#3044=CIRCLE('',#3888,0.001);
#3045=CIRCLE('',#3890,0.001);
#3046=CIRCLE('',#3891,0.001);
#3047=CIRCLE('',#3898,0.002);
#3048=CIRCLE('',#3899,0.001);
#3049=CIRCLE('',#3900,0.001);
#3050=CIRCLE('',#3901,0.001);
#3051=CIRCLE('',#3910,0.001);
#3052=CIRCLE('',#3912,0.001);
#3053=CIRCLE('',#3914,0.001);
#3054=CIRCLE('',#3916,0.001);
#3055=CIRCLE('',#3918,0.001);
#3056=CIRCLE('',#3931,0.001);
#3057=CIRCLE('',#3933,0.001);
#3058=CIRCLE('',#3935,0.001);
#3059=CIRCLE('',#3937,0.001);
#3060=CIRCLE('',#3939,0.001);
#3061=CIRCLE('',#3942,0.001);
#3062=CIRCLE('',#3944,0.001);
#3063=CIRCLE('',#3946,0.001);
#3064=CIRCLE('',#3948,0.001);
#3065=CIRCLE('',#3949,0.001);
#3066=CIRCLE('',#3950,0.002);
#3067=CIRCLE('',#3951,0.002);
#3068=CIRCLE('',#3952,0.001);
#3069=CIRCLE('',#3953,0.001);
#3070=CIRCLE('',#3955,0.001);
#3071=CIRCLE('',#3956,0.001);
#3072=CIRCLE('',#3957,0.001);
#3073=CIRCLE('',#3959,0.001);
#3074=CIRCLE('',#3960,0.001);
#3075=CIRCLE('',#3961,0.001);
#3076=CIRCLE('',#3980,0.001);
#3077=CIRCLE('',#3981,0.001);
#3078=CIRCLE('',#3982,0.001);
#3079=CIRCLE('',#3983,0.001);
#3080=CIRCLE('',#3985,0.001);
#3081=CIRCLE('',#3986,0.001);
#3082=CIRCLE('',#3987,0.001);
#3083=CIRCLE('',#3989,0.001);
#3084=CIRCLE('',#3990,0.001);
#3085=CIRCLE('',#3991,0.001);
#3086=CIRCLE('',#4004,0.001);
#3087=CIRCLE('',#4007,0.001);
#3088=CIRCLE('',#4023,0.001);
#3089=CIRCLE('',#4024,0.001);
#3090=CIRCLE('',#4062,0.001);
#3091=CIRCLE('',#4064,0.001);
#3092=CIRCLE('',#4066,0.001);
#3093=CIRCLE('',#4068,0.001);
#3094=CIRCLE('',#4075,0.002);
#3095=CIRCLE('',#4076,0.0005);
#3096=CIRCLE('',#4077,0.0005);
#3097=CIRCLE('',#4078,0.002);
#3098=CIRCLE('',#4081,0.002);
#3099=CIRCLE('',#4082,0.0005);
#3100=CIRCLE('',#4083,0.0005);
#3101=CIRCLE('',#4084,0.002);
#3102=CIRCLE('',#4123,0.002);
#3103=CIRCLE('',#4125,0.002);
#3104=CIRCLE('',#4136,0.001);
#3105=CIRCLE('',#4138,0.001);
#3106=CIRCLE('',#4142,0.001);
#3107=CIRCLE('',#4143,0.001);
#3108=CIRCLE('',#4144,0.001);
#3109=CIRCLE('',#4145,0.001);
#3110=CIRCLE('',#4146,0.001);
#3111=CIRCLE('',#4147,0.001);
#3112=CIRCLE('',#4148,0.001);
#3113=CIRCLE('',#4149,0.001);
#3114=CIRCLE('',#4151,0.001);
#3115=CIRCLE('',#4153,0.001);
#3116=CIRCLE('',#4154,0.002);
#3117=CIRCLE('',#4157,0.001);
#3118=CIRCLE('',#4160,0.002);
#3119=CIRCLE('',#4161,0.001);
#3120=CIRCLE('',#4163,0.001);
#3121=CIRCLE('',#4164,0.001);
#3122=CIRCLE('',#4165,0.001);
#3123=CIRCLE('',#4166,0.001);
#3124=CIRCLE('',#4167,0.001);
#3125=CIRCLE('',#4168,0.001);
#3126=CIRCLE('',#4169,0.001);
#3127=CIRCLE('',#4170,0.001);
#3128=CIRCLE('',#4172,0.001);
#3129=CIRCLE('',#4174,0.001);
#3130=CIRCLE('',#4176,0.001);
#3131=CIRCLE('',#4181,0.001);
#3132=CIRCLE('',#4183,0.001);
#3133=CIRCLE('',#4186,0.001);
#3134=CIRCLE('',#4188,0.001);
#3135=CIRCLE('',#4192,0.001);
#3136=CIRCLE('',#4195,0.001);
#3137=CIRCLE('',#4197,0.001);
#3138=EDGE_LOOP('',(#1022));
#3139=EDGE_LOOP('',(#1023));
#3140=EDGE_LOOP('',(#1024,#1025,#1026,#1027,#1028,#1029,#1030,#1031,#1032,
#1033,#1034,#1035,#1036,#1037,#1038,#1039,#1040,#1041,#1042,#1043,#1044,
#1045,#1046,#1047));
#3141=EDGE_LOOP('',(#1048,#1049,#1050,#1051,#1052));
#3142=EDGE_LOOP('',(#1053,#1054,#1055,#1056));
#3143=EDGE_LOOP('',(#1057,#1058,#1059,#1060));
#3144=EDGE_LOOP('',(#1061,#1062,#1063,#1064,#1065));
#3145=EDGE_LOOP('',(#1066,#1067,#1068,#1069));
#3146=EDGE_LOOP('',(#1070,#1071,#1072,#1073));
#3147=EDGE_LOOP('',(#1074,#1075,#1076,#1077));
#3148=EDGE_LOOP('',(#1078,#1079,#1080,#1081,#1082));
#3149=EDGE_LOOP('',(#1083,#1084,#1085,#1086,#1087,#1088));
#3150=EDGE_LOOP('',(#1089));
#3151=EDGE_LOOP('',(#1090,#1091,#1092,#1093));
#3152=EDGE_LOOP('',(#1094,#1095,#1096,#1097));
#3153=EDGE_LOOP('',(#1098));
#3154=EDGE_LOOP('',(#1099,#1100,#1101,#1102));
#3155=EDGE_LOOP('',(#1103,#1104,#1105,#1106));
#3156=EDGE_LOOP('',(#1107,#1108,#1109,#1110));
#3157=EDGE_LOOP('',(#1111,#1112,#1113,#1114,#1115,#1116,#1117,#1118,#1119,
#1120,#1121,#1122,#1123,#1124,#1125,#1126,#1127,#1128,#1129,#1130));
#3158=EDGE_LOOP('',(#1131,#1132,#1133,#1134));
#3159=EDGE_LOOP('',(#1135,#1136,#1137,#1138));
#3160=EDGE_LOOP('',(#1139,#1140,#1141,#1142));
#3161=EDGE_LOOP('',(#1143,#1144,#1145,#1146));
#3162=EDGE_LOOP('',(#1147,#1148,#1149,#1150));
#3163=EDGE_LOOP('',(#1151,#1152,#1153,#1154));
#3164=EDGE_LOOP('',(#1155,#1156,#1157,#1158));
#3165=EDGE_LOOP('',(#1159,#1160,#1161,#1162));
#3166=EDGE_LOOP('',(#1163,#1164,#1165,#1166));
#3167=EDGE_LOOP('',(#1167,#1168,#1169));
#3168=EDGE_LOOP('',(#1170,#1171,#1172,#1173));
#3169=EDGE_LOOP('',(#1174,#1175,#1176,#1177));
#3170=EDGE_LOOP('',(#1178,#1179,#1180,#1181));
#3171=EDGE_LOOP('',(#1182,#1183,#1184,#1185));
#3172=EDGE_LOOP('',(#1186,#1187,#1188,#1189));
#3173=EDGE_LOOP('',(#1190,#1191,#1192,#1193));
#3174=EDGE_LOOP('',(#1194,#1195,#1196,#1197));
#3175=EDGE_LOOP('',(#1198,#1199,#1200,#1201));
#3176=EDGE_LOOP('',(#1202,#1203,#1204,#1205));
#3177=EDGE_LOOP('',(#1206,#1207,#1208,#1209,#1210));
#3178=EDGE_LOOP('',(#1211,#1212,#1213,#1214,#1215));
#3179=EDGE_LOOP('',(#1216,#1217,#1218,#1219,#1220));
#3180=EDGE_LOOP('',(#1221,#1222,#1223,#1224,#1225));
#3181=EDGE_LOOP('',(#1226,#1227,#1228,#1229,#1230));
#3182=EDGE_LOOP('',(#1231,#1232,#1233,#1234,#1235,#1236,#1237,#1238,#1239,
#1240,#1241,#1242,#1243,#1244,#1245,#1246,#1247,#1248,#1249,#1250,#1251,
#1252,#1253,#1254,#1255,#1256,#1257,#1258,#1259,#1260,#1261,#1262,#1263,
#1264,#1265,#1266));
#3183=EDGE_LOOP('',(#1267,#1268,#1269,#1270,#1271));
#3184=EDGE_LOOP('',(#1272,#1273,#1274,#1275,#1276));
#3185=EDGE_LOOP('',(#1277,#1278,#1279,#1280,#1281));
#3186=EDGE_LOOP('',(#1282,#1283,#1284,#1285,#1286,#1287,#1288,#1289,#1290,
#1291,#1292,#1293,#1294,#1295,#1296,#1297,#1298,#1299,#1300,#1301,#1302,
#1303,#1304,#1305,#1306,#1307));
#3187=EDGE_LOOP('',(#1308,#1309,#1310,#1311,#1312,#1313,#1314,#1315,#1316,
#1317,#1318));
#3188=EDGE_LOOP('',(#1319,#1320,#1321,#1322,#1323,#1324,#1325,#1326,#1327,
#1328,#1329));
#3189=EDGE_LOOP('',(#1330,#1331,#1332,#1333));
#3190=EDGE_LOOP('',(#1334,#1335,#1336,#1337));
#3191=EDGE_LOOP('',(#1338,#1339,#1340,#1341));
#3192=EDGE_LOOP('',(#1342,#1343,#1344,#1345));
#3193=EDGE_LOOP('',(#1346,#1347,#1348,#1349));
#3194=EDGE_LOOP('',(#1350,#1351,#1352,#1353));
#3195=EDGE_LOOP('',(#1354,#1355,#1356,#1357));
#3196=EDGE_LOOP('',(#1358,#1359,#1360,#1361));
#3197=EDGE_LOOP('',(#1362,#1363,#1364,#1365));
#3198=EDGE_LOOP('',(#1366,#1367,#1368,#1369,#1370,#1371,#1372,#1373,#1374,
#1375,#1376,#1377));
#3199=EDGE_LOOP('',(#1378,#1379,#1380,#1381));
#3200=EDGE_LOOP('',(#1382,#1383,#1384,#1385,#1386,#1387,#1388,#1389,#1390,
#1391,#1392,#1393));
#3201=EDGE_LOOP('',(#1394,#1395,#1396,#1397));
#3202=EDGE_LOOP('',(#1398,#1399,#1400,#1401));
#3203=EDGE_LOOP('',(#1402,#1403,#1404,#1405));
#3204=EDGE_LOOP('',(#1406,#1407,#1408,#1409));
#3205=EDGE_LOOP('',(#1410,#1411,#1412,#1413));
#3206=EDGE_LOOP('',(#1414,#1415,#1416,#1417,#1418,#1419,#1420,#1421,#1422,
#1423,#1424,#1425,#1426,#1427,#1428,#1429,#1430,#1431,#1432,#1433));
#3207=EDGE_LOOP('',(#1434,#1435,#1436,#1437,#1438,#1439,#1440,#1441,#1442,
#1443,#1444));
#3208=EDGE_LOOP('',(#1445,#1446,#1447,#1448,#1449,#1450,#1451,#1452,#1453,
#1454,#1455));
#3209=EDGE_LOOP('',(#1456,#1457,#1458,#1459));
#3210=EDGE_LOOP('',(#1460,#1461,#1462,#1463));
#3211=EDGE_LOOP('',(#1464,#1465,#1466,#1467));
#3212=EDGE_LOOP('',(#1468,#1469,#1470,#1471));
#3213=EDGE_LOOP('',(#1472,#1473,#1474,#1475));
#3214=EDGE_LOOP('',(#1476,#1477,#1478,#1479));
#3215=EDGE_LOOP('',(#1480,#1481,#1482,#1483));
#3216=EDGE_LOOP('',(#1484,#1485,#1486,#1487));
#3217=EDGE_LOOP('',(#1488,#1489,#1490,#1491));
#3218=EDGE_LOOP('',(#1492,#1493,#1494,#1495));
#3219=EDGE_LOOP('',(#1496,#1497,#1498,#1499));
#3220=EDGE_LOOP('',(#1500,#1501,#1502,#1503,#1504));
#3221=EDGE_LOOP('',(#1505,#1506,#1507,#1508));
#3222=EDGE_LOOP('',(#1509,#1510,#1511,#1512,#1513));
#3223=EDGE_LOOP('',(#1514,#1515,#1516,#1517));
#3224=EDGE_LOOP('',(#1518,#1519,#1520,#1521));
#3225=EDGE_LOOP('',(#1522,#1523,#1524,#1525));
#3226=EDGE_LOOP('',(#1526,#1527,#1528,#1529));
#3227=EDGE_LOOP('',(#1530,#1531,#1532,#1533));
#3228=EDGE_LOOP('',(#1534,#1535,#1536,#1537));
#3229=EDGE_LOOP('',(#1538,#1539,#1540,#1541));
#3230=EDGE_LOOP('',(#1542,#1543,#1544,#1545));
#3231=EDGE_LOOP('',(#1546,#1547,#1548,#1549));
#3232=EDGE_LOOP('',(#1550,#1551,#1552,#1553));
#3233=EDGE_LOOP('',(#1554,#1555,#1556,#1557));
#3234=EDGE_LOOP('',(#1558,#1559,#1560,#1561));
#3235=EDGE_LOOP('',(#1562,#1563,#1564,#1565,#1566,#1567));
#3236=EDGE_LOOP('',(#1568,#1569,#1570,#1571));
#3237=EDGE_LOOP('',(#1572,#1573,#1574,#1575,#1576,#1577));
#3238=EDGE_LOOP('',(#1578,#1579,#1580,#1581,#1582,#1583));
#3239=EDGE_LOOP('',(#1584,#1585,#1586,#1587));
#3240=EDGE_LOOP('',(#1588,#1589,#1590,#1591,#1592,#1593));
#3241=EDGE_LOOP('',(#1594,#1595,#1596,#1597));
#3242=EDGE_LOOP('',(#1598,#1599,#1600,#1601));
#3243=EDGE_LOOP('',(#1602,#1603,#1604,#1605));
#3244=EDGE_LOOP('',(#1606,#1607,#1608,#1609));
#3245=EDGE_LOOP('',(#1610,#1611,#1612,#1613));
#3246=EDGE_LOOP('',(#1614,#1615,#1616,#1617));
#3247=EDGE_LOOP('',(#1618,#1619,#1620,#1621));
#3248=EDGE_LOOP('',(#1622,#1623,#1624,#1625));
#3249=EDGE_LOOP('',(#1626,#1627,#1628,#1629));
#3250=EDGE_LOOP('',(#1630,#1631,#1632,#1633));
#3251=EDGE_LOOP('',(#1634,#1635,#1636,#1637,#1638,#1639));
#3252=EDGE_LOOP('',(#1640,#1641,#1642,#1643,#1644,#1645));
#3253=EDGE_LOOP('',(#1646,#1647,#1648,#1649));
#3254=EDGE_LOOP('',(#1650,#1651,#1652,#1653));
#3255=EDGE_LOOP('',(#1654,#1655,#1656,#1657));
#3256=EDGE_LOOP('',(#1658,#1659,#1660,#1661));
#3257=EDGE_LOOP('',(#1662,#1663,#1664,#1665));
#3258=EDGE_LOOP('',(#1666,#1667,#1668,#1669,#1670,#1671));
#3259=EDGE_LOOP('',(#1672,#1673,#1674,#1675));
#3260=EDGE_LOOP('',(#1676,#1677,#1678,#1679));
#3261=EDGE_LOOP('',(#1680,#1681,#1682,#1683,#1684,#1685));
#3262=EDGE_LOOP('',(#1686,#1687,#1688,#1689));
#3263=EDGE_LOOP('',(#1690,#1691,#1692,#1693));
#3264=EDGE_LOOP('',(#1694,#1695,#1696,#1697));
#3265=EDGE_LOOP('',(#1698,#1699,#1700,#1701));
#3266=EDGE_LOOP('',(#1702,#1703,#1704,#1705));
#3267=EDGE_LOOP('',(#1706,#1707,#1708,#1709));
#3268=EDGE_LOOP('',(#1710,#1711,#1712,#1713));
#3269=EDGE_LOOP('',(#1714,#1715,#1716,#1717));
#3270=EDGE_LOOP('',(#1718,#1719,#1720,#1721));
#3271=EDGE_LOOP('',(#1722,#1723,#1724,#1725));
#3272=EDGE_LOOP('',(#1726,#1727,#1728,#1729));
#3273=EDGE_LOOP('',(#1730,#1731,#1732,#1733,#1734,#1735,#1736,#1737,#1738,
#1739,#1740,#1741,#1742,#1743,#1744,#1745,#1746,#1747,#1748,#1749,#1750,
#1751));
#3274=EDGE_LOOP('',(#1752,#1753,#1754,#1755));
#3275=EDGE_LOOP('',(#1756,#1757,#1758,#1759,#1760,#1761,#1762,#1763,#1764,
#1765,#1766,#1767,#1768,#1769,#1770,#1771,#1772,#1773,#1774,#1775,#1776,
#1777));
#3276=EDGE_LOOP('',(#1778,#1779,#1780,#1781));
#3277=EDGE_LOOP('',(#1782,#1783,#1784,#1785));
#3278=EDGE_LOOP('',(#1786,#1787,#1788,#1789));
#3279=EDGE_LOOP('',(#1790,#1791,#1792,#1793));
#3280=EDGE_LOOP('',(#1794,#1795,#1796,#1797));
#3281=EDGE_LOOP('',(#1798,#1799,#1800,#1801));
#3282=EDGE_LOOP('',(#1802,#1803,#1804,#1805));
#3283=EDGE_LOOP('',(#1806,#1807,#1808,#1809));
#3284=EDGE_LOOP('',(#1810,#1811,#1812,#1813));
#3285=EDGE_LOOP('',(#1814,#1815,#1816,#1817));
#3286=EDGE_LOOP('',(#1818,#1819,#1820,#1821));
#3287=EDGE_LOOP('',(#1822,#1823,#1824,#1825,#1826,#1827));
#3288=EDGE_LOOP('',(#1828,#1829,#1830,#1831,#1832,#1833));
#3289=EDGE_LOOP('',(#1834,#1835,#1836,#1837,#1838));
#3290=EDGE_LOOP('',(#1839,#1840,#1841,#1842));
#3291=EDGE_LOOP('',(#1843,#1844,#1845,#1846,#1847));
#3292=EDGE_LOOP('',(#1848,#1849,#1850,#1851,#1852));
#3293=EDGE_LOOP('',(#1853,#1854,#1855,#1856));
#3294=EDGE_LOOP('',(#1857,#1858,#1859,#1860,#1861));
#3295=EDGE_LOOP('',(#1862,#1863,#1864,#1865));
#3296=EDGE_LOOP('',(#1866,#1867,#1868,#1869));
#3297=EDGE_LOOP('',(#1870,#1871,#1872,#1873));
#3298=EDGE_LOOP('',(#1874,#1875,#1876,#1877));
#3299=EDGE_LOOP('',(#1878,#1879,#1880,#1881,#1882,#1883));
#3300=EDGE_LOOP('',(#1884,#1885,#1886,#1887,#1888,#1889,#1890));
#3301=EDGE_LOOP('',(#1891,#1892,#1893,#1894,#1895,#1896,#1897));
#3302=EDGE_LOOP('',(#1898,#1899,#1900,#1901,#1902,#1903));
#3303=EDGE_LOOP('',(#1904,#1905,#1906,#1907));
#3304=EDGE_LOOP('',(#1908,#1909,#1910,#1911));
#3305=EDGE_LOOP('',(#1912,#1913,#1914,#1915));
#3306=EDGE_LOOP('',(#1916,#1917,#1918,#1919));
#3307=EDGE_LOOP('',(#1920,#1921,#1922,#1923));
#3308=EDGE_LOOP('',(#1924,#1925,#1926,#1927));
#3309=EDGE_LOOP('',(#1928,#1929,#1930,#1931,#1932));
#3310=EDGE_LOOP('',(#1933,#1934,#1935,#1936));
#3311=EDGE_LOOP('',(#1937,#1938,#1939,#1940,#1941));
#3312=EDGE_LOOP('',(#1942,#1943,#1944,#1945,#1946));
#3313=EDGE_LOOP('',(#1947,#1948,#1949,#1950));
#3314=EDGE_LOOP('',(#1951,#1952,#1953,#1954,#1955));
#3315=EDGE_LOOP('',(#1956,#1957,#1958,#1959,#1960,#1961,#1962,#1963,#1964,
#1965,#1966,#1967,#1968,#1969,#1970,#1971,#1972,#1973,#1974,#1975,#1976,
#1977,#1978,#1979));
#3316=EDGE_LOOP('',(#1980,#1981,#1982,#1983,#1984));
#3317=EDGE_LOOP('',(#1985,#1986,#1987,#1988,#1989,#1990,#1991,#1992,#1993,
#1994));
#3318=EDGE_LOOP('',(#1995,#1996,#1997,#1998));
#3319=EDGE_LOOP('',(#1999,#2000,#2001,#2002,#2003));
#3320=EDGE_LOOP('',(#2004,#2005,#2006,#2007));
#3321=EDGE_LOOP('',(#2008,#2009,#2010,#2011,#2012,#2013,#2014,#2015,#2016,
#2017));
#3322=EDGE_LOOP('',(#2018,#2019,#2020,#2021,#2022,#2023,#2024,#2025,#2026,
#2027,#2028,#2029,#2030,#2031,#2032,#2033,#2034,#2035,#2036,#2037));
#3323=EDGE_LOOP('',(#2038,#2039,#2040,#2041));
#3324=EDGE_LOOP('',(#2042,#2043,#2044,#2045));
#3325=EDGE_LOOP('',(#2046,#2047,#2048,#2049));
#3326=EDGE_LOOP('',(#2050,#2051,#2052,#2053));
#3327=EDGE_LOOP('',(#2054,#2055,#2056,#2057));
#3328=EDGE_LOOP('',(#2058,#2059,#2060,#2061));
#3329=EDGE_LOOP('',(#2062,#2063,#2064,#2065));
#3330=EDGE_LOOP('',(#2066,#2067,#2068,#2069));
#3331=EDGE_LOOP('',(#2070,#2071,#2072,#2073));
#3332=EDGE_LOOP('',(#2074,#2075,#2076,#2077));
#3333=EDGE_LOOP('',(#2078,#2079,#2080,#2081));
#3334=EDGE_LOOP('',(#2082,#2083,#2084,#2085));
#3335=EDGE_LOOP('',(#2086,#2087,#2088,#2089));
#3336=EDGE_LOOP('',(#2090,#2091,#2092,#2093));
#3337=EDGE_LOOP('',(#2094,#2095,#2096,#2097));
#3338=EDGE_LOOP('',(#2098,#2099,#2100,#2101));
#3339=EDGE_LOOP('',(#2102,#2103,#2104,#2105));
#3340=EDGE_LOOP('',(#2106,#2107,#2108,#2109));
#3341=EDGE_LOOP('',(#2110,#2111,#2112,#2113));
#3342=EDGE_LOOP('',(#2114,#2115,#2116,#2117));
#3343=EDGE_LOOP('',(#2118,#2119,#2120,#2121));
#3344=EDGE_LOOP('',(#2122,#2123,#2124,#2125));
#3345=FACE_BOUND('',#3138,.T.);
#3346=FACE_BOUND('',#3139,.T.);
#3347=FACE_BOUND('',#3140,.T.);
#3348=FACE_BOUND('',#3141,.T.);
#3349=FACE_BOUND('',#3142,.T.);
#3350=FACE_BOUND('',#3143,.T.);
#3351=FACE_BOUND('',#3144,.T.);
#3352=FACE_BOUND('',#3145,.T.);
#3353=FACE_BOUND('',#3146,.T.);
#3354=FACE_BOUND('',#3147,.T.);
#3355=FACE_BOUND('',#3148,.T.);
#3356=FACE_BOUND('',#3149,.T.);
#3357=FACE_BOUND('',#3150,.T.);
#3358=FACE_BOUND('',#3151,.T.);
#3359=FACE_BOUND('',#3152,.T.);
#3360=FACE_BOUND('',#3153,.T.);
#3361=FACE_BOUND('',#3154,.T.);
#3362=FACE_BOUND('',#3155,.T.);
#3363=FACE_BOUND('',#3156,.T.);
#3364=FACE_BOUND('',#3157,.T.);
#3365=FACE_BOUND('',#3158,.T.);
#3366=FACE_BOUND('',#3159,.T.);
#3367=FACE_BOUND('',#3160,.T.);
#3368=FACE_BOUND('',#3161,.T.);
#3369=FACE_BOUND('',#3162,.T.);
#3370=FACE_BOUND('',#3163,.T.);
#3371=FACE_BOUND('',#3164,.T.);
#3372=FACE_BOUND('',#3165,.T.);
#3373=FACE_BOUND('',#3166,.T.);
#3374=FACE_BOUND('',#3167,.T.);
#3375=FACE_BOUND('',#3168,.T.);
#3376=FACE_BOUND('',#3169,.T.);
#3377=FACE_BOUND('',#3170,.T.);
#3378=FACE_BOUND('',#3171,.T.);
#3379=FACE_BOUND('',#3172,.T.);
#3380=FACE_BOUND('',#3173,.T.);
#3381=FACE_BOUND('',#3174,.T.);
#3382=FACE_BOUND('',#3175,.T.);
#3383=FACE_BOUND('',#3176,.T.);
#3384=FACE_BOUND('',#3177,.T.);
#3385=FACE_BOUND('',#3178,.T.);
#3386=FACE_BOUND('',#3179,.T.);
#3387=FACE_BOUND('',#3180,.T.);
#3388=FACE_BOUND('',#3181,.T.);
#3389=FACE_BOUND('',#3182,.T.);
#3390=FACE_BOUND('',#3183,.T.);
#3391=FACE_BOUND('',#3184,.T.);
#3392=FACE_BOUND('',#3185,.T.);
#3393=FACE_BOUND('',#3186,.T.);
#3394=FACE_BOUND('',#3187,.T.);
#3395=FACE_BOUND('',#3188,.T.);
#3396=FACE_BOUND('',#3189,.T.);
#3397=FACE_BOUND('',#3190,.T.);
#3398=FACE_BOUND('',#3191,.T.);
#3399=FACE_BOUND('',#3192,.T.);
#3400=FACE_BOUND('',#3193,.T.);
#3401=FACE_BOUND('',#3194,.T.);
#3402=FACE_BOUND('',#3195,.T.);
#3403=FACE_BOUND('',#3196,.T.);
#3404=FACE_BOUND('',#3197,.T.);
#3405=FACE_BOUND('',#3198,.T.);
#3406=FACE_BOUND('',#3199,.T.);
#3407=FACE_BOUND('',#3200,.T.);
#3408=FACE_BOUND('',#3201,.T.);
#3409=FACE_BOUND('',#3202,.T.);
#3410=FACE_BOUND('',#3203,.T.);
#3411=FACE_BOUND('',#3204,.T.);
#3412=FACE_BOUND('',#3205,.T.);
#3413=FACE_BOUND('',#3206,.T.);
#3414=FACE_BOUND('',#3207,.T.);
#3415=FACE_BOUND('',#3208,.T.);
#3416=FACE_BOUND('',#3209,.T.);
#3417=FACE_BOUND('',#3210,.T.);
#3418=FACE_BOUND('',#3211,.T.);
#3419=FACE_BOUND('',#3212,.T.);
#3420=FACE_BOUND('',#3213,.T.);
#3421=FACE_BOUND('',#3214,.T.);
#3422=FACE_BOUND('',#3215,.T.);
#3423=FACE_BOUND('',#3216,.T.);
#3424=FACE_BOUND('',#3217,.T.);
#3425=FACE_BOUND('',#3218,.T.);
#3426=FACE_BOUND('',#3219,.T.);
#3427=FACE_BOUND('',#3220,.T.);
#3428=FACE_BOUND('',#3221,.T.);
#3429=FACE_BOUND('',#3222,.T.);
#3430=FACE_BOUND('',#3223,.T.);
#3431=FACE_BOUND('',#3224,.T.);
#3432=FACE_BOUND('',#3225,.T.);
#3433=FACE_BOUND('',#3226,.T.);
#3434=FACE_BOUND('',#3227,.T.);
#3435=FACE_BOUND('',#3228,.T.);
#3436=FACE_BOUND('',#3229,.T.);
#3437=FACE_BOUND('',#3230,.T.);
#3438=FACE_BOUND('',#3231,.T.);
#3439=FACE_BOUND('',#3232,.T.);
#3440=FACE_BOUND('',#3233,.T.);
#3441=FACE_BOUND('',#3234,.T.);
#3442=FACE_BOUND('',#3235,.T.);
#3443=FACE_BOUND('',#3236,.T.);
#3444=FACE_BOUND('',#3237,.T.);
#3445=FACE_BOUND('',#3238,.T.);
#3446=FACE_BOUND('',#3239,.T.);
#3447=FACE_BOUND('',#3240,.T.);
#3448=FACE_BOUND('',#3241,.T.);
#3449=FACE_BOUND('',#3242,.T.);
#3450=FACE_BOUND('',#3243,.T.);
#3451=FACE_BOUND('',#3244,.T.);
#3452=FACE_BOUND('',#3245,.T.);
#3453=FACE_BOUND('',#3246,.T.);
#3454=FACE_BOUND('',#3247,.T.);
#3455=FACE_BOUND('',#3248,.T.);
#3456=FACE_BOUND('',#3249,.T.);
#3457=FACE_BOUND('',#3250,.T.);
#3458=FACE_BOUND('',#3251,.T.);
#3459=FACE_BOUND('',#3252,.T.);
#3460=FACE_BOUND('',#3253,.T.);
#3461=FACE_BOUND('',#3254,.T.);
#3462=FACE_BOUND('',#3255,.T.);
#3463=FACE_BOUND('',#3256,.T.);
#3464=FACE_BOUND('',#3257,.T.);
#3465=FACE_BOUND('',#3258,.T.);
#3466=FACE_BOUND('',#3259,.T.);
#3467=FACE_BOUND('',#3260,.T.);
#3468=FACE_BOUND('',#3261,.T.);
#3469=FACE_BOUND('',#3262,.T.);
#3470=FACE_BOUND('',#3263,.T.);
#3471=FACE_BOUND('',#3264,.T.);
#3472=FACE_BOUND('',#3265,.T.);
#3473=FACE_BOUND('',#3266,.T.);
#3474=FACE_BOUND('',#3267,.T.);
#3475=FACE_BOUND('',#3268,.T.);
#3476=FACE_BOUND('',#3269,.T.);
#3477=FACE_BOUND('',#3270,.T.);
#3478=FACE_BOUND('',#3271,.T.);
#3479=FACE_BOUND('',#3272,.T.);
#3480=FACE_BOUND('',#3273,.T.);
#3481=FACE_BOUND('',#3274,.T.);
#3482=FACE_BOUND('',#3275,.T.);
#3483=FACE_BOUND('',#3276,.T.);
#3484=FACE_BOUND('',#3277,.T.);
#3485=FACE_BOUND('',#3278,.T.);
#3486=FACE_BOUND('',#3279,.T.);
#3487=FACE_BOUND('',#3280,.T.);
#3488=FACE_BOUND('',#3281,.T.);
#3489=FACE_BOUND('',#3282,.T.);
#3490=FACE_BOUND('',#3283,.T.);
#3491=FACE_BOUND('',#3284,.T.);
#3492=FACE_BOUND('',#3285,.T.);
#3493=FACE_BOUND('',#3286,.T.);
#3494=FACE_BOUND('',#3287,.T.);
#3495=FACE_BOUND('',#3288,.T.);
#3496=FACE_BOUND('',#3289,.T.);
#3497=FACE_BOUND('',#3290,.T.);
#3498=FACE_BOUND('',#3291,.T.);
#3499=FACE_BOUND('',#3292,.T.);
#3500=FACE_BOUND('',#3293,.T.);
#3501=FACE_BOUND('',#3294,.T.);
#3502=FACE_BOUND('',#3295,.T.);
#3503=FACE_BOUND('',#3296,.T.);
#3504=FACE_BOUND('',#3297,.T.);
#3505=FACE_BOUND('',#3298,.T.);
#3506=FACE_BOUND('',#3299,.T.);
#3507=FACE_BOUND('',#3300,.T.);
#3508=FACE_BOUND('',#3301,.T.);
#3509=FACE_BOUND('',#3302,.T.);
#3510=FACE_BOUND('',#3303,.T.);
#3511=FACE_BOUND('',#3304,.T.);
#3512=FACE_BOUND('',#3305,.T.);
#3513=FACE_BOUND('',#3306,.T.);
#3514=FACE_BOUND('',#3307,.T.);
#3515=FACE_BOUND('',#3308,.T.);
#3516=FACE_BOUND('',#3309,.T.);
#3517=FACE_BOUND('',#3310,.T.);
#3518=FACE_BOUND('',#3311,.T.);
#3519=FACE_BOUND('',#3312,.T.);
#3520=FACE_BOUND('',#3313,.T.);
#3521=FACE_BOUND('',#3314,.T.);
#3522=FACE_BOUND('',#3315,.T.);
#3523=FACE_BOUND('',#3316,.T.);
#3524=FACE_BOUND('',#3317,.T.);
#3525=FACE_BOUND('',#3318,.T.);
#3526=FACE_BOUND('',#3319,.T.);
#3527=FACE_BOUND('',#3320,.T.);
#3528=FACE_BOUND('',#3321,.T.);
#3529=FACE_BOUND('',#3322,.T.);
#3530=FACE_BOUND('',#3323,.T.);
#3531=FACE_BOUND('',#3324,.T.);
#3532=FACE_BOUND('',#3325,.T.);
#3533=FACE_BOUND('',#3326,.T.);
#3534=FACE_BOUND('',#3327,.T.);
#3535=FACE_BOUND('',#3328,.T.);
#3536=FACE_BOUND('',#3329,.T.);
#3537=FACE_BOUND('',#3330,.T.);
#3538=FACE_BOUND('',#3331,.T.);
#3539=FACE_BOUND('',#3332,.T.);
#3540=FACE_BOUND('',#3333,.T.);
#3541=FACE_BOUND('',#3334,.T.);
#3542=FACE_BOUND('',#3335,.T.);
#3543=FACE_BOUND('',#3336,.T.);
#3544=FACE_BOUND('',#3337,.T.);
#3545=FACE_BOUND('',#3338,.T.);
#3546=FACE_BOUND('',#3339,.T.);
#3547=FACE_BOUND('',#3340,.T.);
#3548=FACE_BOUND('',#3341,.T.);
#3549=FACE_BOUND('',#3342,.T.);
#3550=FACE_BOUND('',#3343,.T.);
#3551=FACE_BOUND('',#3344,.T.);
#3552=CYLINDRICAL_SURFACE('',#3867,0.0045);
#3553=CYLINDRICAL_SURFACE('',#3904,0.001);
#3554=CYLINDRICAL_SURFACE('',#3906,0.001);
#3555=CYLINDRICAL_SURFACE('',#3908,0.001);
#3556=CYLINDRICAL_SURFACE('',#3909,0.001);
#3557=CYLINDRICAL_SURFACE('',#3913,0.001);
#3558=CYLINDRICAL_SURFACE('',#3915,0.001);
#3559=CYLINDRICAL_SURFACE('',#3919,0.001);
#3560=CYLINDRICAL_SURFACE('',#3921,0.001);
#3561=CYLINDRICAL_SURFACE('',#3922,0.001);
#3562=CYLINDRICAL_SURFACE('',#3923,0.001);
#3563=CYLINDRICAL_SURFACE('',#3924,0.001);
#3564=CYLINDRICAL_SURFACE('',#3925,0.001);
#3565=CYLINDRICAL_SURFACE('',#3926,0.001);
#3566=CYLINDRICAL_SURFACE('',#4028,0.001);
#3567=CYLINDRICAL_SURFACE('',#4029,0.001);
#3568=CYLINDRICAL_SURFACE('',#4030,0.001);
#3569=CYLINDRICAL_SURFACE('',#4031,0.001);
#3570=CYLINDRICAL_SURFACE('',#4032,0.001);
#3571=CYLINDRICAL_SURFACE('',#4033,0.001);
#3572=CYLINDRICAL_SURFACE('',#4034,0.001);
#3573=CYLINDRICAL_SURFACE('',#4035,0.001);
#3574=CYLINDRICAL_SURFACE('',#4036,0.001);
#3575=CYLINDRICAL_SURFACE('',#4038,0.001);
#3576=CYLINDRICAL_SURFACE('',#4040,0.001);
#3577=CYLINDRICAL_SURFACE('',#4041,0.001);
#3578=CYLINDRICAL_SURFACE('',#4044,0.001);
#3579=CYLINDRICAL_SURFACE('',#4046,0.001);
#3580=CYLINDRICAL_SURFACE('',#4048,0.001);
#3581=CYLINDRICAL_SURFACE('',#4049,0.001);
#3582=CYLINDRICAL_SURFACE('',#4050,0.001);
#3583=CYLINDRICAL_SURFACE('',#4051,0.001);
#3584=CYLINDRICAL_SURFACE('',#4054,0.001);
#3585=CYLINDRICAL_SURFACE('',#4056,0.001);
#3586=CYLINDRICAL_SURFACE('',#4058,0.001);
#3587=CYLINDRICAL_SURFACE('',#4059,0.001);
#3588=CYLINDRICAL_SURFACE('',#4060,0.001);
#3589=CYLINDRICAL_SURFACE('',#4061,0.001);
#3590=CYLINDRICAL_SURFACE('',#4065,0.001);
#3591=CYLINDRICAL_SURFACE('',#4067,0.001);
#3592=CYLINDRICAL_SURFACE('',#4070,0.001);
#3593=CYLINDRICAL_SURFACE('',#4071,0.001);
#3594=CYLINDRICAL_SURFACE('',#4094,0.0005);
#3595=CYLINDRICAL_SURFACE('',#4095,0.0005);
#3596=CYLINDRICAL_SURFACE('',#4102,0.002);
#3597=CYLINDRICAL_SURFACE('',#4105,0.002);
#3598=CYLINDRICAL_SURFACE('',#4107,0.002);
#3599=CYLINDRICAL_SURFACE('',#4109,0.002);
#3600=CYLINDRICAL_SURFACE('',#4112,0.002);
#3601=CYLINDRICAL_SURFACE('',#4114,0.002);
#3602=CYLINDRICAL_SURFACE('',#4116,0.002);
#3603=CYLINDRICAL_SURFACE('',#4117,0.002);
#3604=CYLINDRICAL_SURFACE('',#4118,0.002);
#3605=CYLINDRICAL_SURFACE('',#4119,0.002);
#3606=CYLINDRICAL_SURFACE('',#4171,0.001);
#3607=CYLINDRICAL_SURFACE('',#4173,0.001);
#3608=CYLINDRICAL_SURFACE('',#4177,0.001);
#3609=CYLINDRICAL_SURFACE('',#4179,0.001);
#3610=CYLINDRICAL_SURFACE('',#4180,0.001);
#3611=CYLINDRICAL_SURFACE('',#4184,0.001);
#3612=CYLINDRICAL_SURFACE('',#4185,0.001);
#3613=CYLINDRICAL_SURFACE('',#4187,0.001);
#3614=CYLINDRICAL_SURFACE('',#4189,0.001);
#3615=CYLINDRICAL_SURFACE('',#4193,0.001);
#3616=CYLINDRICAL_SURFACE('',#4194,0.001);
#3617=CYLINDRICAL_SURFACE('',#4198,0.001);
#3618=CYLINDRICAL_SURFACE('',#4199,0.001);
#3619=CYLINDRICAL_SURFACE('',#4200,0.001);
#3620=CYLINDRICAL_SURFACE('',#4201,0.001);
#3621=CYLINDRICAL_SURFACE('',#4202,0.001);
#3622=CYLINDRICAL_SURFACE('',#4203,0.001);
#3623=CYLINDRICAL_SURFACE('',#4204,0.001);
#3624=ADVANCED_FACE('',(#3345,#3346),#3552,.F.);
#3625=ADVANCED_FACE('',(#3347),#898,.T.);
#3626=ADVANCED_FACE('',(#3348),#899,.T.);
#3627=ADVANCED_FACE('',(#3349),#900,.T.);
#3628=ADVANCED_FACE('',(#3350),#901,.F.);
#3629=ADVANCED_FACE('',(#3351),#902,.T.);
#3630=ADVANCED_FACE('',(#3352),#903,.F.);
#3631=ADVANCED_FACE('',(#3353),#904,.T.);
#3632=ADVANCED_FACE('',(#3354),#905,.F.);
#3633=ADVANCED_FACE('',(#3355),#906,.F.);
#3634=ADVANCED_FACE('',(#3356,#3357),#907,.T.);
#3635=ADVANCED_FACE('',(#3358),#908,.T.);
#3636=ADVANCED_FACE('',(#3359,#3360),#909,.T.);
#3637=ADVANCED_FACE('',(#3361),#910,.F.);
#3638=ADVANCED_FACE('',(#3362),#911,.T.);
#3639=ADVANCED_FACE('',(#3363),#912,.T.);
#3640=ADVANCED_FACE('',(#3364),#913,.T.);
#3641=ADVANCED_FACE('',(#3365),#914,.F.);
#3642=ADVANCED_FACE('',(#3366),#915,.F.);
#3643=ADVANCED_FACE('',(#3367),#3553,.T.);
#3644=ADVANCED_FACE('',(#3368),#3554,.T.);
#3645=ADVANCED_FACE('',(#3369),#3555,.T.);
#3646=ADVANCED_FACE('',(#3370),#3556,.F.);
#3647=ADVANCED_FACE('',(#3371),#29,.T.);
#3648=ADVANCED_FACE('',(#3372),#3557,.T.);
#3649=ADVANCED_FACE('',(#3373),#3558,.T.);
#3650=ADVANCED_FACE('',(#3374),#28,.T.);
#3651=ADVANCED_FACE('',(#3375),#3559,.T.);
#3652=ADVANCED_FACE('',(#3376),#3560,.T.);
#3653=ADVANCED_FACE('',(#3377),#3561,.T.);
#3654=ADVANCED_FACE('',(#3378),#3562,.T.);
#3655=ADVANCED_FACE('',(#3379),#3563,.F.);
#3656=ADVANCED_FACE('',(#3380),#3564,.T.);
#3657=ADVANCED_FACE('',(#3381),#3565,.T.);
#3658=ADVANCED_FACE('',(#3382),#916,.T.);
#3659=ADVANCED_FACE('',(#3383),#917,.T.);
#3660=ADVANCED_FACE('',(#3384),#918,.T.);
#3661=ADVANCED_FACE('',(#3385),#919,.F.);
#3662=ADVANCED_FACE('',(#3386),#920,.T.);
#3663=ADVANCED_FACE('',(#3387),#921,.F.);
#3664=ADVANCED_FACE('',(#3388),#922,.T.);
#3665=ADVANCED_FACE('',(#3389),#923,.T.);
#3666=ADVANCED_FACE('',(#3390),#924,.F.);
#3667=ADVANCED_FACE('',(#3391),#925,.T.);
#3668=ADVANCED_FACE('',(#3392),#926,.T.);
#3669=ADVANCED_FACE('',(#3393),#927,.F.);
#3670=ADVANCED_FACE('',(#3394),#928,.F.);
#3671=ADVANCED_FACE('',(#3395),#929,.T.);
#3672=ADVANCED_FACE('',(#3396),#930,.F.);
#3673=ADVANCED_FACE('',(#3397),#931,.F.);
#3674=ADVANCED_FACE('',(#3398),#932,.F.);
#3675=ADVANCED_FACE('',(#3399),#933,.F.);
#3676=ADVANCED_FACE('',(#3400),#934,.F.);
#3677=ADVANCED_FACE('',(#3401),#935,.T.);
#3678=ADVANCED_FACE('',(#3402),#936,.T.);
#3679=ADVANCED_FACE('',(#3403),#937,.T.);
#3680=ADVANCED_FACE('',(#3404),#938,.F.);
#3681=ADVANCED_FACE('',(#3405),#939,.T.);
#3682=ADVANCED_FACE('',(#3406),#940,.T.);
#3683=ADVANCED_FACE('',(#3407),#941,.F.);
#3684=ADVANCED_FACE('',(#3408),#942,.T.);
#3685=ADVANCED_FACE('',(#3409),#943,.F.);
#3686=ADVANCED_FACE('',(#3410),#944,.T.);
#3687=ADVANCED_FACE('',(#3411),#945,.F.);
#3688=ADVANCED_FACE('',(#3412),#946,.T.);
#3689=ADVANCED_FACE('',(#3413),#947,.T.);
#3690=ADVANCED_FACE('',(#3414),#948,.F.);
#3691=ADVANCED_FACE('',(#3415),#949,.T.);
#3692=ADVANCED_FACE('',(#3416),#950,.F.);
#3693=ADVANCED_FACE('',(#3417),#951,.T.);
#3694=ADVANCED_FACE('',(#3418),#952,.T.);
#3695=ADVANCED_FACE('',(#3419),#953,.T.);
#3696=ADVANCED_FACE('',(#3420),#954,.F.);
#3697=ADVANCED_FACE('',(#3421),#955,.T.);
#3698=ADVANCED_FACE('',(#3422),#956,.F.);
#3699=ADVANCED_FACE('',(#3423),#957,.T.);
#3700=ADVANCED_FACE('',(#3424),#958,.F.);
#3701=ADVANCED_FACE('',(#3425),#959,.T.);
#3702=ADVANCED_FACE('',(#3426),#960,.T.);
#3703=ADVANCED_FACE('',(#3427),#961,.T.);
#3704=ADVANCED_FACE('',(#3428),#962,.T.);
#3705=ADVANCED_FACE('',(#3429),#963,.F.);
#3706=ADVANCED_FACE('',(#3430),#964,.F.);
#3707=ADVANCED_FACE('',(#3431),#965,.F.);
#3708=ADVANCED_FACE('',(#3432),#966,.T.);
#3709=ADVANCED_FACE('',(#3433),#967,.T.);
#3710=ADVANCED_FACE('',(#3434),#968,.T.);
#3711=ADVANCED_FACE('',(#3435),#969,.F.);
#3712=ADVANCED_FACE('',(#3436),#970,.T.);
#3713=ADVANCED_FACE('',(#3437),#971,.F.);
#3714=ADVANCED_FACE('',(#3438),#972,.F.);
#3715=ADVANCED_FACE('',(#3439),#973,.T.);
#3716=ADVANCED_FACE('',(#3440),#974,.F.);
#3717=ADVANCED_FACE('',(#3441),#975,.T.);
#3718=ADVANCED_FACE('',(#3442),#976,.F.);
#3719=ADVANCED_FACE('',(#3443),#977,.F.);
#3720=ADVANCED_FACE('',(#3444),#978,.F.);
#3721=ADVANCED_FACE('',(#3445),#979,.F.);
#3722=ADVANCED_FACE('',(#3446),#980,.F.);
#3723=ADVANCED_FACE('',(#3447),#981,.F.);
#3724=ADVANCED_FACE('',(#3448),#3566,.T.);
#3725=ADVANCED_FACE('',(#3449),#3567,.T.);
#3726=ADVANCED_FACE('',(#3450),#3568,.F.);
#3727=ADVANCED_FACE('',(#3451),#3569,.F.);
#3728=ADVANCED_FACE('',(#3452),#3570,.T.);
#3729=ADVANCED_FACE('',(#3453),#3571,.T.);
#3730=ADVANCED_FACE('',(#3454),#3572,.T.);
#3731=ADVANCED_FACE('',(#3455),#3573,.T.);
#3732=ADVANCED_FACE('',(#3456),#3574,.F.);
#3733=ADVANCED_FACE('',(#3457),#3575,.F.);
#3734=ADVANCED_FACE('',(#3458),#3576,.F.);
#3735=ADVANCED_FACE('',(#3459),#3577,.F.);
#3736=ADVANCED_FACE('',(#3460),#3578,.F.);
#3737=ADVANCED_FACE('',(#3461),#3579,.F.);
#3738=ADVANCED_FACE('',(#3462),#3580,.F.);
#3739=ADVANCED_FACE('',(#3463),#3581,.F.);
#3740=ADVANCED_FACE('',(#3464),#3582,.F.);
#3741=ADVANCED_FACE('',(#3465),#3583,.F.);
#3742=ADVANCED_FACE('',(#3466),#3584,.F.);
#3743=ADVANCED_FACE('',(#3467),#3585,.F.);
#3744=ADVANCED_FACE('',(#3468),#3586,.F.);
#3745=ADVANCED_FACE('',(#3469),#3587,.F.);
#3746=ADVANCED_FACE('',(#3470),#3588,.F.);
#3747=ADVANCED_FACE('',(#3471),#3589,.F.);
#3748=ADVANCED_FACE('',(#3472),#30,.T.);
#3749=ADVANCED_FACE('',(#3473),#3590,.F.);
#3750=ADVANCED_FACE('',(#3474),#3591,.T.);
#3751=ADVANCED_FACE('',(#3475),#31,.T.);
#3752=ADVANCED_FACE('',(#3476),#3592,.F.);
#3753=ADVANCED_FACE('',(#3477),#3593,.F.);
#3754=ADVANCED_FACE('',(#3478),#982,.F.);
#3755=ADVANCED_FACE('',(#3479),#983,.T.);
#3756=ADVANCED_FACE('',(#3480),#984,.F.);
#3757=ADVANCED_FACE('',(#3481),#985,.F.);
#3758=ADVANCED_FACE('',(#3482),#986,.T.);
#3759=ADVANCED_FACE('',(#3483),#987,.F.);
#3760=ADVANCED_FACE('',(#3484),#988,.T.);
#3761=ADVANCED_FACE('',(#3485),#989,.T.);
#3762=ADVANCED_FACE('',(#3486),#990,.F.);
#3763=ADVANCED_FACE('',(#3487),#991,.T.);
#3764=ADVANCED_FACE('',(#3488),#992,.F.);
#3765=ADVANCED_FACE('',(#3489),#993,.T.);
#3766=ADVANCED_FACE('',(#3490),#994,.T.);
#3767=ADVANCED_FACE('',(#3491),#995,.T.);
#3768=ADVANCED_FACE('',(#3492),#3594,.T.);
#3769=ADVANCED_FACE('',(#3493),#3595,.T.);
#3770=ADVANCED_FACE('',(#3494),#996,.F.);
#3771=ADVANCED_FACE('',(#3495),#997,.T.);
#3772=ADVANCED_FACE('',(#3496),#3596,.F.);
#3773=ADVANCED_FACE('',(#3497),#3597,.F.);
#3774=ADVANCED_FACE('',(#3498),#3598,.F.);
#3775=ADVANCED_FACE('',(#3499),#3599,.F.);
#3776=ADVANCED_FACE('',(#3500),#3600,.F.);
#3777=ADVANCED_FACE('',(#3501),#3601,.F.);
#3778=ADVANCED_FACE('',(#3502),#3602,.F.);
#3779=ADVANCED_FACE('',(#3503),#3603,.F.);
#3780=ADVANCED_FACE('',(#3504),#3604,.F.);
#3781=ADVANCED_FACE('',(#3505),#3605,.F.);
#3782=ADVANCED_FACE('',(#3506),#998,.F.);
#3783=ADVANCED_FACE('',(#3507),#999,.F.);
#3784=ADVANCED_FACE('',(#3508),#1000,.T.);
#3785=ADVANCED_FACE('',(#3509),#1001,.T.);
#3786=ADVANCED_FACE('',(#3510),#1002,.F.);
#3787=ADVANCED_FACE('',(#3511),#1003,.T.);
#3788=ADVANCED_FACE('',(#3512),#1004,.T.);
#3789=ADVANCED_FACE('',(#3513),#1005,.T.);
#3790=ADVANCED_FACE('',(#3514),#1006,.T.);
#3791=ADVANCED_FACE('',(#3515),#1007,.F.);
#3792=ADVANCED_FACE('',(#3516),#1008,.F.);
#3793=ADVANCED_FACE('',(#3517),#1009,.F.);
#3794=ADVANCED_FACE('',(#3518),#1010,.F.);
#3795=ADVANCED_FACE('',(#3519),#1011,.T.);
#3796=ADVANCED_FACE('',(#3520),#1012,.T.);
#3797=ADVANCED_FACE('',(#3521),#1013,.T.);
#3798=ADVANCED_FACE('',(#3522),#1014,.F.);
#3799=ADVANCED_FACE('',(#3523),#1015,.F.);
#3800=ADVANCED_FACE('',(#3524),#1016,.T.);
#3801=ADVANCED_FACE('',(#3525),#1017,.T.);
#3802=ADVANCED_FACE('',(#3526),#1018,.T.);
#3803=ADVANCED_FACE('',(#3527),#1019,.T.);
#3804=ADVANCED_FACE('',(#3528),#1020,.T.);
#3805=ADVANCED_FACE('',(#3529),#1021,.T.);
#3806=ADVANCED_FACE('',(#3530),#3606,.T.);
#3807=ADVANCED_FACE('',(#3531),#3607,.T.);
#3808=ADVANCED_FACE('',(#3532),#32,.T.);
#3809=ADVANCED_FACE('',(#3533),#3608,.F.);
#3810=ADVANCED_FACE('',(#3534),#3609,.F.);
#3811=ADVANCED_FACE('',(#3535),#3610,.F.);
#3812=ADVANCED_FACE('',(#3536),#33,.T.);
#3813=ADVANCED_FACE('',(#3537),#3611,.T.);
#3814=ADVANCED_FACE('',(#3538),#3612,.T.);
#3815=ADVANCED_FACE('',(#3539),#3613,.T.);
#3816=ADVANCED_FACE('',(#3540),#3614,.F.);
#3817=ADVANCED_FACE('',(#3541),#34,.T.);
#3818=ADVANCED_FACE('',(#3542),#3615,.F.);
#3819=ADVANCED_FACE('',(#3543),#3616,.F.);
#3820=ADVANCED_FACE('',(#3544),#35,.T.);
#3821=ADVANCED_FACE('',(#3545),#3617,.T.);
#3822=ADVANCED_FACE('',(#3546),#3618,.T.);
#3823=ADVANCED_FACE('',(#3547),#3619,.T.);
#3824=ADVANCED_FACE('',(#3548),#3620,.T.);
#3825=ADVANCED_FACE('',(#3549),#3621,.T.);
#3826=ADVANCED_FACE('',(#3550),#3622,.T.);
#3827=ADVANCED_FACE('',(#3551),#3623,.T.);
#3828=CLOSED_SHELL('',(#3624,#3625,#3626,#3627,#3628,#3629,#3630,#3631,
#3632,#3633,#3634,#3635,#3636,#3637,#3638,#3639,#3640,#3641,#3642,#3643,
#3644,#3645,#3646,#3647,#3648,#3649,#3650,#3651,#3652,#3653,#3654,#3655,
#3656,#3657));
#3829=CLOSED_SHELL('',(#3658,#3659,#3660,#3661,#3662,#3663,#3664,#3665,
#3666,#3667,#3668,#3669,#3670,#3671,#3672,#3673,#3674,#3675,#3676,#3677,
#3678,#3679,#3680,#3681,#3682,#3683,#3684,#3685,#3686,#3687,#3688,#3689,
#3690,#3691,#3692,#3693,#3694,#3695,#3696,#3697,#3698,#3699,#3700,#3701,
#3702,#3703,#3704,#3705,#3706,#3707,#3708,#3709,#3710,#3711,#3712,#3713,
#3714,#3715,#3716,#3717,#3718,#3719,#3720,#3721,#3722,#3723,#3724,#3725,
#3726,#3727,#3728,#3729,#3730,#3731,#3732,#3733,#3734,#3735,#3736,#3737,
#3738,#3739,#3740,#3741,#3742,#3743,#3744,#3745,#3746,#3747,#3748,#3749,
#3750,#3751,#3752,#3753,#3754,#3755,#3756,#3757,#3758,#3759,#3760,#3761,
#3762,#3763,#3764,#3765,#3766,#3767,#3768,#3769,#3770,#3771,#3772,#3773,
#3774,#3775,#3776,#3777,#3778,#3779,#3780,#3781));
#3830=CLOSED_SHELL('',(#3782,#3783,#3784,#3785,#3786,#3787,#3788,#3789,
#3790,#3791,#3792,#3793,#3794,#3795,#3796,#3797,#3798,#3799,#3800,#3801,
#3802,#3803,#3804,#3805,#3806,#3807,#3808,#3809,#3810,#3811,#3812,#3813,
#3814,#3815,#3816,#3817,#3818,#3819,#3820,#3821,#3822,#3823,#3824,#3825,
#3826,#3827));
#3831=STYLED_ITEM('',(#3834),#3855);
#3832=STYLED_ITEM('',(#3835),#3856);
#3833=STYLED_ITEM('',(#3836),#3857);
#3834=PRESENTATION_STYLE_ASSIGNMENT((#3837));
#3835=PRESENTATION_STYLE_ASSIGNMENT((#3838));
#3836=PRESENTATION_STYLE_ASSIGNMENT((#3839));
#3837=SURFACE_STYLE_USAGE(.BOTH.,#3840);
#3838=SURFACE_STYLE_USAGE(.BOTH.,#3841);
#3839=SURFACE_STYLE_USAGE(.BOTH.,#3842);
#3840=SURFACE_SIDE_STYLE('',(#3843));
#3841=SURFACE_SIDE_STYLE('',(#3844));
#3842=SURFACE_SIDE_STYLE('',(#3845));
#3843=SURFACE_STYLE_FILL_AREA(#3846);
#3844=SURFACE_STYLE_FILL_AREA(#3847);
#3845=SURFACE_STYLE_FILL_AREA(#3848);
#3846=FILL_AREA_STYLE('',(#3849));
#3847=FILL_AREA_STYLE('',(#3850));
#3848=FILL_AREA_STYLE('',(#3851));
#3849=FILL_AREA_STYLE_COLOUR('',#3852);
#3850=FILL_AREA_STYLE_COLOUR('',#3853);
#3851=FILL_AREA_STYLE_COLOUR('',#3854);
#3852=COLOUR_RGB('',0.654901960784314,0.823529411764706,0.576470588235294);
#3853=COLOUR_RGB('',0.596078431372549,0.176470588235294,0.0509803921568627);
#3854=COLOUR_RGB('',0.231372549019608,0.380392156862745,0.705882352941177);
#3855=MANIFOLD_SOLID_BREP('Part 1',#3828);
#3856=MANIFOLD_SOLID_BREP('Part 1',#3829);
#3857=MANIFOLD_SOLID_BREP('Part 2',#3830);
#3858=SHAPE_DEFINITION_REPRESENTATION(#6448,#3862);
#3859=SHAPE_DEFINITION_REPRESENTATION(#6449,#3863);
#3860=SHAPE_DEFINITION_REPRESENTATION(#6451,#3864);
#3861=SHAPE_DEFINITION_REPRESENTATION(#6453,#3865);
#3862=SHAPE_REPRESENTATION('HACKATHON_ASSEMBLY',(#3866,#3927,#4120,#4205),
#6437);
#3863=SHAPE_REPRESENTATION('Part 1',(#3866),#6438);
#3864=SHAPE_REPRESENTATION('Part 1',(#3866),#6439);
#3865=SHAPE_REPRESENTATION('Part 2',(#3866),#6440);
#3866=AXIS2_PLACEMENT_3D('',#5301,#4206,#4207);
#3867=AXIS2_PLACEMENT_3D('',#5302,#4208,#4209);
#3868=AXIS2_PLACEMENT_3D('',#5303,#4210,#4211);
#3869=AXIS2_PLACEMENT_3D('',#5305,#4212,#4213);
#3870=AXIS2_PLACEMENT_3D('',#5307,#4214,#4215);
#3871=AXIS2_PLACEMENT_3D('',#5311,#4217,#4218);
#3872=AXIS2_PLACEMENT_3D('',#5315,#4220,#4221);
#3873=AXIS2_PLACEMENT_3D('',#5319,#4223,#4224);
#3874=AXIS2_PLACEMENT_3D('',#5323,#4226,#4227);
#3875=AXIS2_PLACEMENT_3D('',#5327,#4229,#4230);
#3876=AXIS2_PLACEMENT_3D('',#5335,#4234,#4235);
#3877=AXIS2_PLACEMENT_3D('',#5347,#4241,#4242);
#3878=AXIS2_PLACEMENT_3D('',#5355,#4246,#4247);
#3879=AXIS2_PLACEMENT_3D('',#5356,#4248,#4249);
#3880=AXIS2_PLACEMENT_3D('',#5363,#4253,#4254);
#3881=AXIS2_PLACEMENT_3D('',#5364,#4255,#4256);
#3882=AXIS2_PLACEMENT_3D('',#5370,#4260,#4261);
#3883=AXIS2_PLACEMENT_3D('',#5374,#4264,#4265);
#3884=AXIS2_PLACEMENT_3D('',#5384,#4268,#4269);
#3885=AXIS2_PLACEMENT_3D('',#5390,#4273,#4274);
#3886=AXIS2_PLACEMENT_3D('',#5394,#4277,#4278);
#3887=AXIS2_PLACEMENT_3D('',#5398,#4281,#4282);
#3888=AXIS2_PLACEMENT_3D('',#5403,#4285,#4286);
#3889=AXIS2_PLACEMENT_3D('',#5406,#4288,#4289);
#3890=AXIS2_PLACEMENT_3D('',#5410,#4291,#4292);
#3891=AXIS2_PLACEMENT_3D('',#5415,#4295,#4296);
#3892=AXIS2_PLACEMENT_3D('',#5416,#4297,#4298);
#3893=AXIS2_PLACEMENT_3D('',#5422,#4302,#4303);
#3894=AXIS2_PLACEMENT_3D('',#5428,#4307,#4308);
#3895=AXIS2_PLACEMENT_3D('',#5434,#4312,#4313);
#3896=AXIS2_PLACEMENT_3D('',#5440,#4317,#4318);
#3897=AXIS2_PLACEMENT_3D('',#5442,#4320,#4321);
#3898=AXIS2_PLACEMENT_3D('',#5451,#4326,#4327);
#3899=AXIS2_PLACEMENT_3D('',#5452,#4328,#4329);
#3900=AXIS2_PLACEMENT_3D('',#5455,#4332,#4333);
#3901=AXIS2_PLACEMENT_3D('',#5456,#4334,#4335);
#3902=AXIS2_PLACEMENT_3D('',#5457,#4336,#4337);
#3903=AXIS2_PLACEMENT_3D('',#5459,#4339,#4340);
#3904=AXIS2_PLACEMENT_3D('',#5462,#4343,#4344);
#3905=AXIS2_PLACEMENT_3D('',#5463,#4345,#4346);
#3906=AXIS2_PLACEMENT_3D('',#5464,#4347,#4348);
#3907=AXIS2_PLACEMENT_3D('',#5465,#4349,#4350);
#3908=AXIS2_PLACEMENT_3D('',#5466,#4351,#4352);
#3909=AXIS2_PLACEMENT_3D('',#5467,#4353,#4354);
#3910=AXIS2_PLACEMENT_3D('',#5468,#4355,#4356);
#3911=AXIS2_PLACEMENT_3D('',#5469,#4357,#4358);
#3912=AXIS2_PLACEMENT_3D('',#5470,#4359,#4360);
#3913=AXIS2_PLACEMENT_3D('',#5471,#4361,#4362);
#3914=AXIS2_PLACEMENT_3D('',#5472,#4363,#4364);
#3915=AXIS2_PLACEMENT_3D('',#5473,#4365,#4366);
#3916=AXIS2_PLACEMENT_3D('',#5474,#4367,#4368);
#3917=AXIS2_PLACEMENT_3D('',#5475,#4369,#4370);
#3918=AXIS2_PLACEMENT_3D('',#5476,#4371,#4372);
#3919=AXIS2_PLACEMENT_3D('',#5477,#4373,#4374);
#3920=AXIS2_PLACEMENT_3D('',#5478,#4375,#4376);
#3921=AXIS2_PLACEMENT_3D('',#5479,#4377,#4378);
#3922=AXIS2_PLACEMENT_3D('',#5480,#4379,#4380);
#3923=AXIS2_PLACEMENT_3D('',#5481,#4381,#4382);
#3924=AXIS2_PLACEMENT_3D('',#5482,#4383,#4384);
#3925=AXIS2_PLACEMENT_3D('',#5483,#4385,#4386);
#3926=AXIS2_PLACEMENT_3D('',#5484,#4387,#4388);
#3927=AXIS2_PLACEMENT_3D('',#5485,#4389,#4390);
#3928=AXIS2_PLACEMENT_3D('',#5486,#4391,#4392);
#3929=AXIS2_PLACEMENT_3D('',#5495,#4397,#4398);
#3930=AXIS2_PLACEMENT_3D('',#5504,#4403,#4404);
#3931=AXIS2_PLACEMENT_3D('',#5510,#4407,#4408);
#3932=AXIS2_PLACEMENT_3D('',#5515,#4411,#4412);
#3933=AXIS2_PLACEMENT_3D('',#5521,#4415,#4416);
#3934=AXIS2_PLACEMENT_3D('',#5526,#4419,#4420);
#3935=AXIS2_PLACEMENT_3D('',#5532,#4423,#4424);
#3936=AXIS2_PLACEMENT_3D('',#5537,#4427,#4428);
#3937=AXIS2_PLACEMENT_3D('',#5543,#4431,#4432);
#3938=AXIS2_PLACEMENT_3D('',#5548,#4435,#4436);
#3939=AXIS2_PLACEMENT_3D('',#5549,#4437,#4438);
#3940=AXIS2_PLACEMENT_3D('',#5559,#4443,#4444);
#3941=AXIS2_PLACEMENT_3D('',#5617,#4476,#4477);
#3942=AXIS2_PLACEMENT_3D('',#5618,#4478,#4479);
#3943=AXIS2_PLACEMENT_3D('',#5625,#4483,#4484);
#3944=AXIS2_PLACEMENT_3D('',#5629,#4486,#4487);
#3945=AXIS2_PLACEMENT_3D('',#5633,#4490,#4491);
#3946=AXIS2_PLACEMENT_3D('',#5636,#4493,#4494);
#3947=AXIS2_PLACEMENT_3D('',#5641,#4497,#4498);
#3948=AXIS2_PLACEMENT_3D('',#5645,#4500,#4501);
#3949=AXIS2_PLACEMENT_3D('',#5653,#4505,#4506);
#3950=AXIS2_PLACEMENT_3D('',#5660,#4510,#4511);
#3951=AXIS2_PLACEMENT_3D('',#5664,#4513,#4514);
#3952=AXIS2_PLACEMENT_3D('',#5671,#4518,#4519);
#3953=AXIS2_PLACEMENT_3D('',#5679,#4523,#4524);
#3954=AXIS2_PLACEMENT_3D('',#5685,#4528,#4529);
#3955=AXIS2_PLACEMENT_3D('',#5686,#4530,#4531);
#3956=AXIS2_PLACEMENT_3D('',#5692,#4534,#4535);
#3957=AXIS2_PLACEMENT_3D('',#5700,#4539,#4540);
#3958=AXIS2_PLACEMENT_3D('',#5705,#4543,#4544);
#3959=AXIS2_PLACEMENT_3D('',#5709,#4546,#4547);
#3960=AXIS2_PLACEMENT_3D('',#5714,#4550,#4551);
#3961=AXIS2_PLACEMENT_3D('',#5722,#4555,#4556);
#3962=AXIS2_PLACEMENT_3D('',#5725,#4558,#4559);
#3963=AXIS2_PLACEMENT_3D('',#5734,#4564,#4565);
#3964=AXIS2_PLACEMENT_3D('',#5740,#4569,#4570);
#3965=AXIS2_PLACEMENT_3D('',#5743,#4573,#4574);
#3966=AXIS2_PLACEMENT_3D('',#5749,#4578,#4579);
#3967=AXIS2_PLACEMENT_3D('',#5753,#4582,#4583);
#3968=AXIS2_PLACEMENT_3D('',#5757,#4586,#4587);
#3969=AXIS2_PLACEMENT_3D('',#5763,#4591,#4592);
#3970=AXIS2_PLACEMENT_3D('',#5767,#4595,#4596);
#3971=AXIS2_PLACEMENT_3D('',#5771,#4599,#4600);
#3972=AXIS2_PLACEMENT_3D('',#5782,#4607,#4608);
#3973=AXIS2_PLACEMENT_3D('',#5788,#4612,#4613);
#3974=AXIS2_PLACEMENT_3D('',#5800,#4621,#4622);
#3975=AXIS2_PLACEMENT_3D('',#5809,#4627,#4628);
#3976=AXIS2_PLACEMENT_3D('',#5815,#4632,#4633);
#3977=AXIS2_PLACEMENT_3D('',#5821,#4637,#4638);
#3978=AXIS2_PLACEMENT_3D('',#5830,#4643,#4644);
#3979=AXIS2_PLACEMENT_3D('',#5833,#4647,#4648);
#3980=AXIS2_PLACEMENT_3D('',#5834,#4649,#4650);
#3981=AXIS2_PLACEMENT_3D('',#5835,#4651,#4652);
#3982=AXIS2_PLACEMENT_3D('',#5836,#4653,#4654);
#3983=AXIS2_PLACEMENT_3D('',#5837,#4655,#4656);
#3984=AXIS2_PLACEMENT_3D('',#5838,#4657,#4658);
#3985=AXIS2_PLACEMENT_3D('',#5839,#4659,#4660);
#3986=AXIS2_PLACEMENT_3D('',#5840,#4661,#4662);
#3987=AXIS2_PLACEMENT_3D('',#5841,#4663,#4664);
#3988=AXIS2_PLACEMENT_3D('',#5842,#4665,#4666);
#3989=AXIS2_PLACEMENT_3D('',#5843,#4667,#4668);
#3990=AXIS2_PLACEMENT_3D('',#5844,#4669,#4670);
#3991=AXIS2_PLACEMENT_3D('',#5852,#4674,#4675);
#3992=AXIS2_PLACEMENT_3D('',#5857,#4678,#4679);
#3993=AXIS2_PLACEMENT_3D('',#5859,#4681,#4682);
#3994=AXIS2_PLACEMENT_3D('',#5861,#4684,#4685);
#3995=AXIS2_PLACEMENT_3D('',#5864,#4688,#4689);
#3996=AXIS2_PLACEMENT_3D('',#5866,#4691,#4692);
#3997=AXIS2_PLACEMENT_3D('',#5868,#4694,#4695);
#3998=AXIS2_PLACEMENT_3D('',#5871,#4698,#4699);
#3999=AXIS2_PLACEMENT_3D('',#5873,#4701,#4702);
#4000=AXIS2_PLACEMENT_3D('',#5875,#4704,#4705);
#4001=AXIS2_PLACEMENT_3D('',#5878,#4708,#4709);
#4002=AXIS2_PLACEMENT_3D('',#5879,#4710,#4711);
#4003=AXIS2_PLACEMENT_3D('',#5883,#4714,#4715);
#4004=AXIS2_PLACEMENT_3D('',#5884,#4716,#4717);
#4005=AXIS2_PLACEMENT_3D('',#5891,#4721,#4722);
#4006=AXIS2_PLACEMENT_3D('',#5893,#4724,#4725);
#4007=AXIS2_PLACEMENT_3D('',#5894,#4726,#4727);
#4008=AXIS2_PLACEMENT_3D('',#5899,#4730,#4731);
#4009=AXIS2_PLACEMENT_3D('',#5908,#4736,#4737);
#4010=AXIS2_PLACEMENT_3D('',#5910,#4739,#4740);
#4011=AXIS2_PLACEMENT_3D('',#5912,#4742,#4743);
#4012=AXIS2_PLACEMENT_3D('',#5917,#4748,#4749);
#4013=AXIS2_PLACEMENT_3D('',#5922,#4754,#4755);
#4014=AXIS2_PLACEMENT_3D('',#5924,#4757,#4758);
#4015=AXIS2_PLACEMENT_3D('',#5926,#4760,#4761);
#4016=AXIS2_PLACEMENT_3D('',#5930,#4764,#4765);
#4017=AXIS2_PLACEMENT_3D('',#5934,#4768,#4769);
#4018=AXIS2_PLACEMENT_3D('',#5936,#4771,#4772);
#4019=AXIS2_PLACEMENT_3D('',#5938,#4774,#4775);
#4020=AXIS2_PLACEMENT_3D('',#5940,#4777,#4778);
#4021=AXIS2_PLACEMENT_3D('',#5947,#4783,#4784);
#4022=AXIS2_PLACEMENT_3D('',#5956,#4789,#4790);
#4023=AXIS2_PLACEMENT_3D('',#5960,#4792,#4793);
#4024=AXIS2_PLACEMENT_3D('',#5965,#4796,#4797);
#4025=AXIS2_PLACEMENT_3D('',#5966,#4798,#4799);
#4026=AXIS2_PLACEMENT_3D('',#5974,#4801,#4802);
#4027=AXIS2_PLACEMENT_3D('',#5980,#4806,#4807);
#4028=AXIS2_PLACEMENT_3D('',#5988,#4809,#4810);
#4029=AXIS2_PLACEMENT_3D('',#5989,#4811,#4812);
#4030=AXIS2_PLACEMENT_3D('',#5990,#4813,#4814);
#4031=AXIS2_PLACEMENT_3D('',#5991,#4815,#4816);
#4032=AXIS2_PLACEMENT_3D('',#5992,#4817,#4818);
#4033=AXIS2_PLACEMENT_3D('',#5993,#4819,#4820);
#4034=AXIS2_PLACEMENT_3D('',#5994,#4821,#4822);
#4035=AXIS2_PLACEMENT_3D('',#5995,#4823,#4824);
#4036=AXIS2_PLACEMENT_3D('',#5996,#4825,#4826);
#4037=AXIS2_PLACEMENT_3D('',#5997,#4827,#4828);
#4038=AXIS2_PLACEMENT_3D('',#5998,#4829,#4830);
#4039=AXIS2_PLACEMENT_3D('',#5999,#4831,#4832);
#4040=AXIS2_PLACEMENT_3D('',#6000,#4833,#4834);
#4041=AXIS2_PLACEMENT_3D('',#6001,#4835,#4836);
#4042=AXIS2_PLACEMENT_3D('',#6002,#4837,#4838);
#4043=AXIS2_PLACEMENT_3D('',#6003,#4839,#4840);
#4044=AXIS2_PLACEMENT_3D('',#6004,#4841,#4842);
#4045=AXIS2_PLACEMENT_3D('',#6005,#4843,#4844);
#4046=AXIS2_PLACEMENT_3D('',#6006,#4845,#4846);
#4047=AXIS2_PLACEMENT_3D('',#6007,#4847,#4848);
#4048=AXIS2_PLACEMENT_3D('',#6008,#4849,#4850);
#4049=AXIS2_PLACEMENT_3D('',#6009,#4851,#4852);
#4050=AXIS2_PLACEMENT_3D('',#6010,#4853,#4854);
#4051=AXIS2_PLACEMENT_3D('',#6011,#4855,#4856);
#4052=AXIS2_PLACEMENT_3D('',#6012,#4857,#4858);
#4053=AXIS2_PLACEMENT_3D('',#6013,#4859,#4860);
#4054=AXIS2_PLACEMENT_3D('',#6014,#4861,#4862);
#4055=AXIS2_PLACEMENT_3D('',#6015,#4863,#4864);
#4056=AXIS2_PLACEMENT_3D('',#6016,#4865,#4866);
#4057=AXIS2_PLACEMENT_3D('',#6017,#4867,#4868);
#4058=AXIS2_PLACEMENT_3D('',#6018,#4869,#4870);
#4059=AXIS2_PLACEMENT_3D('',#6019,#4871,#4872);
#4060=AXIS2_PLACEMENT_3D('',#6020,#4873,#4874);
#4061=AXIS2_PLACEMENT_3D('',#6021,#4875,#4876);
#4062=AXIS2_PLACEMENT_3D('',#6022,#4877,#4878);
#4063=AXIS2_PLACEMENT_3D('',#6023,#4879,#4880);
#4064=AXIS2_PLACEMENT_3D('',#6024,#4881,#4882);
#4065=AXIS2_PLACEMENT_3D('',#6025,#4883,#4884);
#4066=AXIS2_PLACEMENT_3D('',#6026,#4885,#4886);
#4067=AXIS2_PLACEMENT_3D('',#6027,#4887,#4888);
#4068=AXIS2_PLACEMENT_3D('',#6028,#4889,#4890);
#4069=AXIS2_PLACEMENT_3D('',#6029,#4891,#4892);
#4070=AXIS2_PLACEMENT_3D('',#6030,#4893,#4894);
#4071=AXIS2_PLACEMENT_3D('',#6031,#4895,#4896);
#4072=AXIS2_PLACEMENT_3D('',#6032,#4897,#4898);
#4073=AXIS2_PLACEMENT_3D('',#6041,#4903,#4904);
#4074=AXIS2_PLACEMENT_3D('',#6047,#4908,#4909);
#4075=AXIS2_PLACEMENT_3D('',#6055,#4913,#4914);
#4076=AXIS2_PLACEMENT_3D('',#6065,#4919,#4920);
#4077=AXIS2_PLACEMENT_3D('',#6074,#4925,#4926);
#4078=AXIS2_PLACEMENT_3D('',#6079,#4929,#4930);
#4079=AXIS2_PLACEMENT_3D('',#6084,#4933,#4934);
#4080=AXIS2_PLACEMENT_3D('',#6090,#4938,#4939);
#4081=AXIS2_PLACEMENT_3D('',#6100,#4944,#4945);
#4082=AXIS2_PLACEMENT_3D('',#6105,#4948,#4949);
#4083=AXIS2_PLACEMENT_3D('',#6114,#4954,#4955);
#4084=AXIS2_PLACEMENT_3D('',#6121,#4959,#4960);
#4085=AXIS2_PLACEMENT_3D('',#6124,#4962,#4963);
#4086=AXIS2_PLACEMENT_3D('',#6126,#4965,#4966);
#4087=AXIS2_PLACEMENT_3D('',#6128,#4968,#4969);
#4088=AXIS2_PLACEMENT_3D('',#6130,#4971,#4972);
#4089=AXIS2_PLACEMENT_3D('',#6132,#4974,#4975);
#4090=AXIS2_PLACEMENT_3D('',#6134,#4977,#4978);
#4091=AXIS2_PLACEMENT_3D('',#6136,#4980,#4981);
#4092=AXIS2_PLACEMENT_3D('',#6138,#4983,#4984);
#4093=AXIS2_PLACEMENT_3D('',#6140,#4986,#4987);
#4094=AXIS2_PLACEMENT_3D('',#6142,#4989,#4990);
#4095=AXIS2_PLACEMENT_3D('',#6143,#4991,#4992);
#4096=AXIS2_PLACEMENT_3D('',#6144,#4993,#4994);
#4097=AXIS2_PLACEMENT_3D('',#6146,#4996,#4997);
#4098=AXIS2_PLACEMENT_3D('',#6150,#4999,#5000);
#4099=AXIS2_PLACEMENT_3D('',#6151,#5001,#5002);
#4100=AXIS2_PLACEMENT_3D('',#6153,#5004,#5005);
#4101=AXIS2_PLACEMENT_3D('',#6157,#5007,#5008);
#4102=AXIS2_PLACEMENT_3D('',#6158,#5009,#5010);
#4103=AXIS2_PLACEMENT_3D('',#6159,#5011,#5012);
#4104=AXIS2_PLACEMENT_3D('',#6160,#5013,#5014);
#4105=AXIS2_PLACEMENT_3D('',#6161,#5015,#5016);
#4106=AXIS2_PLACEMENT_3D('',#6162,#5017,#5018);
#4107=AXIS2_PLACEMENT_3D('',#6163,#5019,#5020);
#4108=AXIS2_PLACEMENT_3D('',#6164,#5021,#5022);
#4109=AXIS2_PLACEMENT_3D('',#6165,#5023,#5024);
#4110=AXIS2_PLACEMENT_3D('',#6166,#5025,#5026);
#4111=AXIS2_PLACEMENT_3D('',#6167,#5027,#5028);
#4112=AXIS2_PLACEMENT_3D('',#6168,#5029,#5030);
#4113=AXIS2_PLACEMENT_3D('',#6169,#5031,#5032);
#4114=AXIS2_PLACEMENT_3D('',#6170,#5033,#5034);
#4115=AXIS2_PLACEMENT_3D('',#6171,#5035,#5036);
#4116=AXIS2_PLACEMENT_3D('',#6172,#5037,#5038);
#4117=AXIS2_PLACEMENT_3D('',#6173,#5039,#5040);
#4118=AXIS2_PLACEMENT_3D('',#6174,#5041,#5042);
#4119=AXIS2_PLACEMENT_3D('',#6175,#5043,#5044);
#4120=AXIS2_PLACEMENT_3D('',#6176,#5045,#5046);
#4121=AXIS2_PLACEMENT_3D('',#6177,#5047,#5048);
#4122=AXIS2_PLACEMENT_3D('',#6190,#5055,#5056);
#4123=AXIS2_PLACEMENT_3D('',#6191,#5057,#5058);
#4124=AXIS2_PLACEMENT_3D('',#6205,#5065,#5066);
#4125=AXIS2_PLACEMENT_3D('',#6211,#5069,#5070);
#4126=AXIS2_PLACEMENT_3D('',#6220,#5075,#5076);
#4127=AXIS2_PLACEMENT_3D('',#6233,#5083,#5084);
#4128=AXIS2_PLACEMENT_3D('',#6242,#5089,#5090);
#4129=AXIS2_PLACEMENT_3D('',#6251,#5095,#5096);
#4130=AXIS2_PLACEMENT_3D('',#6260,#5101,#5102);
#4131=AXIS2_PLACEMENT_3D('',#6263,#5105,#5106);
#4132=AXIS2_PLACEMENT_3D('',#6272,#5111,#5112);
#4133=AXIS2_PLACEMENT_3D('',#6281,#5117,#5118);
#4134=AXIS2_PLACEMENT_3D('',#6293,#5122,#5123);
#4135=AXIS2_PLACEMENT_3D('',#6299,#5127,#5128);
#4136=AXIS2_PLACEMENT_3D('',#6306,#5132,#5133);
#4137=AXIS2_PLACEMENT_3D('',#6307,#5134,#5135);
#4138=AXIS2_PLACEMENT_3D('',#6314,#5139,#5140);
#4139=AXIS2_PLACEMENT_3D('',#6315,#5141,#5142);
#4140=AXIS2_PLACEMENT_3D('',#6321,#5146,#5147);
#4141=AXIS2_PLACEMENT_3D('',#6333,#5151,#5152);
#4142=AXIS2_PLACEMENT_3D('',#6334,#5153,#5154);
#4143=AXIS2_PLACEMENT_3D('',#6335,#5155,#5156);
#4144=AXIS2_PLACEMENT_3D('',#6336,#5157,#5158);
#4145=AXIS2_PLACEMENT_3D('',#6337,#5159,#5160);
#4146=AXIS2_PLACEMENT_3D('',#6338,#5161,#5162);
#4147=AXIS2_PLACEMENT_3D('',#6339,#5163,#5164);
#4148=AXIS2_PLACEMENT_3D('',#6340,#5165,#5166);
#4149=AXIS2_PLACEMENT_3D('',#6341,#5167,#5168);
#4150=AXIS2_PLACEMENT_3D('',#6342,#5169,#5170);
#4151=AXIS2_PLACEMENT_3D('',#6349,#5174,#5175);
#4152=AXIS2_PLACEMENT_3D('',#6350,#5176,#5177);
#4153=AXIS2_PLACEMENT_3D('',#6354,#5180,#5181);
#4154=AXIS2_PLACEMENT_3D('',#6355,#5182,#5183);
#4155=AXIS2_PLACEMENT_3D('',#6358,#5185,#5186);
#4156=AXIS2_PLACEMENT_3D('',#6367,#5191,#5192);
#4157=AXIS2_PLACEMENT_3D('',#6374,#5196,#5197);
#4158=AXIS2_PLACEMENT_3D('',#6375,#5198,#5199);
#4159=AXIS2_PLACEMENT_3D('',#6384,#5204,#5205);
#4160=AXIS2_PLACEMENT_3D('',#6390,#5209,#5210);
#4161=AXIS2_PLACEMENT_3D('',#6391,#5211,#5212);
#4162=AXIS2_PLACEMENT_3D('',#6392,#5213,#5214);
#4163=AXIS2_PLACEMENT_3D('',#6393,#5215,#5216);
#4164=AXIS2_PLACEMENT_3D('',#6394,#5217,#5218);
#4165=AXIS2_PLACEMENT_3D('',#6395,#5219,#5220);
#4166=AXIS2_PLACEMENT_3D('',#6396,#5221,#5222);
#4167=AXIS2_PLACEMENT_3D('',#6397,#5223,#5224);
#4168=AXIS2_PLACEMENT_3D('',#6398,#5225,#5226);
#4169=AXIS2_PLACEMENT_3D('',#6399,#5227,#5228);
#4170=AXIS2_PLACEMENT_3D('',#6400,#5229,#5230);
#4171=AXIS2_PLACEMENT_3D('',#6401,#5231,#5232);
#4172=AXIS2_PLACEMENT_3D('',#6402,#5233,#5234);
#4173=AXIS2_PLACEMENT_3D('',#6403,#5235,#5236);
#4174=AXIS2_PLACEMENT_3D('',#6404,#5237,#5238);
#4175=AXIS2_PLACEMENT_3D('',#6405,#5239,#5240);
#4176=AXIS2_PLACEMENT_3D('',#6406,#5241,#5242);
#4177=AXIS2_PLACEMENT_3D('',#6407,#5243,#5244);
#4178=AXIS2_PLACEMENT_3D('',#6408,#5245,#5246);
#4179=AXIS2_PLACEMENT_3D('',#6409,#5247,#5248);
#4180=AXIS2_PLACEMENT_3D('',#6410,#5249,#5250);
#4181=AXIS2_PLACEMENT_3D('',#6411,#5251,#5252);
#4182=AXIS2_PLACEMENT_3D('',#6412,#5253,#5254);
#4183=AXIS2_PLACEMENT_3D('',#6413,#5255,#5256);
#4184=AXIS2_PLACEMENT_3D('',#6414,#5257,#5258);
#4185=AXIS2_PLACEMENT_3D('',#6415,#5259,#5260);
#4186=AXIS2_PLACEMENT_3D('',#6416,#5261,#5262);
#4187=AXIS2_PLACEMENT_3D('',#6417,#5263,#5264);
#4188=AXIS2_PLACEMENT_3D('',#6418,#5265,#5266);
#4189=AXIS2_PLACEMENT_3D('',#6419,#5267,#5268);
#4190=AXIS2_PLACEMENT_3D('',#6420,#5269,#5270);
#4191=AXIS2_PLACEMENT_3D('',#6421,#5271,#5272);
#4192=AXIS2_PLACEMENT_3D('',#6422,#5273,#5274);
#4193=AXIS2_PLACEMENT_3D('',#6423,#5275,#5276);
#4194=AXIS2_PLACEMENT_3D('',#6424,#5277,#5278);
#4195=AXIS2_PLACEMENT_3D('',#6425,#5279,#5280);
#4196=AXIS2_PLACEMENT_3D('',#6426,#5281,#5282);
#4197=AXIS2_PLACEMENT_3D('',#6427,#5283,#5284);
#4198=AXIS2_PLACEMENT_3D('',#6428,#5285,#5286);
#4199=AXIS2_PLACEMENT_3D('',#6429,#5287,#5288);
#4200=AXIS2_PLACEMENT_3D('',#6430,#5289,#5290);
#4201=AXIS2_PLACEMENT_3D('',#6431,#5291,#5292);
#4202=AXIS2_PLACEMENT_3D('',#6432,#5293,#5294);
#4203=AXIS2_PLACEMENT_3D('',#6433,#5295,#5296);
#4204=AXIS2_PLACEMENT_3D('',#6434,#5297,#5298);
#4205=AXIS2_PLACEMENT_3D('',#6435,#5299,#5300);
#4206=DIRECTION('',(0.,0.,1.));
#4207=DIRECTION('',(1.,0.,0.));
#4208=DIRECTION('',(1.69241314729444E-16,0.,1.));
#4209=DIRECTION('',(1.,0.,-1.69241314729444E-16));
#4210=DIRECTION('',(1.57702134179709E-16,0.,-1.));
#4211=DIRECTION('',(-1.,0.,-1.57702134179709E-16));
#4212=DIRECTION('',(1.69241314729444E-16,0.,1.));
#4213=DIRECTION('',(1.,0.,0.));
#4214=DIRECTION('',(0.,-1.,0.));
#4215=DIRECTION('',(1.,0.,0.));
#4216=DIRECTION('',(1.,0.,-1.33440267382831E-16));
#4217=DIRECTION('',(0.,-1.,0.));
#4218=DIRECTION('',(0.,0.,-1.));
#4219=DIRECTION('',(0.,0.,-1.));
#4220=DIRECTION('',(0.,-1.,0.));
#4221=DIRECTION('',(0.,0.,-1.));
#4222=DIRECTION('',(-1.,0.,1.69241314729444E-16));
#4223=DIRECTION('',(0.,-1.,0.));
#4224=DIRECTION('',(0.,0.,-1.));
#4225=DIRECTION('',(0.,0.,-1.));
#4226=DIRECTION('',(0.,-1.,0.));
#4227=DIRECTION('',(0.,0.,-1.));
#4228=DIRECTION('',(-1.,0.,-1.33440267382831E-16));
#4229=DIRECTION('',(0.,-1.,0.));
#4230=DIRECTION('',(0.,0.,-1.));
#4231=DIRECTION('',(0.,0.,1.));
#4232=DIRECTION('',(1.,0.,0.));
#4233=DIRECTION('',(0.,0.,-1.));
#4234=DIRECTION('',(0.,-1.,0.));
#4235=DIRECTION('',(0.,0.,-1.));
#4236=DIRECTION('',(1.,0.,2.16840434497101E-16));
#4237=DIRECTION('',(0.,0.,-1.));
#4238=DIRECTION('',(1.,0.,1.57702134179709E-16));
#4239=DIRECTION('',(0.,0.,-1.));
#4240=DIRECTION('',(-1.,0.,0.));
#4241=DIRECTION('',(0.,-1.,0.));
#4242=DIRECTION('',(0.,0.,-1.));
#4243=DIRECTION('',(0.,0.,-1.));
#4244=DIRECTION('',(-1.,0.,0.));
#4245=DIRECTION('',(0.,0.,1.));
#4246=DIRECTION('',(0.,-1.,0.));
#4247=DIRECTION('',(0.,0.,-1.));
#4248=DIRECTION('',(0.,0.,1.));
#4249=DIRECTION('',(1.,0.,0.));
#4250=DIRECTION('',(-1.,6.93889390390723E-16,0.));
#4251=DIRECTION('',(0.,-1.,0.));
#4252=DIRECTION('',(0.,-1.,0.));
#4253=DIRECTION('',(0.,0.,1.));
#4254=DIRECTION('',(1.,0.,0.));
#4255=DIRECTION('',(-1.,0.,0.));
#4256=DIRECTION('',(0.,0.,1.));
#4257=DIRECTION('',(0.,-1.,0.));
#4258=DIRECTION('',(0.,0.,-1.));
#4259=DIRECTION('',(0.,-1.,0.));
#4260=DIRECTION('',(0.,0.,1.));
#4261=DIRECTION('',(1.,0.,0.));
#4262=DIRECTION('',(1.,-6.93889390390723E-16,0.));
#4263=DIRECTION('',(0.,-1.,0.));
#4264=DIRECTION('',(1.,0.,0.));
#4265=DIRECTION('',(0.,0.,-1.));
#4266=DIRECTION('',(0.,0.,1.));
#4267=DIRECTION('',(0.,-1.,0.));
#4268=DIRECTION('',(1.,0.,0.));
#4269=DIRECTION('',(0.,0.,-1.));
#4270=DIRECTION('',(0.,-1.,0.));
#4271=DIRECTION('',(0.,0.,1.));
#4272=DIRECTION('',(0.,-1.,0.));
#4273=DIRECTION('',(0.,0.,-1.));
#4274=DIRECTION('',(-1.,0.,0.));
#4275=DIRECTION('',(1.,-6.93889390390723E-16,0.));
#4276=DIRECTION('',(0.,-1.,0.));
#4277=DIRECTION('',(-1.,0.,0.));
#4278=DIRECTION('',(0.,0.,1.));
#4279=DIRECTION('',(0.,0.,-1.));
#4280=DIRECTION('',(0.,-1.,0.));
#4281=DIRECTION('',(2.16840434497101E-16,0.,-1.));
#4282=DIRECTION('',(-1.,0.,-2.16840434497101E-16));
#4283=DIRECTION('',(0.,-1.,0.));
#4284=DIRECTION('',(1.,-6.93889390390723E-16,2.16840434497101E-16));
#4285=DIRECTION('',(2.16840434497101E-16,0.,-1.));
#4286=DIRECTION('',(-1.,0.,-2.16840434497101E-16));
#4287=DIRECTION('',(0.,-1.,0.));
#4288=DIRECTION('',(1.57702134179709E-16,0.,-1.));
#4289=DIRECTION('',(-1.,0.,-1.57702134179709E-16));
#4290=DIRECTION('',(-1.,0.,-1.57702134179709E-16));
#4291=DIRECTION('',(1.57702134179709E-16,0.,-1.));
#4292=DIRECTION('',(-1.,0.,-1.57702134179709E-16));
#4293=DIRECTION('',(0.,-1.,0.));
#4294=DIRECTION('',(0.,-1.,0.));
#4295=DIRECTION('',(1.57702134179709E-16,0.,-1.));
#4296=DIRECTION('',(-1.,0.,-1.57702134179709E-16));
#4297=DIRECTION('',(-1.,0.,0.));
#4298=DIRECTION('',(0.,0.,1.));
#4299=DIRECTION('',(0.,0.,1.));
#4300=DIRECTION('',(0.,-1.,0.));
#4301=DIRECTION('',(0.,-1.,0.));
#4302=DIRECTION('',(1.69241314729444E-16,0.,1.));
#4303=DIRECTION('',(1.,0.,-1.69241314729444E-16));
#4304=DIRECTION('',(0.,-1.,0.));
#4305=DIRECTION('',(1.,0.,-1.69241314729444E-16));
#4306=DIRECTION('',(0.,-1.,0.));
#4307=DIRECTION('',(-1.,0.,0.));
#4308=DIRECTION('',(0.,0.,1.));
#4309=DIRECTION('',(0.,-1.,0.));
#4310=DIRECTION('',(0.,0.,1.));
#4311=DIRECTION('',(0.,-1.,0.));
#4312=DIRECTION('',(-1.33440267382831E-16,0.,-1.));
#4313=DIRECTION('',(-1.,0.,1.33440267382831E-16));
#4314=DIRECTION('',(1.,-6.93889390390723E-16,-1.33440267382831E-16));
#4315=DIRECTION('',(0.,-1.,0.));
#4316=DIRECTION('',(0.,-1.,0.));
#4317=DIRECTION('',(-1.,0.,0.));
#4318=DIRECTION('',(0.,0.,1.));
#4319=DIRECTION('',(0.,0.,-1.));
#4320=DIRECTION('',(6.93889390390723E-16,1.,0.));
#4321=DIRECTION('',(-1.,6.93889390390723E-16,0.));
#4322=DIRECTION('',(-1.,6.93889390390723E-16,-1.33440267382831E-16));
#4323=DIRECTION('',(0.,0.,1.));
#4324=DIRECTION('',(0.,0.,1.));
#4325=DIRECTION('',(1.,-6.93889390390723E-16,-1.33440267382831E-16));
#4326=DIRECTION('',(6.93889390390723E-16,1.,0.));
#4327=DIRECTION('',(-1.,6.93889390390723E-16,0.));
#4328=DIRECTION('',(6.93889390390723E-16,1.,0.));
#4329=DIRECTION('',(-1.,6.93889390390723E-16,0.));
#4330=DIRECTION('',(0.,0.,-1.));
#4331=DIRECTION('',(0.,0.,-1.));
#4332=DIRECTION('',(6.93889390390723E-16,1.,0.));
#4333=DIRECTION('',(-1.,6.93889390390723E-16,0.));
#4334=DIRECTION('',(6.93889390390723E-16,1.,0.));
#4335=DIRECTION('',(-1.,6.93889390390723E-16,0.));
#4336=DIRECTION('',(-1.,0.,0.));
#4337=DIRECTION('',(0.,0.,1.));
#4338=DIRECTION('',(0.,0.,-1.));
#4339=DIRECTION('',(-1.33440267382831E-16,0.,1.));
#4340=DIRECTION('',(1.,0.,1.33440267382831E-16));
#4341=DIRECTION('',(0.,-1.,0.));
#4342=DIRECTION('',(0.,-1.,0.));
#4343=DIRECTION('',(0.,1.,0.));
#4344=DIRECTION('',(0.,0.,1.));
#4345=DIRECTION('',(0.,0.707106781186548,0.707106781186548));
#4346=DIRECTION('',(0.,0.707106781186548,-0.707106781186548));
#4347=DIRECTION('',(0.,-1.,0.));
#4348=DIRECTION('',(0.,0.,-1.));
#4349=DIRECTION('',(0.,-0.707106781186548,0.707106781186548));
#4350=DIRECTION('',(0.,-0.707106781186548,-0.707106781186548));
#4351=DIRECTION('',(0.,0.,1.));
#4352=DIRECTION('',(1.,0.,0.));
#4353=DIRECTION('',(0.,1.,0.));
#4354=DIRECTION('',(0.,0.,1.));
#4355=DIRECTION('',(6.93889390390723E-16,1.,0.));
#4356=DIRECTION('',(-1.,6.93889390390723E-16,0.));
#4357=DIRECTION('',(6.93889390390723E-16,1.,0.));
#4358=DIRECTION('',(-1.,6.93889390390723E-16,0.));
#4359=DIRECTION('',(1.,0.,0.));
#4360=DIRECTION('',(0.,0.,-1.));
#4361=DIRECTION('',(1.,-6.93889390390723E-16,-1.33440267382831E-16));
#4362=DIRECTION('',(6.93889390390723E-16,1.,0.));
#4363=DIRECTION('',(1.,0.,0.));
#4364=DIRECTION('',(0.,0.,-1.));
#4365=DIRECTION('',(0.,1.,0.));
#4366=DIRECTION('',(0.,0.,1.));
#4367=DIRECTION('',(0.,1.,-3.46944695195361E-15));
#4368=DIRECTION('',(0.,3.46944695195361E-15,1.));
#4369=DIRECTION('',(0.,-6.93889390390723E-15,-1.));
#4370=DIRECTION('',(0.,1.,-6.93889390390723E-15));
#4371=DIRECTION('',(8.67361737988403E-16,0.,-1.));
#4372=DIRECTION('',(-1.,0.,-8.67361737988403E-16));
#4373=DIRECTION('',(0.,1.,0.));
#4374=DIRECTION('',(0.,0.,1.));
#4375=DIRECTION('',(0.,0.707106781186548,-0.707106781186548));
#4376=DIRECTION('',(0.,0.707106781186548,0.707106781186548));
#4377=DIRECTION('',(0.,0.,-1.));
#4378=DIRECTION('',(-1.,0.,0.));
#4379=DIRECTION('',(0.,0.,1.));
#4380=DIRECTION('',(1.,0.,0.));
#4381=DIRECTION('',(0.,0.,-1.));
#4382=DIRECTION('',(-1.,0.,0.));
#4383=DIRECTION('',(0.,1.,0.));
#4384=DIRECTION('',(0.,0.,1.));
#4385=DIRECTION('',(0.,-1.,0.));
#4386=DIRECTION('',(0.,0.,-1.));
#4387=DIRECTION('',(0.,-1.,0.));
#4388=DIRECTION('',(0.,0.,-1.));
#4389=DIRECTION('',(0.,0.,1.));
#4390=DIRECTION('',(1.,0.,0.));
#4391=DIRECTION('',(-2.06522328766534E-16,0.,-1.));
#4392=DIRECTION('',(1.,0.,-2.06522328766534E-16));
#4393=DIRECTION('',(0.,1.,0.));
#4394=DIRECTION('',(-1.,-1.15648231731787E-16,2.06522328766534E-16));
#4395=DIRECTION('',(0.,1.,0.));
#4396=DIRECTION('',(-1.,0.,2.06522328766534E-16));
#4397=DIRECTION('',(-2.06522328766534E-16,0.,-1.));
#4398=DIRECTION('',(-1.,0.,2.06522328766534E-16));
#4399=DIRECTION('',(0.,-1.,0.));
#4400=DIRECTION('',(-1.,0.,2.06522328766534E-16));
#4401=DIRECTION('',(0.,-1.,0.));
#4402=DIRECTION('',(1.,0.,-2.06522328766534E-16));
#4403=DIRECTION('',(0.,1.,0.));
#4404=DIRECTION('',(0.,0.,1.));
#4405=DIRECTION('',(0.,0.,-1.));
#4406=DIRECTION('',(1.,0.,0.));
#4407=DIRECTION('',(0.,1.,0.));
#4408=DIRECTION('',(0.,0.,1.));
#4409=DIRECTION('',(1.0842021724855E-16,0.,-1.));
#4410=DIRECTION('',(1.,0.,0.));
#4411=DIRECTION('',(0.,1.,0.));
#4412=DIRECTION('',(0.,0.,1.));
#4413=DIRECTION('',(0.,0.,-1.));
#4414=DIRECTION('',(1.,0.,0.));
#4415=DIRECTION('',(0.,1.,0.));
#4416=DIRECTION('',(0.,0.,1.));
#4417=DIRECTION('',(1.0842021724855E-16,0.,-1.));
#4418=DIRECTION('',(1.,0.,0.));
#4419=DIRECTION('',(0.,-1.,0.));
#4420=DIRECTION('',(0.,0.,-1.));
#4421=DIRECTION('',(0.,0.,-1.));
#4422=DIRECTION('',(-1.,0.,0.));
#4423=DIRECTION('',(0.,-1.,0.));
#4424=DIRECTION('',(0.,0.,-1.));
#4425=DIRECTION('',(1.0842021724855E-16,0.,-1.));
#4426=DIRECTION('',(-1.,0.,0.));
#4427=DIRECTION('',(0.,-1.,0.));
#4428=DIRECTION('',(0.,0.,-1.));
#4429=DIRECTION('',(0.,0.,-1.));
#4430=DIRECTION('',(-1.,0.,0.));
#4431=DIRECTION('',(0.,-1.,0.));
#4432=DIRECTION('',(0.,0.,-1.));
#4433=DIRECTION('',(1.0842021724855E-16,0.,-1.));
#4434=DIRECTION('',(-1.,0.,0.));
#4435=DIRECTION('',(0.,-1.,0.));
#4436=DIRECTION('',(0.,0.,-1.));
#4437=DIRECTION('',(0.,-1.,0.));
#4438=DIRECTION('',(0.,0.,-1.));
#4439=DIRECTION('',(-1.,0.,0.));
#4440=DIRECTION('',(0.,0.,-1.));
#4441=DIRECTION('',(-1.,0.,0.));
#4442=DIRECTION('',(1.0842021724855E-16,0.,-1.));
#4443=DIRECTION('',(0.,0.,1.));
#4444=DIRECTION('',(1.,0.,0.));
#4445=DIRECTION('',(-1.,0.,0.));
#4446=DIRECTION('',(0.,-1.,0.));
#4447=DIRECTION('',(1.,0.,0.));
#4448=DIRECTION('',(0.,-1.,0.));
#4449=DIRECTION('',(-1.,0.,0.));
#4450=DIRECTION('',(0.,1.,0.));
#4451=DIRECTION('',(-1.,0.,0.));
#4452=DIRECTION('',(3.30423519233678E-16,-1.,0.));
#4453=DIRECTION('',(0.,-1.,0.));
#4454=DIRECTION('',(1.,0.,0.));
#4455=DIRECTION('',(0.,1.,0.));
#4456=DIRECTION('',(0.,-1.,0.));
#4457=DIRECTION('',(3.33600668457079E-16,-1.,0.));
#4458=DIRECTION('',(-1.,-1.4065325480893E-16,0.));
#4459=DIRECTION('',(3.33600668457078E-16,-1.,0.));
#4460=DIRECTION('',(0.,-1.,0.));
#4461=DIRECTION('',(1.,0.,0.));
#4462=DIRECTION('',(1.15648231731787E-16,-1.,0.));
#4463=DIRECTION('',(0.,-1.,0.));
#4464=DIRECTION('',(-1.,0.,0.));
#4465=DIRECTION('',(3.30423519233678E-16,-1.,0.));
#4466=DIRECTION('',(-1.,0.,0.));
#4467=DIRECTION('',(0.,1.,0.));
#4468=DIRECTION('',(-1.,0.,0.));
#4469=DIRECTION('',(0.,-1.,0.));
#4470=DIRECTION('',(1.,0.,0.));
#4471=DIRECTION('',(0.,-1.,0.));
#4472=DIRECTION('',(-1.,0.,0.));
#4473=DIRECTION('',(0.,-1.,0.));
#4474=DIRECTION('',(-1.,0.,7.88510670898549E-17));
#4475=DIRECTION('',(0.,-1.,0.));
#4476=DIRECTION('',(0.,-1.,0.));
#4477=DIRECTION('',(0.,0.,-1.));
#4478=DIRECTION('',(0.,-1.,0.));
#4479=DIRECTION('',(0.,0.,-1.));
#4480=DIRECTION('',(-1.,0.,0.));
#4481=DIRECTION('',(0.,0.,-1.));
#4482=DIRECTION('',(1.0842021724855E-16,0.,-1.));
#4483=DIRECTION('',(0.,-1.,0.));
#4484=DIRECTION('',(0.,0.,-1.));
#4485=DIRECTION('',(-1.,0.,0.));
#4486=DIRECTION('',(0.,-1.,0.));
#4487=DIRECTION('',(0.,0.,-1.));
#4488=DIRECTION('',(0.,0.,-1.));
#4489=DIRECTION('',(0.,0.,-1.));
#4490=DIRECTION('',(0.,-1.,0.));
#4491=DIRECTION('',(0.,0.,-1.));
#4492=DIRECTION('',(0.,0.,-1.));
#4493=DIRECTION('',(0.,-1.,0.));
#4494=DIRECTION('',(0.,0.,-1.));
#4495=DIRECTION('',(-1.,0.,0.));
#4496=DIRECTION('',(0.,0.,1.));
#4497=DIRECTION('',(0.,-1.,0.));
#4498=DIRECTION('',(1.,0.,0.));
#4499=DIRECTION('',(1.,0.,0.));
#4500=DIRECTION('',(0.,-1.,0.));
#4501=DIRECTION('',(0.,0.,-1.));
#4502=DIRECTION('',(0.,0.,-1.));
#4503=DIRECTION('',(-1.,0.,-1.7347234759768E-16));
#4504=DIRECTION('',(0.,0.,-1.));
#4505=DIRECTION('',(0.,-1.,0.));
#4506=DIRECTION('',(0.,0.,-1.));
#4507=DIRECTION('',(1.,0.,0.));
#4508=DIRECTION('',(0.,0.,1.));
#4509=DIRECTION('',(0.,0.,1.));
#4510=DIRECTION('',(0.,-1.,0.));
#4511=DIRECTION('',(0.,0.,-1.));
#4512=DIRECTION('',(-1.,0.,8.67361737988404E-17));
#4513=DIRECTION('',(0.,-1.,0.));
#4514=DIRECTION('',(0.,0.,-1.));
#4515=DIRECTION('',(0.,0.,-1.));
#4516=DIRECTION('',(0.,0.,1.));
#4517=DIRECTION('',(-1.,0.,-8.67361737988404E-16));
#4518=DIRECTION('',(0.,-1.,0.));
#4519=DIRECTION('',(0.,0.,-1.));
#4520=DIRECTION('',(0.,0.,1.));
#4521=DIRECTION('',(1.,0.,-1.73472347597681E-16));
#4522=DIRECTION('',(0.,0.,-1.));
#4523=DIRECTION('',(0.,-1.,0.));
#4524=DIRECTION('',(0.,0.,-1.));
#4525=DIRECTION('',(-1.,0.,0.));
#4526=DIRECTION('',(-6.93889390390723E-16,0.,-1.));
#4527=DIRECTION('',(-6.93889390390723E-16,0.,-1.));
#4528=DIRECTION('',(0.,1.,0.));
#4529=DIRECTION('',(-1.,0.,0.));
#4530=DIRECTION('',(0.,1.,0.));
#4531=DIRECTION('',(0.,0.,1.));
#4532=DIRECTION('',(0.,0.,-1.));
#4533=DIRECTION('',(-1.,0.,0.));
#4534=DIRECTION('',(0.,1.,0.));
#4535=DIRECTION('',(0.,0.,1.));
#4536=DIRECTION('',(0.,0.,-1.));
#4537=DIRECTION('',(-1.,0.,-1.7347234759768E-16));
#4538=DIRECTION('',(0.,0.,-1.));
#4539=DIRECTION('',(0.,1.,0.));
#4540=DIRECTION('',(0.,0.,1.));
#4541=DIRECTION('',(1.,0.,0.));
#4542=DIRECTION('',(0.,0.,1.));
#4543=DIRECTION('',(0.,1.,0.));
#4544=DIRECTION('',(-1.,0.,0.));
#4545=DIRECTION('',(0.,0.,-1.));
#4546=DIRECTION('',(0.,1.,0.));
#4547=DIRECTION('',(0.,0.,1.));
#4548=DIRECTION('',(0.,0.,1.));
#4549=DIRECTION('',(1.,0.,0.));
#4550=DIRECTION('',(0.,1.,0.));
#4551=DIRECTION('',(0.,0.,1.));
#4552=DIRECTION('',(0.,0.,-1.));
#4553=DIRECTION('',(-1.,0.,-1.7347234759768E-16));
#4554=DIRECTION('',(0.,0.,-1.));
#4555=DIRECTION('',(0.,1.,0.));
#4556=DIRECTION('',(0.,0.,1.));
#4557=DIRECTION('',(1.,0.,0.));
#4558=DIRECTION('',(0.,0.,-1.));
#4559=DIRECTION('',(-1.,0.,0.));
#4560=DIRECTION('',(-1.,0.,0.));
#4561=DIRECTION('',(0.,-1.,0.));
#4562=DIRECTION('',(-1.,0.,0.));
#4563=DIRECTION('',(0.,-1.,0.));
#4564=DIRECTION('',(0.,0.,-1.));
#4565=DIRECTION('',(-1.,0.,0.));
#4566=DIRECTION('',(1.,0.,0.));
#4567=DIRECTION('',(0.,-1.,0.));
#4568=DIRECTION('',(0.,-1.,0.));
#4569=DIRECTION('',(0.,0.,-1.));
#4570=DIRECTION('',(-1.,0.,0.));
#4571=DIRECTION('',(0.,-1.,0.));
#4572=DIRECTION('',(0.,-1.,0.));
#4573=DIRECTION('',(0.,0.,-1.));
#4574=DIRECTION('',(-1.,0.,0.));
#4575=DIRECTION('',(0.,-1.,0.));
#4576=DIRECTION('',(1.,0.,0.));
#4577=DIRECTION('',(0.,-1.,0.));
#4578=DIRECTION('',(1.,0.,0.));
#4579=DIRECTION('',(0.,0.,-1.));
#4580=DIRECTION('',(0.,0.,1.));
#4581=DIRECTION('',(0.,-1.,0.));
#4582=DIRECTION('',(0.,0.,-1.));
#4583=DIRECTION('',(-1.,0.,0.));
#4584=DIRECTION('',(0.,-1.,0.));
#4585=DIRECTION('',(1.,0.,0.));
#4586=DIRECTION('',(-1.,0.,0.));
#4587=DIRECTION('',(0.,0.,1.));
#4588=DIRECTION('',(0.,0.,-1.));
#4589=DIRECTION('',(0.,-1.,0.));
#4590=DIRECTION('',(0.,-1.,0.));
#4591=DIRECTION('',(-1.73472347597681E-16,0.,1.));
#4592=DIRECTION('',(1.,0.,1.73472347597681E-16));
#4593=DIRECTION('',(-1.,0.,-1.7347234759768E-16));
#4594=DIRECTION('',(0.,-1.,0.));
#4595=DIRECTION('',(-1.,0.,0.));
#4596=DIRECTION('',(0.,0.,1.));
#4597=DIRECTION('',(0.,-1.,0.));
#4598=DIRECTION('',(0.,0.,-1.));
#4599=DIRECTION('',(-1.,0.,6.93889390390723E-16));
#4600=DIRECTION('',(6.93889390390723E-16,0.,1.));
#4601=DIRECTION('',(0.,-1.,0.));
#4602=DIRECTION('',(-6.93889390390723E-16,-5.63631388811543E-32,-1.));
#4603=DIRECTION('',(0.,-1.,0.));
#4604=DIRECTION('',(-6.93889390390723E-16,0.,-1.));
#4605=DIRECTION('',(0.,-1.,0.));
#4606=DIRECTION('',(6.93889390390723E-16,0.,1.));
#4607=DIRECTION('',(-2.06522328766534E-16,0.,-1.));
#4608=DIRECTION('',(-1.,0.,2.06522328766534E-16));
#4609=DIRECTION('',(-1.,-1.15648231731787E-16,2.06522328766534E-16));
#4610=DIRECTION('',(0.,-1.,0.));
#4611=DIRECTION('',(1.,0.,-2.06522328766534E-16));
#4612=DIRECTION('',(-1.,0.,6.93889390390723E-16));
#4613=DIRECTION('',(6.93889390390723E-16,0.,1.));
#4614=DIRECTION('',(6.93889390390723E-16,5.63631388811543E-32,1.));
#4615=DIRECTION('',(0.,-1.,0.));
#4616=DIRECTION('',(-6.93889390390723E-16,0.,-1.));
#4617=DIRECTION('',(0.,0.,-1.));
#4618=DIRECTION('',(0.,-1.,0.));
#4619=DIRECTION('',(0.,0.,-1.));
#4620=DIRECTION('',(-6.93889390390723E-16,0.,-1.));
#4621=DIRECTION('',(-1.,0.,0.));
#4622=DIRECTION('',(0.,0.,1.));
#4623=DIRECTION('',(0.,0.,-1.));
#4624=DIRECTION('',(0.,-1.,0.));
#4625=DIRECTION('',(0.,0.,-1.));
#4626=DIRECTION('',(0.,-1.,0.));
#4627=DIRECTION('',(-1.73472347597681E-16,0.,-1.));
#4628=DIRECTION('',(-1.,0.,1.73472347597681E-16));
#4629=DIRECTION('',(1.,0.,-1.73472347597681E-16));
#4630=DIRECTION('',(1.,0.,-1.73472347597681E-16));
#4631=DIRECTION('',(0.,-1.,0.));
#4632=DIRECTION('',(1.,0.,0.));
#4633=DIRECTION('',(0.,0.,-1.));
#4634=DIRECTION('',(0.,0.,1.));
#4635=DIRECTION('',(0.,-1.,0.));
#4636=DIRECTION('',(0.,0.,1.));
#4637=DIRECTION('',(-8.67361737988404E-16,0.,1.));
#4638=DIRECTION('',(1.,0.,8.67361737988404E-16));
#4639=DIRECTION('',(-1.,0.,-8.67361737988404E-16));
#4640=DIRECTION('',(0.,-1.,0.));
#4641=DIRECTION('',(-1.,0.,-8.67361737988404E-16));
#4642=DIRECTION('',(0.,-1.,0.));
#4643=DIRECTION('',(1.,0.,0.));
#4644=DIRECTION('',(0.,0.,-1.));
#4645=DIRECTION('',(0.,0.,1.));
#4646=DIRECTION('',(0.,0.,1.));
#4647=DIRECTION('',(0.,-1.,0.));
#4648=DIRECTION('',(1.,0.,0.));
#4649=DIRECTION('',(0.,-1.,0.));
#4650=DIRECTION('',(0.,0.,-1.));
#4651=DIRECTION('',(0.,-1.,0.));
#4652=DIRECTION('',(0.,0.,-1.));
#4653=DIRECTION('',(0.,-1.,0.));
#4654=DIRECTION('',(0.,0.,-1.));
#4655=DIRECTION('',(0.,-1.,0.));
#4656=DIRECTION('',(0.,0.,-1.));
#4657=DIRECTION('',(0.,1.,0.));
#4658=DIRECTION('',(-1.,0.,0.));
#4659=DIRECTION('',(0.,1.,0.));
#4660=DIRECTION('',(0.,0.,1.));
#4661=DIRECTION('',(0.,1.,0.));
#4662=DIRECTION('',(0.,0.,1.));
#4663=DIRECTION('',(0.,1.,0.));
#4664=DIRECTION('',(0.,0.,1.));
#4665=DIRECTION('',(0.,1.,0.));
#4666=DIRECTION('',(-1.,0.,0.));
#4667=DIRECTION('',(0.,1.,0.));
#4668=DIRECTION('',(0.,0.,1.));
#4669=DIRECTION('',(0.,1.,0.));
#4670=DIRECTION('',(0.,0.,1.));
#4671=DIRECTION('',(0.,0.,-1.));
#4672=DIRECTION('',(1.,0.,-1.73472347597681E-16));
#4673=DIRECTION('',(0.,0.,1.));
#4674=DIRECTION('',(0.,1.,0.));
#4675=DIRECTION('',(0.,0.,1.));
#4676=DIRECTION('',(-1.,0.,-8.67361737988404E-16));
#4677=DIRECTION('',(0.,0.,1.));
#4678=DIRECTION('',(1.,0.,0.));
#4679=DIRECTION('',(0.,0.,-1.));
#4680=DIRECTION('',(0.,-1.,0.));
#4681=DIRECTION('',(0.,0.,-1.));
#4682=DIRECTION('',(-1.,0.,0.));
#4683=DIRECTION('',(0.,-1.,0.));
#4684=DIRECTION('',(-1.,0.,0.));
#4685=DIRECTION('',(0.,0.,1.));
#4686=DIRECTION('',(0.,-1.,0.));
#4687=DIRECTION('',(0.,-1.,0.));
#4688=DIRECTION('',(-1.7347234759768E-16,0.,1.));
#4689=DIRECTION('',(1.,0.,1.7347234759768E-16));
#4690=DIRECTION('',(0.,-1.,0.));
#4691=DIRECTION('',(-1.,0.,0.));
#4692=DIRECTION('',(0.,0.,1.));
#4693=DIRECTION('',(0.,-1.,0.));
#4694=DIRECTION('',(-1.,0.,0.));
#4695=DIRECTION('',(0.,0.,1.));
#4696=DIRECTION('',(0.,-1.,0.));
#4697=DIRECTION('',(0.,-1.,0.));
#4698=DIRECTION('',(-1.73472347597681E-16,0.,-1.));
#4699=DIRECTION('',(-1.,0.,1.73472347597681E-16));
#4700=DIRECTION('',(0.,-1.,0.));
#4701=DIRECTION('',(1.,0.,0.));
#4702=DIRECTION('',(0.,0.,-1.));
#4703=DIRECTION('',(0.,-1.,0.));
#4704=DIRECTION('',(-8.67361737988404E-16,0.,1.));
#4705=DIRECTION('',(1.,0.,8.67361737988404E-16));
#4706=DIRECTION('',(0.,-1.,0.));
#4707=DIRECTION('',(0.,-1.,0.));
#4708=DIRECTION('',(1.,0.,0.));
#4709=DIRECTION('',(0.,0.,-1.));
#4710=DIRECTION('',(-1.,0.,0.));
#4711=DIRECTION('',(0.,0.,1.));
#4712=DIRECTION('',(0.,0.,-1.));
#4713=DIRECTION('',(0.,1.,0.));
#4714=DIRECTION('',(0.,1.,0.));
#4715=DIRECTION('',(0.,0.,1.));
#4716=DIRECTION('',(0.,1.,0.));
#4717=DIRECTION('',(0.,0.,1.));
#4718=DIRECTION('',(1.,0.,0.));
#4719=DIRECTION('',(0.,0.,-1.));
#4720=DIRECTION('',(1.0842021724855E-16,0.,-1.));
#4721=DIRECTION('',(1.,1.15648231731787E-16,0.));
#4722=DIRECTION('',(-1.15648231731787E-16,1.,0.));
#4723=DIRECTION('',(1.15648231731787E-16,-1.,0.));
#4724=DIRECTION('',(0.,1.,0.));
#4725=DIRECTION('',(0.,0.,1.));
#4726=DIRECTION('',(0.,1.,0.));
#4727=DIRECTION('',(0.,0.,1.));
#4728=DIRECTION('',(1.,0.,0.));
#4729=DIRECTION('',(1.0842021724855E-16,0.,-1.));
#4730=DIRECTION('',(0.,0.,-1.));
#4731=DIRECTION('',(-1.,0.,0.));
#4732=DIRECTION('',(1.,0.,0.));
#4733=DIRECTION('',(0.,1.,0.));
#4734=DIRECTION('',(1.,0.,0.));
#4735=DIRECTION('',(1.15648231731787E-16,-1.,0.));
#4736=DIRECTION('',(1.,0.,1.0842021724855E-16));
#4737=DIRECTION('',(1.0842021724855E-16,0.,-1.));
#4738=DIRECTION('',(0.,-1.,0.));
#4739=DIRECTION('',(1.,0.,1.0842021724855E-16));
#4740=DIRECTION('',(1.0842021724855E-16,0.,-1.));
#4741=DIRECTION('',(0.,-1.,0.));
#4742=DIRECTION('',(-1.23908819712629E-16,0.,1.));
#4743=DIRECTION('',(1.,0.,1.23908819712629E-16));
#4744=DIRECTION('',(1.,0.,1.23908819712629E-16));
#4745=DIRECTION('',(0.,-1.,0.));
#4746=DIRECTION('',(1.,0.,1.23908819712629E-16));
#4747=DIRECTION('',(0.,-1.,0.));
#4748=DIRECTION('',(-1.23908819712629E-16,0.,1.));
#4749=DIRECTION('',(1.,0.,1.23908819712629E-16));
#4750=DIRECTION('',(1.,0.,1.23908819712629E-16));
#4751=DIRECTION('',(0.,-1.,0.));
#4752=DIRECTION('',(1.,0.,1.23908819712629E-16));
#4753=DIRECTION('',(0.,-1.,0.));
#4754=DIRECTION('',(1.,0.,1.0842021724855E-16));
#4755=DIRECTION('',(1.0842021724855E-16,0.,-1.));
#4756=DIRECTION('',(0.,-1.,0.));
#4757=DIRECTION('',(1.,0.,1.0842021724855E-16));
#4758=DIRECTION('',(1.0842021724855E-16,0.,-1.));
#4759=DIRECTION('',(0.,-1.,0.));
#4760=DIRECTION('',(1.,3.33600668457079E-16,0.));
#4761=DIRECTION('',(-3.33600668457079E-16,1.,0.));
#4762=DIRECTION('',(3.33600668457079E-16,-1.,0.));
#4763=DIRECTION('',(0.,0.,-1.));
#4764=DIRECTION('',(1.4065325480893E-16,-1.,0.));
#4765=DIRECTION('',(1.,1.4065325480893E-16,0.));
#4766=DIRECTION('',(-1.,-1.4065325480893E-16,0.));
#4767=DIRECTION('',(0.,0.,-1.));
#4768=DIRECTION('',(1.,3.33600668457078E-16,0.));
#4769=DIRECTION('',(-3.33600668457078E-16,1.,0.));
#4770=DIRECTION('',(3.33600668457078E-16,-1.,0.));
#4771=DIRECTION('',(1.,3.30423519233678E-16,0.));
#4772=DIRECTION('',(-3.30423519233678E-16,1.,0.));
#4773=DIRECTION('',(3.30423519233678E-16,-1.,0.));
#4774=DIRECTION('',(1.,3.30423519233678E-16,0.));
#4775=DIRECTION('',(-3.30423519233678E-16,1.,0.));
#4776=DIRECTION('',(3.30423519233678E-16,-1.,0.));
#4777=DIRECTION('',(0.,0.,-1.));
#4778=DIRECTION('',(-1.,0.,0.));
#4779=DIRECTION('',(-1.,0.,0.));
#4780=DIRECTION('',(3.30423519233678E-16,-1.,0.));
#4781=DIRECTION('',(-1.,0.,0.));
#4782=DIRECTION('',(3.30423519233678E-16,-1.,0.));
#4783=DIRECTION('',(0.,0.,-1.));
#4784=DIRECTION('',(-1.,0.,0.));
#4785=DIRECTION('',(3.33600668457078E-16,-1.,0.));
#4786=DIRECTION('',(-1.,-1.4065325480893E-16,0.));
#4787=DIRECTION('',(3.33600668457079E-16,-1.,0.));
#4788=DIRECTION('',(-1.,0.,0.));
#4789=DIRECTION('',(0.,-1.,0.));
#4790=DIRECTION('',(0.,0.,-1.));
#4791=DIRECTION('',(-1.,0.,8.67361737988404E-17));
#4792=DIRECTION('',(0.,-1.,0.));
#4793=DIRECTION('',(0.,0.,-1.));
#4794=DIRECTION('',(0.,0.,1.));
#4795=DIRECTION('',(0.,0.,-1.));
#4796=DIRECTION('',(0.,-1.,0.));
#4797=DIRECTION('',(0.,0.,-1.));
#4798=DIRECTION('',(1.,0.,0.));
#4799=DIRECTION('',(0.,0.,-1.));
#4800=DIRECTION('',(0.,1.,0.));
#4801=DIRECTION('',(-8.67361737988404E-17,0.,-1.));
#4802=DIRECTION('',(-1.,0.,8.67361737988404E-17));
#4803=DIRECTION('',(-1.,0.,8.67361737988404E-17));
#4804=DIRECTION('',(0.,1.,0.));
#4805=DIRECTION('',(0.,1.,0.));
#4806=DIRECTION('',(-1.,0.,0.));
#4807=DIRECTION('',(0.,0.,1.));
#4808=DIRECTION('',(0.,1.,0.));
#4809=DIRECTION('',(0.,1.,0.));
#4810=DIRECTION('',(0.,0.,1.));
#4811=DIRECTION('',(0.,-1.,0.));
#4812=DIRECTION('',(0.,0.,-1.));
#4813=DIRECTION('',(0.,-1.,0.));
#4814=DIRECTION('',(0.,0.,-1.));
#4815=DIRECTION('',(0.,1.,0.));
#4816=DIRECTION('',(0.,0.,1.));
#4817=DIRECTION('',(0.,-1.,0.));
#4818=DIRECTION('',(0.,0.,-1.));
#4819=DIRECTION('',(0.,1.,0.));
#4820=DIRECTION('',(0.,0.,1.));
#4821=DIRECTION('',(0.,-1.,0.));
#4822=DIRECTION('',(0.,0.,-1.));
#4823=DIRECTION('',(0.,1.,0.));
#4824=DIRECTION('',(0.,0.,1.));
#4825=DIRECTION('',(-3.30423519233678E-16,1.,0.));
#4826=DIRECTION('',(-1.,-3.30423519233678E-16,0.));
#4827=DIRECTION('',(0.707106781186547,0.707106781186548,0.));
#4828=DIRECTION('',(0.707106781186548,-0.707106781186548,0.));
#4829=DIRECTION('',(3.30423519233678E-16,-1.,0.));
#4830=DIRECTION('',(1.,3.30423519233678E-16,0.));
#4831=DIRECTION('',(0.707106781186548,-0.707106781186548,0.));
#4832=DIRECTION('',(0.707106781186547,0.707106781186548,0.));
#4833=DIRECTION('',(1.,0.,0.));
#4834=DIRECTION('',(0.,0.,-1.));
#4835=DIRECTION('',(-1.,0.,0.));
#4836=DIRECTION('',(0.,0.,1.));
#4837=DIRECTION('',(-0.707106781186547,-0.707106781186548,0.));
#4838=DIRECTION('',(0.707106781186548,-0.707106781186547,0.));
#4839=DIRECTION('',(-0.707106781186548,0.707106781186547,0.));
#4840=DIRECTION('',(0.707106781186547,0.707106781186548,0.));
#4841=DIRECTION('',(-3.33600668457079E-16,1.,0.));
#4842=DIRECTION('',(-1.,-3.33600668457079E-16,0.));
#4843=DIRECTION('',(0.707106781186547,0.707106781186548,0.));
#4844=DIRECTION('',(0.707106781186548,-0.707106781186547,0.));
#4845=DIRECTION('',(3.33600668457078E-16,-1.,0.));
#4846=DIRECTION('',(1.,3.33600668457078E-16,0.));
#4847=DIRECTION('',(0.707106781186548,-0.707106781186547,0.));
#4848=DIRECTION('',(0.707106781186547,0.707106781186548,0.));
#4849=DIRECTION('',(1.,1.4065325480893E-16,0.));
#4850=DIRECTION('',(-1.4065325480893E-16,1.,0.));
#4851=DIRECTION('',(0.,1.,0.));
#4852=DIRECTION('',(0.,0.,1.));
#4853=DIRECTION('',(0.,-1.,0.));
#4854=DIRECTION('',(0.,0.,-1.));
#4855=DIRECTION('',(1.,0.,0.));
#4856=DIRECTION('',(0.,0.,-1.));
#4857=DIRECTION('',(0.707106781186548,0.707106781186548,0.));
#4858=DIRECTION('',(0.707106781186548,-0.707106781186548,0.));
#4859=DIRECTION('',(0.707106781186548,-0.707106781186548,0.));
#4860=DIRECTION('',(0.707106781186548,0.707106781186548,0.));
#4861=DIRECTION('',(1.15648231731787E-16,-1.,0.));
#4862=DIRECTION('',(1.,1.15648231731787E-16,0.));
#4863=DIRECTION('',(-0.707106781186548,-0.707106781186548,0.));
#4864=DIRECTION('',(-0.707106781186548,0.707106781186548,0.));
#4865=DIRECTION('',(0.,1.,0.));
#4866=DIRECTION('',(0.,0.,1.));
#4867=DIRECTION('',(-0.707106781186548,0.707106781186548,0.));
#4868=DIRECTION('',(-0.707106781186548,-0.707106781186548,0.));
#4869=DIRECTION('',(-1.,0.,0.));
#4870=DIRECTION('',(0.,0.,1.));
#4871=DIRECTION('',(0.,-1.,0.));
#4872=DIRECTION('',(0.,0.,-1.));
#4873=DIRECTION('',(0.,1.,0.));
#4874=DIRECTION('',(0.,0.,1.));
#4875=DIRECTION('',(0.,-1.,0.));
#4876=DIRECTION('',(0.,0.,-1.));
#4877=DIRECTION('',(0.,-1.,0.));
#4878=DIRECTION('',(0.,0.,-1.));
#4879=DIRECTION('',(0.,-1.,0.));
#4880=DIRECTION('',(0.,0.,-1.));
#4881=DIRECTION('',(1.,0.,0.));
#4882=DIRECTION('',(0.,0.,-1.));
#4883=DIRECTION('',(0.,-1.,0.));
#4884=DIRECTION('',(0.,0.,-1.));
#4885=DIRECTION('',(0.,-1.,0.));
#4886=DIRECTION('',(0.,0.,-1.));
#4887=DIRECTION('',(-1.,0.,8.67361737988404E-17));
#4888=DIRECTION('',(8.67361737988404E-17,0.,1.));
#4889=DIRECTION('',(1.,0.,0.));
#4890=DIRECTION('',(0.,0.,-1.));
#4891=DIRECTION('',(0.,-1.,0.));
#4892=DIRECTION('',(0.,0.,-1.));
#4893=DIRECTION('',(0.,1.,0.));
#4894=DIRECTION('',(0.,0.,1.));
#4895=DIRECTION('',(0.,-1.,0.));
#4896=DIRECTION('',(0.,0.,-1.));
#4897=DIRECTION('',(-2.06522328766534E-16,0.,-1.));
#4898=DIRECTION('',(1.,0.,-2.06522328766534E-16));
#4899=DIRECTION('',(-1.,0.,2.06522328766534E-16));
#4900=DIRECTION('',(0.,1.,0.));
#4901=DIRECTION('',(-1.,-1.15648231731787E-16,2.06522328766534E-16));
#4902=DIRECTION('',(-3.46944695195362E-16,1.,7.16518264049416E-32));
#4903=DIRECTION('',(1.,3.46944695195362E-16,-2.06522328766534E-16));
#4904=DIRECTION('',(-3.46944695195362E-16,1.,0.));
#4905=DIRECTION('',(2.06522328766534E-16,0.,1.));
#4906=DIRECTION('',(-3.46944695195362E-16,1.,7.16518264049416E-32));
#4907=DIRECTION('',(2.06522328766534E-16,0.,1.));
#4908=DIRECTION('',(-1.15648231731787E-16,1.,2.38839421349806E-32));
#4909=DIRECTION('',(-1.,-1.15648231731787E-16,0.));
#4910=DIRECTION('',(-1.,-1.15648231731787E-16,2.06522328766534E-16));
#4911=DIRECTION('',(-6.93889390390723E-16,-5.63631388811543E-32,-1.));
#4912=DIRECTION('',(-0.707106781186548,-8.17756488897801E-17,-0.707106781186547));
#4913=DIRECTION('',(-1.15648231731787E-16,1.,2.38839421349806E-32));
#4914=DIRECTION('',(-1.,-1.15648231731787E-16,0.));
#4915=DIRECTION('',(-1.,-1.15648231731787E-16,2.06522328766534E-16));
#4916=DIRECTION('',(2.06522328766534E-16,0.,1.));
#4917=DIRECTION('',(-1.,-1.15648231731787E-16,2.06522328766534E-16));
#4918=DIRECTION('',(2.76213567469482E-48,-2.38839421349806E-32,1.));
#4919=DIRECTION('',(-1.15648231731787E-16,1.,2.38839421349806E-32));
#4920=DIRECTION('',(-1.,-1.15648231731787E-16,0.));
#4921=DIRECTION('',(0.707106781186543,8.17756488897794E-17,-0.707106781186553));
#4922=DIRECTION('',(2.06522328766534E-16,0.,1.));
#4923=DIRECTION('',(2.06522328766534E-16,0.,1.));
#4924=DIRECTION('',(0.707106781186553,8.17756488897805E-17,0.707106781186543));
#4925=DIRECTION('',(-1.15648231731787E-16,1.,2.38839421349806E-32));
#4926=DIRECTION('',(-1.,-1.15648231731787E-16,0.));
#4927=DIRECTION('',(2.76213567469482E-48,-2.38839421349806E-32,1.));
#4928=DIRECTION('',(-1.,-1.15648231731787E-16,2.06522328766534E-16));
#4929=DIRECTION('',(-1.15648231731787E-16,1.,2.38839421349806E-32));
#4930=DIRECTION('',(-1.,-1.15648231731787E-16,0.));
#4931=DIRECTION('',(0.707106781186547,8.17756488897799E-17,-0.707106781186548));
#4932=DIRECTION('',(6.93889390390723E-16,5.63631388811543E-32,1.));
#4933=DIRECTION('',(1.,3.46944695195362E-16,-2.06522328766534E-16));
#4934=DIRECTION('',(-3.46944695195362E-16,1.,0.));
#4935=DIRECTION('',(-3.46944695195362E-16,1.,7.16518264049416E-32));
#4936=DIRECTION('',(2.06522328766534E-16,0.,1.));
#4937=DIRECTION('',(-3.46944695195362E-16,1.,7.16518264049416E-32));
#4938=DIRECTION('',(0.,1.,0.));
#4939=DIRECTION('',(0.,0.,1.));
#4940=DIRECTION('',(6.93889390390723E-16,0.,1.));
#4941=DIRECTION('',(-1.,0.,2.06522328766534E-16));
#4942=DIRECTION('',(-6.93889390390723E-16,0.,-1.));
#4943=DIRECTION('',(-0.707106781186547,0.,0.707106781186548));
#4944=DIRECTION('',(0.,1.,0.));
#4945=DIRECTION('',(0.,0.,1.));
#4946=DIRECTION('',(-1.,0.,2.06522328766534E-16));
#4947=DIRECTION('',(2.76213567469482E-48,-2.38839421349806E-32,1.));
#4948=DIRECTION('',(0.,1.,0.));
#4949=DIRECTION('',(0.,0.,1.));
#4950=DIRECTION('',(-0.707106781186553,0.,-0.707106781186543));
#4951=DIRECTION('',(2.06522328766534E-16,0.,1.));
#4952=DIRECTION('',(2.06522328766534E-16,0.,1.));
#4953=DIRECTION('',(-0.707106781186543,0.,0.707106781186553));
#4954=DIRECTION('',(0.,1.,0.));
#4955=DIRECTION('',(0.,0.,1.));
#4956=DIRECTION('',(2.76213567469482E-48,-2.38839421349806E-32,1.));
#4957=DIRECTION('',(-1.,0.,2.06522328766534E-16));
#4958=DIRECTION('',(-1.,0.,2.06522328766534E-16));
#4959=DIRECTION('',(0.,1.,0.));
#4960=DIRECTION('',(0.,0.,1.));
#4961=DIRECTION('',(0.707106781186548,0.,0.707106781186547));
#4962=DIRECTION('',(-2.06522328766534E-16,0.,-1.));
#4963=DIRECTION('',(1.,0.,-2.06522328766534E-16));
#4964=DIRECTION('',(0.,1.,0.));
#4965=DIRECTION('',(1.,0.,-2.06522328766534E-16));
#4966=DIRECTION('',(-2.06522328766534E-16,0.,-1.));
#4967=DIRECTION('',(4.93256734984134E-48,1.,2.38839421349806E-32));
#4968=DIRECTION('',(-2.06522328766534E-16,0.,-1.));
#4969=DIRECTION('',(1.,0.,-2.06522328766534E-16));
#4970=DIRECTION('',(1.15648231731787E-16,-1.,-2.38839421349806E-32));
#4971=DIRECTION('',(1.,0.,-2.06522328766534E-16));
#4972=DIRECTION('',(-2.06522328766534E-16,0.,-1.));
#4973=DIRECTION('',(-4.93256734984134E-48,-1.,-2.38839421349806E-32));
#4974=DIRECTION('',(-2.06522328766534E-16,0.,-1.));
#4975=DIRECTION('',(1.,0.,-2.06522328766534E-16));
#4976=DIRECTION('',(1.15648231731787E-16,-1.,-2.38839421349806E-32));
#4977=DIRECTION('',(1.,1.15648231731787E-16,0.));
#4978=DIRECTION('',(-1.15648231731787E-16,1.,0.));
#4979=DIRECTION('',(1.15648231731787E-16,-1.,-2.38839421349806E-32));
#4980=DIRECTION('',(1.,1.15648231731787E-16,0.));
#4981=DIRECTION('',(-1.15648231731787E-16,1.,0.));
#4982=DIRECTION('',(1.15648231731787E-16,-1.,-2.38839421349806E-32));
#4983=DIRECTION('',(0.707106781186552,-1.68884974451118E-32,0.707106781186543));
#4984=DIRECTION('',(4.93256734984134E-48,1.,2.38839421349806E-32));
#4985=DIRECTION('',(-4.93256734984134E-48,-1.,-2.38839421349806E-32));
#4986=DIRECTION('',(-0.707106781186543,-1.6888497445112E-32,0.707106781186552));
#4987=DIRECTION('',(4.93256734984134E-48,1.,2.38839421349806E-32));
#4988=DIRECTION('',(4.93256734984134E-48,1.,2.38839421349806E-32));
#4989=DIRECTION('',(1.15648231731787E-16,-1.,-2.38839421349806E-32));
#4990=DIRECTION('',(1.,1.15648231731787E-16,0.));
#4991=DIRECTION('',(1.15648231731787E-16,-1.,-2.38839421349806E-32));
#4992=DIRECTION('',(1.,1.15648231731787E-16,0.));
#4993=DIRECTION('',(0.707106781186547,0.,-0.707106781186548));
#4994=DIRECTION('',(0.,-1.,0.));
#4995=DIRECTION('',(0.,1.,0.));
#4996=DIRECTION('',(0.707106781186547,0.,-0.707106781186548));
#4997=DIRECTION('',(-0.707106781186548,-7.97095154236468E-32,-0.707106781186547));
#4998=DIRECTION('',(0.,-1.,0.));
#4999=DIRECTION('',(0.707106781186547,0.,-0.707106781186548));
#5000=DIRECTION('',(-0.707106781186548,0.,-0.707106781186547));
#5001=DIRECTION('',(0.707106781186548,0.,0.707106781186547));
#5002=DIRECTION('',(0.,1.,0.));
#5003=DIRECTION('',(0.,-1.,0.));
#5004=DIRECTION('',(0.707106781186548,0.,0.707106781186547));
#5005=DIRECTION('',(0.707106781186547,0.,-0.707106781186548));
#5006=DIRECTION('',(0.,1.,0.));
#5007=DIRECTION('',(0.707106781186548,0.,0.707106781186547));
#5008=DIRECTION('',(0.707106781186547,-7.97095154236467E-32,-0.707106781186548));
#5009=DIRECTION('',(-6.93889390390723E-16,0.,-1.));
#5010=DIRECTION('',(-1.,0.,6.93889390390723E-16));
#5011=DIRECTION('',(-0.707106781186548,0.,-0.707106781186547));
#5012=DIRECTION('',(0.707106781186547,0.,-0.707106781186548));
#5013=DIRECTION('',(-4.9065389333868E-16,0.707106781186548,-0.707106781186548));
#5014=DIRECTION('',(4.9065389333868E-16,0.707106781186548,0.707106781186548));
#5015=DIRECTION('',(0.,1.,0.));
#5016=DIRECTION('',(0.,0.,1.));
#5017=DIRECTION('',(4.9065389333868E-16,0.707106781186548,0.707106781186548));
#5018=DIRECTION('',(-4.9065389333868E-16,0.707106781186548,-0.707106781186548));
#5019=DIRECTION('',(-6.93889390390723E-16,-5.63631388811543E-32,-1.));
#5020=DIRECTION('',(-1.,0.,6.93889390390723E-16));
#5021=DIRECTION('',(-0.707106781186548,-8.177564888978E-17,-0.707106781186547));
#5022=DIRECTION('',(0.707106781186547,8.177564888978E-17,-0.707106781186548));
#5023=DIRECTION('',(-6.93889390390723E-16,0.,-1.));
#5024=DIRECTION('',(-1.,0.,6.93889390390723E-16));
#5025=DIRECTION('',(4.9065389333868E-16,-0.707106781186548,0.707106781186548));
#5026=DIRECTION('',(-4.9065389333868E-16,-0.707106781186548,-0.707106781186548));
#5027=DIRECTION('',(0.707106781186547,0.,-0.707106781186548));
#5028=DIRECTION('',(-0.707106781186548,0.,-0.707106781186547));
#5029=DIRECTION('',(0.,-1.,0.));
#5030=DIRECTION('',(0.,0.,-1.));
#5031=DIRECTION('',(-4.9065389333868E-16,-0.707106781186548,-0.707106781186548));
#5032=DIRECTION('',(4.9065389333868E-16,-0.707106781186548,0.707106781186548));
#5033=DIRECTION('',(-6.93889390390723E-16,-5.63631388811543E-32,-1.));
#5034=DIRECTION('',(-1.,0.,6.93889390390723E-16));
#5035=DIRECTION('',(0.707106781186547,8.177564888978E-17,-0.707106781186548));
#5036=DIRECTION('',(-0.707106781186548,-8.177564888978E-17,-0.707106781186547));
#5037=DIRECTION('',(0.,-1.,0.));
#5038=DIRECTION('',(0.,0.,-1.));
#5039=DIRECTION('',(0.,-1.,0.));
#5040=DIRECTION('',(0.,0.,-1.));
#5041=DIRECTION('',(1.,0.,-2.06522328766534E-16));
#5042=DIRECTION('',(-2.06522328766534E-16,0.,-1.));
#5043=DIRECTION('',(-1.,-1.15648231731787E-16,2.06522328766534E-16));
#5044=DIRECTION('',(2.06522328766534E-16,0.,1.));
#5045=DIRECTION('',(0.,0.,1.));
#5046=DIRECTION('',(1.,0.,0.));
#5047=DIRECTION('',(-1.33440267382831E-16,0.,1.));
#5048=DIRECTION('',(1.,0.,1.33440267382831E-16));
#5049=DIRECTION('',(1.,0.,1.33440267382831E-16));
#5050=DIRECTION('',(0.,-1.,0.));
#5051=DIRECTION('',(-1.,0.,-1.33440267382831E-16));
#5052=DIRECTION('',(0.,-1.,0.));
#5053=DIRECTION('',(1.,0.,1.33440267382831E-16));
#5054=DIRECTION('',(0.,1.,0.));
#5055=DIRECTION('',(-1.,0.,0.));
#5056=DIRECTION('',(0.,0.,1.));
#5057=DIRECTION('',(-1.,0.,0.));
#5058=DIRECTION('',(0.,0.,1.));
#5059=DIRECTION('',(0.,0.,1.));
#5060=DIRECTION('',(0.,-1.,0.));
#5061=DIRECTION('',(0.,0.,-1.));
#5062=DIRECTION('',(0.,-1.,0.));
#5063=DIRECTION('',(0.,0.,1.));
#5064=DIRECTION('',(0.,-1.,0.));
#5065=DIRECTION('',(-1.,0.,0.));
#5066=DIRECTION('',(0.,0.,1.));
#5067=DIRECTION('',(0.,-1.,0.));
#5068=DIRECTION('',(0.,0.,1.));
#5069=DIRECTION('',(-1.,0.,0.));
#5070=DIRECTION('',(0.,0.,1.));
#5071=DIRECTION('',(0.,-1.,0.));
#5072=DIRECTION('',(0.,0.,1.));
#5073=DIRECTION('',(0.,-1.,0.));
#5074=DIRECTION('',(0.,0.,-1.));
#5075=DIRECTION('',(-1.33440267382831E-16,0.,-1.));
#5076=DIRECTION('',(-1.,0.,1.33440267382831E-16));
#5077=DIRECTION('',(1.,0.,-1.33440267382831E-16));
#5078=DIRECTION('',(0.,-1.,0.));
#5079=DIRECTION('',(-1.,0.,1.33440267382831E-16));
#5080=DIRECTION('',(0.,-1.,0.));
#5081=DIRECTION('',(-1.,0.,1.33440267382831E-16));
#5082=DIRECTION('',(0.,-1.,0.));
#5083=DIRECTION('',(-1.,0.,0.));
#5084=DIRECTION('',(0.,0.,1.));
#5085=DIRECTION('',(0.,0.,1.));
#5086=DIRECTION('',(0.,-1.,0.));
#5087=DIRECTION('',(0.,0.,-1.));
#5088=DIRECTION('',(0.,-1.,0.));
#5089=DIRECTION('',(1.69241314729444E-16,0.,1.));
#5090=DIRECTION('',(1.,0.,-1.69241314729444E-16));
#5091=DIRECTION('',(-1.,0.,1.69241314729444E-16));
#5092=DIRECTION('',(0.,-1.,0.));
#5093=DIRECTION('',(1.,0.,-1.69241314729444E-16));
#5094=DIRECTION('',(0.,-1.,0.));
#5095=DIRECTION('',(-1.,0.,0.));
#5096=DIRECTION('',(0.,0.,1.));
#5097=DIRECTION('',(0.,0.,-1.));
#5098=DIRECTION('',(0.,-1.,0.));
#5099=DIRECTION('',(0.,0.,1.));
#5100=DIRECTION('',(0.,-1.,0.));
#5101=DIRECTION('',(1.57702134179709E-16,0.,-1.));
#5102=DIRECTION('',(-1.,0.,-1.57702134179709E-16));
#5103=DIRECTION('',(-1.,0.,-1.57702134179709E-16));
#5104=DIRECTION('',(1.,0.,1.57702134179709E-16));
#5105=DIRECTION('',(0.,0.,-1.));
#5106=DIRECTION('',(-1.,0.,0.));
#5107=DIRECTION('',(0.,-1.,0.));
#5108=DIRECTION('',(-1.,0.,0.));
#5109=DIRECTION('',(0.,-1.,0.));
#5110=DIRECTION('',(1.,0.,0.));
#5111=DIRECTION('',(0.,0.,1.));
#5112=DIRECTION('',(1.,0.,0.));
#5113=DIRECTION('',(0.,-1.,0.));
#5114=DIRECTION('',(-1.,0.,0.));
#5115=DIRECTION('',(0.,-1.,0.));
#5116=DIRECTION('',(-1.,0.,0.));
#5117=DIRECTION('',(1.,0.,0.));
#5118=DIRECTION('',(0.,0.,-1.));
#5119=DIRECTION('',(0.,0.,-1.));
#5120=DIRECTION('',(0.,-1.,0.));
#5121=DIRECTION('',(0.,0.,1.));
#5122=DIRECTION('',(-1.,0.,0.));
#5123=DIRECTION('',(0.,0.,1.));
#5124=DIRECTION('',(0.,0.,-1.));
#5125=DIRECTION('',(0.,-1.,0.));
#5126=DIRECTION('',(0.,0.,1.));
#5127=DIRECTION('',(2.16840434497101E-16,0.,-1.));
#5128=DIRECTION('',(-1.,0.,-2.16840434497101E-16));
#5129=DIRECTION('',(-1.,0.,-2.16840434497101E-16));
#5130=DIRECTION('',(0.,-1.,0.));
#5131=DIRECTION('',(1.,0.,2.16840434497101E-16));
#5132=DIRECTION('',(2.16840434497101E-16,0.,-1.));
#5133=DIRECTION('',(-1.,0.,-2.16840434497101E-16));
#5134=DIRECTION('',(0.,0.,1.));
#5135=DIRECTION('',(1.,0.,0.));
#5136=DIRECTION('',(-1.,0.,0.));
#5137=DIRECTION('',(0.,-1.,0.));
#5138=DIRECTION('',(1.,0.,0.));
#5139=DIRECTION('',(0.,0.,1.));
#5140=DIRECTION('',(1.,0.,0.));
#5141=DIRECTION('',(-1.,0.,0.));
#5142=DIRECTION('',(0.,0.,1.));
#5143=DIRECTION('',(0.,0.,1.));
#5144=DIRECTION('',(0.,-1.,0.));
#5145=DIRECTION('',(0.,0.,-1.));
#5146=DIRECTION('',(1.,0.,0.));
#5147=DIRECTION('',(0.,0.,-1.));
#5148=DIRECTION('',(0.,-1.,0.));
#5149=DIRECTION('',(0.,0.,-1.));
#5150=DIRECTION('',(0.,0.,1.));
#5151=DIRECTION('',(0.,-1.,0.));
#5152=DIRECTION('',(1.,0.,0.));
#5153=DIRECTION('',(0.,-1.,0.));
#5154=DIRECTION('',(0.,0.,-1.));
#5155=DIRECTION('',(0.,-1.,0.));
#5156=DIRECTION('',(0.,0.,-1.));
#5157=DIRECTION('',(0.,-1.,0.));
#5158=DIRECTION('',(0.,0.,-1.));
#5159=DIRECTION('',(0.,-1.,0.));
#5160=DIRECTION('',(0.,0.,-1.));
#5161=DIRECTION('',(0.,-1.,0.));
#5162=DIRECTION('',(0.,0.,-1.));
#5163=DIRECTION('',(0.,-1.,0.));
#5164=DIRECTION('',(0.,0.,-1.));
#5165=DIRECTION('',(0.,-1.,0.));
#5166=DIRECTION('',(0.,0.,-1.));
#5167=DIRECTION('',(0.,-1.,0.));
#5168=DIRECTION('',(0.,0.,-1.));
#5169=DIRECTION('',(1.,0.,0.));
#5170=DIRECTION('',(0.,0.,-1.));
#5171=DIRECTION('',(0.,0.,-1.));
#5172=DIRECTION('',(0.,-1.,0.));
#5173=DIRECTION('',(0.,0.,-1.));
#5174=DIRECTION('',(1.,0.,0.));
#5175=DIRECTION('',(0.,0.,-1.));
#5176=DIRECTION('',(0.,-1.,0.));
#5177=DIRECTION('',(0.,0.,-1.));
#5178=DIRECTION('',(-1.,0.,0.));
#5179=DIRECTION('',(0.,0.,1.));
#5180=DIRECTION('',(0.,-1.,0.));
#5181=DIRECTION('',(0.,0.,-1.));
#5182=DIRECTION('',(0.,-1.,0.));
#5183=DIRECTION('',(0.,0.,-1.));
#5184=DIRECTION('',(-1.,0.,1.33440267382831E-16));
#5185=DIRECTION('',(0.,0.,-1.));
#5186=DIRECTION('',(1.,0.,0.));
#5187=DIRECTION('',(1.,-6.93889390390723E-16,0.));
#5188=DIRECTION('',(0.,-1.,0.));
#5189=DIRECTION('',(-1.,0.,0.));
#5190=DIRECTION('',(0.,-1.,0.));
#5191=DIRECTION('',(1.,0.,0.));
#5192=DIRECTION('',(0.,0.,-1.));
#5193=DIRECTION('',(0.,0.,-1.));
#5194=DIRECTION('',(0.,-1.,0.));
#5195=DIRECTION('',(0.,0.,-1.));
#5196=DIRECTION('',(1.,0.,0.));
#5197=DIRECTION('',(0.,0.,-1.));
#5198=DIRECTION('',(0.,0.,-1.));
#5199=DIRECTION('',(1.,0.,0.));
#5200=DIRECTION('',(1.,-6.93889390390723E-16,0.));
#5201=DIRECTION('',(0.,-1.,0.));
#5202=DIRECTION('',(-1.,0.,0.));
#5203=DIRECTION('',(0.,-1.,0.));
#5204=DIRECTION('',(0.,-1.,0.));
#5205=DIRECTION('',(0.,0.,-1.));
#5206=DIRECTION('',(0.,0.,1.));
#5207=DIRECTION('',(-1.,0.,0.));
#5208=DIRECTION('',(1.,0.,1.33440267382831E-16));
#5209=DIRECTION('',(0.,-1.,0.));
#5210=DIRECTION('',(0.,0.,-1.));
#5211=DIRECTION('',(0.,-1.,0.));
#5212=DIRECTION('',(0.,0.,-1.));
#5213=DIRECTION('',(0.,-1.,0.));
#5214=DIRECTION('',(1.,0.,0.));
#5215=DIRECTION('',(0.,-1.,0.));
#5216=DIRECTION('',(0.,0.,-1.));
#5217=DIRECTION('',(0.,-1.,0.));
#5218=DIRECTION('',(0.,0.,-1.));
#5219=DIRECTION('',(0.,-1.,0.));
#5220=DIRECTION('',(0.,0.,-1.));
#5221=DIRECTION('',(0.,-1.,0.));
#5222=DIRECTION('',(0.,0.,-1.));
#5223=DIRECTION('',(0.,-1.,0.));
#5224=DIRECTION('',(0.,0.,-1.));
#5225=DIRECTION('',(0.,-1.,0.));
#5226=DIRECTION('',(0.,0.,-1.));
#5227=DIRECTION('',(0.,-1.,0.));
#5228=DIRECTION('',(0.,0.,-1.));
#5229=DIRECTION('',(0.,-1.,0.));
#5230=DIRECTION('',(0.,0.,-1.));
#5231=DIRECTION('',(0.,1.,0.));
#5232=DIRECTION('',(0.,0.,1.));
#5233=DIRECTION('',(0.,1.,0.));
#5234=DIRECTION('',(0.,0.,1.));
#5235=DIRECTION('',(0.,0.,-1.));
#5236=DIRECTION('',(-1.,0.,0.));
#5237=DIRECTION('',(0.,0.,1.));
#5238=DIRECTION('',(1.,0.,0.));
#5239=DIRECTION('',(-1.,0.,0.));
#5240=DIRECTION('',(0.,0.,1.));
#5241=DIRECTION('',(-1.,0.,0.));
#5242=DIRECTION('',(0.,0.,1.));
#5243=DIRECTION('',(0.,1.,0.));
#5244=DIRECTION('',(0.,0.,1.));
#5245=DIRECTION('',(0.707106781186548,0.707106781186548,0.));
#5246=DIRECTION('',(0.707106781186548,-0.707106781186548,0.));
#5247=DIRECTION('',(1.,0.,0.));
#5248=DIRECTION('',(0.,0.,-1.));
#5249=DIRECTION('',(0.,1.,0.));
#5250=DIRECTION('',(0.,0.,1.));
#5251=DIRECTION('',(0.,-1.,0.));
#5252=DIRECTION('',(0.,0.,-1.));
#5253=DIRECTION('',(0.,-1.,0.));
#5254=DIRECTION('',(0.,0.,-1.));
#5255=DIRECTION('',(-1.,0.,0.));
#5256=DIRECTION('',(0.,0.,1.));
#5257=DIRECTION('',(-1.,0.,-1.33440267382831E-16));
#5258=DIRECTION('',(-1.33440267382831E-16,0.,1.));
#5259=DIRECTION('',(0.,0.,1.));
#5260=DIRECTION('',(1.,0.,0.));
#5261=DIRECTION('',(0.,0.,1.));
#5262=DIRECTION('',(1.,0.,0.));
#5263=DIRECTION('',(0.,-1.,0.));
#5264=DIRECTION('',(0.,0.,-1.));
#5265=DIRECTION('',(0.,1.,0.));
#5266=DIRECTION('',(0.,0.,1.));
#5267=DIRECTION('',(0.,-1.,0.));
#5268=DIRECTION('',(0.,0.,-1.));
#5269=DIRECTION('',(0.707106781186548,-0.707106781186548,0.));
#5270=DIRECTION('',(0.707106781186548,0.707106781186548,0.));
#5271=DIRECTION('',(-1.,0.,0.));
#5272=DIRECTION('',(0.,0.,1.));
#5273=DIRECTION('',(-1.,0.,0.));
#5274=DIRECTION('',(0.,0.,1.));
#5275=DIRECTION('',(1.,0.,0.));
#5276=DIRECTION('',(0.,0.,-1.));
#5277=DIRECTION('',(0.,1.,0.));
#5278=DIRECTION('',(0.,0.,1.));
#5279=DIRECTION('',(0.,-1.,0.));
#5280=DIRECTION('',(0.,0.,-1.));
#5281=DIRECTION('',(0.,-1.,0.));
#5282=DIRECTION('',(0.,0.,-1.));
#5283=DIRECTION('',(1.,0.,0.));
#5284=DIRECTION('',(0.,0.,-1.));
#5285=DIRECTION('',(-1.,0.,1.33440267382831E-16));
#5286=DIRECTION('',(1.33440267382831E-16,0.,1.));
#5287=DIRECTION('',(0.,1.,0.));
#5288=DIRECTION('',(0.,0.,1.));
#5289=DIRECTION('',(0.,1.,0.));
#5290=DIRECTION('',(0.,0.,1.));
#5291=DIRECTION('',(0.,-1.,0.));
#5292=DIRECTION('',(0.,0.,-1.));
#5293=DIRECTION('',(0.,1.,0.));
#5294=DIRECTION('',(0.,0.,1.));
#5295=DIRECTION('',(0.,-1.,0.));
#5296=DIRECTION('',(0.,0.,-1.));
#5297=DIRECTION('',(0.,-1.,0.));
#5298=DIRECTION('',(0.,0.,-1.));
#5299=DIRECTION('',(0.,0.,1.));
#5300=DIRECTION('',(1.,0.,0.));
#5301=CARTESIAN_POINT('',(0.,0.,0.));
#5302=CARTESIAN_POINT('',(-3.36367113024771E-18,0.0145,-0.011));
#5303=CARTESIAN_POINT('',(5.28879108529516E-19,0.0145,0.012));
#5304=CARTESIAN_POINT('',(-0.0045,0.0145,0.012));
#5305=CARTESIAN_POINT('',(8.67361737988404E-19,0.0145,0.014));
#5306=CARTESIAN_POINT('',(0.0045,0.0145,0.014));
#5307=CARTESIAN_POINT('',(-3.46944695195361E-18,0.,0.007));
#5308=CARTESIAN_POINT('',(0.01725,0.,0.003));
#5309=CARTESIAN_POINT('',(0.015,0.,0.003));
#5310=CARTESIAN_POINT('',(0.0195,0.,0.003));
#5311=CARTESIAN_POINT('',(0.0195,0.,0.004));
#5312=CARTESIAN_POINT('',(0.0205,0.,0.004));
#5313=CARTESIAN_POINT('',(0.0205,0.,0.0085));
#5314=CARTESIAN_POINT('',(0.0205,0.,0.013));
#5315=CARTESIAN_POINT('',(0.0195,0.,0.013));
#5316=CARTESIAN_POINT('',(0.0195,0.,0.014));
#5317=CARTESIAN_POINT('',(-3.46944695195361E-18,0.,0.014));
#5318=CARTESIAN_POINT('',(-0.0195,0.,0.014));
#5319=CARTESIAN_POINT('',(-0.0195,0.,0.013));
#5320=CARTESIAN_POINT('',(-0.0205,0.,0.013));
#5321=CARTESIAN_POINT('',(-0.0205,0.,0.0085));
#5322=CARTESIAN_POINT('',(-0.0205,0.,0.004));
#5323=CARTESIAN_POINT('',(-0.0195,0.,0.004));
#5324=CARTESIAN_POINT('',(-0.0195,0.,0.003));
#5325=CARTESIAN_POINT('',(-0.01725,0.,0.003));
#5326=CARTESIAN_POINT('',(-0.015,0.,0.003));
#5327=CARTESIAN_POINT('',(-0.015,0.,0.002));
#5328=CARTESIAN_POINT('',(-0.014,0.,0.002));
#5329=CARTESIAN_POINT('',(-0.014,0.,0.0015));
#5330=CARTESIAN_POINT('',(-0.014,0.,-8.67361737988404E-19));
#5331=CARTESIAN_POINT('',(-0.0115,0.,-8.67361737988404E-19));
#5332=CARTESIAN_POINT('',(-0.009,0.,2.16840434497101E-19));
#5333=CARTESIAN_POINT('',(-0.009,0.,0.00075));
#5334=CARTESIAN_POINT('',(-0.009,0.,0.0005));
#5335=CARTESIAN_POINT('',(-0.01,0.,0.0005));
#5336=CARTESIAN_POINT('',(-0.01,0.,0.0015));
#5337=CARTESIAN_POINT('',(-0.01,0.,0.0015));
#5338=CARTESIAN_POINT('',(-0.011,0.,0.0015));
#5339=CARTESIAN_POINT('',(-0.011,0.,0.00675));
#5340=CARTESIAN_POINT('',(-0.011,0.,0.012));
#5341=CARTESIAN_POINT('',(0.,0.,0.012));
#5342=CARTESIAN_POINT('',(0.011,0.,0.012));
#5343=CARTESIAN_POINT('',(0.011,0.,0.00675));
#5344=CARTESIAN_POINT('',(0.011,0.,0.0015));
#5345=CARTESIAN_POINT('',(0.01,0.,0.0015));
#5346=CARTESIAN_POINT('',(0.01,0.,0.0015));
#5347=CARTESIAN_POINT('',(0.01,0.,0.0005));
#5348=CARTESIAN_POINT('',(0.009,0.,0.0005));
#5349=CARTESIAN_POINT('',(0.009,0.,0.00075));
#5350=CARTESIAN_POINT('',(0.009,0.,2.16840434497101E-19));
#5351=CARTESIAN_POINT('',(0.0115,0.,-8.67361737988404E-19));
#5352=CARTESIAN_POINT('',(0.014,0.,-8.67361737988404E-19));
#5353=CARTESIAN_POINT('',(0.014,0.,0.0015));
#5354=CARTESIAN_POINT('',(0.014,0.,0.002));
#5355=CARTESIAN_POINT('',(0.015,0.,0.002));
#5356=CARTESIAN_POINT('',(0.01,0.095,0.0015));
#5357=CARTESIAN_POINT('',(0.01,0.03,0.0015));
#5358=CARTESIAN_POINT('',(0.012,0.03,0.0015));
#5359=CARTESIAN_POINT('',(0.01,0.03,0.0015));
#5360=CARTESIAN_POINT('',(0.01,0.095,0.0015));
#5361=CARTESIAN_POINT('',(0.011,0.095,0.0015));
#5362=CARTESIAN_POINT('',(0.011,0.029,0.0015));
#5363=CARTESIAN_POINT('',(0.012,0.029,0.0015));
#5364=CARTESIAN_POINT('',(0.009,0.095,0.00075));
#5365=CARTESIAN_POINT('',(0.009,0.095,0.0005));
#5366=CARTESIAN_POINT('',(0.009,0.03,0.0005));
#5367=CARTESIAN_POINT('',(0.009,0.03,0.00075));
#5368=CARTESIAN_POINT('',(0.009,0.03,-8.67361737988404E-19));
#5369=CARTESIAN_POINT('',(0.009,0.095,2.16840434497101E-19));
#5370=CARTESIAN_POINT('',(0.0115,0.095,-8.67361737988404E-19));
#5371=CARTESIAN_POINT('',(-0.0165,0.03,-8.67361737988404E-19));
#5372=CARTESIAN_POINT('',(0.014,0.03,-8.67361737988404E-19));
#5373=CARTESIAN_POINT('',(0.014,0.095,-8.67361737988404E-19));
#5374=CARTESIAN_POINT('',(0.014,0.095,0.0015));
#5375=CARTESIAN_POINT('',(0.014,0.03,0.0015));
#5376=CARTESIAN_POINT('',(0.014,0.03,0.000267949192431124));
#5377=CARTESIAN_POINT('',(0.014,0.03,0.000267949192431124));
#5378=CARTESIAN_POINT('',(0.014,0.03,0.000614603298381227));
#5379=CARTESIAN_POINT('',(0.014,0.0297328454292329,0.00126783664217654));
#5380=CARTESIAN_POINT('',(0.014,0.0292412977277103,0.00175870106580832));
#5381=CARTESIAN_POINT('',(0.014,0.029,0.002));
#5382=CARTESIAN_POINT('',(0.014,0.029,0.002));
#5383=CARTESIAN_POINT('',(0.014,0.,0.002));
#5384=CARTESIAN_POINT('',(-0.014,0.095,0.0015));
#5385=CARTESIAN_POINT('',(-0.014,0.03,0.002));
#5386=CARTESIAN_POINT('',(-0.014,0.03,0.002));
#5387=CARTESIAN_POINT('',(-0.014,0.03,0.0015));
#5388=CARTESIAN_POINT('',(-0.014,0.03,-8.67361737988404E-19));
#5389=CARTESIAN_POINT('',(-0.014,0.095,-8.67361737988404E-19));
#5390=CARTESIAN_POINT('',(-0.0115,0.095,-8.67361737988404E-19));
#5391=CARTESIAN_POINT('',(-0.0165,0.03,-8.67361737988404E-19));
#5392=CARTESIAN_POINT('',(-0.009,0.03,-8.67361737988404E-19));
#5393=CARTESIAN_POINT('',(-0.009,0.095,2.16840434497101E-19));
#5394=CARTESIAN_POINT('',(-0.009,0.095,0.00075));
#5395=CARTESIAN_POINT('',(-0.009,0.03,0.00075));
#5396=CARTESIAN_POINT('',(-0.009,0.03,0.0005));
#5397=CARTESIAN_POINT('',(-0.009,0.095,0.0005));
#5398=CARTESIAN_POINT('',(-0.01,0.095,0.0015));
#5399=CARTESIAN_POINT('',(-0.01,0.095,0.0015));
#5400=CARTESIAN_POINT('',(-0.01,0.03,0.0015));
#5401=CARTESIAN_POINT('',(-0.01,0.03,0.0015));
#5402=CARTESIAN_POINT('',(-0.012,0.03,0.0015));
#5403=CARTESIAN_POINT('',(-0.012,0.029,0.0015));
#5404=CARTESIAN_POINT('',(-0.011,0.029,0.0015));
#5405=CARTESIAN_POINT('',(-0.011,0.095,0.0015));
#5406=CARTESIAN_POINT('',(0.,0.095,0.012));
#5407=CARTESIAN_POINT('',(0.,0.03,0.012));
#5408=CARTESIAN_POINT('',(0.012,0.03,0.012));
#5409=CARTESIAN_POINT('',(-0.012,0.03,0.012));
#5410=CARTESIAN_POINT('',(0.012,0.029,0.012));
#5411=CARTESIAN_POINT('',(0.011,0.029,0.012));
#5412=CARTESIAN_POINT('',(0.011,0.095,0.012));
#5413=CARTESIAN_POINT('',(-0.011,0.095,0.012));
#5414=CARTESIAN_POINT('',(-0.011,0.029,0.012));
#5415=CARTESIAN_POINT('',(-0.012,0.029,0.012));
#5416=CARTESIAN_POINT('',(-0.0205,0.095,0.0085));
#5417=CARTESIAN_POINT('',(-0.0205,0.029,0.0085));
#5418=CARTESIAN_POINT('',(-0.0205,0.029,0.013));
#5419=CARTESIAN_POINT('',(-0.0205,0.029,0.004));
#5420=CARTESIAN_POINT('',(-0.0205,0.,0.004));
#5421=CARTESIAN_POINT('',(-0.0205,0.095,0.013));
#5422=CARTESIAN_POINT('',(-3.46944695195361E-18,0.095,0.014));
#5423=CARTESIAN_POINT('',(0.0195,0.03,0.014));
#5424=CARTESIAN_POINT('',(0.0195,0.03,0.014));
#5425=CARTESIAN_POINT('',(-3.46944695195361E-18,0.03,0.014));
#5426=CARTESIAN_POINT('',(-0.0195,0.03,0.014));
#5427=CARTESIAN_POINT('',(-0.0195,0.095,0.014));
#5428=CARTESIAN_POINT('',(0.0205,0.095,0.0085));
#5429=CARTESIAN_POINT('',(0.0205,0.03,0.004));
#5430=CARTESIAN_POINT('',(0.0205,0.029,0.004));
#5431=CARTESIAN_POINT('',(0.0205,0.029,0.014));
#5432=CARTESIAN_POINT('',(0.0205,0.029,0.013));
#5433=CARTESIAN_POINT('',(0.0205,0.,0.013));
#5434=CARTESIAN_POINT('',(0.01725,0.095,0.003));
#5435=CARTESIAN_POINT('',(0.01725,0.029,0.003));
#5436=CARTESIAN_POINT('',(0.015,0.029,0.003));
#5437=CARTESIAN_POINT('',(0.0195,0.029,0.003));
#5438=CARTESIAN_POINT('',(0.0195,0.,0.003));
#5439=CARTESIAN_POINT('',(0.015,0.03,0.003));
#5440=CARTESIAN_POINT('',(0.011,0.095,0.00675));
#5441=CARTESIAN_POINT('',(0.011,0.029,0.00675));
#5442=CARTESIAN_POINT('',(-0.0165,0.03,0.008));
#5443=CARTESIAN_POINT('',(-0.01725,0.03,0.003));
#5444=CARTESIAN_POINT('',(-0.015,0.03,0.003));
#5445=CARTESIAN_POINT('',(-0.0195,0.03,0.003));
#5446=CARTESIAN_POINT('',(-0.0195,0.03,0.008));
#5447=CARTESIAN_POINT('',(0.0195,0.03,0.003));
#5448=CARTESIAN_POINT('',(0.0195,0.03,0.004));
#5449=CARTESIAN_POINT('',(-0.0165,0.03,0.004));
#5450=CARTESIAN_POINT('',(0.015,0.03,0.004));
#5451=CARTESIAN_POINT('',(0.015,0.03,0.002));
#5452=CARTESIAN_POINT('',(0.01,0.03,0.0005));
#5453=CARTESIAN_POINT('',(0.012,0.03,0.008));
#5454=CARTESIAN_POINT('',(-0.012,0.03,0.0015));
#5455=CARTESIAN_POINT('',(-0.01,0.03,0.0005));
#5456=CARTESIAN_POINT('',(-0.015,0.03,0.002));
#5457=CARTESIAN_POINT('',(-0.011,0.095,0.00675));
#5458=CARTESIAN_POINT('',(-0.011,0.029,0.012));
#5459=CARTESIAN_POINT('',(-0.01725,0.095,0.003));
#5460=CARTESIAN_POINT('',(-0.0195,0.03,0.003));
#5461=CARTESIAN_POINT('',(-0.015,0.,0.003));
#5462=CARTESIAN_POINT('',(-0.0195,0.095,0.004));
#5463=CARTESIAN_POINT('',(-0.0195,0.029,0.004));
#5464=CARTESIAN_POINT('',(-0.0195,0.095,0.013));
#5465=CARTESIAN_POINT('',(-0.0195,0.029,0.013));
#5466=CARTESIAN_POINT('',(-0.0195,0.029,0.008));
#5467=CARTESIAN_POINT('',(0.015,0.095,0.002));
#5468=CARTESIAN_POINT('',(0.015,0.029,0.002));
#5469=CARTESIAN_POINT('',(0.015,0.029,0.002));
#5470=CARTESIAN_POINT('',(0.015,0.029,0.004));
#5471=CARTESIAN_POINT('',(0.01725,0.029,0.004));
#5472=CARTESIAN_POINT('',(0.0195,0.029,0.004));
#5473=CARTESIAN_POINT('',(0.0195,0.095,0.004));
#5474=CARTESIAN_POINT('',(0.0195,0.029,0.004));
#5475=CARTESIAN_POINT('',(0.0195,0.029,0.004));
#5476=CARTESIAN_POINT('',(0.0195,0.029,0.004));
#5477=CARTESIAN_POINT('',(0.0195,0.095,0.013));
#5478=CARTESIAN_POINT('',(0.0195,0.029,0.013));
#5479=CARTESIAN_POINT('',(0.0195,0.029,0.0085));
#5480=CARTESIAN_POINT('',(-0.012,0.029,0.008));
#5481=CARTESIAN_POINT('',(0.012,0.029,0.00675));
#5482=CARTESIAN_POINT('',(-0.015,0.095,0.002));
#5483=CARTESIAN_POINT('',(0.01,0.095,0.0005));
#5484=CARTESIAN_POINT('',(-0.01,0.095,0.0005));
#5485=CARTESIAN_POINT('',(-0.00751641115628708,0.,0.0146730148931409));
#5486=CARTESIAN_POINT('',(-8.26089315066139E-19,0.0475,-0.004));
#5487=CARTESIAN_POINT('',(0.04,0.0475,-0.004));
#5488=CARTESIAN_POINT('',(0.04,0.0275,-0.004));
#5489=CARTESIAN_POINT('',(0.04,0.0675,-0.004));
#5490=CARTESIAN_POINT('',(9.5822515407947E-18,0.0275,-0.004));
#5491=CARTESIAN_POINT('',(-0.04,0.0275,-0.004));
#5492=CARTESIAN_POINT('',(-0.04,0.0475,-0.004));
#5493=CARTESIAN_POINT('',(-0.04,0.0675,-0.004));
#5494=CARTESIAN_POINT('',(-7.76498321897337E-18,0.0675,-0.004));
#5495=CARTESIAN_POINT('',(0.0095,0.03,-3.44670175013679E-18));
#5496=CARTESIAN_POINT('',(0.019,0.03,-5.20417042793042E-18));
#5497=CARTESIAN_POINT('',(0.019,0.095,-5.20417042793042E-18));
#5498=CARTESIAN_POINT('',(0.019,0.0695,-5.20417042793042E-18));
#5499=CARTESIAN_POINT('',(-0.021,0.0695,2.85222927724252E-18));
#5500=CARTESIAN_POINT('',(-0.019,0.0695,2.43918461970945E-18));
#5501=CARTESIAN_POINT('',(-0.019,0.03,2.43918461970945E-18));
#5502=CARTESIAN_POINT('',(-0.019,0.095,2.43918461970945E-18));
#5503=CARTESIAN_POINT('',(0.0095,0.095,-3.44670175013679E-18));
#5504=CARTESIAN_POINT('',(6.93889390390723E-18,0.035,0.01));
#5505=CARTESIAN_POINT('',(0.01,0.035,0.01));
#5506=CARTESIAN_POINT('',(0.01,0.035,0.01));
#5507=CARTESIAN_POINT('',(0.01,0.035,0.006));
#5508=CARTESIAN_POINT('',(6.93889390390723E-18,0.035,0.006));
#5509=CARTESIAN_POINT('',(0.0025,0.035,0.006));
#5510=CARTESIAN_POINT('',(0.0025,0.035,0.007));
#5511=CARTESIAN_POINT('',(0.0035,0.035,0.007));
#5512=CARTESIAN_POINT('',(0.0035,0.035,0.01));
#5513=CARTESIAN_POINT('',(0.0035,0.035,0.01));
#5514=CARTESIAN_POINT('',(6.93889390390723E-18,0.035,0.01));
#5515=CARTESIAN_POINT('',(5.20417042793042E-18,0.065,0.01));
#5516=CARTESIAN_POINT('',(-0.01,0.065,0.01));
#5517=CARTESIAN_POINT('',(-0.01,0.065,0.01));
#5518=CARTESIAN_POINT('',(-0.01,0.065,0.006));
#5519=CARTESIAN_POINT('',(0.01,0.065,0.006));
#5520=CARTESIAN_POINT('',(-0.0025,0.065,0.006));
#5521=CARTESIAN_POINT('',(-0.0025,0.065,0.007));
#5522=CARTESIAN_POINT('',(-0.0035,0.065,0.007));
#5523=CARTESIAN_POINT('',(-0.0035,0.065,0.01));
#5524=CARTESIAN_POINT('',(-0.0035,0.065,0.01));
#5525=CARTESIAN_POINT('',(5.20417042793042E-18,0.065,0.01));
#5526=CARTESIAN_POINT('',(-1.7347234759768E-18,0.028,0.01));
#5527=CARTESIAN_POINT('',(-0.00925,0.028,0.01));
#5528=CARTESIAN_POINT('',(-0.00925,0.028,0.01));
#5529=CARTESIAN_POINT('',(-0.00925,0.028,0.006));
#5530=CARTESIAN_POINT('',(-1.7347234759768E-18,0.028,0.006));
#5531=CARTESIAN_POINT('',(-0.0025,0.028,0.006));
#5532=CARTESIAN_POINT('',(-0.0025,0.028,0.007));
#5533=CARTESIAN_POINT('',(-0.0035,0.028,0.007));
#5534=CARTESIAN_POINT('',(-0.0035,0.028,0.0025));
#5535=CARTESIAN_POINT('',(-0.0035,0.028,0.01));
#5536=CARTESIAN_POINT('',(-1.7347234759768E-18,0.028,0.01));
#5537=CARTESIAN_POINT('',(1.04083408558608E-17,0.072,0.01));
#5538=CARTESIAN_POINT('',(0.00925,0.072,0.01));
#5539=CARTESIAN_POINT('',(0.00925,0.072,0.01));
#5540=CARTESIAN_POINT('',(0.00925,0.072,0.006));
#5541=CARTESIAN_POINT('',(-0.00925,0.072,0.006));
#5542=CARTESIAN_POINT('',(0.0025,0.072,0.006));
#5543=CARTESIAN_POINT('',(0.0025,0.072,0.007));
#5544=CARTESIAN_POINT('',(0.0035,0.072,0.007));
#5545=CARTESIAN_POINT('',(0.0035,0.072,0.01));
#5546=CARTESIAN_POINT('',(0.0035,0.072,0.01));
#5547=CARTESIAN_POINT('',(1.04083408558608E-17,0.072,0.01));
#5548=CARTESIAN_POINT('',(-1.7347234759768E-18,0.028,0.01));
#5549=CARTESIAN_POINT('',(0.0025,0.028,0.007));
#5550=CARTESIAN_POINT('',(0.0035,0.028,0.007));
#5551=CARTESIAN_POINT('',(0.0025,0.028,0.006));
#5552=CARTESIAN_POINT('',(-1.7347234759768E-18,0.028,0.006));
#5553=CARTESIAN_POINT('',(0.00925,0.028,0.006));
#5554=CARTESIAN_POINT('',(0.00925,0.028,0.01));
#5555=CARTESIAN_POINT('',(0.00925,0.028,0.01));
#5556=CARTESIAN_POINT('',(-1.7347234759768E-18,0.028,0.01));
#5557=CARTESIAN_POINT('',(0.0035,0.028,0.01));
#5558=CARTESIAN_POINT('',(0.0035,0.028,0.0025));
#5559=CARTESIAN_POINT('',(0.,0.0475,0.01));
#5560=CARTESIAN_POINT('',(0.,0.03,0.01));
#5561=CARTESIAN_POINT('',(0.018,0.03,0.01));
#5562=CARTESIAN_POINT('',(0.011,0.03,0.01));
#5563=CARTESIAN_POINT('',(0.018,0.07,0.01));
#5564=CARTESIAN_POINT('',(0.018,0.07,0.01));
#5565=CARTESIAN_POINT('',(1.7347234759768E-18,0.07,0.01));
#5566=CARTESIAN_POINT('',(0.011,0.07,0.01));
#5567=CARTESIAN_POINT('',(0.011,0.0825,0.01));
#5568=CARTESIAN_POINT('',(0.011,0.095,0.01));
#5569=CARTESIAN_POINT('',(0.,0.095,0.01));
#5570=CARTESIAN_POINT('',(0.005,0.095,0.01));
#5571=CARTESIAN_POINT('',(0.005,0.092998,0.01));
#5572=CARTESIAN_POINT('',(0.005,0.093,0.01));
#5573=CARTESIAN_POINT('',(3.46944695195361E-18,0.093,0.01));
#5574=CARTESIAN_POINT('',(0.00925,0.093,0.01));
#5575=CARTESIAN_POINT('',(0.00925,0.0825,0.01));
#5576=CARTESIAN_POINT('',(0.0035,0.107815641868528,0.01));
#5577=CARTESIAN_POINT('',(0.0035,0.065,0.01));
#5578=CARTESIAN_POINT('',(5.20417042793042E-18,0.065,0.01));
#5579=CARTESIAN_POINT('',(0.01,0.065,0.01));
#5580=CARTESIAN_POINT('',(0.01,0.05,0.01));
#5581=CARTESIAN_POINT('',(0.0035,0.107815641868528,0.01));
#5582=CARTESIAN_POINT('',(0.00925,0.015,0.01));
#5583=CARTESIAN_POINT('',(0.00925,0.002,0.01));
#5584=CARTESIAN_POINT('',(5.20417042793042E-18,0.002,0.01));
#5585=CARTESIAN_POINT('',(-0.00925,0.002,0.01));
#5586=CARTESIAN_POINT('',(-0.00925,0.015,0.01));
#5587=CARTESIAN_POINT('',(-0.0035,0.107815641868528,0.01));
#5588=CARTESIAN_POINT('',(-0.0035,0.035,0.01));
#5589=CARTESIAN_POINT('',(6.93889390390723E-18,0.035,0.01));
#5590=CARTESIAN_POINT('',(-0.01,0.035,0.01));
#5591=CARTESIAN_POINT('',(-0.01,0.05,0.01));
#5592=CARTESIAN_POINT('',(-0.0035,0.107815641868528,0.01));
#5593=CARTESIAN_POINT('',(-0.0035,0.072,0.01));
#5594=CARTESIAN_POINT('',(1.04083408558608E-17,0.072,0.01));
#5595=CARTESIAN_POINT('',(-0.00925,0.072,0.01));
#5596=CARTESIAN_POINT('',(-0.00925,0.0825,0.01));
#5597=CARTESIAN_POINT('',(-0.00925,0.093,0.01));
#5598=CARTESIAN_POINT('',(3.46944695195361E-18,0.093,0.01));
#5599=CARTESIAN_POINT('',(-0.005,0.093,0.01));
#5600=CARTESIAN_POINT('',(-0.005,0.092998,0.01));
#5601=CARTESIAN_POINT('',(-0.005,0.095,0.01));
#5602=CARTESIAN_POINT('',(0.,0.095,0.01));
#5603=CARTESIAN_POINT('',(-0.011,0.095,0.01));
#5604=CARTESIAN_POINT('',(-0.011,0.0825,0.01));
#5605=CARTESIAN_POINT('',(-0.011,0.07,0.01));
#5606=CARTESIAN_POINT('',(1.7347234759768E-18,0.07,0.01));
#5607=CARTESIAN_POINT('',(-0.018,0.07,0.01));
#5608=CARTESIAN_POINT('',(-0.018,0.0475,0.01));
#5609=CARTESIAN_POINT('',(-0.018,0.03,0.01));
#5610=CARTESIAN_POINT('',(0.,0.03,0.01));
#5611=CARTESIAN_POINT('',(-0.011,0.03,0.01));
#5612=CARTESIAN_POINT('',(-0.011,0.03,0.01));
#5613=CARTESIAN_POINT('',(-0.011,0.,0.01));
#5614=CARTESIAN_POINT('',(0.0055,0.,0.01));
#5615=CARTESIAN_POINT('',(0.011,0.,0.01));
#5616=CARTESIAN_POINT('',(0.011,0.03,0.01));
#5617=CARTESIAN_POINT('',(1.04083408558608E-17,0.072,0.01));
#5618=CARTESIAN_POINT('',(-0.0025,0.072,0.007));
#5619=CARTESIAN_POINT('',(-0.0035,0.072,0.007));
#5620=CARTESIAN_POINT('',(-0.0025,0.072,0.006));
#5621=CARTESIAN_POINT('',(-0.00925,0.072,0.006));
#5622=CARTESIAN_POINT('',(-0.00925,0.072,0.006));
#5623=CARTESIAN_POINT('',(-0.00925,0.072,0.01));
#5624=CARTESIAN_POINT('',(-0.0035,0.072,0.01));
#5625=CARTESIAN_POINT('',(3.46944695195361E-18,0.093,0.01));
#5626=CARTESIAN_POINT('',(3.46944695195361E-18,0.093,0.005));
#5627=CARTESIAN_POINT('',(0.00825,0.093,0.005));
#5628=CARTESIAN_POINT('',(0.005,0.093,0.005));
#5629=CARTESIAN_POINT('',(0.00825,0.093,0.006));
#5630=CARTESIAN_POINT('',(0.00925,0.093,0.006));
#5631=CARTESIAN_POINT('',(0.00925,0.093,0.01));
#5632=CARTESIAN_POINT('',(0.005,0.093,0.00675));
#5633=CARTESIAN_POINT('',(3.46944695195361E-18,0.093,0.01));
#5634=CARTESIAN_POINT('',(-0.00925,0.093,0.01));
#5635=CARTESIAN_POINT('',(-0.00925,0.093,0.006));
#5636=CARTESIAN_POINT('',(-0.00825,0.093,0.006));
#5637=CARTESIAN_POINT('',(-0.00825,0.093,0.005));
#5638=CARTESIAN_POINT('',(3.46944695195361E-18,0.093,0.005));
#5639=CARTESIAN_POINT('',(-0.005,0.093,0.005));
#5640=CARTESIAN_POINT('',(-0.005,0.093,0.00675));
#5641=CARTESIAN_POINT('',(0.,0.095,0.0025));
#5642=CARTESIAN_POINT('',(-0.0165,0.095,0.005));
#5643=CARTESIAN_POINT('',(-0.019,0.095,0.005));
#5644=CARTESIAN_POINT('',(-0.015,0.095,0.005));
#5645=CARTESIAN_POINT('',(-0.015,0.095,0.004));
#5646=CARTESIAN_POINT('',(-0.014,0.095,0.004));
#5647=CARTESIAN_POINT('',(-0.014,0.095,0.0035));
#5648=CARTESIAN_POINT('',(-0.014,0.095,0.002));
#5649=CARTESIAN_POINT('',(-0.0115,0.095,0.002));
#5650=CARTESIAN_POINT('',(-0.009,0.095,0.002));
#5651=CARTESIAN_POINT('',(-0.009,0.095,0.00275));
#5652=CARTESIAN_POINT('',(-0.009,0.095,0.0025));
#5653=CARTESIAN_POINT('',(-0.01,0.095,0.0025));
#5654=CARTESIAN_POINT('',(-0.01,0.095,0.0035));
#5655=CARTESIAN_POINT('',(-0.01,0.095,0.0035));
#5656=CARTESIAN_POINT('',(-0.011,0.095,0.0035));
#5657=CARTESIAN_POINT('',(-0.011,0.095,0.00425));
#5658=CARTESIAN_POINT('',(-0.005,0.095,0.00675));
#5659=CARTESIAN_POINT('',(-0.005,0.095,0.00623205080756888));
#5660=CARTESIAN_POINT('',(-0.004,0.095,0.0045));
#5661=CARTESIAN_POINT('',(-0.004,0.095,0.0025));
#5662=CARTESIAN_POINT('',(1.50463276905253E-34,0.095,0.0025));
#5663=CARTESIAN_POINT('',(0.004,0.095,0.0025));
#5664=CARTESIAN_POINT('',(0.004,0.095,0.0045));
#5665=CARTESIAN_POINT('',(0.005,0.095,0.00623205080756888));
#5666=CARTESIAN_POINT('',(0.005,0.095,0.00675));
#5667=CARTESIAN_POINT('',(0.011,0.095,0.00425));
#5668=CARTESIAN_POINT('',(0.011,0.095,0.0035));
#5669=CARTESIAN_POINT('',(0.01,0.095,0.0035));
#5670=CARTESIAN_POINT('',(0.01,0.095,0.0035));
#5671=CARTESIAN_POINT('',(0.01,0.095,0.0025));
#5672=CARTESIAN_POINT('',(0.009,0.095,0.0025));
#5673=CARTESIAN_POINT('',(0.009,0.095,0.00275));
#5674=CARTESIAN_POINT('',(0.009,0.095,0.002));
#5675=CARTESIAN_POINT('',(0.0115,0.095,0.002));
#5676=CARTESIAN_POINT('',(0.014,0.095,0.002));
#5677=CARTESIAN_POINT('',(0.014,0.095,0.0035));
#5678=CARTESIAN_POINT('',(0.014,0.095,0.004));
#5679=CARTESIAN_POINT('',(0.015,0.095,0.004));
#5680=CARTESIAN_POINT('',(0.015,0.095,0.005));
#5681=CARTESIAN_POINT('',(0.0165,0.095,0.005));
#5682=CARTESIAN_POINT('',(0.019,0.095,0.005));
#5683=CARTESIAN_POINT('',(0.019,0.095,0.0025));
#5684=CARTESIAN_POINT('',(-0.019,0.095,0.0025));
#5685=CARTESIAN_POINT('',(0.,0.03,0.0025));
#5686=CARTESIAN_POINT('',(-0.018,0.03,0.009));
#5687=CARTESIAN_POINT('',(-0.019,0.03,0.009));
#5688=CARTESIAN_POINT('',(-0.019,0.03,0.01));
#5689=CARTESIAN_POINT('',(-0.019,0.03,0.005));
#5690=CARTESIAN_POINT('',(0.,0.03,0.005));
#5691=CARTESIAN_POINT('',(-0.015,0.03,0.005));
#5692=CARTESIAN_POINT('',(-0.015,0.03,0.004));
#5693=CARTESIAN_POINT('',(-0.014,0.03,0.004));
#5694=CARTESIAN_POINT('',(-0.014,0.03,0.0035));
#5695=CARTESIAN_POINT('',(-0.014,0.03,0.002));
#5696=CARTESIAN_POINT('',(-0.0115,0.03,0.002));
#5697=CARTESIAN_POINT('',(-0.009,0.03,0.002));
#5698=CARTESIAN_POINT('',(-0.009,0.03,0.00275));
#5699=CARTESIAN_POINT('',(-0.009,0.03,0.0025));
#5700=CARTESIAN_POINT('',(-0.01,0.03,0.0025));
#5701=CARTESIAN_POINT('',(-0.01,0.03,0.0035));
#5702=CARTESIAN_POINT('',(-0.01,0.03,0.0035));
#5703=CARTESIAN_POINT('',(-0.011,0.03,0.0035));
#5704=CARTESIAN_POINT('',(-0.011,0.03,0.00425));
#5705=CARTESIAN_POINT('',(0.,0.07,0.0025));
#5706=CARTESIAN_POINT('',(-0.019,0.07,0.01));
#5707=CARTESIAN_POINT('',(-0.019,0.07,0.009));
#5708=CARTESIAN_POINT('',(-0.019,0.07,0.005));
#5709=CARTESIAN_POINT('',(-0.018,0.07,0.009));
#5710=CARTESIAN_POINT('',(-0.011,0.07,0.00425));
#5711=CARTESIAN_POINT('',(-0.011,0.07,0.0035));
#5712=CARTESIAN_POINT('',(-0.01,0.07,0.0035));
#5713=CARTESIAN_POINT('',(-0.01,0.07,0.0035));
#5714=CARTESIAN_POINT('',(-0.01,0.07,0.0025));
#5715=CARTESIAN_POINT('',(-0.009,0.07,0.0025));
#5716=CARTESIAN_POINT('',(-0.009,0.07,0.00275));
#5717=CARTESIAN_POINT('',(-0.009,0.07,0.002));
#5718=CARTESIAN_POINT('',(-0.0115,0.07,0.002));
#5719=CARTESIAN_POINT('',(-0.014,0.07,0.002));
#5720=CARTESIAN_POINT('',(-0.014,0.07,0.0035));
#5721=CARTESIAN_POINT('',(-0.014,0.07,0.004));
#5722=CARTESIAN_POINT('',(-0.015,0.07,0.004));
#5723=CARTESIAN_POINT('',(-0.015,0.07,0.005));
#5724=CARTESIAN_POINT('',(1.7347234759768E-18,0.07,0.005));
#5725=CARTESIAN_POINT('',(-0.0165,0.03,0.005));
#5726=CARTESIAN_POINT('',(0.,0.03,0.005));
#5727=CARTESIAN_POINT('',(0.019,0.03,0.005));
#5728=CARTESIAN_POINT('',(0.015,0.03,0.005));
#5729=CARTESIAN_POINT('',(0.015,0.,0.005));
#5730=CARTESIAN_POINT('',(0.015,0.,0.005));
#5731=CARTESIAN_POINT('',(0.0165,0.,0.005));
#5732=CARTESIAN_POINT('',(0.019,0.,0.005));
#5733=CARTESIAN_POINT('',(0.019,0.03,0.005));
#5734=CARTESIAN_POINT('',(-0.0165,0.03,0.005));
#5735=CARTESIAN_POINT('',(-0.0165,0.,0.005));
#5736=CARTESIAN_POINT('',(-0.019,0.,0.005));
#5737=CARTESIAN_POINT('',(-0.015,0.,0.005));
#5738=CARTESIAN_POINT('',(-0.015,0.03,0.005));
#5739=CARTESIAN_POINT('',(-0.019,0.03,0.005));
#5740=CARTESIAN_POINT('',(-0.0165,0.03,0.005));
#5741=CARTESIAN_POINT('',(-0.015,0.03,0.005));
#5742=CARTESIAN_POINT('',(-0.019,0.03,0.005));
#5743=CARTESIAN_POINT('',(-0.0165,0.03,0.005));
#5744=CARTESIAN_POINT('',(0.015,0.07,0.005));
#5745=CARTESIAN_POINT('',(0.015,0.07,0.005));
#5746=CARTESIAN_POINT('',(1.7347234759768E-18,0.07,0.005));
#5747=CARTESIAN_POINT('',(0.019,0.07,0.005));
#5748=CARTESIAN_POINT('',(0.019,0.03,0.005));
#5749=CARTESIAN_POINT('',(-0.011,0.03,0.00425));
#5750=CARTESIAN_POINT('',(-0.011,0.,0.00425));
#5751=CARTESIAN_POINT('',(-0.011,0.,0.0035));
#5752=CARTESIAN_POINT('',(-0.011,0.03,0.0035));
#5753=CARTESIAN_POINT('',(-0.01,0.03,0.0035));
#5754=CARTESIAN_POINT('',(-0.01,0.,0.0035));
#5755=CARTESIAN_POINT('',(-0.01,0.,0.0035));
#5756=CARTESIAN_POINT('',(-0.01,0.,0.0035));
#5757=CARTESIAN_POINT('',(-0.009,0.03,0.00275));
#5758=CARTESIAN_POINT('',(-0.009,0.,0.00275));
#5759=CARTESIAN_POINT('',(-0.009,0.,0.0025));
#5760=CARTESIAN_POINT('',(-0.009,0.,0.002));
#5761=CARTESIAN_POINT('',(-0.009,0.03,0.0025));
#5762=CARTESIAN_POINT('',(-0.009,0.03,0.002));
#5763=CARTESIAN_POINT('',(-0.0115,0.03,0.002));
#5764=CARTESIAN_POINT('',(-0.0115,0.,0.002));
#5765=CARTESIAN_POINT('',(-0.014,0.,0.002));
#5766=CARTESIAN_POINT('',(-0.014,0.03,0.002));
#5767=CARTESIAN_POINT('',(-0.014,0.03,0.0035));
#5768=CARTESIAN_POINT('',(-0.014,0.03,0.004));
#5769=CARTESIAN_POINT('',(-0.014,0.,0.004));
#5770=CARTESIAN_POINT('',(-0.014,0.,0.0035));
#5771=CARTESIAN_POINT('',(-0.019,0.03,0.0025));
#5772=CARTESIAN_POINT('',(-0.019,0.03,0.00382842712474619));
#5773=CARTESIAN_POINT('',(-0.019,0.0695,0.00382842712474619));
#5774=CARTESIAN_POINT('',(-0.019,0.0255,0.00382842712474619));
#5775=CARTESIAN_POINT('',(-0.019,0.0255,0.0025));
#5776=CARTESIAN_POINT('',(-0.019,0.0255,2.43918461970945E-18));
#5777=CARTESIAN_POINT('',(-0.019,0.03,2.43918461970945E-18));
#5778=CARTESIAN_POINT('',(-0.019,0.,2.43918461970945E-18));
#5779=CARTESIAN_POINT('',(-0.019,0.,0.0025));
#5780=CARTESIAN_POINT('',(-0.019,0.03,0.009));
#5781=CARTESIAN_POINT('',(-0.019,0.0695,0.003));
#5782=CARTESIAN_POINT('',(0.0095,0.03,-3.44670175013679E-18));
#5783=CARTESIAN_POINT('',(0.0095,0.0255,-3.44670175013679E-18));
#5784=CARTESIAN_POINT('',(0.019,0.0255,-5.20417042793042E-18));
#5785=CARTESIAN_POINT('',(0.019,0.03,-5.20417042793042E-18));
#5786=CARTESIAN_POINT('',(0.019,0.,-5.20417042793042E-18));
#5787=CARTESIAN_POINT('',(0.0095,0.,-3.44670175013679E-18));
#5788=CARTESIAN_POINT('',(0.019,0.03,0.0025));
#5789=CARTESIAN_POINT('',(0.019,0.0255,0.003));
#5790=CARTESIAN_POINT('',(0.019,0.0255,0.00382842712474619));
#5791=CARTESIAN_POINT('',(0.019,0.0675,0.00382842712474619));
#5792=CARTESIAN_POINT('',(0.019,0.0695,0.00382842712474619));
#5793=CARTESIAN_POINT('',(0.019,0.0695,0.0025));
#5794=CARTESIAN_POINT('',(0.019,0.07,0.01));
#5795=CARTESIAN_POINT('',(0.019,0.07,0.009));
#5796=CARTESIAN_POINT('',(0.019,0.03,0.009));
#5797=CARTESIAN_POINT('',(0.019,0.03,0.009));
#5798=CARTESIAN_POINT('',(0.019,0.03,0.01));
#5799=CARTESIAN_POINT('',(0.019,0.,0.0025));
#5800=CARTESIAN_POINT('',(0.014,0.03,0.0035));
#5801=CARTESIAN_POINT('',(0.014,0.,0.0035));
#5802=CARTESIAN_POINT('',(0.014,0.,0.004));
#5803=CARTESIAN_POINT('',(0.014,0.,0.002));
#5804=CARTESIAN_POINT('',(0.014,0.03,0.004));
#5805=CARTESIAN_POINT('',(0.014,0.03,0.004));
#5806=CARTESIAN_POINT('',(0.014,0.03,0.0035));
#5807=CARTESIAN_POINT('',(0.014,0.03,0.002));
#5808=CARTESIAN_POINT('',(0.014,0.03,0.002));
#5809=CARTESIAN_POINT('',(0.0115,0.03,0.002));
#5810=CARTESIAN_POINT('',(0.0115,0.,0.002));
#5811=CARTESIAN_POINT('',(0.009,0.,0.002));
#5812=CARTESIAN_POINT('',(0.0115,0.03,0.002));
#5813=CARTESIAN_POINT('',(0.009,0.03,0.002));
#5814=CARTESIAN_POINT('',(0.009,0.03,0.002));
#5815=CARTESIAN_POINT('',(0.009,0.03,0.00275));
#5816=CARTESIAN_POINT('',(0.009,0.03,0.00275));
#5817=CARTESIAN_POINT('',(0.009,0.03,0.0025));
#5818=CARTESIAN_POINT('',(0.009,0.03,0.0025));
#5819=CARTESIAN_POINT('',(0.009,0.,0.0025));
#5820=CARTESIAN_POINT('',(0.009,0.,0.00275));
#5821=CARTESIAN_POINT('',(0.01,0.03,0.0035));
#5822=CARTESIAN_POINT('',(0.01,0.,0.0035));
#5823=CARTESIAN_POINT('',(0.011,0.,0.0035));
#5824=CARTESIAN_POINT('',(0.01,0.,0.0035));
#5825=CARTESIAN_POINT('',(0.01,0.03,0.0035));
#5826=CARTESIAN_POINT('',(0.01,0.03,0.0035));
#5827=CARTESIAN_POINT('',(0.01,0.03,0.0035));
#5828=CARTESIAN_POINT('',(0.011,0.03,0.0035));
#5829=CARTESIAN_POINT('',(0.011,0.03,0.0035));
#5830=CARTESIAN_POINT('',(0.011,0.03,0.00425));
#5831=CARTESIAN_POINT('',(0.011,0.,0.00425));
#5832=CARTESIAN_POINT('',(0.011,0.03,0.00425));
#5833=CARTESIAN_POINT('',(0.,0.,0.0025));
#5834=CARTESIAN_POINT('',(-0.015,0.,0.004));
#5835=CARTESIAN_POINT('',(0.015,0.,0.004));
#5836=CARTESIAN_POINT('',(0.01,0.,0.0025));
#5837=CARTESIAN_POINT('',(-0.01,0.,0.0025));
#5838=CARTESIAN_POINT('',(0.,0.03,0.0025));
#5839=CARTESIAN_POINT('',(0.018,0.03,0.009));
#5840=CARTESIAN_POINT('',(0.01,0.03,0.0025));
#5841=CARTESIAN_POINT('',(0.015,0.03,0.004));
#5842=CARTESIAN_POINT('',(0.,0.07,0.0025));
#5843=CARTESIAN_POINT('',(0.018,0.07,0.009));
#5844=CARTESIAN_POINT('',(0.015,0.07,0.004));
#5845=CARTESIAN_POINT('',(0.014,0.07,0.004));
#5846=CARTESIAN_POINT('',(0.014,0.07,0.0035));
#5847=CARTESIAN_POINT('',(0.014,0.07,0.002));
#5848=CARTESIAN_POINT('',(0.0115,0.07,0.002));
#5849=CARTESIAN_POINT('',(0.009,0.07,0.002));
#5850=CARTESIAN_POINT('',(0.009,0.07,0.00275));
#5851=CARTESIAN_POINT('',(0.009,0.07,0.0025));
#5852=CARTESIAN_POINT('',(0.01,0.07,0.0025));
#5853=CARTESIAN_POINT('',(0.01,0.07,0.0035));
#5854=CARTESIAN_POINT('',(0.01,0.07,0.0035));
#5855=CARTESIAN_POINT('',(0.011,0.07,0.0035));
#5856=CARTESIAN_POINT('',(0.011,0.07,0.00425));
#5857=CARTESIAN_POINT('',(-0.011,0.095,0.00425));
#5858=CARTESIAN_POINT('',(-0.011,0.095,0.0035));
#5859=CARTESIAN_POINT('',(-0.01,0.095,0.0035));
#5860=CARTESIAN_POINT('',(-0.01,0.07,0.0035));
#5861=CARTESIAN_POINT('',(-0.009,0.095,0.00275));
#5862=CARTESIAN_POINT('',(-0.009,0.095,0.0025));
#5863=CARTESIAN_POINT('',(-0.009,0.095,0.002));
#5864=CARTESIAN_POINT('',(-0.0115,0.095,0.002));
#5865=CARTESIAN_POINT('',(-0.014,0.095,0.002));
#5866=CARTESIAN_POINT('',(-0.014,0.095,0.0035));
#5867=CARTESIAN_POINT('',(-0.014,0.095,0.004));
#5868=CARTESIAN_POINT('',(0.014,0.095,0.0035));
#5869=CARTESIAN_POINT('',(0.014,0.095,0.004));
#5870=CARTESIAN_POINT('',(0.014,0.095,0.002));
#5871=CARTESIAN_POINT('',(0.0115,0.095,0.002));
#5872=CARTESIAN_POINT('',(0.009,0.095,0.002));
#5873=CARTESIAN_POINT('',(0.009,0.095,0.00275));
#5874=CARTESIAN_POINT('',(0.009,0.095,0.0025));
#5875=CARTESIAN_POINT('',(0.01,0.095,0.0035));
#5876=CARTESIAN_POINT('',(0.01,0.095,0.0035));
#5877=CARTESIAN_POINT('',(0.011,0.095,0.0035));
#5878=CARTESIAN_POINT('',(0.011,0.095,0.00425));
#5879=CARTESIAN_POINT('',(0.01,0.05,0.01));
#5880=CARTESIAN_POINT('',(0.01,0.065,0.01));
#5881=CARTESIAN_POINT('',(0.01,0.065,0.006));
#5882=CARTESIAN_POINT('',(0.01,0.05,0.006));
#5883=CARTESIAN_POINT('',(6.93889390390723E-18,0.035,0.01));
#5884=CARTESIAN_POINT('',(-0.0025,0.035,0.007));
#5885=CARTESIAN_POINT('',(-0.0035,0.035,0.007));
#5886=CARTESIAN_POINT('',(-0.0025,0.035,0.006));
#5887=CARTESIAN_POINT('',(6.93889390390723E-18,0.035,0.006));
#5888=CARTESIAN_POINT('',(-0.01,0.035,0.006));
#5889=CARTESIAN_POINT('',(-0.01,0.035,0.01));
#5890=CARTESIAN_POINT('',(-0.0035,0.035,0.01));
#5891=CARTESIAN_POINT('',(-0.01,0.05,0.01));
#5892=CARTESIAN_POINT('',(-0.01,0.05,0.006));
#5893=CARTESIAN_POINT('',(5.20417042793042E-18,0.065,0.01));
#5894=CARTESIAN_POINT('',(0.0025,0.065,0.007));
#5895=CARTESIAN_POINT('',(0.0035,0.065,0.007));
#5896=CARTESIAN_POINT('',(0.0025,0.065,0.006));
#5897=CARTESIAN_POINT('',(0.01,0.065,0.006));
#5898=CARTESIAN_POINT('',(0.0035,0.065,0.01));
#5899=CARTESIAN_POINT('',(-0.0165,0.03,0.005));
#5900=CARTESIAN_POINT('',(-0.0165,0.036,0.005));
#5901=CARTESIAN_POINT('',(-0.009,0.036,0.005));
#5902=CARTESIAN_POINT('',(0.009,0.036,0.005));
#5903=CARTESIAN_POINT('',(0.009,0.03,0.005));
#5904=CARTESIAN_POINT('',(0.009,0.064,0.005));
#5905=CARTESIAN_POINT('',(-0.01,0.064,0.005));
#5906=CARTESIAN_POINT('',(-0.009,0.064,0.005));
#5907=CARTESIAN_POINT('',(-0.009,0.03,0.005));
#5908=CARTESIAN_POINT('',(0.0035,0.107815641868528,0.008));
#5909=CARTESIAN_POINT('',(0.0035,0.107815641868528,0.007));
#5910=CARTESIAN_POINT('',(-0.0035,0.107815641868528,0.008));
#5911=CARTESIAN_POINT('',(-0.0035,0.072,0.007));
#5912=CARTESIAN_POINT('',(8.67361737988404E-19,0.107815641868528,0.006));
#5913=CARTESIAN_POINT('',(5.69980570678094E-18,0.065,0.006));
#5914=CARTESIAN_POINT('',(0.0025,0.107815641868528,0.006));
#5915=CARTESIAN_POINT('',(1.09039761347114E-17,0.072,0.006));
#5916=CARTESIAN_POINT('',(-0.0025,0.065,0.006));
#5917=CARTESIAN_POINT('',(8.67361737988404E-19,0.107815641868528,0.006));
#5918=CARTESIAN_POINT('',(7.43452918275775E-18,0.035,0.006));
#5919=CARTESIAN_POINT('',(-0.0025,0.028,0.006));
#5920=CARTESIAN_POINT('',(-4.33680868994201E-19,0.028,0.006));
#5921=CARTESIAN_POINT('',(0.0025,0.107815641868528,0.006));
#5922=CARTESIAN_POINT('',(0.0035,0.107815641868528,0.008));
#5923=CARTESIAN_POINT('',(0.0035,0.107815641868528,0.007));
#5924=CARTESIAN_POINT('',(-0.0035,0.107815641868528,0.008));
#5925=CARTESIAN_POINT('',(-0.0035,0.035,0.007));
#5926=CARTESIAN_POINT('',(0.00925,0.015,0.01));
#5927=CARTESIAN_POINT('',(0.00925,0.002,0.006));
#5928=CARTESIAN_POINT('',(0.00925,0.002,0.006));
#5929=CARTESIAN_POINT('',(0.00925,0.002,0.01));
#5930=CARTESIAN_POINT('',(5.20417042793042E-18,0.002,0.01));
#5931=CARTESIAN_POINT('',(-0.00925,0.002,0.006));
#5932=CARTESIAN_POINT('',(-0.00925,0.002,0.006));
#5933=CARTESIAN_POINT('',(-0.00925,0.002,0.01));
#5934=CARTESIAN_POINT('',(-0.00925,0.015,0.01));
#5935=CARTESIAN_POINT('',(-0.00925,0.015,0.006));
#5936=CARTESIAN_POINT('',(0.00925,0.0825,0.01));
#5937=CARTESIAN_POINT('',(0.00925,0.072,0.006));
#5938=CARTESIAN_POINT('',(-0.00925,0.0825,0.01));
#5939=CARTESIAN_POINT('',(-0.00925,0.0825,0.006));
#5940=CARTESIAN_POINT('',(-0.0165,0.03,0.005));
#5941=CARTESIAN_POINT('',(0.00925,0.073,0.005));
#5942=CARTESIAN_POINT('',(-0.00825,0.073,0.005));
#5943=CARTESIAN_POINT('',(0.00825,0.073,0.005));
#5944=CARTESIAN_POINT('',(0.00825,0.093,0.005));
#5945=CARTESIAN_POINT('',(3.46944695195361E-18,0.093,0.005));
#5946=CARTESIAN_POINT('',(-0.00825,0.03,0.005));
#5947=CARTESIAN_POINT('',(-0.0165,0.03,0.005));
#5948=CARTESIAN_POINT('',(-0.00825,0.03,0.005));
#5949=CARTESIAN_POINT('',(-0.00825,0.027,0.005));
#5950=CARTESIAN_POINT('',(-0.00825,0.003,0.005));
#5951=CARTESIAN_POINT('',(0.00925,0.003,0.005));
#5952=CARTESIAN_POINT('',(0.00825,0.003,0.005));
#5953=CARTESIAN_POINT('',(0.00825,0.028,0.005));
#5954=CARTESIAN_POINT('',(0.00825,0.027,0.005));
#5955=CARTESIAN_POINT('',(-0.0165,0.027,0.005));
#5956=CARTESIAN_POINT('',(3.46944695195361E-18,0.093,0.01));
#5957=CARTESIAN_POINT('',(-8.67361737988404E-19,0.093,0.0035));
#5958=CARTESIAN_POINT('',(0.004,0.093,0.0035));
#5959=CARTESIAN_POINT('',(-0.004,0.093,0.0035));
#5960=CARTESIAN_POINT('',(-0.004,0.093,0.0045));
#5961=CARTESIAN_POINT('',(-0.005,0.093,0.0045));
#5962=CARTESIAN_POINT('',(-0.005,0.093,0.00675));
#5963=CARTESIAN_POINT('',(0.005,0.093,0.00675));
#5964=CARTESIAN_POINT('',(0.005,0.093,0.0045));
#5965=CARTESIAN_POINT('',(0.004,0.093,0.0045));
#5966=CARTESIAN_POINT('',(0.005,0.092998,0.00675));
#5967=CARTESIAN_POINT('',(0.005,0.095,0.00623205080756888));
#5968=CARTESIAN_POINT('',(0.005,0.095,0.00588539670161877));
#5969=CARTESIAN_POINT('',(0.005,0.0947328454292371,0.00523216335781923));
#5970=CARTESIAN_POINT('',(0.005,0.0942412977277019,0.00474129893420012));
#5971=CARTESIAN_POINT('',(0.005,0.094,0.0045));
#5972=CARTESIAN_POINT('',(0.005,0.094,0.0045));
#5973=CARTESIAN_POINT('',(0.005,0.093,0.0045));
#5974=CARTESIAN_POINT('',(-8.67361737988404E-19,0.092998,0.0035));
#5975=CARTESIAN_POINT('',(-8.67361737988404E-19,0.094,0.0035));
#5976=CARTESIAN_POINT('',(0.004,0.094,0.0035));
#5977=CARTESIAN_POINT('',(-0.004,0.094,0.0035));
#5978=CARTESIAN_POINT('',(-0.004,0.093,0.0035));
#5979=CARTESIAN_POINT('',(0.004,0.095,0.0035));
#5980=CARTESIAN_POINT('',(-0.005,0.092998,0.00675));
#5981=CARTESIAN_POINT('',(-0.005,0.095,0.0045));
#5982=CARTESIAN_POINT('',(-0.005,0.094,0.0045));
#5983=CARTESIAN_POINT('',(-0.005,0.095,0.00623205080756888));
#5984=CARTESIAN_POINT('',(-0.005,0.095,0.00588539670161878));
#5985=CARTESIAN_POINT('',(-0.005,0.0947328454292367,0.00523216335781963));
#5986=CARTESIAN_POINT('',(-0.005,0.0942412977277027,0.00474129893419933));
#5987=CARTESIAN_POINT('',(-0.005,0.094,0.0045));
#5988=CARTESIAN_POINT('',(0.018,0.03,0.009));
#5989=CARTESIAN_POINT('',(-0.018,0.0475,0.009));
#5990=CARTESIAN_POINT('',(0.01,0.03,0.0025));
#5991=CARTESIAN_POINT('',(-0.01,0.03,0.0025));
#5992=CARTESIAN_POINT('',(-0.015,0.03,0.004));
#5993=CARTESIAN_POINT('',(0.015,0.03,0.004));
#5994=CARTESIAN_POINT('',(-0.015,0.095,0.004));
#5995=CARTESIAN_POINT('',(0.015,0.03,0.004));
#5996=CARTESIAN_POINT('',(0.00825,0.0825,0.006));
#5997=CARTESIAN_POINT('',(0.00825,0.073,0.006));
#5998=CARTESIAN_POINT('',(-0.00825,0.03,0.006));
#5999=CARTESIAN_POINT('',(-0.00825,0.073,0.006));
#6000=CARTESIAN_POINT('',(1.04083408558608E-17,0.073,0.006));
#6001=CARTESIAN_POINT('',(-0.0165,0.027,0.006));
#6002=CARTESIAN_POINT('',(-0.00825,0.027,0.006));
#6003=CARTESIAN_POINT('',(0.00825,0.027,0.006));
#6004=CARTESIAN_POINT('',(0.00825,0.015,0.006));
#6005=CARTESIAN_POINT('',(0.00825,0.003,0.006));
#6006=CARTESIAN_POINT('',(-0.00825,0.03,0.006));
#6007=CARTESIAN_POINT('',(-0.00825,0.003,0.006));
#6008=CARTESIAN_POINT('',(5.06351717312149E-18,0.003,0.006));
#6009=CARTESIAN_POINT('',(-0.0025,0.107815641868528,0.007));
#6010=CARTESIAN_POINT('',(0.0025,0.107815641868528,0.007));
#6011=CARTESIAN_POINT('',(-0.0165,0.036,0.006));
#6012=CARTESIAN_POINT('',(0.009,0.036,0.006));
#6013=CARTESIAN_POINT('',(-0.009,0.036,0.006));
#6014=CARTESIAN_POINT('',(-0.009,0.03,0.006));
#6015=CARTESIAN_POINT('',(-0.009,0.064,0.006));
#6016=CARTESIAN_POINT('',(0.009,0.03,0.006));
#6017=CARTESIAN_POINT('',(0.009,0.064,0.006));
#6018=CARTESIAN_POINT('',(5.20417042793042E-18,0.064,0.006));
#6019=CARTESIAN_POINT('',(0.0025,0.107815641868528,0.007));
#6020=CARTESIAN_POINT('',(-0.0025,0.107815641868528,0.007));
#6021=CARTESIAN_POINT('',(-0.004,0.092998,0.0045));
#6022=CARTESIAN_POINT('',(-0.004,0.094,0.0045));
#6023=CARTESIAN_POINT('',(-0.004,0.094,0.0045));
#6024=CARTESIAN_POINT('',(-0.004,0.094,0.0025));
#6025=CARTESIAN_POINT('',(0.004,0.092998,0.0045));
#6026=CARTESIAN_POINT('',(0.004,0.094,0.0045));
#6027=CARTESIAN_POINT('',(-9.54097911787244E-19,0.094,0.0025));
#6028=CARTESIAN_POINT('',(0.004,0.094,0.0025));
#6029=CARTESIAN_POINT('',(0.004,0.094,0.0045));
#6030=CARTESIAN_POINT('',(-0.01,0.095,0.0025));
#6031=CARTESIAN_POINT('',(0.01,0.095,0.0025));
#6032=CARTESIAN_POINT('',(-3.0663188534999E-34,0.0475,-1.48473962685471E-18));
#6033=CARTESIAN_POINT('',(-6.93889390390723E-18,0.0675,-1.48473962685471E-18));
#6034=CARTESIAN_POINT('',(0.045,0.0675,-1.07782444213488E-17));
#6035=CARTESIAN_POINT('',(0.0228284271247462,0.0675,-6.19931955873442E-18));
#6036=CARTESIAN_POINT('',(0.0228284271247462,0.0275,-6.19931955873442E-18));
#6037=CARTESIAN_POINT('',(0.0228284271247462,0.0275,-6.19931955873442E-18));
#6038=CARTESIAN_POINT('',(1.04083408558608E-17,0.0275,-1.48473962685471E-18));
#6039=CARTESIAN_POINT('',(0.045,0.0275,-1.07782444213488E-17));
#6040=CARTESIAN_POINT('',(0.045,0.0475,-1.07782444213488E-17));
#6041=CARTESIAN_POINT('',(0.045,0.0475,-0.004));
#6042=CARTESIAN_POINT('',(0.045,0.0275,-0.004));
#6043=CARTESIAN_POINT('',(0.045,0.0275,-0.015));
#6044=CARTESIAN_POINT('',(0.045,0.0475,-0.015));
#6045=CARTESIAN_POINT('',(0.045,0.0675,-0.015));
#6046=CARTESIAN_POINT('',(0.045,0.0675,-0.004));
#6047=CARTESIAN_POINT('',(9.5822515407947E-18,0.0275,-0.004));
#6048=CARTESIAN_POINT('',(9.99529619832777E-18,0.0275,-0.002));
#6049=CARTESIAN_POINT('',(0.021,0.0275,-0.002));
#6050=CARTESIAN_POINT('',(-0.021,0.0275,-0.002));
#6051=CARTESIAN_POINT('',(-0.021,0.0275,-0.004));
#6052=CARTESIAN_POINT('',(-0.021,0.0275,0.001));
#6053=CARTESIAN_POINT('',(-0.013,0.0275,0.009));
#6054=CARTESIAN_POINT('',(-0.0214142135623731,0.0275,0.000585786437626908));
#6055=CARTESIAN_POINT('',(-0.0228284271247462,0.0275,0.002));
#6056=CARTESIAN_POINT('',(-0.0228284271247462,0.0275,3.229840305025E-18));
#6057=CARTESIAN_POINT('',(1.04083408558608E-17,0.0275,-1.48473962685471E-18));
#6058=CARTESIAN_POINT('',(-0.045,0.0275,7.80876516763935E-18));
#6059=CARTESIAN_POINT('',(-0.045,0.0275,-0.004));
#6060=CARTESIAN_POINT('',(-0.045,0.0275,-0.015));
#6061=CARTESIAN_POINT('',(7.31050592436282E-18,0.0275,-0.015));
#6062=CARTESIAN_POINT('',(-0.039,0.0275,-0.015));
#6063=CARTESIAN_POINT('',(-0.039,0.0275,-0.0145));
#6064=CARTESIAN_POINT('',(-0.039,0.0275,-0.0145));
#6065=CARTESIAN_POINT('',(-0.0395,0.0275,-0.0145));
#6066=CARTESIAN_POINT('',(-0.0395,0.0275,-0.014));
#6067=CARTESIAN_POINT('',(-0.0247500000000003,0.0275,-0.02875));
#6068=CARTESIAN_POINT('',(-0.04,0.0275,-0.0135));
#6069=CARTESIAN_POINT('',(-0.04,0.0275,-0.015));
#6070=CARTESIAN_POINT('',(0.04,0.0275,-0.015));
#6071=CARTESIAN_POINT('',(0.04,0.0275,-0.0135));
#6072=CARTESIAN_POINT('',(0.0247499999999998,0.0275,-0.02875));
#6073=CARTESIAN_POINT('',(0.0395,0.0275,-0.014));
#6074=CARTESIAN_POINT('',(0.0395,0.0275,-0.0145));
#6075=CARTESIAN_POINT('',(0.039,0.0275,-0.0145));
#6076=CARTESIAN_POINT('',(0.039,0.0275,-0.0145));
#6077=CARTESIAN_POINT('',(0.039,0.0275,-0.015));
#6078=CARTESIAN_POINT('',(7.31050592436282E-18,0.0275,-0.015));
#6079=CARTESIAN_POINT('',(0.0228284271247462,0.0275,0.002));
#6080=CARTESIAN_POINT('',(0.0214142135623731,0.0275,0.000585786437626903));
#6081=CARTESIAN_POINT('',(0.013,0.0275,0.009));
#6082=CARTESIAN_POINT('',(0.021,0.0275,0.000999999999999989));
#6083=CARTESIAN_POINT('',(0.021,0.0275,-6.50521303491303E-18));
#6084=CARTESIAN_POINT('',(-0.045,0.0475,-0.004));
#6085=CARTESIAN_POINT('',(-0.045,0.0475,7.80876516763935E-18));
#6086=CARTESIAN_POINT('',(-0.045,0.0675,7.80876516763935E-18));
#6087=CARTESIAN_POINT('',(-0.045,0.0675,-0.004));
#6088=CARTESIAN_POINT('',(-0.045,0.0675,-0.015));
#6089=CARTESIAN_POINT('',(-0.045,0.0475,-0.015));
#6090=CARTESIAN_POINT('',(-7.76498321897337E-18,0.0675,-0.004));
#6091=CARTESIAN_POINT('',(-0.021,0.0675,3.90312782094781E-18));
#6092=CARTESIAN_POINT('',(-0.021,0.0675,0.001));
#6093=CARTESIAN_POINT('',(-0.021,0.0675,-0.002));
#6094=CARTESIAN_POINT('',(0.021,0.0675,-0.002));
#6095=CARTESIAN_POINT('',(0.021,0.0675,-0.002));
#6096=CARTESIAN_POINT('',(0.021,0.0675,-0.004));
#6097=CARTESIAN_POINT('',(0.021,0.0675,0.001));
#6098=CARTESIAN_POINT('',(0.022,0.0675,-6.02823085971847E-18));
#6099=CARTESIAN_POINT('',(0.0214142135623731,0.0675,0.000585786437626903));
#6100=CARTESIAN_POINT('',(0.0228284271247462,0.0675,0.002));
#6101=CARTESIAN_POINT('',(-1.00367288354052E-17,0.0675,-0.015));
#6102=CARTESIAN_POINT('',(0.039,0.0675,-0.015));
#6103=CARTESIAN_POINT('',(0.039,0.0675,-0.0145));
#6104=CARTESIAN_POINT('',(0.039,0.0675,-0.0145));
#6105=CARTESIAN_POINT('',(0.0395,0.0675,-0.0145));
#6106=CARTESIAN_POINT('',(0.0395,0.0675,-0.014));
#6107=CARTESIAN_POINT('',(0.04,0.0675,-0.0135));
#6108=CARTESIAN_POINT('',(0.04,0.0675,-0.0135));
#6109=CARTESIAN_POINT('',(0.04,0.0675,-0.015));
#6110=CARTESIAN_POINT('',(-0.04,0.0675,-0.015));
#6111=CARTESIAN_POINT('',(-0.04,0.0675,-0.0135));
#6112=CARTESIAN_POINT('',(-0.0395,0.0675,-0.014));
#6113=CARTESIAN_POINT('',(-0.0395,0.0675,-0.014));
#6114=CARTESIAN_POINT('',(-0.0395,0.0675,-0.0145));
#6115=CARTESIAN_POINT('',(-0.039,0.0675,-0.0145));
#6116=CARTESIAN_POINT('',(-0.039,0.0675,-0.0145));
#6117=CARTESIAN_POINT('',(-0.039,0.0675,-0.015));
#6118=CARTESIAN_POINT('',(-1.00367288354052E-17,0.0675,-0.015));
#6119=CARTESIAN_POINT('',(-6.93889390390723E-18,0.0675,-1.48473962685471E-18));
#6120=CARTESIAN_POINT('',(-0.0228284271247462,0.0675,3.229840305025E-18));
#6121=CARTESIAN_POINT('',(-0.0228284271247462,0.0675,0.002));
#6122=CARTESIAN_POINT('',(-0.0214142135623731,0.0675,0.000585786437626907));
#6123=CARTESIAN_POINT('',(-0.019,0.0675,0.003));
#6124=CARTESIAN_POINT('',(-3.0663188534999E-34,0.0475,-1.48473962685471E-18));
#6125=CARTESIAN_POINT('',(-0.0228284271247462,0.0675,3.229840305025E-18));
#6126=CARTESIAN_POINT('',(-0.04,0.0475,-0.015));
#6127=CARTESIAN_POINT('',(-0.04,0.0675,-0.0135));
#6128=CARTESIAN_POINT('',(-3.09783493149802E-18,0.0475,-0.015));
#6129=CARTESIAN_POINT('',(-0.039,0.0675,-0.015));
#6130=CARTESIAN_POINT('',(0.04,0.0475,-0.015));
#6131=CARTESIAN_POINT('',(0.04,0.0275,-0.0135));
#6132=CARTESIAN_POINT('',(-3.09783493149802E-18,0.0475,-0.015));
#6133=CARTESIAN_POINT('',(0.039,0.0675,-0.015));
#6134=CARTESIAN_POINT('',(0.039,0.0675,-0.0145));
#6135=CARTESIAN_POINT('',(0.039,0.0675,-0.0145));
#6136=CARTESIAN_POINT('',(-0.039,0.0675,-0.0145));
#6137=CARTESIAN_POINT('',(-0.039,0.0675,-0.0145));
#6138=CARTESIAN_POINT('',(-0.0395,0.0675,-0.014));
#6139=CARTESIAN_POINT('',(-0.0395,0.0275,-0.014));
#6140=CARTESIAN_POINT('',(0.04,0.0475,-0.0135));
#6141=CARTESIAN_POINT('',(0.0395,0.0675,-0.014));
#6142=CARTESIAN_POINT('',(-0.0395,0.0675,-0.0145));
#6143=CARTESIAN_POINT('',(0.0395,0.0675,-0.0145));
#6144=CARTESIAN_POINT('',(-0.019,0.03,0.003));
#6145=CARTESIAN_POINT('',(-0.0214142135623731,0.0275,0.000585786437626906));
#6146=CARTESIAN_POINT('',(-0.021,0.0255,0.001));
#6147=CARTESIAN_POINT('',(-0.0195857864376269,0.0269142135623731,0.0024142135623731));
#6148=CARTESIAN_POINT('',(-0.0195857864376269,0.03,0.0024142135623731));
#6149=CARTESIAN_POINT('',(-0.0195857864376269,0.0680857864376269,0.0024142135623731));
#6150=CARTESIAN_POINT('',(-0.021,0.0695,0.001));
#6151=CARTESIAN_POINT('',(0.022,0.0475,-6.02823085971847E-18));
#6152=CARTESIAN_POINT('',(0.0214142135623731,0.0675,0.000585786437626902));
#6153=CARTESIAN_POINT('',(0.021,0.0695,0.001));
#6154=CARTESIAN_POINT('',(0.0195857864376269,0.0680857864376269,0.00241421356237309));
#6155=CARTESIAN_POINT('',(0.0195857864376269,0.0275,0.00241421356237309));
#6156=CARTESIAN_POINT('',(0.0195857864376269,0.0269142135623731,0.00241421356237309));
#6157=CARTESIAN_POINT('',(0.021,0.0255,0.001));
#6158=CARTESIAN_POINT('',(0.021,0.0695,0.0025));
#6159=CARTESIAN_POINT('',(0.021,0.0695,-0.002));
#6160=CARTESIAN_POINT('',(0.021,0.0695,0.00382842712474619));
#6161=CARTESIAN_POINT('',(0.021,0.03,0.00382842712474619));
#6162=CARTESIAN_POINT('',(0.021,0.0255,0.00382842712474619));
#6163=CARTESIAN_POINT('',(0.021,0.0255,0.0025));
#6164=CARTESIAN_POINT('',(0.021,0.0255,-0.002));
#6165=CARTESIAN_POINT('',(-0.021,0.0695,0.0025));
#6166=CARTESIAN_POINT('',(-0.021,0.0695,0.0038284271247462));
#6167=CARTESIAN_POINT('',(-0.021,0.0695,-0.002));
#6168=CARTESIAN_POINT('',(-0.021,0.03,0.0038284271247462));
#6169=CARTESIAN_POINT('',(-0.021,0.0255,0.0038284271247462));
#6170=CARTESIAN_POINT('',(-0.021,0.0255,0.0025));
#6171=CARTESIAN_POINT('',(-0.021,0.0255,-0.002));
#6172=CARTESIAN_POINT('',(0.0228284271247462,0.0475,0.002));
#6173=CARTESIAN_POINT('',(-0.0228284271247462,0.0475,0.002));
#6174=CARTESIAN_POINT('',(0.0095,0.0695,-0.002));
#6175=CARTESIAN_POINT('',(1.02265926617913E-17,0.0255,-0.002));
#6176=CARTESIAN_POINT('',(-0.00751641115628708,0.000501425885413638,0.0126730148931409));
#6177=CARTESIAN_POINT('',(-0.01725,0.095,0.003));
#6178=CARTESIAN_POINT('',(-0.01725,0.03,0.003));
#6179=CARTESIAN_POINT('',(-0.0195,0.03,0.003));
#6180=CARTESIAN_POINT('',(-0.019,0.03,0.003));
#6181=CARTESIAN_POINT('',(-0.0195,0.095,0.003));
#6182=CARTESIAN_POINT('',(-0.0195,0.095,0.003));
#6183=CARTESIAN_POINT('',(-0.01725,0.095,0.003));
#6184=CARTESIAN_POINT('',(-0.015,0.095,0.003));
#6185=CARTESIAN_POINT('',(-0.015,0.07,0.003));
#6186=CARTESIAN_POINT('',(-0.015,0.071,0.003));
#6187=CARTESIAN_POINT('',(-0.019,0.071,0.003));
#6188=CARTESIAN_POINT('',(-0.019,0.071,0.003));
#6189=CARTESIAN_POINT('',(-0.019,0.095,0.003));
#6190=CARTESIAN_POINT('',(-0.011,0.095,0.00675));
#6191=CARTESIAN_POINT('',(-0.011,0.069,0.007));
#6192=CARTESIAN_POINT('',(-0.011,0.071,0.007));
#6193=CARTESIAN_POINT('',(-0.011,0.069,0.009));
#6194=CARTESIAN_POINT('',(-0.011,0.071,0.0015));
#6195=CARTESIAN_POINT('',(-0.011,0.071,0.0015));
#6196=CARTESIAN_POINT('',(-0.011,0.095,0.0015));
#6197=CARTESIAN_POINT('',(-0.011,0.095,0.0015));
#6198=CARTESIAN_POINT('',(-0.011,0.095,0.00675));
#6199=CARTESIAN_POINT('',(-0.011,0.095,0.012));
#6200=CARTESIAN_POINT('',(-0.011,0.095,0.012));
#6201=CARTESIAN_POINT('',(-0.011,0.03,0.012));
#6202=CARTESIAN_POINT('',(-0.011,0.03,0.00675));
#6203=CARTESIAN_POINT('',(-0.011,0.03,0.009));
#6204=CARTESIAN_POINT('',(-0.011,0.07,0.009));
#6205=CARTESIAN_POINT('',(0.011,0.095,0.00675));
#6206=CARTESIAN_POINT('',(0.011,0.095,0.0015));
#6207=CARTESIAN_POINT('',(0.011,0.095,0.0015));
#6208=CARTESIAN_POINT('',(0.011,0.071,0.0015));
#6209=CARTESIAN_POINT('',(0.011,0.071,0.00675));
#6210=CARTESIAN_POINT('',(0.011,0.071,0.007));
#6211=CARTESIAN_POINT('',(0.011,0.069,0.007));
#6212=CARTESIAN_POINT('',(0.011,0.069,0.009));
#6213=CARTESIAN_POINT('',(0.011,0.095,0.009));
#6214=CARTESIAN_POINT('',(0.011,0.03,0.009));
#6215=CARTESIAN_POINT('',(0.011,0.03,0.00675));
#6216=CARTESIAN_POINT('',(0.011,0.03,0.012));
#6217=CARTESIAN_POINT('',(0.011,0.095,0.012));
#6218=CARTESIAN_POINT('',(0.011,0.095,0.012));
#6219=CARTESIAN_POINT('',(0.011,0.095,0.00675));
#6220=CARTESIAN_POINT('',(0.01725,0.095,0.003));
#6221=CARTESIAN_POINT('',(0.01725,0.095,0.003));
#6222=CARTESIAN_POINT('',(0.015,0.095,0.003));
#6223=CARTESIAN_POINT('',(0.0195,0.095,0.003));
#6224=CARTESIAN_POINT('',(0.0195,0.03,0.003));
#6225=CARTESIAN_POINT('',(0.0195,0.03,0.003));
#6226=CARTESIAN_POINT('',(0.01725,0.03,0.003));
#6227=CARTESIAN_POINT('',(0.019,0.03,0.003));
#6228=CARTESIAN_POINT('',(0.019,0.095,0.003));
#6229=CARTESIAN_POINT('',(0.019,0.071,0.003));
#6230=CARTESIAN_POINT('',(0.01725,0.071,0.003));
#6231=CARTESIAN_POINT('',(0.015,0.071,0.003));
#6232=CARTESIAN_POINT('',(0.015,0.095,0.003));
#6233=CARTESIAN_POINT('',(0.0205,0.095,0.0085));
#6234=CARTESIAN_POINT('',(0.0205,0.03,0.0085));
#6235=CARTESIAN_POINT('',(0.0205,0.03,0.004));
#6236=CARTESIAN_POINT('',(0.0205,0.03,0.013));
#6237=CARTESIAN_POINT('',(0.0205,0.095,0.004));
#6238=CARTESIAN_POINT('',(0.0205,0.095,0.004));
#6239=CARTESIAN_POINT('',(0.0205,0.095,0.0085));
#6240=CARTESIAN_POINT('',(0.0205,0.095,0.013));
#6241=CARTESIAN_POINT('',(0.0205,0.03,0.013));
#6242=CARTESIAN_POINT('',(-3.46944695195361E-18,0.095,0.014));
#6243=CARTESIAN_POINT('',(-3.46944695195361E-18,0.095,0.014));
#6244=CARTESIAN_POINT('',(0.0195,0.095,0.014));
#6245=CARTESIAN_POINT('',(-0.0195,0.095,0.014));
#6246=CARTESIAN_POINT('',(-0.0195,0.095,0.014));
#6247=CARTESIAN_POINT('',(-0.0195,0.03,0.014));
#6248=CARTESIAN_POINT('',(-3.46944695195361E-18,0.03,0.014));
#6249=CARTESIAN_POINT('',(0.0195,0.03,0.014));
#6250=CARTESIAN_POINT('',(0.0195,0.095,0.014));
#6251=CARTESIAN_POINT('',(-0.0205,0.095,0.0085));
#6252=CARTESIAN_POINT('',(-0.0205,0.095,0.0085));
#6253=CARTESIAN_POINT('',(-0.0205,0.095,0.013));
#6254=CARTESIAN_POINT('',(-0.0205,0.095,0.004));
#6255=CARTESIAN_POINT('',(-0.0205,0.03,0.004));
#6256=CARTESIAN_POINT('',(-0.0205,0.03,0.004));
#6257=CARTESIAN_POINT('',(-0.0205,0.03,0.0085));
#6258=CARTESIAN_POINT('',(-0.0205,0.03,0.013));
#6259=CARTESIAN_POINT('',(-0.0205,0.095,0.013));
#6260=CARTESIAN_POINT('',(0.,0.095,0.012));
#6261=CARTESIAN_POINT('',(0.,0.03,0.012));
#6262=CARTESIAN_POINT('',(0.,0.095,0.012));
#6263=CARTESIAN_POINT('',(-0.0115,0.095,-8.67361737988404E-19));
#6264=CARTESIAN_POINT('',(-0.009,0.095,2.16840434497101E-19));
#6265=CARTESIAN_POINT('',(-0.009,0.095,2.16840434497101E-19));
#6266=CARTESIAN_POINT('',(-0.009,0.07,-8.67361737988404E-19));
#6267=CARTESIAN_POINT('',(-0.0165,0.07,-8.67361737988404E-19));
#6268=CARTESIAN_POINT('',(-0.014,0.07,-8.67361737988404E-19));
#6269=CARTESIAN_POINT('',(-0.014,0.095,-8.67361737988404E-19));
#6270=CARTESIAN_POINT('',(-0.014,0.095,-8.67361737988404E-19));
#6271=CARTESIAN_POINT('',(-0.0115,0.095,-8.67361737988404E-19));
#6272=CARTESIAN_POINT('',(0.0115,0.095,-8.67361737988404E-19));
#6273=CARTESIAN_POINT('',(0.014,0.095,-8.67361737988404E-19));
#6274=CARTESIAN_POINT('',(0.014,0.095,-8.67361737988404E-19));
#6275=CARTESIAN_POINT('',(0.014,0.07,-8.67361737988404E-19));
#6276=CARTESIAN_POINT('',(-0.0165,0.07,-8.67361737988404E-19));
#6277=CARTESIAN_POINT('',(0.009,0.07,-8.67361737988404E-19));
#6278=CARTESIAN_POINT('',(0.009,0.095,2.16840434497101E-19));
#6279=CARTESIAN_POINT('',(0.009,0.095,2.16840434497101E-19));
#6280=CARTESIAN_POINT('',(0.0115,0.095,-8.67361737988404E-19));
#6281=CARTESIAN_POINT('',(-0.014,0.095,0.0015));
#6282=CARTESIAN_POINT('',(-0.014,0.07,0.0015));
#6283=CARTESIAN_POINT('',(-0.014,0.07,0.000267949192431124));
#6284=CARTESIAN_POINT('',(-0.014,0.07,0.000267949192431124));
#6285=CARTESIAN_POINT('',(-0.014,0.07,0.000614603298381225));
#6286=CARTESIAN_POINT('',(-0.014,0.0702671545707659,0.00126783664217776));
#6287=CARTESIAN_POINT('',(-0.014,0.0707587022722921,0.00175870106580588));
#6288=CARTESIAN_POINT('',(-0.014,0.071,0.002));
#6289=CARTESIAN_POINT('',(-0.014,0.071,0.002));
#6290=CARTESIAN_POINT('',(-0.014,0.095,0.002));
#6291=CARTESIAN_POINT('',(-0.014,0.095,0.002));
#6292=CARTESIAN_POINT('',(-0.014,0.095,0.0015));
#6293=CARTESIAN_POINT('',(-0.009,0.095,0.00075));
#6294=CARTESIAN_POINT('',(-0.009,0.095,0.00075));
#6295=CARTESIAN_POINT('',(-0.009,0.095,0.0005));
#6296=CARTESIAN_POINT('',(-0.009,0.095,0.0005));
#6297=CARTESIAN_POINT('',(-0.009,0.07,0.0005));
#6298=CARTESIAN_POINT('',(-0.009,0.07,0.00075));
#6299=CARTESIAN_POINT('',(-0.01,0.095,0.0015));
#6300=CARTESIAN_POINT('',(-0.01,0.07,0.0015));
#6301=CARTESIAN_POINT('',(-0.01,0.07,0.0015));
#6302=CARTESIAN_POINT('',(-0.012,0.07,0.0015));
#6303=CARTESIAN_POINT('',(-0.01,0.095,0.0015));
#6304=CARTESIAN_POINT('',(-0.01,0.095,0.0015));
#6305=CARTESIAN_POINT('',(-0.01,0.095,0.0015));
#6306=CARTESIAN_POINT('',(-0.012,0.071,0.0015));
#6307=CARTESIAN_POINT('',(0.01,0.095,0.0015));
#6308=CARTESIAN_POINT('',(0.01,0.095,0.0015));
#6309=CARTESIAN_POINT('',(0.01,0.095,0.0015));
#6310=CARTESIAN_POINT('',(0.01,0.095,0.0015));
#6311=CARTESIAN_POINT('',(0.01,0.07,0.0015));
#6312=CARTESIAN_POINT('',(0.01,0.07,0.0015));
#6313=CARTESIAN_POINT('',(0.012,0.07,0.0015));
#6314=CARTESIAN_POINT('',(0.012,0.071,0.0015));
#6315=CARTESIAN_POINT('',(0.009,0.095,0.00075));
#6316=CARTESIAN_POINT('',(0.009,0.07,0.00075));
#6317=CARTESIAN_POINT('',(0.009,0.07,0.0005));
#6318=CARTESIAN_POINT('',(0.009,0.095,0.0005));
#6319=CARTESIAN_POINT('',(0.009,0.095,0.0005));
#6320=CARTESIAN_POINT('',(0.009,0.095,0.00075));
#6321=CARTESIAN_POINT('',(0.014,0.095,0.0015));
#6322=CARTESIAN_POINT('',(0.014,0.07,0.002));
#6323=CARTESIAN_POINT('',(0.014,0.095,0.002));
#6324=CARTESIAN_POINT('',(0.014,0.071,0.002));
#6325=CARTESIAN_POINT('',(0.014,0.07,0.000267949192431124));
#6326=CARTESIAN_POINT('',(0.014,0.07,0.000614603298381225));
#6327=CARTESIAN_POINT('',(0.014,0.0702671545707659,0.00126783664217776));
#6328=CARTESIAN_POINT('',(0.014,0.0707587022722921,0.00175870106580588));
#6329=CARTESIAN_POINT('',(0.014,0.071,0.002));
#6330=CARTESIAN_POINT('',(0.014,0.07,0.000267949192431124));
#6331=CARTESIAN_POINT('',(0.014,0.07,0.0015));
#6332=CARTESIAN_POINT('',(0.014,0.095,0.0015));
#6333=CARTESIAN_POINT('',(-3.46944695195361E-18,0.095,0.007));
#6334=CARTESIAN_POINT('',(0.0195,0.095,0.004));
#6335=CARTESIAN_POINT('',(0.015,0.095,0.002));
#6336=CARTESIAN_POINT('',(0.01,0.095,0.0005));
#6337=CARTESIAN_POINT('',(-0.01,0.095,0.0005));
#6338=CARTESIAN_POINT('',(-0.015,0.095,0.002));
#6339=CARTESIAN_POINT('',(-0.0195,0.095,0.004));
#6340=CARTESIAN_POINT('',(-0.0195,0.095,0.013));
#6341=CARTESIAN_POINT('',(0.0195,0.095,0.013));
#6342=CARTESIAN_POINT('',(0.019,0.05,0.008));
#6343=CARTESIAN_POINT('',(0.019,0.03,0.008));
#6344=CARTESIAN_POINT('',(0.019,0.03,0.007));
#6345=CARTESIAN_POINT('',(0.019,0.05,0.007));
#6346=CARTESIAN_POINT('',(0.019,0.07,0.007));
#6347=CARTESIAN_POINT('',(0.019,0.07,0.008));
#6348=CARTESIAN_POINT('',(0.019,0.07,0.004));
#6349=CARTESIAN_POINT('',(0.019,0.071,0.004));
#6350=CARTESIAN_POINT('',(-0.0165,0.07,0.008));
#6351=CARTESIAN_POINT('',(0.011,0.07,0.007));
#6352=CARTESIAN_POINT('',(0.012,0.07,0.007));
#6353=CARTESIAN_POINT('',(0.012,0.07,0.008));
#6354=CARTESIAN_POINT('',(0.01,0.07,0.0005));
#6355=CARTESIAN_POINT('',(0.015,0.07,0.002));
#6356=CARTESIAN_POINT('',(0.015,0.07,0.004));
#6357=CARTESIAN_POINT('',(-0.0165,0.07,0.004));
#6358=CARTESIAN_POINT('',(0.,0.0475,0.008));
#6359=CARTESIAN_POINT('',(-0.0165,0.03,0.008));
#6360=CARTESIAN_POINT('',(0.012,0.03,0.008));
#6361=CARTESIAN_POINT('',(0.018,0.03,0.008));
#6362=CARTESIAN_POINT('',(0.012,0.0475,0.008));
#6363=CARTESIAN_POINT('',(0.012,0.069,0.008));
#6364=CARTESIAN_POINT('',(0.019,0.069,0.008));
#6365=CARTESIAN_POINT('',(0.018,0.069,0.008));
#6366=CARTESIAN_POINT('',(0.018,0.0475,0.008));
#6367=CARTESIAN_POINT('',(-0.019,0.05,0.008));
#6368=CARTESIAN_POINT('',(-0.019,0.07,0.008));
#6369=CARTESIAN_POINT('',(-0.019,0.07,0.007));
#6370=CARTESIAN_POINT('',(-0.019,0.07,0.004));
#6371=CARTESIAN_POINT('',(-0.019,0.03,0.007));
#6372=CARTESIAN_POINT('',(-0.019,0.03,0.007));
#6373=CARTESIAN_POINT('',(-0.019,0.03,0.008));
#6374=CARTESIAN_POINT('',(-0.019,0.071,0.004));
#6375=CARTESIAN_POINT('',(0.,0.0475,0.008));
#6376=CARTESIAN_POINT('',(-0.0165,0.03,0.008));
#6377=CARTESIAN_POINT('',(-0.018,0.03,0.008));
#6378=CARTESIAN_POINT('',(-0.012,0.03,0.008));
#6379=CARTESIAN_POINT('',(-0.018,0.07,0.008));
#6380=CARTESIAN_POINT('',(-0.018,0.069,0.008));
#6381=CARTESIAN_POINT('',(-0.011,0.069,0.008));
#6382=CARTESIAN_POINT('',(-0.012,0.069,0.008));
#6383=CARTESIAN_POINT('',(-0.012,0.03,0.008));
#6384=CARTESIAN_POINT('',(-0.0165,0.07,0.008));
#6385=CARTESIAN_POINT('',(-0.012,0.07,0.008));
#6386=CARTESIAN_POINT('',(-0.012,0.07,0.007));
#6387=CARTESIAN_POINT('',(-0.019,0.07,0.007));
#6388=CARTESIAN_POINT('',(-0.014,0.07,0.004));
#6389=CARTESIAN_POINT('',(-0.015,0.07,0.004));
#6390=CARTESIAN_POINT('',(-0.015,0.07,0.002));
#6391=CARTESIAN_POINT('',(-0.01,0.07,0.0005));
#6392=CARTESIAN_POINT('',(0.,0.03,0.));
#6393=CARTESIAN_POINT('',(-0.012,0.03,0.009));
#6394=CARTESIAN_POINT('',(0.012,0.03,0.009));
#6395=CARTESIAN_POINT('',(0.018,0.03,0.007));
#6396=CARTESIAN_POINT('',(0.0195,0.03,0.004));
#6397=CARTESIAN_POINT('',(0.0195,0.03,0.013));
#6398=CARTESIAN_POINT('',(-0.0195,0.03,0.013));
#6399=CARTESIAN_POINT('',(-0.0195,0.03,0.004));
#6400=CARTESIAN_POINT('',(-0.018,0.03,0.007));
#6401=CARTESIAN_POINT('',(-0.012,0.0475,0.009));
#6402=CARTESIAN_POINT('',(-0.012,0.069,0.009));
#6403=CARTESIAN_POINT('',(-0.012,0.071,0.008));
#6404=CARTESIAN_POINT('',(-0.012,0.071,0.007));
#6405=CARTESIAN_POINT('',(-0.012,0.069,0.007));
#6406=CARTESIAN_POINT('',(-0.012,0.069,0.007));
#6407=CARTESIAN_POINT('',(-0.018,0.05,0.007));
#6408=CARTESIAN_POINT('',(-0.018,0.069,0.007));
#6409=CARTESIAN_POINT('',(-0.0165,0.069,0.007));
#6410=CARTESIAN_POINT('',(-0.015,0.095,0.002));
#6411=CARTESIAN_POINT('',(-0.015,0.071,0.002));
#6412=CARTESIAN_POINT('',(-0.015,0.071,0.002));
#6413=CARTESIAN_POINT('',(-0.015,0.071,0.004));
#6414=CARTESIAN_POINT('',(-0.0165,0.071,0.004));
#6415=CARTESIAN_POINT('',(0.012,0.071,0.00675));
#6416=CARTESIAN_POINT('',(0.012,0.071,0.007));
#6417=CARTESIAN_POINT('',(0.012,0.095,0.009));
#6418=CARTESIAN_POINT('',(0.012,0.069,0.009));
#6419=CARTESIAN_POINT('',(0.018,0.0475,0.007));
#6420=CARTESIAN_POINT('',(0.018,0.069,0.007));
#6421=CARTESIAN_POINT('',(0.012,0.069,0.007));
#6422=CARTESIAN_POINT('',(0.012,0.069,0.007));
#6423=CARTESIAN_POINT('',(-0.0165,0.069,0.007));
#6424=CARTESIAN_POINT('',(0.015,0.095,0.002));
#6425=CARTESIAN_POINT('',(0.015,0.071,0.002));
#6426=CARTESIAN_POINT('',(0.015,0.071,0.002));
#6427=CARTESIAN_POINT('',(0.015,0.071,0.004));
#6428=CARTESIAN_POINT('',(0.01725,0.071,0.004));
#6429=CARTESIAN_POINT('',(0.0195,0.095,0.004));
#6430=CARTESIAN_POINT('',(-0.0195,0.095,0.004));
#6431=CARTESIAN_POINT('',(-0.0195,0.095,0.013));
#6432=CARTESIAN_POINT('',(0.0195,0.095,0.013));
#6433=CARTESIAN_POINT('',(0.01,0.095,0.0005));
#6434=CARTESIAN_POINT('',(-0.01,0.095,0.0005));
#6435=CARTESIAN_POINT('',(-0.00751641115628708,0.000501425885413631,0.0146730148931409));
#6436=MECHANICAL_DESIGN_GEOMETRIC_PRESENTATION_REPRESENTATION('',(#3831,
#3832,#3833),#6437);
#6437=(
GEOMETRIC_REPRESENTATION_CONTEXT(3)
GLOBAL_UNCERTAINTY_ASSIGNED_CONTEXT((#6441))
GLOBAL_UNIT_ASSIGNED_CONTEXT((#6447,#6446,#6445))
REPRESENTATION_CONTEXT('HACKATHON_ASSEMBLY','TOP_LEVEL_ASSEMBLY_PART')
);
#6438=(
GEOMETRIC_REPRESENTATION_CONTEXT(3)
GLOBAL_UNCERTAINTY_ASSIGNED_CONTEXT((#6442))
GLOBAL_UNIT_ASSIGNED_CONTEXT((#6447,#6446,#6445))
REPRESENTATION_CONTEXT('Part 1','COMPONENT_PART')
);
#6439=(
GEOMETRIC_REPRESENTATION_CONTEXT(3)
GLOBAL_UNCERTAINTY_ASSIGNED_CONTEXT((#6443))
GLOBAL_UNIT_ASSIGNED_CONTEXT((#6447,#6446,#6445))
REPRESENTATION_CONTEXT('Part 1','COMPONENT_PART')
);
#6440=(
GEOMETRIC_REPRESENTATION_CONTEXT(3)
GLOBAL_UNCERTAINTY_ASSIGNED_CONTEXT((#6444))
GLOBAL_UNIT_ASSIGNED_CONTEXT((#6447,#6446,#6445))
REPRESENTATION_CONTEXT('Part 2','COMPONENT_PART')
);
#6441=UNCERTAINTY_MEASURE_WITH_UNIT(LENGTH_MEASURE(1.E-8),#6447,
'DISTANCE_ACCURACY_VALUE','Maximum Tolerance applied to model');
#6442=UNCERTAINTY_MEASURE_WITH_UNIT(LENGTH_MEASURE(2.E-5),#6447,
'DISTANCE_ACCURACY_VALUE','Maximum Tolerance applied to model');
#6443=UNCERTAINTY_MEASURE_WITH_UNIT(LENGTH_MEASURE(2.E-5),#6447,
'DISTANCE_ACCURACY_VALUE','Maximum Tolerance applied to model');
#6444=UNCERTAINTY_MEASURE_WITH_UNIT(LENGTH_MEASURE(2.E-5),#6447,
'DISTANCE_ACCURACY_VALUE','Maximum Tolerance applied to model');
#6445=(
NAMED_UNIT(*)
SI_UNIT($,.STERADIAN.)
SOLID_ANGLE_UNIT()
);
#6446=(
NAMED_UNIT(*)
PLANE_ANGLE_UNIT()
SI_UNIT($,.RADIAN.)
);
#6447=(
LENGTH_UNIT()
NAMED_UNIT(*)
SI_UNIT($,.METRE.)
);
#6448=PRODUCT_DEFINITION_SHAPE('','',#6455);
#6449=PRODUCT_DEFINITION_SHAPE('','',#6456);
#6450=PRODUCT_DEFINITION_SHAPE(' ','NAUO PRDDFN',#13);
#6451=PRODUCT_DEFINITION_SHAPE('','',#6457);
#6452=PRODUCT_DEFINITION_SHAPE(' ','NAUO PRDDFN',#14);
#6453=PRODUCT_DEFINITION_SHAPE('','',#6458);
#6454=PRODUCT_DEFINITION_SHAPE(' ','NAUO PRDDFN',#15);
#6455=PRODUCT_DEFINITION('','',#6463,#6459);
#6456=PRODUCT_DEFINITION('','',#6464,#6460);
#6457=PRODUCT_DEFINITION('','',#6465,#6461);
#6458=PRODUCT_DEFINITION('','',#6466,#6462);
#6459=PRODUCT_DEFINITION_CONTEXT('',#6484,'design');
#6460=PRODUCT_DEFINITION_CONTEXT('',#6484,'design');
#6461=PRODUCT_DEFINITION_CONTEXT('',#6484,'design');
#6462=PRODUCT_DEFINITION_CONTEXT('',#6484,'design');
#6463=PRODUCT_DEFINITION_FORMATION_WITH_SPECIFIED_SOURCE('','',#6471,
 .NOT_KNOWN.);
#6464=PRODUCT_DEFINITION_FORMATION_WITH_SPECIFIED_SOURCE('','',#6472,
 .NOT_KNOWN.);
#6465=PRODUCT_DEFINITION_FORMATION_WITH_SPECIFIED_SOURCE('','',#6473,
 .NOT_KNOWN.);
#6466=PRODUCT_DEFINITION_FORMATION_WITH_SPECIFIED_SOURCE('','',#6474,
 .NOT_KNOWN.);
#6467=PRODUCT_RELATED_PRODUCT_CATEGORY('','',(#6471));
#6468=PRODUCT_RELATED_PRODUCT_CATEGORY('','',(#6472));
#6469=PRODUCT_RELATED_PRODUCT_CATEGORY('','',(#6473));
#6470=PRODUCT_RELATED_PRODUCT_CATEGORY('','',(#6474));
#6471=PRODUCT('HACKATHON_ASSEMBLY','HACKATHON_ASSEMBLY',
'HACKATHON_ASSEMBLY',(#6479));
#6472=PRODUCT('Part 1','Part 1','Part 1',(#6480));
#6473=PRODUCT('Part 1','Part 1','Part 1',(#6481));
#6474=PRODUCT('Part 2','Part 2','Part 2',(#6482));
#6475=PRODUCT_CATEGORY('','');
#6476=PRODUCT_CATEGORY('','');
#6477=PRODUCT_CATEGORY('','');
#6478=PRODUCT_CATEGORY('','');
#6479=PRODUCT_CONTEXT('',#6484,'mechanical');
#6480=PRODUCT_CONTEXT('',#6484,'mechanical');
#6481=PRODUCT_CONTEXT('',#6484,'mechanical');
#6482=PRODUCT_CONTEXT('',#6484,'mechanical');
#6483=APPLICATION_PROTOCOL_DEFINITION('international standard',
'ap242_managed_model_based_3d_engineering',2020,#6484);
#6484=APPLICATION_CONTEXT('managed model based 3d engineering');
ENDSEC;
END-ISO-10303-21;
