ISO-10303-21;
HEADER;
/* Generated by software containing ST-Developer
 * from STEP Tools, Inc. (www.steptools.com) 
 */
/* OPTION: using custom renumber hook */

FILE_DESCRIPTION(
/* description */ ('STEP AP242 Edition 2',
'CAx-IF Rec.Pracs.---Representation and Presentation of Product Manufa
cturing Information (PMI)---4.0---2014-10-13',
'CAx-IF Rec.Pracs.---3D Tessellated Geometry---0.4---2014-09-14','2;1',
'CAx-IF Rec.Pracs.---User Defined Attributes---1.5---2016-08-15'),
/* implementation_level */ '2;1');

FILE_NAME(
/* name */ '6abf87691a2a090b907a9234',
/* time_stamp */ '2026-10-02T10:28:58Z',
/* author */ (''),
/* organization */ (''),
/* preprocessor_version */ 'ST-DEVELOPER v20',
/* originating_system */ 'ONSHAPE BY PTC INC, 1.221',
/* authorisation */ '  ');

FILE_SCHEMA (('AP242_MANAGED_MODEL_BASED_3D_ENGINEERING_MIM_LF { 1 0 10303 442 3 1 4 }'));
ENDSEC;

DATA;
#10=CONTEXT_DEPENDENT_SHAPE_REPRESENTATION(#16,#6593);
#11=CONTEXT_DEPENDENT_SHAPE_REPRESENTATION(#17,#6595);
#12=CONTEXT_DEPENDENT_SHAPE_REPRESENTATION(#18,#6597);
#13=NEXT_ASSEMBLY_USAGE_OCCURRENCE('NAUO1','Part 1','Part 1',#6598,#6599,
'');
#14=NEXT_ASSEMBLY_USAGE_OCCURRENCE('NAUO2','Part 1','Part 1',#6598,#6600,
'');
#15=NEXT_ASSEMBLY_USAGE_OCCURRENCE('NAUO3','Part 2','Part 2',#6598,#6601,
'');
#16=(
REPRESENTATION_RELATIONSHIP(' ',' ',#3944,#3943)
REPRESENTATION_RELATIONSHIP_WITH_TRANSFORMATION(#19)
SHAPE_REPRESENTATION_RELATIONSHIP()
);
#17=(
REPRESENTATION_RELATIONSHIP(' ',' ',#3945,#3943)
REPRESENTATION_RELATIONSHIP_WITH_TRANSFORMATION(#20)
SHAPE_REPRESENTATION_RELATIONSHIP()
);
#18=(
REPRESENTATION_RELATIONSHIP(' ',' ',#3946,#3943)
REPRESENTATION_RELATIONSHIP_WITH_TRANSFORMATION(#21)
SHAPE_REPRESENTATION_RELATIONSHIP()
);
#19=ITEM_DEFINED_TRANSFORMATION(' ',' ',#3947,#4019);
#20=ITEM_DEFINED_TRANSFORMATION(' ',' ',#3947,#4212);
#21=ITEM_DEFINED_TRANSFORMATION(' ',' ',#3947,#4297);
#22=SHAPE_REPRESENTATION_RELATIONSHIP('','',#3944,#25);
#23=SHAPE_REPRESENTATION_RELATIONSHIP('','',#3945,#26);
#24=SHAPE_REPRESENTATION_RELATIONSHIP('','',#3946,#27);
#25=ADVANCED_BREP_SHAPE_REPRESENTATION('',(#3936),#6581);
#26=ADVANCED_BREP_SHAPE_REPRESENTATION('',(#3937),#6582);
#27=ADVANCED_BREP_SHAPE_REPRESENTATION('',(#3938),#6583);
#28=SPHERICAL_SURFACE('',#4009,0.001);
#29=TOROIDAL_SURFACE('',#3994,0.0055,0.001);
#30=TOROIDAL_SURFACE('',#3995,0.0055,0.001);
#31=TOROIDAL_SURFACE('',#4003,0.002,0.001);
#32=TOROIDAL_SURFACE('',#4155,0.002,0.001);
#33=TOROIDAL_SURFACE('',#4161,0.002,0.001);
#34=TOROIDAL_SURFACE('',#4267,0.002,0.001);
#35=TOROIDAL_SURFACE('',#4274,0.002,0.001);
#36=TOROIDAL_SURFACE('',#4283,0.002,0.001);
#37=TOROIDAL_SURFACE('',#4288,0.002,0.001);
#38=ELLIPSE('',#3990,0.00141421356237309,0.001);
#39=ELLIPSE('',#3992,0.00141421356237309,0.001);
#40=ELLIPSE('',#3997,0.00141421356237309,0.001);
#41=ELLIPSE('',#3999,0.00141421356237309,0.001);
#42=ELLIPSE('',#4012,0.00141421356237309,0.001);
#43=ELLIPSE('',#4129,0.00141421356237309,0.001);
#44=ELLIPSE('',#4131,0.00141421356237309,0.001);
#45=ELLIPSE('',#4134,0.00141421356237309,0.001);
#46=ELLIPSE('',#4135,0.00141421356237309,0.001);
#47=ELLIPSE('',#4137,0.00141421356237309,0.001);
#48=ELLIPSE('',#4139,0.00141421356237309,0.001);
#49=ELLIPSE('',#4144,0.00141421356237309,0.001);
#50=ELLIPSE('',#4145,0.00141421356237309,0.001);
#51=ELLIPSE('',#4147,0.00141421356237309,0.001);
#52=ELLIPSE('',#4149,0.00141421356237309,0.001);
#53=ELLIPSE('',#4189,0.00282842712474619,0.002);
#54=ELLIPSE('',#4190,0.00282842712474619,0.002);
#55=ELLIPSE('',#4192,0.00282842712474619,0.002);
#56=ELLIPSE('',#4193,0.00282842712474619,0.002);
#57=ELLIPSE('',#4195,0.00282842712474619,0.002);
#58=ELLIPSE('',#4196,0.00282842712474619,0.002);
#59=ELLIPSE('',#4198,0.00282842712474619,0.002);
#60=ELLIPSE('',#4200,0.00282842712474619,0.002);
#61=ELLIPSE('',#4202,0.00282842712474619,0.002);
#62=ELLIPSE('',#4203,0.00282842712474619,0.002);
#63=ELLIPSE('',#4205,0.00282842712474619,0.002);
#64=ELLIPSE('',#4207,0.00282842712474619,0.002);
#65=ELLIPSE('',#4270,0.00141421356237309,0.001);
#66=ELLIPSE('',#4282,0.00141421356237309,0.001);
#67=B_SPLINE_CURVE_WITH_KNOTS('',3,(#5498,#5499,#5500,#5501,#5502),
 .UNSPECIFIED.,.F.,.F.,(4,1,4),(0.,0.00102374211662993,0.00204748423325986),
 .UNSPECIFIED.);
#68=B_SPLINE_CURVE_WITH_KNOTS('',3,(#6110,#6111,#6112,#6113,#6114),
 .UNSPECIFIED.,.F.,.F.,(4,1,4),(0.,0.00102374211662993,0.00204748423325987),
 .UNSPECIFIED.);
#69=B_SPLINE_CURVE_WITH_KNOTS('',3,(#6126,#6127,#6128,#6129,#6130),
 .UNSPECIFIED.,.F.,.F.,(4,1,4),(0.,0.00102374211662993,0.00204748423325987),
 .UNSPECIFIED.);
#70=B_SPLINE_CURVE_WITH_KNOTS('',3,(#6427,#6428,#6429,#6430,#6431),
 .UNSPECIFIED.,.F.,.F.,(4,1,4),(0.,0.00102374211662992,0.00204748423325985),
 .UNSPECIFIED.);
#71=B_SPLINE_CURVE_WITH_KNOTS('',3,(#6468,#6469,#6470,#6471,#6472),
 .UNSPECIFIED.,.F.,.F.,(4,1,4),(0.,0.00102374211662992,0.00204748423325985),
 .UNSPECIFIED.);
#72=LINE('',#5427,#492);
#73=LINE('',#5430,#493);
#74=LINE('',#5434,#494);
#75=LINE('',#5436,#495);
#76=LINE('',#5438,#496);
#77=LINE('',#5442,#497);
#78=LINE('',#5446,#498);
#79=LINE('',#5450,#499);
#80=LINE('',#5454,#500);
#81=LINE('',#5458,#501);
#82=LINE('',#5462,#502);
#83=LINE('',#5464,#503);
#84=LINE('',#5466,#504);
#85=LINE('',#5470,#505);
#86=LINE('',#5472,#506);
#87=LINE('',#5474,#507);
#88=LINE('',#5476,#508);
#89=LINE('',#5479,#509);
#90=LINE('',#5482,#510);
#91=LINE('',#5486,#511);
#92=LINE('',#5488,#512);
#93=LINE('',#5490,#513);
#94=LINE('',#5492,#514);
#95=LINE('',#5494,#515);
#96=LINE('',#5496,#516);
#97=LINE('',#5504,#517);
#98=LINE('',#5506,#518);
#99=LINE('',#5508,#519);
#100=LINE('',#5510,#520);
#101=LINE('',#5512,#521);
#102=LINE('',#5514,#522);
#103=LINE('',#5516,#523);
#104=LINE('',#5518,#524);
#105=LINE('',#5520,#525);
#106=LINE('',#5522,#526);
#107=LINE('',#5526,#527);
#108=LINE('',#5532,#528);
#109=LINE('',#5535,#529);
#110=LINE('',#5537,#530);
#111=LINE('',#5541,#531);
#112=LINE('',#5545,#532);
#113=LINE('',#5548,#533);
#114=LINE('',#5549,#534);
#115=LINE('',#5553,#535);
#116=LINE('',#5555,#536);
#117=LINE('',#5557,#537);
#118=LINE('',#5559,#538);
#119=LINE('',#5561,#539);
#120=LINE('',#5563,#540);
#121=LINE('',#5565,#541);
#122=LINE('',#5568,#542);
#123=LINE('',#5569,#543);
#124=LINE('',#5571,#544);
#125=LINE('',#5572,#545);
#126=LINE('',#5574,#546);
#127=LINE('',#5577,#547);
#128=LINE('',#5578,#548);
#129=LINE('',#5580,#549);
#130=LINE('',#5584,#550);
#131=LINE('',#5585,#551);
#132=LINE('',#5589,#552);
#133=LINE('',#5590,#553);
#134=LINE('',#5592,#554);
#135=LINE('',#5593,#555);
#136=LINE('',#5626,#556);
#137=LINE('',#5629,#557);
#138=LINE('',#5631,#558);
#139=LINE('',#5633,#559);
#140=LINE('',#5635,#560);
#141=LINE('',#5638,#561);
#142=LINE('',#5640,#562);
#143=LINE('',#5642,#563);
#144=LINE('',#5644,#564);
#145=LINE('',#5647,#565);
#146=LINE('',#5651,#566);
#147=LINE('',#5653,#567);
#148=LINE('',#5655,#568);
#149=LINE('',#5658,#569);
#150=LINE('',#5662,#570);
#151=LINE('',#5664,#571);
#152=LINE('',#5666,#572);
#153=LINE('',#5669,#573);
#154=LINE('',#5673,#574);
#155=LINE('',#5675,#575);
#156=LINE('',#5677,#576);
#157=LINE('',#5680,#577);
#158=LINE('',#5684,#578);
#159=LINE('',#5686,#579);
#160=LINE('',#5691,#580);
#161=LINE('',#5693,#581);
#162=LINE('',#5695,#582);
#163=LINE('',#5697,#583);
#164=LINE('',#5699,#584);
#165=LINE('',#5702,#585);
#166=LINE('',#5704,#586);
#167=LINE('',#5706,#587);
#168=LINE('',#5708,#588);
#169=LINE('',#5710,#589);
#170=LINE('',#5712,#590);
#171=LINE('',#5714,#591);
#172=LINE('',#5715,#592);
#173=LINE('',#5717,#593);
#174=LINE('',#5719,#594);
#175=LINE('',#5720,#595);
#176=LINE('',#5721,#596);
#177=LINE('',#5723,#597);
#178=LINE('',#5725,#598);
#179=LINE('',#5726,#599);
#180=LINE('',#5728,#600);
#181=LINE('',#5730,#601);
#182=LINE('',#5731,#602);
#183=LINE('',#5733,#603);
#184=LINE('',#5735,#604);
#185=LINE('',#5737,#605);
#186=LINE('',#5739,#606);
#187=LINE('',#5741,#607);
#188=LINE('',#5743,#608);
#189=LINE('',#5745,#609);
#190=LINE('',#5747,#610);
#191=LINE('',#5749,#611);
#192=LINE('',#5751,#612);
#193=LINE('',#5753,#613);
#194=LINE('',#5755,#614);
#195=LINE('',#5760,#615);
#196=LINE('',#5762,#616);
#197=LINE('',#5763,#617);
#198=LINE('',#5765,#618);
#199=LINE('',#5770,#619);
#200=LINE('',#5772,#620);
#201=LINE('',#5774,#621);
#202=LINE('',#5778,#622);
#203=LINE('',#5780,#623);
#204=LINE('',#5781,#624);
#205=LINE('',#5785,#625);
#206=LINE('',#5789,#626);
#207=LINE('',#5790,#627);
#208=LINE('',#5792,#628);
#209=LINE('',#5796,#629);
#210=LINE('',#5798,#630);
#211=LINE('',#5800,#631);
#212=LINE('',#5804,#632);
#213=LINE('',#5806,#633);
#214=LINE('',#5807,#634);
#215=LINE('',#5809,#635);
#216=LINE('',#5814,#636);
#217=LINE('',#5815,#637);
#218=LINE('',#5819,#638);
#219=LINE('',#5821,#639);
#220=LINE('',#5825,#640);
#221=LINE('',#5827,#641);
#222=LINE('',#5829,#642);
#223=LINE('',#5833,#643);
#224=LINE('',#5835,#644);
#225=LINE('',#5837,#645);
#226=LINE('',#5841,#646);
#227=LINE('',#5843,#647);
#228=LINE('',#5847,#648);
#229=LINE('',#5849,#649);
#230=LINE('',#5851,#650);
#231=LINE('',#5855,#651);
#232=LINE('',#5857,#652);
#233=LINE('',#5860,#653);
#234=LINE('',#5862,#654);
#235=LINE('',#5864,#655);
#236=LINE('',#5866,#656);
#237=LINE('',#5869,#657);
#238=LINE('',#5870,#658);
#239=LINE('',#5872,#659);
#240=LINE('',#5873,#660);
#241=LINE('',#5875,#661);
#242=LINE('',#5877,#662);
#243=LINE('',#5879,#663);
#244=LINE('',#5881,#664);
#245=LINE('',#5883,#665);
#246=LINE('',#5885,#666);
#247=LINE('',#5887,#667);
#248=LINE('',#5889,#668);
#249=LINE('',#5892,#669);
#250=LINE('',#5893,#670);
#251=LINE('',#5895,#671);
#252=LINE('',#5897,#672);
#253=LINE('',#5899,#673);
#254=LINE('',#5901,#674);
#255=LINE('',#5903,#675);
#256=LINE('',#5906,#676);
#257=LINE('',#5908,#677);
#258=LINE('',#5910,#678);
#259=LINE('',#5911,#679);
#260=LINE('',#5912,#680);
#261=LINE('',#5914,#681);
#262=LINE('',#5916,#682);
#263=LINE('',#5918,#683);
#264=LINE('',#5920,#684);
#265=LINE('',#5922,#685);
#266=LINE('',#5924,#686);
#267=LINE('',#5925,#687);
#268=LINE('',#5927,#688);
#269=LINE('',#5929,#689);
#270=LINE('',#5930,#690);
#271=LINE('',#5932,#691);
#272=LINE('',#5935,#692);
#273=LINE('',#5937,#693);
#274=LINE('',#5939,#694);
#275=LINE('',#5941,#695);
#276=LINE('',#5943,#696);
#277=LINE('',#5945,#697);
#278=LINE('',#5947,#698);
#279=LINE('',#5949,#699);
#280=LINE('',#5951,#700);
#281=LINE('',#5953,#701);
#282=LINE('',#5956,#702);
#283=LINE('',#5958,#703);
#284=LINE('',#5960,#704);
#285=LINE('',#5962,#705);
#286=LINE('',#5963,#706);
#287=LINE('',#5977,#707);
#288=LINE('',#5979,#708);
#289=LINE('',#5981,#709);
#290=LINE('',#5985,#710);
#291=LINE('',#5987,#711);
#292=LINE('',#5989,#712);
#293=LINE('',#5991,#713);
#294=LINE('',#5993,#714);
#295=LINE('',#5994,#715);
#296=LINE('',#5996,#716);
#297=LINE('',#5998,#717);
#298=LINE('',#6000,#718);
#299=LINE('',#6001,#719);
#300=LINE('',#6003,#720);
#301=LINE('',#6005,#721);
#302=LINE('',#6007,#722);
#303=LINE('',#6008,#723);
#304=LINE('',#6011,#724);
#305=LINE('',#6013,#725);
#306=LINE('',#6018,#726);
#307=LINE('',#6020,#727);
#308=LINE('',#6021,#728);
#309=LINE('',#6023,#729);
#310=LINE('',#6028,#730);
#311=LINE('',#6029,#731);
#312=LINE('',#6031,#732);
#313=LINE('',#6034,#733);
#314=LINE('',#6036,#734);
#315=LINE('',#6038,#735);
#316=LINE('',#6040,#736);
#317=LINE('',#6042,#737);
#318=LINE('',#6044,#738);
#319=LINE('',#6045,#739);
#320=LINE('',#6046,#740);
#321=LINE('',#6047,#741);
#322=LINE('',#6049,#742);
#323=LINE('',#6050,#743);
#324=LINE('',#6051,#744);
#325=LINE('',#6052,#745);
#326=LINE('',#6054,#746);
#327=LINE('',#6056,#747);
#328=LINE('',#6058,#748);
#329=LINE('',#6060,#749);
#330=LINE('',#6062,#750);
#331=LINE('',#6064,#751);
#332=LINE('',#6066,#752);
#333=LINE('',#6068,#753);
#334=LINE('',#6072,#754);
#335=LINE('',#6074,#755);
#336=LINE('',#6076,#756);
#337=LINE('',#6078,#757);
#338=LINE('',#6080,#758);
#339=LINE('',#6083,#759);
#340=LINE('',#6084,#760);
#341=LINE('',#6086,#761);
#342=LINE('',#6088,#762);
#343=LINE('',#6089,#763);
#344=LINE('',#6091,#764);
#345=LINE('',#6094,#765);
#346=LINE('',#6096,#766);
#347=LINE('',#6098,#767);
#348=LINE('',#6100,#768);
#349=LINE('',#6105,#769);
#350=LINE('',#6106,#770);
#351=LINE('',#6116,#771);
#352=LINE('',#6118,#772);
#353=LINE('',#6121,#773);
#354=LINE('',#6122,#774);
#355=LINE('',#6124,#775);
#356=LINE('',#6176,#776);
#357=LINE('',#6179,#777);
#358=LINE('',#6181,#778);
#359=LINE('',#6183,#779);
#360=LINE('',#6185,#780);
#361=LINE('',#6187,#781);
#362=LINE('',#6189,#782);
#363=LINE('',#6191,#783);
#364=LINE('',#6194,#784);
#365=LINE('',#6196,#785);
#366=LINE('',#6200,#786);
#367=LINE('',#6202,#787);
#368=LINE('',#6204,#788);
#369=LINE('',#6206,#789);
#370=LINE('',#6210,#790);
#371=LINE('',#6212,#791);
#372=LINE('',#6213,#792);
#373=LINE('',#6215,#793);
#374=LINE('',#6219,#794);
#375=LINE('',#6221,#795);
#376=LINE('',#6224,#796);
#377=LINE('',#6226,#797);
#378=LINE('',#6228,#798);
#379=LINE('',#6230,#799);
#380=LINE('',#6232,#800);
#381=LINE('',#6234,#801);
#382=LINE('',#6237,#802);
#383=LINE('',#6239,#803);
#384=LINE('',#6241,#804);
#385=LINE('',#6244,#805);
#386=LINE('',#6246,#806);
#387=LINE('',#6250,#807);
#388=LINE('',#6252,#808);
#389=LINE('',#6253,#809);
#390=LINE('',#6255,#810);
#391=LINE('',#6259,#811);
#392=LINE('',#6261,#812);
#393=LINE('',#6262,#813);
#394=LINE('',#6266,#814);
#395=LINE('',#6268,#815);
#396=LINE('',#6270,#816);
#397=LINE('',#6272,#817);
#398=LINE('',#6274,#818);
#399=LINE('',#6276,#819);
#400=LINE('',#6278,#820);
#401=LINE('',#6280,#821);
#402=LINE('',#6282,#822);
#403=LINE('',#6284,#823);
#404=LINE('',#6288,#824);
#405=LINE('',#6291,#825);
#406=LINE('',#6295,#826);
#407=LINE('',#6298,#827);
#408=LINE('',#6321,#828);
#409=LINE('',#6324,#829);
#410=LINE('',#6326,#830);
#411=LINE('',#6328,#831);
#412=LINE('',#6330,#832);
#413=LINE('',#6332,#833);
#414=LINE('',#6337,#834);
#415=LINE('',#6339,#835);
#416=LINE('',#6341,#836);
#417=LINE('',#6343,#837);
#418=LINE('',#6345,#838);
#419=LINE('',#6347,#839);
#420=LINE('',#6349,#840);
#421=LINE('',#6352,#841);
#422=LINE('',#6356,#842);
#423=LINE('',#6358,#843);
#424=LINE('',#6360,#844);
#425=LINE('',#6362,#845);
#426=LINE('',#6364,#846);
#427=LINE('',#6367,#847);
#428=LINE('',#6369,#848);
#429=LINE('',#6371,#849);
#430=LINE('',#6373,#850);
#431=LINE('',#6375,#851);
#432=LINE('',#6377,#852);
#433=LINE('',#6380,#853);
#434=LINE('',#6382,#854);
#435=LINE('',#6384,#855);
#436=LINE('',#6386,#856);
#437=LINE('',#6389,#857);
#438=LINE('',#6391,#858);
#439=LINE('',#6393,#859);
#440=LINE('',#6395,#860);
#441=LINE('',#6398,#861);
#442=LINE('',#6400,#862);
#443=LINE('',#6402,#863);
#444=LINE('',#6404,#864);
#445=LINE('',#6405,#865);
#446=LINE('',#6407,#866);
#447=LINE('',#6410,#867);
#448=LINE('',#6412,#868);
#449=LINE('',#6414,#869);
#450=LINE('',#6416,#870);
#451=LINE('',#6419,#871);
#452=LINE('',#6421,#872);
#453=LINE('',#6423,#873);
#454=LINE('',#6425,#874);
#455=LINE('',#6433,#875);
#456=LINE('',#6435,#876);
#457=LINE('',#6437,#877);
#458=LINE('',#6439,#878);
#459=LINE('',#6441,#879);
#460=LINE('',#6443,#880);
#461=LINE('',#6446,#881);
#462=LINE('',#6448,#882);
#463=LINE('',#6451,#883);
#464=LINE('',#6453,#884);
#465=LINE('',#6455,#885);
#466=LINE('',#6459,#886);
#467=LINE('',#6461,#887);
#468=LINE('',#6463,#888);
#469=LINE('',#6465,#889);
#470=LINE('',#6474,#890);
#471=LINE('',#6475,#891);
#472=LINE('',#6486,#892);
#473=LINE('',#6488,#893);
#474=LINE('',#6490,#894);
#475=LINE('',#6494,#895);
#476=LINE('',#6496,#896);
#477=LINE('',#6500,#897);
#478=LINE('',#6502,#898);
#479=LINE('',#6505,#899);
#480=LINE('',#6507,#900);
#481=LINE('',#6509,#901);
#482=LINE('',#6511,#902);
#483=LINE('',#6514,#903);
#484=LINE('',#6516,#904);
#485=LINE('',#6519,#905);
#486=LINE('',#6522,#906);
#487=LINE('',#6524,#907);
#488=LINE('',#6526,#908);
#489=LINE('',#6528,#909);
#490=LINE('',#6530,#910);
#491=LINE('',#6531,#911);
#492=VECTOR('',#4308,1.);
#493=VECTOR('',#4309,1.);
#494=VECTOR('',#4312,1.);
#495=VECTOR('',#4313,1.);
#496=VECTOR('',#4314,1.);
#497=VECTOR('',#4317,1.);
#498=VECTOR('',#4320,1.);
#499=VECTOR('',#4323,1.);
#500=VECTOR('',#4326,1.);
#501=VECTOR('',#4329,1.);
#502=VECTOR('',#4332,1.);
#503=VECTOR('',#4333,1.);
#504=VECTOR('',#4334,1.);
#505=VECTOR('',#4337,1.);
#506=VECTOR('',#4338,1.);
#507=VECTOR('',#4339,1.);
#508=VECTOR('',#4342,1.);
#509=VECTOR('',#4343,1.);
#510=VECTOR('',#4346,1.);
#511=VECTOR('',#4351,1.);
#512=VECTOR('',#4352,1.);
#513=VECTOR('',#4353,1.);
#514=VECTOR('',#4356,1.);
#515=VECTOR('',#4357,1.);
#516=VECTOR('',#4360,1.);
#517=VECTOR('',#4361,1.);
#518=VECTOR('',#4364,1.);
#519=VECTOR('',#4365,1.);
#520=VECTOR('',#4366,1.);
#521=VECTOR('',#4369,1.);
#522=VECTOR('',#4370,1.);
#523=VECTOR('',#4373,1.);
#524=VECTOR('',#4374,1.);
#525=VECTOR('',#4377,1.);
#526=VECTOR('',#4378,1.);
#527=VECTOR('',#4381,1.);
#528=VECTOR('',#4388,1.);
#529=VECTOR('',#4389,1.);
#530=VECTOR('',#4390,1.);
#531=VECTOR('',#4393,1.);
#532=VECTOR('',#4398,1.);
#533=VECTOR('',#4399,1.);
#534=VECTOR('',#4400,1.);
#535=VECTOR('',#4405,1.);
#536=VECTOR('',#4406,1.);
#537=VECTOR('',#4407,1.);
#538=VECTOR('',#4410,1.);
#539=VECTOR('',#4411,1.);
#540=VECTOR('',#4412,1.);
#541=VECTOR('',#4415,1.);
#542=VECTOR('',#4416,1.);
#543=VECTOR('',#4417,1.);
#544=VECTOR('',#4420,1.);
#545=VECTOR('',#4421,1.);
#546=VECTOR('',#4424,1.);
#547=VECTOR('',#4425,1.);
#548=VECTOR('',#4426,1.);
#549=VECTOR('',#4427,1.);
#550=VECTOR('',#4432,1.);
#551=VECTOR('',#4433,1.);
#552=VECTOR('',#4440,1.);
#553=VECTOR('',#4441,1.);
#554=VECTOR('',#4444,1.);
#555=VECTOR('',#4445,1.);
#556=VECTOR('',#4510,1.);
#557=VECTOR('',#4511,1.);
#558=VECTOR('',#4512,1.);
#559=VECTOR('',#4513,1.);
#560=VECTOR('',#4516,1.);
#561=VECTOR('',#4517,1.);
#562=VECTOR('',#4518,1.);
#563=VECTOR('',#4519,1.);
#564=VECTOR('',#4522,1.);
#565=VECTOR('',#4523,1.);
#566=VECTOR('',#4526,1.);
#567=VECTOR('',#4527,1.);
#568=VECTOR('',#4530,1.);
#569=VECTOR('',#4531,1.);
#570=VECTOR('',#4534,1.);
#571=VECTOR('',#4535,1.);
#572=VECTOR('',#4538,1.);
#573=VECTOR('',#4539,1.);
#574=VECTOR('',#4542,1.);
#575=VECTOR('',#4543,1.);
#576=VECTOR('',#4546,1.);
#577=VECTOR('',#4547,1.);
#578=VECTOR('',#4550,1.);
#579=VECTOR('',#4551,1.);
#580=VECTOR('',#4556,1.);
#581=VECTOR('',#4557,1.);
#582=VECTOR('',#4558,1.);
#583=VECTOR('',#4559,1.);
#584=VECTOR('',#4562,1.);
#585=VECTOR('',#4563,1.);
#586=VECTOR('',#4564,1.);
#587=VECTOR('',#4565,1.);
#588=VECTOR('',#4566,1.);
#589=VECTOR('',#4567,1.);
#590=VECTOR('',#4568,1.);
#591=VECTOR('',#4569,1.);
#592=VECTOR('',#4570,1.);
#593=VECTOR('',#4571,1.);
#594=VECTOR('',#4572,1.);
#595=VECTOR('',#4573,1.);
#596=VECTOR('',#4574,1.);
#597=VECTOR('',#4575,1.);
#598=VECTOR('',#4576,1.);
#599=VECTOR('',#4577,1.);
#600=VECTOR('',#4578,1.);
#601=VECTOR('',#4579,1.);
#602=VECTOR('',#4580,1.);
#603=VECTOR('',#4581,1.);
#604=VECTOR('',#4582,1.);
#605=VECTOR('',#4583,1.);
#606=VECTOR('',#4584,1.);
#607=VECTOR('',#4585,1.);
#608=VECTOR('',#4586,1.);
#609=VECTOR('',#4587,1.);
#610=VECTOR('',#4588,1.);
#611=VECTOR('',#4589,1.);
#612=VECTOR('',#4590,1.);
#613=VECTOR('',#4591,1.);
#614=VECTOR('',#4592,1.);
#615=VECTOR('',#4597,1.);
#616=VECTOR('',#4598,1.);
#617=VECTOR('',#4599,1.);
#618=VECTOR('',#4602,1.);
#619=VECTOR('',#4605,1.);
#620=VECTOR('',#4606,1.);
#621=VECTOR('',#4607,1.);
#622=VECTOR('',#4610,1.);
#623=VECTOR('',#4611,1.);
#624=VECTOR('',#4612,1.);
#625=VECTOR('',#4615,1.);
#626=VECTOR('',#4618,1.);
#627=VECTOR('',#4619,1.);
#628=VECTOR('',#4620,1.);
#629=VECTOR('',#4623,1.);
#630=VECTOR('',#4624,1.);
#631=VECTOR('',#4625,1.);
#632=VECTOR('',#4628,1.);
#633=VECTOR('',#4629,1.);
#634=VECTOR('',#4630,1.);
#635=VECTOR('',#4633,1.);
#636=VECTOR('',#4636,1.);
#637=VECTOR('',#4637,1.);
#638=VECTOR('',#4642,1.);
#639=VECTOR('',#4643,1.);
#640=VECTOR('',#4646,1.);
#641=VECTOR('',#4647,1.);
#642=VECTOR('',#4648,1.);
#643=VECTOR('',#4651,1.);
#644=VECTOR('',#4652,1.);
#645=VECTOR('',#4655,1.);
#646=VECTOR('',#4658,1.);
#647=VECTOR('',#4659,1.);
#648=VECTOR('',#4662,1.);
#649=VECTOR('',#4663,1.);
#650=VECTOR('',#4664,1.);
#651=VECTOR('',#4667,1.);
#652=VECTOR('',#4670,1.);
#653=VECTOR('',#4671,1.);
#654=VECTOR('',#4672,1.);
#655=VECTOR('',#4673,1.);
#656=VECTOR('',#4676,1.);
#657=VECTOR('',#4677,1.);
#658=VECTOR('',#4678,1.);
#659=VECTOR('',#4681,1.);
#660=VECTOR('',#4682,1.);
#661=VECTOR('',#4685,1.);
#662=VECTOR('',#4686,1.);
#663=VECTOR('',#4687,1.);
#664=VECTOR('',#4690,1.);
#665=VECTOR('',#4691,1.);
#666=VECTOR('',#4694,1.);
#667=VECTOR('',#4695,1.);
#668=VECTOR('',#4698,1.);
#669=VECTOR('',#4699,1.);
#670=VECTOR('',#4700,1.);
#671=VECTOR('',#4703,1.);
#672=VECTOR('',#4704,1.);
#673=VECTOR('',#4707,1.);
#674=VECTOR('',#4708,1.);
#675=VECTOR('',#4711,1.);
#676=VECTOR('',#4712,1.);
#677=VECTOR('',#4713,1.);
#678=VECTOR('',#4714,1.);
#679=VECTOR('',#4715,1.);
#680=VECTOR('',#4716,1.);
#681=VECTOR('',#4719,1.);
#682=VECTOR('',#4720,1.);
#683=VECTOR('',#4721,1.);
#684=VECTOR('',#4724,1.);
#685=VECTOR('',#4725,1.);
#686=VECTOR('',#4726,1.);
#687=VECTOR('',#4727,1.);
#688=VECTOR('',#4728,1.);
#689=VECTOR('',#4729,1.);
#690=VECTOR('',#4730,1.);
#691=VECTOR('',#4733,1.);
#692=VECTOR('',#4734,1.);
#693=VECTOR('',#4735,1.);
#694=VECTOR('',#4736,1.);
#695=VECTOR('',#4739,1.);
#696=VECTOR('',#4740,1.);
#697=VECTOR('',#4741,1.);
#698=VECTOR('',#4744,1.);
#699=VECTOR('',#4745,1.);
#700=VECTOR('',#4746,1.);
#701=VECTOR('',#4749,1.);
#702=VECTOR('',#4750,1.);
#703=VECTOR('',#4751,1.);
#704=VECTOR('',#4752,1.);
#705=VECTOR('',#4755,1.);
#706=VECTOR('',#4756,1.);
#707=VECTOR('',#4781,1.);
#708=VECTOR('',#4782,1.);
#709=VECTOR('',#4783,1.);
#710=VECTOR('',#4786,1.);
#711=VECTOR('',#4787,1.);
#712=VECTOR('',#4790,1.);
#713=VECTOR('',#4793,1.);
#714=VECTOR('',#4796,1.);
#715=VECTOR('',#4797,1.);
#716=VECTOR('',#4800,1.);
#717=VECTOR('',#4803,1.);
#718=VECTOR('',#4806,1.);
#719=VECTOR('',#4807,1.);
#720=VECTOR('',#4810,1.);
#721=VECTOR('',#4813,1.);
#722=VECTOR('',#4816,1.);
#723=VECTOR('',#4817,1.);
#724=VECTOR('',#4822,1.);
#725=VECTOR('',#4823,1.);
#726=VECTOR('',#4828,1.);
#727=VECTOR('',#4829,1.);
#728=VECTOR('',#4830,1.);
#729=VECTOR('',#4833,1.);
#730=VECTOR('',#4838,1.);
#731=VECTOR('',#4839,1.);
#732=VECTOR('',#4842,1.);
#733=VECTOR('',#4843,1.);
#734=VECTOR('',#4844,1.);
#735=VECTOR('',#4845,1.);
#736=VECTOR('',#4848,1.);
#737=VECTOR('',#4851,1.);
#738=VECTOR('',#4854,1.);
#739=VECTOR('',#4855,1.);
#740=VECTOR('',#4856,1.);
#741=VECTOR('',#4857,1.);
#742=VECTOR('',#4860,1.);
#743=VECTOR('',#4861,1.);
#744=VECTOR('',#4862,1.);
#745=VECTOR('',#4863,1.);
#746=VECTOR('',#4866,1.);
#747=VECTOR('',#4869,1.);
#748=VECTOR('',#4872,1.);
#749=VECTOR('',#4873,1.);
#750=VECTOR('',#4876,1.);
#751=VECTOR('',#4877,1.);
#752=VECTOR('',#4880,1.);
#753=VECTOR('',#4883,1.);
#754=VECTOR('',#4886,1.);
#755=VECTOR('',#4887,1.);
#756=VECTOR('',#4890,1.);
#757=VECTOR('',#4893,1.);
#758=VECTOR('',#4896,1.);
#759=VECTOR('',#4897,1.);
#760=VECTOR('',#4898,1.);
#761=VECTOR('',#4899,1.);
#762=VECTOR('',#4900,1.);
#763=VECTOR('',#4901,1.);
#764=VECTOR('',#4904,1.);
#765=VECTOR('',#4905,1.);
#766=VECTOR('',#4906,1.);
#767=VECTOR('',#4907,1.);
#768=VECTOR('',#4910,1.);
#769=VECTOR('',#4913,1.);
#770=VECTOR('',#4914,1.);
#771=VECTOR('',#4919,1.);
#772=VECTOR('',#4922,1.);
#773=VECTOR('',#4923,1.);
#774=VECTOR('',#4924,1.);
#775=VECTOR('',#4927,1.);
#776=VECTOR('',#5018,1.);
#777=VECTOR('',#5019,1.);
#778=VECTOR('',#5020,1.);
#779=VECTOR('',#5021,1.);
#780=VECTOR('',#5024,1.);
#781=VECTOR('',#5025,1.);
#782=VECTOR('',#5026,1.);
#783=VECTOR('',#5029,1.);
#784=VECTOR('',#5030,1.);
#785=VECTOR('',#5031,1.);
#786=VECTOR('',#5034,1.);
#787=VECTOR('',#5035,1.);
#788=VECTOR('',#5036,1.);
#789=VECTOR('',#5037,1.);
#790=VECTOR('',#5040,1.);
#791=VECTOR('',#5041,1.);
#792=VECTOR('',#5042,1.);
#793=VECTOR('',#5043,1.);
#794=VECTOR('',#5046,1.);
#795=VECTOR('',#5047,1.);
#796=VECTOR('',#5050,1.);
#797=VECTOR('',#5051,1.);
#798=VECTOR('',#5054,1.);
#799=VECTOR('',#5055,1.);
#800=VECTOR('',#5056,1.);
#801=VECTOR('',#5059,1.);
#802=VECTOR('',#5060,1.);
#803=VECTOR('',#5061,1.);
#804=VECTOR('',#5062,1.);
#805=VECTOR('',#5065,1.);
#806=VECTOR('',#5066,1.);
#807=VECTOR('',#5069,1.);
#808=VECTOR('',#5070,1.);
#809=VECTOR('',#5071,1.);
#810=VECTOR('',#5072,1.);
#811=VECTOR('',#5075,1.);
#812=VECTOR('',#5076,1.);
#813=VECTOR('',#5077,1.);
#814=VECTOR('',#5080,1.);
#815=VECTOR('',#5083,1.);
#816=VECTOR('',#5086,1.);
#817=VECTOR('',#5089,1.);
#818=VECTOR('',#5092,1.);
#819=VECTOR('',#5095,1.);
#820=VECTOR('',#5098,1.);
#821=VECTOR('',#5101,1.);
#822=VECTOR('',#5104,1.);
#823=VECTOR('',#5107,1.);
#824=VECTOR('',#5114,1.);
#825=VECTOR('',#5117,1.);
#826=VECTOR('',#5122,1.);
#827=VECTOR('',#5125,1.);
#828=VECTOR('',#5168,1.);
#829=VECTOR('',#5169,1.);
#830=VECTOR('',#5170,1.);
#831=VECTOR('',#5171,1.);
#832=VECTOR('',#5172,1.);
#833=VECTOR('',#5173,1.);
#834=VECTOR('',#5178,1.);
#835=VECTOR('',#5179,1.);
#836=VECTOR('',#5180,1.);
#837=VECTOR('',#5181,1.);
#838=VECTOR('',#5182,1.);
#839=VECTOR('',#5183,1.);
#840=VECTOR('',#5186,1.);
#841=VECTOR('',#5187,1.);
#842=VECTOR('',#5190,1.);
#843=VECTOR('',#5191,1.);
#844=VECTOR('',#5192,1.);
#845=VECTOR('',#5193,1.);
#846=VECTOR('',#5196,1.);
#847=VECTOR('',#5197,1.);
#848=VECTOR('',#5198,1.);
#849=VECTOR('',#5199,1.);
#850=VECTOR('',#5200,1.);
#851=VECTOR('',#5201,1.);
#852=VECTOR('',#5204,1.);
#853=VECTOR('',#5205,1.);
#854=VECTOR('',#5206,1.);
#855=VECTOR('',#5207,1.);
#856=VECTOR('',#5210,1.);
#857=VECTOR('',#5211,1.);
#858=VECTOR('',#5212,1.);
#859=VECTOR('',#5213,1.);
#860=VECTOR('',#5216,1.);
#861=VECTOR('',#5217,1.);
#862=VECTOR('',#5218,1.);
#863=VECTOR('',#5219,1.);
#864=VECTOR('',#5222,1.);
#865=VECTOR('',#5223,1.);
#866=VECTOR('',#5226,1.);
#867=VECTOR('',#5227,1.);
#868=VECTOR('',#5228,1.);
#869=VECTOR('',#5229,1.);
#870=VECTOR('',#5232,1.);
#871=VECTOR('',#5233,1.);
#872=VECTOR('',#5234,1.);
#873=VECTOR('',#5235,1.);
#874=VECTOR('',#5238,1.);
#875=VECTOR('',#5239,1.);
#876=VECTOR('',#5240,1.);
#877=VECTOR('',#5243,1.);
#878=VECTOR('',#5244,1.);
#879=VECTOR('',#5245,1.);
#880=VECTOR('',#5248,1.);
#881=VECTOR('',#5249,1.);
#882=VECTOR('',#5250,1.);
#883=VECTOR('',#5255,1.);
#884=VECTOR('',#5256,1.);
#885=VECTOR('',#5257,1.);
#886=VECTOR('',#5262,1.);
#887=VECTOR('',#5263,1.);
#888=VECTOR('',#5264,1.);
#889=VECTOR('',#5267,1.);
#890=VECTOR('',#5268,1.);
#891=VECTOR('',#5269,1.);
#892=VECTOR('',#5290,1.);
#893=VECTOR('',#5291,1.);
#894=VECTOR('',#5292,1.);
#895=VECTOR('',#5297,1.);
#896=VECTOR('',#5298,1.);
#897=VECTOR('',#5303,1.);
#898=VECTOR('',#5306,1.);
#899=VECTOR('',#5307,1.);
#900=VECTOR('',#5308,1.);
#901=VECTOR('',#5309,1.);
#902=VECTOR('',#5312,1.);
#903=VECTOR('',#5313,1.);
#904=VECTOR('',#5314,1.);
#905=VECTOR('',#5319,1.);
#906=VECTOR('',#5320,1.);
#907=VECTOR('',#5321,1.);
#908=VECTOR('',#5322,1.);
#909=VECTOR('',#5325,1.);
#910=VECTOR('',#5326,1.);
#911=VECTOR('',#5327,1.);
#912=PLANE('',#3951);
#913=PLANE('',#3960);
#914=PLANE('',#3963);
#915=PLANE('',#3964);
#916=PLANE('',#3965);
#917=PLANE('',#3966);
#918=PLANE('',#3967);
#919=PLANE('',#3968);
#920=PLANE('',#3969);
#921=PLANE('',#3972);
#922=PLANE('',#3976);
#923=PLANE('',#3977);
#924=PLANE('',#3979);
#925=PLANE('',#3980);
#926=PLANE('',#3981);
#927=PLANE('',#3982);
#928=PLANE('',#3987);
#929=PLANE('',#3988);
#930=PLANE('',#4020);
#931=PLANE('',#4021);
#932=PLANE('',#4022);
#933=PLANE('',#4024);
#934=PLANE('',#4026);
#935=PLANE('',#4028);
#936=PLANE('',#4030);
#937=PLANE('',#4032);
#938=PLANE('',#4033);
#939=PLANE('',#4035);
#940=PLANE('',#4042);
#941=PLANE('',#4044);
#942=PLANE('',#4048);
#943=PLANE('',#4052);
#944=PLANE('',#4053);
#945=PLANE('',#4054);
#946=PLANE('',#4055);
#947=PLANE('',#4056);
#948=PLANE('',#4057);
#949=PLANE('',#4058);
#950=PLANE('',#4059);
#951=PLANE('',#4060);
#952=PLANE('',#4061);
#953=PLANE('',#4062);
#954=PLANE('',#4063);
#955=PLANE('',#4064);
#956=PLANE('',#4065);
#957=PLANE('',#4066);
#958=PLANE('',#4067);
#959=PLANE('',#4068);
#960=PLANE('',#4069);
#961=PLANE('',#4074);
#962=PLANE('',#4078);
#963=PLANE('',#4082);
#964=PLANE('',#4083);
#965=PLANE('',#4084);
#966=PLANE('',#4085);
#967=PLANE('',#4086);
#968=PLANE('',#4087);
#969=PLANE('',#4088);
#970=PLANE('',#4089);
#971=PLANE('',#4090);
#972=PLANE('',#4091);
#973=PLANE('',#4092);
#974=PLANE('',#4093);
#975=PLANE('',#4095);
#976=PLANE('',#4096);
#977=PLANE('',#4098);
#978=PLANE('',#4099);
#979=PLANE('',#4100);
#980=PLANE('',#4101);
#981=PLANE('',#4102);
#982=PLANE('',#4103);
#983=PLANE('',#4104);
#984=PLANE('',#4105);
#985=PLANE('',#4106);
#986=PLANE('',#4107);
#987=PLANE('',#4108);
#988=PLANE('',#4110);
#989=PLANE('',#4111);
#990=PLANE('',#4112);
#991=PLANE('',#4113);
#992=PLANE('',#4114);
#993=PLANE('',#4117);
#994=PLANE('',#4118);
#995=PLANE('',#4119);
#996=PLANE('',#4164);
#997=PLANE('',#4165);
#998=PLANE('',#4166);
#999=PLANE('',#4171);
#1000=PLANE('',#4172);
#1001=PLANE('',#4177);
#1002=PLANE('',#4178);
#1003=PLANE('',#4179);
#1004=PLANE('',#4180);
#1005=PLANE('',#4181);
#1006=PLANE('',#4182);
#1007=PLANE('',#4183);
#1008=PLANE('',#4184);
#1009=PLANE('',#4185);
#1010=PLANE('',#4188);
#1011=PLANE('',#4191);
#1012=PLANE('',#4213);
#1013=PLANE('',#4214);
#1014=PLANE('',#4216);
#1015=PLANE('',#4218);
#1016=PLANE('',#4219);
#1017=PLANE('',#4220);
#1018=PLANE('',#4221);
#1019=PLANE('',#4222);
#1020=PLANE('',#4223);
#1021=PLANE('',#4224);
#1022=PLANE('',#4225);
#1023=PLANE('',#4226);
#1024=PLANE('',#4227);
#1025=PLANE('',#4229);
#1026=PLANE('',#4231);
#1027=PLANE('',#4232);
#1028=PLANE('',#4233);
#1029=PLANE('',#4242);
#1030=PLANE('',#4244);
#1031=PLANE('',#4247);
#1032=PLANE('',#4248);
#1033=PLANE('',#4250);
#1034=PLANE('',#4251);
#1035=PLANE('',#4254);
#1036=ORIENTED_EDGE('',*,*,#2162,.T.);
#1037=ORIENTED_EDGE('',*,*,#2163,.T.);
#1038=ORIENTED_EDGE('',*,*,#2164,.T.);
#1039=ORIENTED_EDGE('',*,*,#2165,.T.);
#1040=ORIENTED_EDGE('',*,*,#2166,.T.);
#1041=ORIENTED_EDGE('',*,*,#2167,.T.);
#1042=ORIENTED_EDGE('',*,*,#2168,.F.);
#1043=ORIENTED_EDGE('',*,*,#2169,.T.);
#1044=ORIENTED_EDGE('',*,*,#2170,.T.);
#1045=ORIENTED_EDGE('',*,*,#2171,.T.);
#1046=ORIENTED_EDGE('',*,*,#2172,.T.);
#1047=ORIENTED_EDGE('',*,*,#2173,.F.);
#1048=ORIENTED_EDGE('',*,*,#2174,.T.);
#1049=ORIENTED_EDGE('',*,*,#2175,.T.);
#1050=ORIENTED_EDGE('',*,*,#2176,.T.);
#1051=ORIENTED_EDGE('',*,*,#2177,.T.);
#1052=ORIENTED_EDGE('',*,*,#2178,.T.);
#1053=ORIENTED_EDGE('',*,*,#2179,.F.);
#1054=ORIENTED_EDGE('',*,*,#2180,.T.);
#1055=ORIENTED_EDGE('',*,*,#2181,.F.);
#1056=ORIENTED_EDGE('',*,*,#2182,.T.);
#1057=ORIENTED_EDGE('',*,*,#2183,.F.);
#1058=ORIENTED_EDGE('',*,*,#2184,.T.);
#1059=ORIENTED_EDGE('',*,*,#2185,.F.);
#1060=ORIENTED_EDGE('',*,*,#2186,.T.);
#1061=ORIENTED_EDGE('',*,*,#2187,.T.);
#1062=ORIENTED_EDGE('',*,*,#2188,.T.);
#1063=ORIENTED_EDGE('',*,*,#2189,.T.);
#1064=ORIENTED_EDGE('',*,*,#2165,.F.);
#1065=ORIENTED_EDGE('',*,*,#2190,.T.);
#1066=ORIENTED_EDGE('',*,*,#2191,.F.);
#1067=ORIENTED_EDGE('',*,*,#2192,.T.);
#1068=ORIENTED_EDGE('',*,*,#2167,.F.);
#1069=ORIENTED_EDGE('',*,*,#2193,.T.);
#1070=ORIENTED_EDGE('',*,*,#2194,.T.);
#1071=ORIENTED_EDGE('',*,*,#2195,.T.);
#1072=ORIENTED_EDGE('',*,*,#2195,.F.);
#1073=ORIENTED_EDGE('',*,*,#2196,.T.);
#1074=ORIENTED_EDGE('',*,*,#2197,.T.);
#1075=ORIENTED_EDGE('',*,*,#2168,.T.);
#1076=ORIENTED_EDGE('',*,*,#2198,.T.);
#1077=ORIENTED_EDGE('',*,*,#2199,.T.);
#1078=ORIENTED_EDGE('',*,*,#2200,.T.);
#1079=ORIENTED_EDGE('',*,*,#2169,.F.);
#1080=ORIENTED_EDGE('',*,*,#2197,.F.);
#1081=ORIENTED_EDGE('',*,*,#2181,.T.);
#1082=ORIENTED_EDGE('',*,*,#2201,.T.);
#1083=ORIENTED_EDGE('',*,*,#2202,.F.);
#1084=ORIENTED_EDGE('',*,*,#2203,.T.);
#1085=ORIENTED_EDGE('',*,*,#2203,.F.);
#1086=ORIENTED_EDGE('',*,*,#2204,.T.);
#1087=ORIENTED_EDGE('',*,*,#2205,.T.);
#1088=ORIENTED_EDGE('',*,*,#2182,.F.);
#1089=ORIENTED_EDGE('',*,*,#2206,.F.);
#1090=ORIENTED_EDGE('',*,*,#2207,.T.);
#1091=ORIENTED_EDGE('',*,*,#2183,.T.);
#1092=ORIENTED_EDGE('',*,*,#2205,.F.);
#1093=ORIENTED_EDGE('',*,*,#2185,.T.);
#1094=ORIENTED_EDGE('',*,*,#2208,.T.);
#1095=ORIENTED_EDGE('',*,*,#2209,.F.);
#1096=ORIENTED_EDGE('',*,*,#2210,.T.);
#1097=ORIENTED_EDGE('',*,*,#2211,.T.);
#1098=ORIENTED_EDGE('',*,*,#2212,.T.);
#1099=ORIENTED_EDGE('',*,*,#2213,.T.);
#1100=ORIENTED_EDGE('',*,*,#2214,.T.);
#1101=ORIENTED_EDGE('',*,*,#2215,.T.);
#1102=ORIENTED_EDGE('',*,*,#2216,.F.);
#1103=ORIENTED_EDGE('',*,*,#2217,.T.);
#1104=ORIENTED_EDGE('',*,*,#2218,.F.);
#1105=ORIENTED_EDGE('',*,*,#2219,.T.);
#1106=ORIENTED_EDGE('',*,*,#2220,.T.);
#1107=ORIENTED_EDGE('',*,*,#2221,.T.);
#1108=ORIENTED_EDGE('',*,*,#2177,.F.);
#1109=ORIENTED_EDGE('',*,*,#2222,.T.);
#1110=ORIENTED_EDGE('',*,*,#2223,.T.);
#1111=ORIENTED_EDGE('',*,*,#2175,.F.);
#1112=ORIENTED_EDGE('',*,*,#2224,.T.);
#1113=ORIENTED_EDGE('',*,*,#2225,.F.);
#1114=ORIENTED_EDGE('',*,*,#2226,.T.);
#1115=ORIENTED_EDGE('',*,*,#2173,.T.);
#1116=ORIENTED_EDGE('',*,*,#2227,.T.);
#1117=ORIENTED_EDGE('',*,*,#2228,.T.);
#1118=ORIENTED_EDGE('',*,*,#2229,.T.);
#1119=ORIENTED_EDGE('',*,*,#2230,.T.);
#1120=ORIENTED_EDGE('',*,*,#2231,.T.);
#1121=ORIENTED_EDGE('',*,*,#2171,.F.);
#1122=ORIENTED_EDGE('',*,*,#2232,.T.);
#1123=ORIENTED_EDGE('',*,*,#2191,.T.);
#1124=ORIENTED_EDGE('',*,*,#2233,.T.);
#1125=ORIENTED_EDGE('',*,*,#2214,.F.);
#1126=ORIENTED_EDGE('',*,*,#2234,.T.);
#1127=ORIENTED_EDGE('',*,*,#2235,.T.);
#1128=ORIENTED_EDGE('',*,*,#2236,.T.);
#1129=ORIENTED_EDGE('',*,*,#2225,.T.);
#1130=ORIENTED_EDGE('',*,*,#2237,.T.);
#1131=ORIENTED_EDGE('',*,*,#2238,.T.);
#1132=ORIENTED_EDGE('',*,*,#2239,.T.);
#1133=ORIENTED_EDGE('',*,*,#2198,.F.);
#1134=ORIENTED_EDGE('',*,*,#2196,.F.);
#1135=ORIENTED_EDGE('',*,*,#2194,.F.);
#1136=ORIENTED_EDGE('',*,*,#2240,.T.);
#1137=ORIENTED_EDGE('',*,*,#2188,.F.);
#1138=ORIENTED_EDGE('',*,*,#2241,.T.);
#1139=ORIENTED_EDGE('',*,*,#2218,.T.);
#1140=ORIENTED_EDGE('',*,*,#2242,.T.);
#1141=ORIENTED_EDGE('',*,*,#2209,.T.);
#1142=ORIENTED_EDGE('',*,*,#2243,.T.);
#1143=ORIENTED_EDGE('',*,*,#2206,.T.);
#1144=ORIENTED_EDGE('',*,*,#2204,.F.);
#1145=ORIENTED_EDGE('',*,*,#2202,.T.);
#1146=ORIENTED_EDGE('',*,*,#2244,.T.);
#1147=ORIENTED_EDGE('',*,*,#2216,.T.);
#1148=ORIENTED_EDGE('',*,*,#2245,.T.);
#1149=ORIENTED_EDGE('',*,*,#2211,.F.);
#1150=ORIENTED_EDGE('',*,*,#2246,.T.);
#1151=ORIENTED_EDGE('',*,*,#2179,.T.);
#1152=ORIENTED_EDGE('',*,*,#2247,.T.);
#1153=ORIENTED_EDGE('',*,*,#2235,.F.);
#1154=ORIENTED_EDGE('',*,*,#2248,.T.);
#1155=ORIENTED_EDGE('',*,*,#2212,.F.);
#1156=ORIENTED_EDGE('',*,*,#2245,.F.);
#1157=ORIENTED_EDGE('',*,*,#2249,.F.);
#1158=ORIENTED_EDGE('',*,*,#2186,.F.);
#1159=ORIENTED_EDGE('',*,*,#2190,.F.);
#1160=ORIENTED_EDGE('',*,*,#2164,.F.);
#1161=ORIENTED_EDGE('',*,*,#2250,.F.);
#1162=ORIENTED_EDGE('',*,*,#2233,.F.);
#1163=ORIENTED_EDGE('',*,*,#2249,.T.);
#1164=ORIENTED_EDGE('',*,*,#2215,.F.);
#1165=ORIENTED_EDGE('',*,*,#2250,.T.);
#1166=ORIENTED_EDGE('',*,*,#2187,.F.);
#1167=ORIENTED_EDGE('',*,*,#2213,.F.);
#1168=ORIENTED_EDGE('',*,*,#2162,.F.);
#1169=ORIENTED_EDGE('',*,*,#2223,.F.);
#1170=ORIENTED_EDGE('',*,*,#2163,.F.);
#1171=ORIENTED_EDGE('',*,*,#2178,.F.);
#1172=ORIENTED_EDGE('',*,*,#2221,.F.);
#1173=ORIENTED_EDGE('',*,*,#2251,.F.);
#1174=ORIENTED_EDGE('',*,*,#2247,.F.);
#1175=ORIENTED_EDGE('',*,*,#2176,.F.);
#1176=ORIENTED_EDGE('',*,*,#2226,.F.);
#1177=ORIENTED_EDGE('',*,*,#2252,.F.);
#1178=ORIENTED_EDGE('',*,*,#2222,.F.);
#1179=ORIENTED_EDGE('',*,*,#2251,.T.);
#1180=ORIENTED_EDGE('',*,*,#2220,.F.);
#1181=ORIENTED_EDGE('',*,*,#2252,.T.);
#1182=ORIENTED_EDGE('',*,*,#2236,.F.);
#1183=ORIENTED_EDGE('',*,*,#2170,.F.);
#1184=ORIENTED_EDGE('',*,*,#2200,.F.);
#1185=ORIENTED_EDGE('',*,*,#2253,.F.);
#1186=ORIENTED_EDGE('',*,*,#2232,.F.);
#1187=ORIENTED_EDGE('',*,*,#2199,.F.);
#1188=ORIENTED_EDGE('',*,*,#2239,.F.);
#1189=ORIENTED_EDGE('',*,*,#2254,.F.);
#1190=ORIENTED_EDGE('',*,*,#2253,.T.);
#1191=ORIENTED_EDGE('',*,*,#2254,.T.);
#1192=ORIENTED_EDGE('',*,*,#2238,.F.);
#1193=ORIENTED_EDGE('',*,*,#2255,.F.);
#1194=ORIENTED_EDGE('',*,*,#2230,.F.);
#1195=ORIENTED_EDGE('',*,*,#2172,.F.);
#1196=ORIENTED_EDGE('',*,*,#2231,.F.);
#1197=ORIENTED_EDGE('',*,*,#2256,.F.);
#1198=ORIENTED_EDGE('',*,*,#2227,.F.);
#1199=ORIENTED_EDGE('',*,*,#2256,.T.);
#1200=ORIENTED_EDGE('',*,*,#2255,.T.);
#1201=ORIENTED_EDGE('',*,*,#2257,.F.);
#1202=ORIENTED_EDGE('',*,*,#2174,.F.);
#1203=ORIENTED_EDGE('',*,*,#2229,.F.);
#1204=ORIENTED_EDGE('',*,*,#2258,.F.);
#1205=ORIENTED_EDGE('',*,*,#2224,.F.);
#1206=ORIENTED_EDGE('',*,*,#2257,.T.);
#1207=ORIENTED_EDGE('',*,*,#2237,.F.);
#1208=ORIENTED_EDGE('',*,*,#2258,.T.);
#1209=ORIENTED_EDGE('',*,*,#2228,.F.);
#1210=ORIENTED_EDGE('',*,*,#2217,.F.);
#1211=ORIENTED_EDGE('',*,*,#2246,.F.);
#1212=ORIENTED_EDGE('',*,*,#2210,.F.);
#1213=ORIENTED_EDGE('',*,*,#2242,.F.);
#1214=ORIENTED_EDGE('',*,*,#2219,.F.);
#1215=ORIENTED_EDGE('',*,*,#2241,.F.);
#1216=ORIENTED_EDGE('',*,*,#2192,.F.);
#1217=ORIENTED_EDGE('',*,*,#2234,.F.);
#1218=ORIENTED_EDGE('',*,*,#2244,.F.);
#1219=ORIENTED_EDGE('',*,*,#2201,.F.);
#1220=ORIENTED_EDGE('',*,*,#2180,.F.);
#1221=ORIENTED_EDGE('',*,*,#2248,.F.);
#1222=ORIENTED_EDGE('',*,*,#2240,.F.);
#1223=ORIENTED_EDGE('',*,*,#2193,.F.);
#1224=ORIENTED_EDGE('',*,*,#2166,.F.);
#1225=ORIENTED_EDGE('',*,*,#2189,.F.);
#1226=ORIENTED_EDGE('',*,*,#2243,.F.);
#1227=ORIENTED_EDGE('',*,*,#2208,.F.);
#1228=ORIENTED_EDGE('',*,*,#2184,.F.);
#1229=ORIENTED_EDGE('',*,*,#2207,.F.);
#1230=ORIENTED_EDGE('',*,*,#2259,.F.);
#1231=ORIENTED_EDGE('',*,*,#2260,.T.);
#1232=ORIENTED_EDGE('',*,*,#2261,.T.);
#1233=ORIENTED_EDGE('',*,*,#2262,.F.);
#1234=ORIENTED_EDGE('',*,*,#2263,.T.);
#1235=ORIENTED_EDGE('',*,*,#2264,.T.);
#1236=ORIENTED_EDGE('',*,*,#2265,.F.);
#1237=ORIENTED_EDGE('',*,*,#2266,.T.);
#1238=ORIENTED_EDGE('',*,*,#2267,.T.);
#1239=ORIENTED_EDGE('',*,*,#2268,.T.);
#1240=ORIENTED_EDGE('',*,*,#2269,.T.);
#1241=ORIENTED_EDGE('',*,*,#2270,.F.);
#1242=ORIENTED_EDGE('',*,*,#2271,.T.);
#1243=ORIENTED_EDGE('',*,*,#2272,.T.);
#1244=ORIENTED_EDGE('',*,*,#2273,.T.);
#1245=ORIENTED_EDGE('',*,*,#2274,.T.);
#1246=ORIENTED_EDGE('',*,*,#2275,.F.);
#1247=ORIENTED_EDGE('',*,*,#2276,.F.);
#1248=ORIENTED_EDGE('',*,*,#2277,.T.);
#1249=ORIENTED_EDGE('',*,*,#2278,.T.);
#1250=ORIENTED_EDGE('',*,*,#2279,.T.);
#1251=ORIENTED_EDGE('',*,*,#2280,.F.);
#1252=ORIENTED_EDGE('',*,*,#2281,.T.);
#1253=ORIENTED_EDGE('',*,*,#2282,.T.);
#1254=ORIENTED_EDGE('',*,*,#2283,.T.);
#1255=ORIENTED_EDGE('',*,*,#2284,.T.);
#1256=ORIENTED_EDGE('',*,*,#2285,.F.);
#1257=ORIENTED_EDGE('',*,*,#2286,.F.);
#1258=ORIENTED_EDGE('',*,*,#2287,.T.);
#1259=ORIENTED_EDGE('',*,*,#2288,.T.);
#1260=ORIENTED_EDGE('',*,*,#2289,.F.);
#1261=ORIENTED_EDGE('',*,*,#2290,.T.);
#1262=ORIENTED_EDGE('',*,*,#2291,.T.);
#1263=ORIENTED_EDGE('',*,*,#2292,.F.);
#1264=ORIENTED_EDGE('',*,*,#2293,.T.);
#1265=ORIENTED_EDGE('',*,*,#2294,.F.);
#1266=ORIENTED_EDGE('',*,*,#2295,.F.);
#1267=ORIENTED_EDGE('',*,*,#2296,.T.);
#1268=ORIENTED_EDGE('',*,*,#2297,.F.);
#1269=ORIENTED_EDGE('',*,*,#2298,.F.);
#1270=ORIENTED_EDGE('',*,*,#2299,.T.);
#1271=ORIENTED_EDGE('',*,*,#2286,.T.);
#1272=ORIENTED_EDGE('',*,*,#2300,.T.);
#1273=ORIENTED_EDGE('',*,*,#2301,.T.);
#1274=ORIENTED_EDGE('',*,*,#2302,.F.);
#1275=ORIENTED_EDGE('',*,*,#2271,.F.);
#1276=ORIENTED_EDGE('',*,*,#2303,.T.);
#1277=ORIENTED_EDGE('',*,*,#2290,.F.);
#1278=ORIENTED_EDGE('',*,*,#2304,.T.);
#1279=ORIENTED_EDGE('',*,*,#2305,.T.);
#1280=ORIENTED_EDGE('',*,*,#2306,.F.);
#1281=ORIENTED_EDGE('',*,*,#2281,.F.);
#1282=ORIENTED_EDGE('',*,*,#2307,.F.);
#1283=ORIENTED_EDGE('',*,*,#2308,.F.);
#1284=ORIENTED_EDGE('',*,*,#2309,.F.);
#1285=ORIENTED_EDGE('',*,*,#2276,.T.);
#1286=ORIENTED_EDGE('',*,*,#2310,.F.);
#1287=ORIENTED_EDGE('',*,*,#2311,.T.);
#1288=ORIENTED_EDGE('',*,*,#2312,.F.);
#1289=ORIENTED_EDGE('',*,*,#2313,.F.);
#1290=ORIENTED_EDGE('',*,*,#2314,.T.);
#1291=ORIENTED_EDGE('',*,*,#2315,.T.);
#1292=ORIENTED_EDGE('',*,*,#2316,.T.);
#1293=ORIENTED_EDGE('',*,*,#2317,.F.);
#1294=ORIENTED_EDGE('',*,*,#2318,.T.);
#1295=ORIENTED_EDGE('',*,*,#2319,.F.);
#1296=ORIENTED_EDGE('',*,*,#2320,.T.);
#1297=ORIENTED_EDGE('',*,*,#2321,.F.);
#1298=ORIENTED_EDGE('',*,*,#2322,.F.);
#1299=ORIENTED_EDGE('',*,*,#2323,.T.);
#1300=ORIENTED_EDGE('',*,*,#2324,.T.);
#1301=ORIENTED_EDGE('',*,*,#2325,.F.);
#1302=ORIENTED_EDGE('',*,*,#2311,.F.);
#1303=ORIENTED_EDGE('',*,*,#2326,.T.);
#1304=ORIENTED_EDGE('',*,*,#2327,.T.);
#1305=ORIENTED_EDGE('',*,*,#2328,.T.);
#1306=ORIENTED_EDGE('',*,*,#2329,.T.);
#1307=ORIENTED_EDGE('',*,*,#2330,.F.);
#1308=ORIENTED_EDGE('',*,*,#2331,.F.);
#1309=ORIENTED_EDGE('',*,*,#2332,.T.);
#1310=ORIENTED_EDGE('',*,*,#2333,.F.);
#1311=ORIENTED_EDGE('',*,*,#2334,.T.);
#1312=ORIENTED_EDGE('',*,*,#2315,.F.);
#1313=ORIENTED_EDGE('',*,*,#2335,.F.);
#1314=ORIENTED_EDGE('',*,*,#2336,.T.);
#1315=ORIENTED_EDGE('',*,*,#2337,.T.);
#1316=ORIENTED_EDGE('',*,*,#2338,.T.);
#1317=ORIENTED_EDGE('',*,*,#2339,.F.);
#1318=ORIENTED_EDGE('',*,*,#2296,.F.);
#1319=ORIENTED_EDGE('',*,*,#2340,.F.);
#1320=ORIENTED_EDGE('',*,*,#2341,.T.);
#1321=ORIENTED_EDGE('',*,*,#2342,.T.);
#1322=ORIENTED_EDGE('',*,*,#2343,.F.);
#1323=ORIENTED_EDGE('',*,*,#2344,.T.);
#1324=ORIENTED_EDGE('',*,*,#2345,.F.);
#1325=ORIENTED_EDGE('',*,*,#2346,.T.);
#1326=ORIENTED_EDGE('',*,*,#2347,.F.);
#1327=ORIENTED_EDGE('',*,*,#2348,.T.);
#1328=ORIENTED_EDGE('',*,*,#2266,.F.);
#1329=ORIENTED_EDGE('',*,*,#2349,.F.);
#1330=ORIENTED_EDGE('',*,*,#2350,.F.);
#1331=ORIENTED_EDGE('',*,*,#2351,.T.);
#1332=ORIENTED_EDGE('',*,*,#2352,.F.);
#1333=ORIENTED_EDGE('',*,*,#2298,.T.);
#1334=ORIENTED_EDGE('',*,*,#2353,.F.);
#1335=ORIENTED_EDGE('',*,*,#2319,.T.);
#1336=ORIENTED_EDGE('',*,*,#2354,.T.);
#1337=ORIENTED_EDGE('',*,*,#2355,.T.);
#1338=ORIENTED_EDGE('',*,*,#2356,.F.);
#1339=ORIENTED_EDGE('',*,*,#2357,.T.);
#1340=ORIENTED_EDGE('',*,*,#2358,.T.);
#1341=ORIENTED_EDGE('',*,*,#2359,.F.);
#1342=ORIENTED_EDGE('',*,*,#2360,.F.);
#1343=ORIENTED_EDGE('',*,*,#2361,.T.);
#1344=ORIENTED_EDGE('',*,*,#2362,.F.);
#1345=ORIENTED_EDGE('',*,*,#2363,.T.);
#1346=ORIENTED_EDGE('',*,*,#2364,.F.);
#1347=ORIENTED_EDGE('',*,*,#2365,.T.);
#1348=ORIENTED_EDGE('',*,*,#2317,.T.);
#1349=ORIENTED_EDGE('',*,*,#2366,.F.);
#1350=ORIENTED_EDGE('',*,*,#2367,.T.);
#1351=ORIENTED_EDGE('',*,*,#2368,.T.);
#1352=ORIENTED_EDGE('',*,*,#2369,.T.);
#1353=ORIENTED_EDGE('',*,*,#2370,.T.);
#1354=ORIENTED_EDGE('',*,*,#2371,.F.);
#1355=ORIENTED_EDGE('',*,*,#2372,.T.);
#1356=ORIENTED_EDGE('',*,*,#2373,.F.);
#1357=ORIENTED_EDGE('',*,*,#2374,.T.);
#1358=ORIENTED_EDGE('',*,*,#2375,.T.);
#1359=ORIENTED_EDGE('',*,*,#2376,.F.);
#1360=ORIENTED_EDGE('',*,*,#2377,.F.);
#1361=ORIENTED_EDGE('',*,*,#2378,.T.);
#1362=ORIENTED_EDGE('',*,*,#2379,.T.);
#1363=ORIENTED_EDGE('',*,*,#2356,.T.);
#1364=ORIENTED_EDGE('',*,*,#2380,.T.);
#1365=ORIENTED_EDGE('',*,*,#2373,.T.);
#1366=ORIENTED_EDGE('',*,*,#2381,.T.);
#1367=ORIENTED_EDGE('',*,*,#2327,.F.);
#1368=ORIENTED_EDGE('',*,*,#2382,.T.);
#1369=ORIENTED_EDGE('',*,*,#2347,.T.);
#1370=ORIENTED_EDGE('',*,*,#2383,.T.);
#1371=ORIENTED_EDGE('',*,*,#2384,.T.);
#1372=ORIENTED_EDGE('',*,*,#2385,.F.);
#1373=ORIENTED_EDGE('',*,*,#2386,.T.);
#1374=ORIENTED_EDGE('',*,*,#2320,.F.);
#1375=ORIENTED_EDGE('',*,*,#2363,.F.);
#1376=ORIENTED_EDGE('',*,*,#2387,.T.);
#1377=ORIENTED_EDGE('',*,*,#2362,.T.);
#1378=ORIENTED_EDGE('',*,*,#2388,.T.);
#1379=ORIENTED_EDGE('',*,*,#2389,.F.);
#1380=ORIENTED_EDGE('',*,*,#2387,.F.);
#1381=ORIENTED_EDGE('',*,*,#2390,.F.);
#1382=ORIENTED_EDGE('',*,*,#2391,.T.);
#1383=ORIENTED_EDGE('',*,*,#2360,.T.);
#1384=ORIENTED_EDGE('',*,*,#2392,.T.);
#1385=ORIENTED_EDGE('',*,*,#2393,.F.);
#1386=ORIENTED_EDGE('',*,*,#2392,.F.);
#1387=ORIENTED_EDGE('',*,*,#2359,.T.);
#1388=ORIENTED_EDGE('',*,*,#2394,.T.);
#1389=ORIENTED_EDGE('',*,*,#2358,.F.);
#1390=ORIENTED_EDGE('',*,*,#2395,.T.);
#1391=ORIENTED_EDGE('',*,*,#2396,.T.);
#1392=ORIENTED_EDGE('',*,*,#2394,.F.);
#1393=ORIENTED_EDGE('',*,*,#2397,.T.);
#1394=ORIENTED_EDGE('',*,*,#2398,.T.);
#1395=ORIENTED_EDGE('',*,*,#2399,.T.);
#1396=ORIENTED_EDGE('',*,*,#2400,.F.);
#1397=ORIENTED_EDGE('',*,*,#2380,.F.);
#1398=ORIENTED_EDGE('',*,*,#2355,.F.);
#1399=ORIENTED_EDGE('',*,*,#2401,.T.);
#1400=ORIENTED_EDGE('',*,*,#2364,.T.);
#1401=ORIENTED_EDGE('',*,*,#2382,.F.);
#1402=ORIENTED_EDGE('',*,*,#2349,.T.);
#1403=ORIENTED_EDGE('',*,*,#2265,.T.);
#1404=ORIENTED_EDGE('',*,*,#2402,.T.);
#1405=ORIENTED_EDGE('',*,*,#2399,.F.);
#1406=ORIENTED_EDGE('',*,*,#2403,.T.);
#1407=ORIENTED_EDGE('',*,*,#2404,.T.);
#1408=ORIENTED_EDGE('',*,*,#2405,.F.);
#1409=ORIENTED_EDGE('',*,*,#2404,.F.);
#1410=ORIENTED_EDGE('',*,*,#2406,.T.);
#1411=ORIENTED_EDGE('',*,*,#2407,.T.);
#1412=ORIENTED_EDGE('',*,*,#2408,.T.);
#1413=ORIENTED_EDGE('',*,*,#2263,.F.);
#1414=ORIENTED_EDGE('',*,*,#2348,.F.);
#1415=ORIENTED_EDGE('',*,*,#2385,.T.);
#1416=ORIENTED_EDGE('',*,*,#2409,.F.);
#1417=ORIENTED_EDGE('',*,*,#2410,.T.);
#1418=ORIENTED_EDGE('',*,*,#2411,.T.);
#1419=ORIENTED_EDGE('',*,*,#2377,.T.);
#1420=ORIENTED_EDGE('',*,*,#2412,.T.);
#1421=ORIENTED_EDGE('',*,*,#2413,.F.);
#1422=ORIENTED_EDGE('',*,*,#2414,.T.);
#1423=ORIENTED_EDGE('',*,*,#2415,.T.);
#1424=ORIENTED_EDGE('',*,*,#2416,.T.);
#1425=ORIENTED_EDGE('',*,*,#2417,.T.);
#1426=ORIENTED_EDGE('',*,*,#2416,.F.);
#1427=ORIENTED_EDGE('',*,*,#2418,.F.);
#1428=ORIENTED_EDGE('',*,*,#2419,.T.);
#1429=ORIENTED_EDGE('',*,*,#2420,.T.);
#1430=ORIENTED_EDGE('',*,*,#2421,.T.);
#1431=ORIENTED_EDGE('',*,*,#2422,.F.);
#1432=ORIENTED_EDGE('',*,*,#2419,.F.);
#1433=ORIENTED_EDGE('',*,*,#2423,.T.);
#1434=ORIENTED_EDGE('',*,*,#2424,.T.);
#1435=ORIENTED_EDGE('',*,*,#2425,.F.);
#1436=ORIENTED_EDGE('',*,*,#2426,.T.);
#1437=ORIENTED_EDGE('',*,*,#2427,.F.);
#1438=ORIENTED_EDGE('',*,*,#2426,.F.);
#1439=ORIENTED_EDGE('',*,*,#2428,.T.);
#1440=ORIENTED_EDGE('',*,*,#2322,.T.);
#1441=ORIENTED_EDGE('',*,*,#2396,.F.);
#1442=ORIENTED_EDGE('',*,*,#2429,.T.);
#1443=ORIENTED_EDGE('',*,*,#2378,.F.);
#1444=ORIENTED_EDGE('',*,*,#2400,.T.);
#1445=ORIENTED_EDGE('',*,*,#2405,.T.);
#1446=ORIENTED_EDGE('',*,*,#2412,.F.);
#1447=ORIENTED_EDGE('',*,*,#2376,.T.);
#1448=ORIENTED_EDGE('',*,*,#2430,.T.);
#1449=ORIENTED_EDGE('',*,*,#2413,.T.);
#1450=ORIENTED_EDGE('',*,*,#2417,.F.);
#1451=ORIENTED_EDGE('',*,*,#2422,.T.);
#1452=ORIENTED_EDGE('',*,*,#2431,.T.);
#1453=ORIENTED_EDGE('',*,*,#2423,.F.);
#1454=ORIENTED_EDGE('',*,*,#2427,.T.);
#1455=ORIENTED_EDGE('',*,*,#2321,.T.);
#1456=ORIENTED_EDGE('',*,*,#2386,.F.);
#1457=ORIENTED_EDGE('',*,*,#2389,.T.);
#1458=ORIENTED_EDGE('',*,*,#2432,.T.);
#1459=ORIENTED_EDGE('',*,*,#2390,.T.);
#1460=ORIENTED_EDGE('',*,*,#2393,.T.);
#1461=ORIENTED_EDGE('',*,*,#2411,.F.);
#1462=ORIENTED_EDGE('',*,*,#2433,.T.);
#1463=ORIENTED_EDGE('',*,*,#2292,.T.);
#1464=ORIENTED_EDGE('',*,*,#2428,.F.);
#1465=ORIENTED_EDGE('',*,*,#2425,.T.);
#1466=ORIENTED_EDGE('',*,*,#2434,.T.);
#1467=ORIENTED_EDGE('',*,*,#2420,.F.);
#1468=ORIENTED_EDGE('',*,*,#2418,.T.);
#1469=ORIENTED_EDGE('',*,*,#2415,.F.);
#1470=ORIENTED_EDGE('',*,*,#2435,.T.);
#1471=ORIENTED_EDGE('',*,*,#2374,.F.);
#1472=ORIENTED_EDGE('',*,*,#2294,.T.);
#1473=ORIENTED_EDGE('',*,*,#2436,.T.);
#1474=ORIENTED_EDGE('',*,*,#2409,.T.);
#1475=ORIENTED_EDGE('',*,*,#2384,.F.);
#1476=ORIENTED_EDGE('',*,*,#2437,.T.);
#1477=ORIENTED_EDGE('',*,*,#2438,.T.);
#1478=ORIENTED_EDGE('',*,*,#2439,.F.);
#1479=ORIENTED_EDGE('',*,*,#2440,.T.);
#1480=ORIENTED_EDGE('',*,*,#2441,.T.);
#1481=ORIENTED_EDGE('',*,*,#2442,.F.);
#1482=ORIENTED_EDGE('',*,*,#2443,.T.);
#1483=ORIENTED_EDGE('',*,*,#2366,.T.);
#1484=ORIENTED_EDGE('',*,*,#2316,.F.);
#1485=ORIENTED_EDGE('',*,*,#2334,.F.);
#1486=ORIENTED_EDGE('',*,*,#2444,.T.);
#1487=ORIENTED_EDGE('',*,*,#2333,.T.);
#1488=ORIENTED_EDGE('',*,*,#2445,.T.);
#1489=ORIENTED_EDGE('',*,*,#2367,.F.);
#1490=ORIENTED_EDGE('',*,*,#2444,.F.);
#1491=ORIENTED_EDGE('',*,*,#2369,.F.);
#1492=ORIENTED_EDGE('',*,*,#2446,.T.);
#1493=ORIENTED_EDGE('',*,*,#2331,.T.);
#1494=ORIENTED_EDGE('',*,*,#2447,.T.);
#1495=ORIENTED_EDGE('',*,*,#2370,.F.);
#1496=ORIENTED_EDGE('',*,*,#2447,.F.);
#1497=ORIENTED_EDGE('',*,*,#2330,.T.);
#1498=ORIENTED_EDGE('',*,*,#2448,.T.);
#1499=ORIENTED_EDGE('',*,*,#2329,.F.);
#1500=ORIENTED_EDGE('',*,*,#2449,.T.);
#1501=ORIENTED_EDGE('',*,*,#2371,.T.);
#1502=ORIENTED_EDGE('',*,*,#2448,.F.);
#1503=ORIENTED_EDGE('',*,*,#2438,.F.);
#1504=ORIENTED_EDGE('',*,*,#2450,.T.);
#1505=ORIENTED_EDGE('',*,*,#2345,.T.);
#1506=ORIENTED_EDGE('',*,*,#2451,.T.);
#1507=ORIENTED_EDGE('',*,*,#2439,.T.);
#1508=ORIENTED_EDGE('',*,*,#2451,.F.);
#1509=ORIENTED_EDGE('',*,*,#2344,.F.);
#1510=ORIENTED_EDGE('',*,*,#2452,.T.);
#1511=ORIENTED_EDGE('',*,*,#2343,.T.);
#1512=ORIENTED_EDGE('',*,*,#2453,.T.);
#1513=ORIENTED_EDGE('',*,*,#2440,.F.);
#1514=ORIENTED_EDGE('',*,*,#2452,.F.);
#1515=ORIENTED_EDGE('',*,*,#2442,.T.);
#1516=ORIENTED_EDGE('',*,*,#2454,.T.);
#1517=ORIENTED_EDGE('',*,*,#2341,.F.);
#1518=ORIENTED_EDGE('',*,*,#2455,.T.);
#1519=ORIENTED_EDGE('',*,*,#2443,.F.);
#1520=ORIENTED_EDGE('',*,*,#2455,.F.);
#1521=ORIENTED_EDGE('',*,*,#2340,.T.);
#1522=ORIENTED_EDGE('',*,*,#2295,.T.);
#1523=ORIENTED_EDGE('',*,*,#2456,.T.);
#1524=ORIENTED_EDGE('',*,*,#2457,.T.);
#1525=ORIENTED_EDGE('',*,*,#2267,.F.);
#1526=ORIENTED_EDGE('',*,*,#2302,.T.);
#1527=ORIENTED_EDGE('',*,*,#2458,.T.);
#1528=ORIENTED_EDGE('',*,*,#2459,.T.);
#1529=ORIENTED_EDGE('',*,*,#2460,.F.);
#1530=ORIENTED_EDGE('',*,*,#2308,.T.);
#1531=ORIENTED_EDGE('',*,*,#2461,.T.);
#1532=ORIENTED_EDGE('',*,*,#2460,.T.);
#1533=ORIENTED_EDGE('',*,*,#2462,.T.);
#1534=ORIENTED_EDGE('',*,*,#2272,.F.);
#1535=ORIENTED_EDGE('',*,*,#2309,.T.);
#1536=ORIENTED_EDGE('',*,*,#2463,.T.);
#1537=ORIENTED_EDGE('',*,*,#2464,.T.);
#1538=ORIENTED_EDGE('',*,*,#2456,.F.);
#1539=ORIENTED_EDGE('',*,*,#2301,.F.);
#1540=ORIENTED_EDGE('',*,*,#2465,.T.);
#1541=ORIENTED_EDGE('',*,*,#2466,.T.);
#1542=ORIENTED_EDGE('',*,*,#2467,.T.);
#1543=ORIENTED_EDGE('',*,*,#2468,.T.);
#1544=ORIENTED_EDGE('',*,*,#2469,.T.);
#1545=ORIENTED_EDGE('',*,*,#2285,.T.);
#1546=ORIENTED_EDGE('',*,*,#2470,.T.);
#1547=ORIENTED_EDGE('',*,*,#2465,.F.);
#1548=ORIENTED_EDGE('',*,*,#2300,.F.);
#1549=ORIENTED_EDGE('',*,*,#2275,.T.);
#1550=ORIENTED_EDGE('',*,*,#2471,.T.);
#1551=ORIENTED_EDGE('',*,*,#2326,.F.);
#1552=ORIENTED_EDGE('',*,*,#2310,.T.);
#1553=ORIENTED_EDGE('',*,*,#2472,.T.);
#1554=ORIENTED_EDGE('',*,*,#2473,.T.);
#1555=ORIENTED_EDGE('',*,*,#2474,.F.);
#1556=ORIENTED_EDGE('',*,*,#2475,.T.);
#1557=ORIENTED_EDGE('',*,*,#2476,.F.);
#1558=ORIENTED_EDGE('',*,*,#2477,.T.);
#1559=ORIENTED_EDGE('',*,*,#2478,.T.);
#1560=ORIENTED_EDGE('',*,*,#2479,.T.);
#1561=ORIENTED_EDGE('',*,*,#2270,.T.);
#1562=ORIENTED_EDGE('',*,*,#2480,.T.);
#1563=ORIENTED_EDGE('',*,*,#2291,.F.);
#1564=ORIENTED_EDGE('',*,*,#2303,.F.);
#1565=ORIENTED_EDGE('',*,*,#2280,.T.);
#1566=ORIENTED_EDGE('',*,*,#2481,.T.);
#1567=ORIENTED_EDGE('',*,*,#2461,.F.);
#1568=ORIENTED_EDGE('',*,*,#2307,.T.);
#1569=ORIENTED_EDGE('',*,*,#2289,.T.);
#1570=ORIENTED_EDGE('',*,*,#2482,.T.);
#1571=ORIENTED_EDGE('',*,*,#2483,.F.);
#1572=ORIENTED_EDGE('',*,*,#2304,.F.);
#1573=ORIENTED_EDGE('',*,*,#2483,.T.);
#1574=ORIENTED_EDGE('',*,*,#2484,.T.);
#1575=ORIENTED_EDGE('',*,*,#2485,.F.);
#1576=ORIENTED_EDGE('',*,*,#2305,.F.);
#1577=ORIENTED_EDGE('',*,*,#2485,.T.);
#1578=ORIENTED_EDGE('',*,*,#2486,.T.);
#1579=ORIENTED_EDGE('',*,*,#2277,.F.);
#1580=ORIENTED_EDGE('',*,*,#2306,.T.);
#1581=ORIENTED_EDGE('',*,*,#2487,.T.);
#1582=ORIENTED_EDGE('',*,*,#2488,.T.);
#1583=ORIENTED_EDGE('',*,*,#2489,.F.);
#1584=ORIENTED_EDGE('',*,*,#2490,.F.);
#1585=ORIENTED_EDGE('',*,*,#2313,.T.);
#1586=ORIENTED_EDGE('',*,*,#2352,.T.);
#1587=ORIENTED_EDGE('',*,*,#2491,.T.);
#1588=ORIENTED_EDGE('',*,*,#2282,.F.);
#1589=ORIENTED_EDGE('',*,*,#2299,.F.);
#1590=ORIENTED_EDGE('',*,*,#2325,.T.);
#1591=ORIENTED_EDGE('',*,*,#2492,.T.);
#1592=ORIENTED_EDGE('',*,*,#2487,.F.);
#1593=ORIENTED_EDGE('',*,*,#2312,.T.);
#1594=ORIENTED_EDGE('',*,*,#2493,.T.);
#1595=ORIENTED_EDGE('',*,*,#2494,.T.);
#1596=ORIENTED_EDGE('',*,*,#2350,.T.);
#1597=ORIENTED_EDGE('',*,*,#2495,.T.);
#1598=ORIENTED_EDGE('',*,*,#2496,.F.);
#1599=ORIENTED_EDGE('',*,*,#2497,.T.);
#1600=ORIENTED_EDGE('',*,*,#2489,.T.);
#1601=ORIENTED_EDGE('',*,*,#2498,.T.);
#1602=ORIENTED_EDGE('',*,*,#2499,.T.);
#1603=ORIENTED_EDGE('',*,*,#2500,.T.);
#1604=ORIENTED_EDGE('',*,*,#2501,.T.);
#1605=ORIENTED_EDGE('',*,*,#2502,.T.);
#1606=ORIENTED_EDGE('',*,*,#2503,.T.);
#1607=ORIENTED_EDGE('',*,*,#2504,.T.);
#1608=ORIENTED_EDGE('',*,*,#2505,.T.);
#1609=ORIENTED_EDGE('',*,*,#2496,.T.);
#1610=ORIENTED_EDGE('',*,*,#2506,.T.);
#1611=ORIENTED_EDGE('',*,*,#2507,.T.);
#1612=ORIENTED_EDGE('',*,*,#2339,.T.);
#1613=ORIENTED_EDGE('',*,*,#2508,.T.);
#1614=ORIENTED_EDGE('',*,*,#2509,.T.);
#1615=ORIENTED_EDGE('',*,*,#2506,.F.);
#1616=ORIENTED_EDGE('',*,*,#2495,.F.);
#1617=ORIENTED_EDGE('',*,*,#2353,.T.);
#1618=ORIENTED_EDGE('',*,*,#2297,.T.);
#1619=ORIENTED_EDGE('',*,*,#2510,.T.);
#1620=ORIENTED_EDGE('',*,*,#2511,.T.);
#1621=ORIENTED_EDGE('',*,*,#2503,.F.);
#1622=ORIENTED_EDGE('',*,*,#2512,.T.);
#1623=ORIENTED_EDGE('',*,*,#2513,.T.);
#1624=ORIENTED_EDGE('',*,*,#2514,.T.);
#1625=ORIENTED_EDGE('',*,*,#2335,.T.);
#1626=ORIENTED_EDGE('',*,*,#2314,.F.);
#1627=ORIENTED_EDGE('',*,*,#2490,.T.);
#1628=ORIENTED_EDGE('',*,*,#2497,.F.);
#1629=ORIENTED_EDGE('',*,*,#2505,.F.);
#1630=ORIENTED_EDGE('',*,*,#2436,.F.);
#1631=ORIENTED_EDGE('',*,*,#2293,.F.);
#1632=ORIENTED_EDGE('',*,*,#2433,.F.);
#1633=ORIENTED_EDGE('',*,*,#2410,.F.);
#1634=ORIENTED_EDGE('',*,*,#2365,.F.);
#1635=ORIENTED_EDGE('',*,*,#2401,.F.);
#1636=ORIENTED_EDGE('',*,*,#2354,.F.);
#1637=ORIENTED_EDGE('',*,*,#2318,.F.);
#1638=ORIENTED_EDGE('',*,*,#2434,.F.);
#1639=ORIENTED_EDGE('',*,*,#2424,.F.);
#1640=ORIENTED_EDGE('',*,*,#2431,.F.);
#1641=ORIENTED_EDGE('',*,*,#2421,.F.);
#1642=ORIENTED_EDGE('',*,*,#2361,.F.);
#1643=ORIENTED_EDGE('',*,*,#2391,.F.);
#1644=ORIENTED_EDGE('',*,*,#2432,.F.);
#1645=ORIENTED_EDGE('',*,*,#2388,.F.);
#1646=ORIENTED_EDGE('',*,*,#2357,.F.);
#1647=ORIENTED_EDGE('',*,*,#2379,.F.);
#1648=ORIENTED_EDGE('',*,*,#2429,.F.);
#1649=ORIENTED_EDGE('',*,*,#2395,.F.);
#1650=ORIENTED_EDGE('',*,*,#2435,.F.);
#1651=ORIENTED_EDGE('',*,*,#2414,.F.);
#1652=ORIENTED_EDGE('',*,*,#2430,.F.);
#1653=ORIENTED_EDGE('',*,*,#2375,.F.);
#1654=ORIENTED_EDGE('',*,*,#2328,.F.);
#1655=ORIENTED_EDGE('',*,*,#2381,.F.);
#1656=ORIENTED_EDGE('',*,*,#2372,.F.);
#1657=ORIENTED_EDGE('',*,*,#2449,.F.);
#1658=ORIENTED_EDGE('',*,*,#2346,.F.);
#1659=ORIENTED_EDGE('',*,*,#2450,.F.);
#1660=ORIENTED_EDGE('',*,*,#2437,.F.);
#1661=ORIENTED_EDGE('',*,*,#2383,.F.);
#1662=ORIENTED_EDGE('',*,*,#2351,.F.);
#1663=ORIENTED_EDGE('',*,*,#2494,.F.);
#1664=ORIENTED_EDGE('',*,*,#2515,.F.);
#1665=ORIENTED_EDGE('',*,*,#2491,.F.);
#1666=ORIENTED_EDGE('',*,*,#2488,.F.);
#1667=ORIENTED_EDGE('',*,*,#2492,.F.);
#1668=ORIENTED_EDGE('',*,*,#2516,.F.);
#1669=ORIENTED_EDGE('',*,*,#2498,.F.);
#1670=ORIENTED_EDGE('',*,*,#2515,.T.);
#1671=ORIENTED_EDGE('',*,*,#2493,.F.);
#1672=ORIENTED_EDGE('',*,*,#2516,.T.);
#1673=ORIENTED_EDGE('',*,*,#2324,.F.);
#1674=ORIENTED_EDGE('',*,*,#2474,.T.);
#1675=ORIENTED_EDGE('',*,*,#2283,.F.);
#1676=ORIENTED_EDGE('',*,*,#2517,.F.);
#1677=ORIENTED_EDGE('',*,*,#2502,.F.);
#1678=ORIENTED_EDGE('',*,*,#2518,.F.);
#1679=ORIENTED_EDGE('',*,*,#2288,.F.);
#1680=ORIENTED_EDGE('',*,*,#2478,.F.);
#1681=ORIENTED_EDGE('',*,*,#2278,.F.);
#1682=ORIENTED_EDGE('',*,*,#2518,.T.);
#1683=ORIENTED_EDGE('',*,*,#2501,.F.);
#1684=ORIENTED_EDGE('',*,*,#2519,.F.);
#1685=ORIENTED_EDGE('',*,*,#2482,.F.);
#1686=ORIENTED_EDGE('',*,*,#2517,.T.);
#1687=ORIENTED_EDGE('',*,*,#2486,.F.);
#1688=ORIENTED_EDGE('',*,*,#2520,.F.);
#1689=ORIENTED_EDGE('',*,*,#2499,.F.);
#1690=ORIENTED_EDGE('',*,*,#2519,.T.);
#1691=ORIENTED_EDGE('',*,*,#2500,.F.);
#1692=ORIENTED_EDGE('',*,*,#2520,.T.);
#1693=ORIENTED_EDGE('',*,*,#2484,.F.);
#1694=ORIENTED_EDGE('',*,*,#2458,.F.);
#1695=ORIENTED_EDGE('',*,*,#2481,.F.);
#1696=ORIENTED_EDGE('',*,*,#2279,.F.);
#1697=ORIENTED_EDGE('',*,*,#2477,.F.);
#1698=ORIENTED_EDGE('',*,*,#2269,.F.);
#1699=ORIENTED_EDGE('',*,*,#2479,.F.);
#1700=ORIENTED_EDGE('',*,*,#2287,.F.);
#1701=ORIENTED_EDGE('',*,*,#2480,.F.);
#1702=ORIENTED_EDGE('',*,*,#2521,.F.);
#1703=ORIENTED_EDGE('',*,*,#2466,.F.);
#1704=ORIENTED_EDGE('',*,*,#2522,.F.);
#1705=ORIENTED_EDGE('',*,*,#2459,.F.);
#1706=ORIENTED_EDGE('',*,*,#2476,.T.);
#1707=ORIENTED_EDGE('',*,*,#2268,.F.);
#1708=ORIENTED_EDGE('',*,*,#2522,.T.);
#1709=ORIENTED_EDGE('',*,*,#2469,.F.);
#1710=ORIENTED_EDGE('',*,*,#2523,.F.);
#1711=ORIENTED_EDGE('',*,*,#2462,.F.);
#1712=ORIENTED_EDGE('',*,*,#2521,.T.);
#1713=ORIENTED_EDGE('',*,*,#2457,.F.);
#1714=ORIENTED_EDGE('',*,*,#2524,.F.);
#1715=ORIENTED_EDGE('',*,*,#2467,.F.);
#1716=ORIENTED_EDGE('',*,*,#2523,.T.);
#1717=ORIENTED_EDGE('',*,*,#2468,.F.);
#1718=ORIENTED_EDGE('',*,*,#2524,.T.);
#1719=ORIENTED_EDGE('',*,*,#2464,.F.);
#1720=ORIENTED_EDGE('',*,*,#2472,.F.);
#1721=ORIENTED_EDGE('',*,*,#2273,.F.);
#1722=ORIENTED_EDGE('',*,*,#2284,.F.);
#1723=ORIENTED_EDGE('',*,*,#2473,.F.);
#1724=ORIENTED_EDGE('',*,*,#2463,.F.);
#1725=ORIENTED_EDGE('',*,*,#2470,.F.);
#1726=ORIENTED_EDGE('',*,*,#2323,.F.);
#1727=ORIENTED_EDGE('',*,*,#2471,.F.);
#1728=ORIENTED_EDGE('',*,*,#2274,.F.);
#1729=ORIENTED_EDGE('',*,*,#2475,.F.);
#1730=ORIENTED_EDGE('',*,*,#2525,.F.);
#1731=ORIENTED_EDGE('',*,*,#2513,.F.);
#1732=ORIENTED_EDGE('',*,*,#2504,.F.);
#1733=ORIENTED_EDGE('',*,*,#2511,.F.);
#1734=ORIENTED_EDGE('',*,*,#2514,.F.);
#1735=ORIENTED_EDGE('',*,*,#2525,.T.);
#1736=ORIENTED_EDGE('',*,*,#2526,.F.);
#1737=ORIENTED_EDGE('',*,*,#2336,.F.);
#1738=ORIENTED_EDGE('',*,*,#2507,.F.);
#1739=ORIENTED_EDGE('',*,*,#2509,.F.);
#1740=ORIENTED_EDGE('',*,*,#2527,.F.);
#1741=ORIENTED_EDGE('',*,*,#2512,.F.);
#1742=ORIENTED_EDGE('',*,*,#2526,.T.);
#1743=ORIENTED_EDGE('',*,*,#2510,.F.);
#1744=ORIENTED_EDGE('',*,*,#2528,.F.);
#1745=ORIENTED_EDGE('',*,*,#2337,.F.);
#1746=ORIENTED_EDGE('',*,*,#2508,.F.);
#1747=ORIENTED_EDGE('',*,*,#2338,.F.);
#1748=ORIENTED_EDGE('',*,*,#2528,.T.);
#1749=ORIENTED_EDGE('',*,*,#2527,.T.);
#1750=ORIENTED_EDGE('',*,*,#2332,.F.);
#1751=ORIENTED_EDGE('',*,*,#2446,.F.);
#1752=ORIENTED_EDGE('',*,*,#2368,.F.);
#1753=ORIENTED_EDGE('',*,*,#2445,.F.);
#1754=ORIENTED_EDGE('',*,*,#2342,.F.);
#1755=ORIENTED_EDGE('',*,*,#2454,.F.);
#1756=ORIENTED_EDGE('',*,*,#2441,.F.);
#1757=ORIENTED_EDGE('',*,*,#2453,.F.);
#1758=ORIENTED_EDGE('',*,*,#2529,.T.);
#1759=ORIENTED_EDGE('',*,*,#2530,.T.);
#1760=ORIENTED_EDGE('',*,*,#2531,.F.);
#1761=ORIENTED_EDGE('',*,*,#2532,.T.);
#1762=ORIENTED_EDGE('',*,*,#2532,.F.);
#1763=ORIENTED_EDGE('',*,*,#2533,.F.);
#1764=ORIENTED_EDGE('',*,*,#2534,.T.);
#1765=ORIENTED_EDGE('',*,*,#2535,.T.);
#1766=ORIENTED_EDGE('',*,*,#2536,.T.);
#1767=ORIENTED_EDGE('',*,*,#2537,.T.);
#1768=ORIENTED_EDGE('',*,*,#2538,.T.);
#1769=ORIENTED_EDGE('',*,*,#2539,.T.);
#1770=ORIENTED_EDGE('',*,*,#2540,.T.);
#1771=ORIENTED_EDGE('',*,*,#2541,.F.);
#1772=ORIENTED_EDGE('',*,*,#2542,.F.);
#1773=ORIENTED_EDGE('',*,*,#2543,.T.);
#1774=ORIENTED_EDGE('',*,*,#2544,.T.);
#1775=ORIENTED_EDGE('',*,*,#2545,.T.);
#1776=ORIENTED_EDGE('',*,*,#2546,.T.);
#1777=ORIENTED_EDGE('',*,*,#2260,.F.);
#1778=ORIENTED_EDGE('',*,*,#2547,.F.);
#1779=ORIENTED_EDGE('',*,*,#2548,.T.);
#1780=ORIENTED_EDGE('',*,*,#2549,.T.);
#1781=ORIENTED_EDGE('',*,*,#2550,.F.);
#1782=ORIENTED_EDGE('',*,*,#2551,.F.);
#1783=ORIENTED_EDGE('',*,*,#2533,.T.);
#1784=ORIENTED_EDGE('',*,*,#2531,.T.);
#1785=ORIENTED_EDGE('',*,*,#2552,.T.);
#1786=ORIENTED_EDGE('',*,*,#2553,.T.);
#1787=ORIENTED_EDGE('',*,*,#2554,.T.);
#1788=ORIENTED_EDGE('',*,*,#2555,.T.);
#1789=ORIENTED_EDGE('',*,*,#2556,.F.);
#1790=ORIENTED_EDGE('',*,*,#2557,.F.);
#1791=ORIENTED_EDGE('',*,*,#2541,.T.);
#1792=ORIENTED_EDGE('',*,*,#2558,.T.);
#1793=ORIENTED_EDGE('',*,*,#2559,.T.);
#1794=ORIENTED_EDGE('',*,*,#2560,.T.);
#1795=ORIENTED_EDGE('',*,*,#2561,.T.);
#1796=ORIENTED_EDGE('',*,*,#2562,.T.);
#1797=ORIENTED_EDGE('',*,*,#2529,.F.);
#1798=ORIENTED_EDGE('',*,*,#2535,.F.);
#1799=ORIENTED_EDGE('',*,*,#2563,.T.);
#1800=ORIENTED_EDGE('',*,*,#2564,.T.);
#1801=ORIENTED_EDGE('',*,*,#2565,.T.);
#1802=ORIENTED_EDGE('',*,*,#2566,.T.);
#1803=ORIENTED_EDGE('',*,*,#2567,.T.);
#1804=ORIENTED_EDGE('',*,*,#2262,.T.);
#1805=ORIENTED_EDGE('',*,*,#2568,.F.);
#1806=ORIENTED_EDGE('',*,*,#2569,.T.);
#1807=ORIENTED_EDGE('',*,*,#2570,.T.);
#1808=ORIENTED_EDGE('',*,*,#2571,.F.);
#1809=ORIENTED_EDGE('',*,*,#2572,.T.);
#1810=ORIENTED_EDGE('',*,*,#2556,.T.);
#1811=ORIENTED_EDGE('',*,*,#2573,.F.);
#1812=ORIENTED_EDGE('',*,*,#2574,.T.);
#1813=ORIENTED_EDGE('',*,*,#2575,.T.);
#1814=ORIENTED_EDGE('',*,*,#2540,.F.);
#1815=ORIENTED_EDGE('',*,*,#2576,.T.);
#1816=ORIENTED_EDGE('',*,*,#2573,.T.);
#1817=ORIENTED_EDGE('',*,*,#2555,.F.);
#1818=ORIENTED_EDGE('',*,*,#2546,.F.);
#1819=ORIENTED_EDGE('',*,*,#2577,.T.);
#1820=ORIENTED_EDGE('',*,*,#2568,.T.);
#1821=ORIENTED_EDGE('',*,*,#2261,.F.);
#1822=ORIENTED_EDGE('',*,*,#2572,.F.);
#1823=ORIENTED_EDGE('',*,*,#2578,.T.);
#1824=ORIENTED_EDGE('',*,*,#2542,.T.);
#1825=ORIENTED_EDGE('',*,*,#2557,.T.);
#1826=ORIENTED_EDGE('',*,*,#2567,.F.);
#1827=ORIENTED_EDGE('',*,*,#2579,.T.);
#1828=ORIENTED_EDGE('',*,*,#2547,.T.);
#1829=ORIENTED_EDGE('',*,*,#2259,.T.);
#1830=ORIENTED_EDGE('',*,*,#2551,.T.);
#1831=ORIENTED_EDGE('',*,*,#2580,.F.);
#1832=ORIENTED_EDGE('',*,*,#2563,.F.);
#1833=ORIENTED_EDGE('',*,*,#2534,.F.);
#1834=ORIENTED_EDGE('',*,*,#2550,.T.);
#1835=ORIENTED_EDGE('',*,*,#2581,.T.);
#1836=ORIENTED_EDGE('',*,*,#2564,.F.);
#1837=ORIENTED_EDGE('',*,*,#2580,.T.);
#1838=ORIENTED_EDGE('',*,*,#2571,.T.);
#1839=ORIENTED_EDGE('',*,*,#2582,.T.);
#1840=ORIENTED_EDGE('',*,*,#2543,.F.);
#1841=ORIENTED_EDGE('',*,*,#2578,.F.);
#1842=ORIENTED_EDGE('',*,*,#2569,.F.);
#1843=ORIENTED_EDGE('',*,*,#2577,.F.);
#1844=ORIENTED_EDGE('',*,*,#2545,.F.);
#1845=ORIENTED_EDGE('',*,*,#2583,.F.);
#1846=ORIENTED_EDGE('',*,*,#2566,.F.);
#1847=ORIENTED_EDGE('',*,*,#2584,.F.);
#1848=ORIENTED_EDGE('',*,*,#2548,.F.);
#1849=ORIENTED_EDGE('',*,*,#2579,.F.);
#1850=ORIENTED_EDGE('',*,*,#2570,.F.);
#1851=ORIENTED_EDGE('',*,*,#2583,.T.);
#1852=ORIENTED_EDGE('',*,*,#2544,.F.);
#1853=ORIENTED_EDGE('',*,*,#2582,.F.);
#1854=ORIENTED_EDGE('',*,*,#2565,.F.);
#1855=ORIENTED_EDGE('',*,*,#2581,.F.);
#1856=ORIENTED_EDGE('',*,*,#2549,.F.);
#1857=ORIENTED_EDGE('',*,*,#2584,.T.);
#1858=ORIENTED_EDGE('',*,*,#2575,.F.);
#1859=ORIENTED_EDGE('',*,*,#2585,.T.);
#1860=ORIENTED_EDGE('',*,*,#2538,.F.);
#1861=ORIENTED_EDGE('',*,*,#2586,.T.);
#1862=ORIENTED_EDGE('',*,*,#2587,.T.);
#1863=ORIENTED_EDGE('',*,*,#2588,.T.);
#1864=ORIENTED_EDGE('',*,*,#2553,.F.);
#1865=ORIENTED_EDGE('',*,*,#2589,.T.);
#1866=ORIENTED_EDGE('',*,*,#2561,.F.);
#1867=ORIENTED_EDGE('',*,*,#2590,.T.);
#1868=ORIENTED_EDGE('',*,*,#2591,.T.);
#1869=ORIENTED_EDGE('',*,*,#2592,.T.);
#1870=ORIENTED_EDGE('',*,*,#2560,.F.);
#1871=ORIENTED_EDGE('',*,*,#2593,.T.);
#1872=ORIENTED_EDGE('',*,*,#2408,.F.);
#1873=ORIENTED_EDGE('',*,*,#2594,.F.);
#1874=ORIENTED_EDGE('',*,*,#2590,.F.);
#1875=ORIENTED_EDGE('',*,*,#2594,.T.);
#1876=ORIENTED_EDGE('',*,*,#2407,.F.);
#1877=ORIENTED_EDGE('',*,*,#2595,.F.);
#1878=ORIENTED_EDGE('',*,*,#2591,.F.);
#1879=ORIENTED_EDGE('',*,*,#2406,.F.);
#1880=ORIENTED_EDGE('',*,*,#2596,.T.);
#1881=ORIENTED_EDGE('',*,*,#2554,.F.);
#1882=ORIENTED_EDGE('',*,*,#2592,.F.);
#1883=ORIENTED_EDGE('',*,*,#2595,.T.);
#1884=ORIENTED_EDGE('',*,*,#2558,.F.);
#1885=ORIENTED_EDGE('',*,*,#2588,.F.);
#1886=ORIENTED_EDGE('',*,*,#2597,.F.);
#1887=ORIENTED_EDGE('',*,*,#2402,.F.);
#1888=ORIENTED_EDGE('',*,*,#2598,.T.);
#1889=ORIENTED_EDGE('',*,*,#2587,.F.);
#1890=ORIENTED_EDGE('',*,*,#2599,.F.);
#1891=ORIENTED_EDGE('',*,*,#2397,.F.);
#1892=ORIENTED_EDGE('',*,*,#2597,.T.);
#1893=ORIENTED_EDGE('',*,*,#2586,.F.);
#1894=ORIENTED_EDGE('',*,*,#2537,.F.);
#1895=ORIENTED_EDGE('',*,*,#2600,.T.);
#1896=ORIENTED_EDGE('',*,*,#2398,.F.);
#1897=ORIENTED_EDGE('',*,*,#2599,.T.);
#1898=ORIENTED_EDGE('',*,*,#2562,.F.);
#1899=ORIENTED_EDGE('',*,*,#2589,.F.);
#1900=ORIENTED_EDGE('',*,*,#2552,.F.);
#1901=ORIENTED_EDGE('',*,*,#2530,.F.);
#1902=ORIENTED_EDGE('',*,*,#2539,.F.);
#1903=ORIENTED_EDGE('',*,*,#2585,.F.);
#1904=ORIENTED_EDGE('',*,*,#2574,.F.);
#1905=ORIENTED_EDGE('',*,*,#2576,.F.);
#1906=ORIENTED_EDGE('',*,*,#2593,.F.);
#1907=ORIENTED_EDGE('',*,*,#2559,.F.);
#1908=ORIENTED_EDGE('',*,*,#2598,.F.);
#1909=ORIENTED_EDGE('',*,*,#2264,.F.);
#1910=ORIENTED_EDGE('',*,*,#2596,.F.);
#1911=ORIENTED_EDGE('',*,*,#2403,.F.);
#1912=ORIENTED_EDGE('',*,*,#2600,.F.);
#1913=ORIENTED_EDGE('',*,*,#2536,.F.);
#1914=ORIENTED_EDGE('',*,*,#2601,.F.);
#1915=ORIENTED_EDGE('',*,*,#2602,.T.);
#1916=ORIENTED_EDGE('',*,*,#2603,.F.);
#1917=ORIENTED_EDGE('',*,*,#2604,.T.);
#1918=ORIENTED_EDGE('',*,*,#2605,.T.);
#1919=ORIENTED_EDGE('',*,*,#2606,.F.);
#1920=ORIENTED_EDGE('',*,*,#2607,.F.);
#1921=ORIENTED_EDGE('',*,*,#2608,.T.);
#1922=ORIENTED_EDGE('',*,*,#2609,.F.);
#1923=ORIENTED_EDGE('',*,*,#2610,.F.);
#1924=ORIENTED_EDGE('',*,*,#2611,.T.);
#1925=ORIENTED_EDGE('',*,*,#2612,.F.);
#1926=ORIENTED_EDGE('',*,*,#2613,.T.);
#1927=ORIENTED_EDGE('',*,*,#2614,.T.);
#1928=ORIENTED_EDGE('',*,*,#2615,.T.);
#1929=ORIENTED_EDGE('',*,*,#2616,.F.);
#1930=ORIENTED_EDGE('',*,*,#2617,.T.);
#1931=ORIENTED_EDGE('',*,*,#2618,.T.);
#1932=ORIENTED_EDGE('',*,*,#2619,.F.);
#1933=ORIENTED_EDGE('',*,*,#2620,.T.);
#1934=ORIENTED_EDGE('',*,*,#2621,.T.);
#1935=ORIENTED_EDGE('',*,*,#2622,.T.);
#1936=ORIENTED_EDGE('',*,*,#2623,.T.);
#1937=ORIENTED_EDGE('',*,*,#2624,.F.);
#1938=ORIENTED_EDGE('',*,*,#2625,.T.);
#1939=ORIENTED_EDGE('',*,*,#2626,.T.);
#1940=ORIENTED_EDGE('',*,*,#2627,.F.);
#1941=ORIENTED_EDGE('',*,*,#2628,.T.);
#1942=ORIENTED_EDGE('',*,*,#2629,.F.);
#1943=ORIENTED_EDGE('',*,*,#2630,.T.);
#1944=ORIENTED_EDGE('',*,*,#2631,.T.);
#1945=ORIENTED_EDGE('',*,*,#2632,.T.);
#1946=ORIENTED_EDGE('',*,*,#2633,.T.);
#1947=ORIENTED_EDGE('',*,*,#2634,.T.);
#1948=ORIENTED_EDGE('',*,*,#2635,.T.);
#1949=ORIENTED_EDGE('',*,*,#2636,.T.);
#1950=ORIENTED_EDGE('',*,*,#2637,.T.);
#1951=ORIENTED_EDGE('',*,*,#2638,.T.);
#1952=ORIENTED_EDGE('',*,*,#2619,.T.);
#1953=ORIENTED_EDGE('',*,*,#2639,.T.);
#1954=ORIENTED_EDGE('',*,*,#2611,.F.);
#1955=ORIENTED_EDGE('',*,*,#2640,.T.);
#1956=ORIENTED_EDGE('',*,*,#2641,.T.);
#1957=ORIENTED_EDGE('',*,*,#2642,.T.);
#1958=ORIENTED_EDGE('',*,*,#2643,.F.);
#1959=ORIENTED_EDGE('',*,*,#2644,.T.);
#1960=ORIENTED_EDGE('',*,*,#2645,.T.);
#1961=ORIENTED_EDGE('',*,*,#2646,.T.);
#1962=ORIENTED_EDGE('',*,*,#2647,.F.);
#1963=ORIENTED_EDGE('',*,*,#2648,.F.);
#1964=ORIENTED_EDGE('',*,*,#2649,.F.);
#1965=ORIENTED_EDGE('',*,*,#2650,.T.);
#1966=ORIENTED_EDGE('',*,*,#2651,.T.);
#1967=ORIENTED_EDGE('',*,*,#2652,.F.);
#1968=ORIENTED_EDGE('',*,*,#2643,.T.);
#1969=ORIENTED_EDGE('',*,*,#2653,.F.);
#1970=ORIENTED_EDGE('',*,*,#2654,.T.);
#1971=ORIENTED_EDGE('',*,*,#2655,.F.);
#1972=ORIENTED_EDGE('',*,*,#2641,.F.);
#1973=ORIENTED_EDGE('',*,*,#2656,.F.);
#1974=ORIENTED_EDGE('',*,*,#2657,.T.);
#1975=ORIENTED_EDGE('',*,*,#2658,.F.);
#1976=ORIENTED_EDGE('',*,*,#2609,.T.);
#1977=ORIENTED_EDGE('',*,*,#2659,.T.);
#1978=ORIENTED_EDGE('',*,*,#2660,.T.);
#1979=ORIENTED_EDGE('',*,*,#2661,.T.);
#1980=ORIENTED_EDGE('',*,*,#2662,.T.);
#1981=ORIENTED_EDGE('',*,*,#2663,.T.);
#1982=ORIENTED_EDGE('',*,*,#2614,.F.);
#1983=ORIENTED_EDGE('',*,*,#2664,.T.);
#1984=ORIENTED_EDGE('',*,*,#2665,.T.);
#1985=ORIENTED_EDGE('',*,*,#2666,.T.);
#1986=ORIENTED_EDGE('',*,*,#2647,.T.);
#1987=ORIENTED_EDGE('',*,*,#2667,.T.);
#1988=ORIENTED_EDGE('',*,*,#2668,.T.);
#1989=ORIENTED_EDGE('',*,*,#2669,.T.);
#1990=ORIENTED_EDGE('',*,*,#2645,.F.);
#1991=ORIENTED_EDGE('',*,*,#2670,.T.);
#1992=ORIENTED_EDGE('',*,*,#2629,.T.);
#1993=ORIENTED_EDGE('',*,*,#2671,.T.);
#1994=ORIENTED_EDGE('',*,*,#2621,.F.);
#1995=ORIENTED_EDGE('',*,*,#2672,.T.);
#1996=ORIENTED_EDGE('',*,*,#2670,.F.);
#1997=ORIENTED_EDGE('',*,*,#2648,.T.);
#1998=ORIENTED_EDGE('',*,*,#2666,.F.);
#1999=ORIENTED_EDGE('',*,*,#2673,.T.);
#2000=ORIENTED_EDGE('',*,*,#2660,.F.);
#2001=ORIENTED_EDGE('',*,*,#2620,.F.);
#2002=ORIENTED_EDGE('',*,*,#2640,.F.);
#2003=ORIENTED_EDGE('',*,*,#2610,.T.);
#2004=ORIENTED_EDGE('',*,*,#2658,.T.);
#2005=ORIENTED_EDGE('',*,*,#2674,.T.);
#2006=ORIENTED_EDGE('',*,*,#2653,.T.);
#2007=ORIENTED_EDGE('',*,*,#2644,.F.);
#2008=ORIENTED_EDGE('',*,*,#2652,.T.);
#2009=ORIENTED_EDGE('',*,*,#2675,.T.);
#2010=ORIENTED_EDGE('',*,*,#2603,.T.);
#2011=ORIENTED_EDGE('',*,*,#2676,.T.);
#2012=ORIENTED_EDGE('',*,*,#2635,.F.);
#2013=ORIENTED_EDGE('',*,*,#2677,.T.);
#2014=ORIENTED_EDGE('',*,*,#2631,.F.);
#2015=ORIENTED_EDGE('',*,*,#2678,.T.);
#2016=ORIENTED_EDGE('',*,*,#2679,.F.);
#2017=ORIENTED_EDGE('',*,*,#2680,.T.);
#2018=ORIENTED_EDGE('',*,*,#2681,.T.);
#2019=ORIENTED_EDGE('',*,*,#2682,.T.);
#2020=ORIENTED_EDGE('',*,*,#2624,.T.);
#2021=ORIENTED_EDGE('',*,*,#2681,.F.);
#2022=ORIENTED_EDGE('',*,*,#2683,.T.);
#2023=ORIENTED_EDGE('',*,*,#2684,.T.);
#2024=ORIENTED_EDGE('',*,*,#2662,.F.);
#2025=ORIENTED_EDGE('',*,*,#2685,.T.);
#2026=ORIENTED_EDGE('',*,*,#2664,.F.);
#2027=ORIENTED_EDGE('',*,*,#2646,.F.);
#2028=ORIENTED_EDGE('',*,*,#2669,.F.);
#2029=ORIENTED_EDGE('',*,*,#2686,.T.);
#2030=ORIENTED_EDGE('',*,*,#2687,.T.);
#2031=ORIENTED_EDGE('',*,*,#2688,.F.);
#2032=ORIENTED_EDGE('',*,*,#2689,.T.);
#2033=ORIENTED_EDGE('',*,*,#2690,.T.);
#2034=ORIENTED_EDGE('',*,*,#2691,.T.);
#2035=ORIENTED_EDGE('',*,*,#2692,.F.);
#2036=ORIENTED_EDGE('',*,*,#2693,.T.);
#2037=ORIENTED_EDGE('',*,*,#2694,.T.);
#2038=ORIENTED_EDGE('',*,*,#2606,.T.);
#2039=ORIENTED_EDGE('',*,*,#2695,.T.);
#2040=ORIENTED_EDGE('',*,*,#2696,.F.);
#2041=ORIENTED_EDGE('',*,*,#2697,.T.);
#2042=ORIENTED_EDGE('',*,*,#2698,.T.);
#2043=ORIENTED_EDGE('',*,*,#2699,.T.);
#2044=ORIENTED_EDGE('',*,*,#2700,.T.);
#2045=ORIENTED_EDGE('',*,*,#2701,.T.);
#2046=ORIENTED_EDGE('',*,*,#2692,.T.);
#2047=ORIENTED_EDGE('',*,*,#2702,.T.);
#2048=ORIENTED_EDGE('',*,*,#2703,.T.);
#2049=ORIENTED_EDGE('',*,*,#2649,.T.);
#2050=ORIENTED_EDGE('',*,*,#2642,.F.);
#2051=ORIENTED_EDGE('',*,*,#2655,.T.);
#2052=ORIENTED_EDGE('',*,*,#2704,.T.);
#2053=ORIENTED_EDGE('',*,*,#2656,.T.);
#2054=ORIENTED_EDGE('',*,*,#2696,.T.);
#2055=ORIENTED_EDGE('',*,*,#2705,.T.);
#2056=ORIENTED_EDGE('',*,*,#2612,.T.);
#2057=ORIENTED_EDGE('',*,*,#2639,.F.);
#2058=ORIENTED_EDGE('',*,*,#2618,.F.);
#2059=ORIENTED_EDGE('',*,*,#2706,.T.);
#2060=ORIENTED_EDGE('',*,*,#2688,.T.);
#2061=ORIENTED_EDGE('',*,*,#2707,.T.);
#2062=ORIENTED_EDGE('',*,*,#2679,.T.);
#2063=ORIENTED_EDGE('',*,*,#2623,.F.);
#2064=ORIENTED_EDGE('',*,*,#2708,.T.);
#2065=ORIENTED_EDGE('',*,*,#2627,.T.);
#2066=ORIENTED_EDGE('',*,*,#2709,.T.);
#2067=ORIENTED_EDGE('',*,*,#2633,.F.);
#2068=ORIENTED_EDGE('',*,*,#2710,.T.);
#2069=ORIENTED_EDGE('',*,*,#2637,.F.);
#2070=ORIENTED_EDGE('',*,*,#2711,.T.);
#2071=ORIENTED_EDGE('',*,*,#2601,.T.);
#2072=ORIENTED_EDGE('',*,*,#2694,.F.);
#2073=ORIENTED_EDGE('',*,*,#2712,.T.);
#2074=ORIENTED_EDGE('',*,*,#2705,.F.);
#2075=ORIENTED_EDGE('',*,*,#2699,.F.);
#2076=ORIENTED_EDGE('',*,*,#2713,.F.);
#2077=ORIENTED_EDGE('',*,*,#2613,.F.);
#2078=ORIENTED_EDGE('',*,*,#2659,.F.);
#2079=ORIENTED_EDGE('',*,*,#2608,.F.);
#2080=ORIENTED_EDGE('',*,*,#2714,.F.);
#2081=ORIENTED_EDGE('',*,*,#2700,.F.);
#2082=ORIENTED_EDGE('',*,*,#2607,.T.);
#2083=ORIENTED_EDGE('',*,*,#2713,.T.);
#2084=ORIENTED_EDGE('',*,*,#2715,.F.);
#2085=ORIENTED_EDGE('',*,*,#2714,.T.);
#2086=ORIENTED_EDGE('',*,*,#2712,.F.);
#2087=ORIENTED_EDGE('',*,*,#2693,.F.);
#2088=ORIENTED_EDGE('',*,*,#2716,.F.);
#2089=ORIENTED_EDGE('',*,*,#2697,.F.);
#2090=ORIENTED_EDGE('',*,*,#2715,.T.);
#2091=ORIENTED_EDGE('',*,*,#2698,.F.);
#2092=ORIENTED_EDGE('',*,*,#2716,.T.);
#2093=ORIENTED_EDGE('',*,*,#2701,.F.);
#2094=ORIENTED_EDGE('',*,*,#2675,.F.);
#2095=ORIENTED_EDGE('',*,*,#2651,.F.);
#2096=ORIENTED_EDGE('',*,*,#2717,.F.);
#2097=ORIENTED_EDGE('',*,*,#2604,.F.);
#2098=ORIENTED_EDGE('',*,*,#2650,.F.);
#2099=ORIENTED_EDGE('',*,*,#2703,.F.);
#2100=ORIENTED_EDGE('',*,*,#2718,.F.);
#2101=ORIENTED_EDGE('',*,*,#2717,.T.);
#2102=ORIENTED_EDGE('',*,*,#2695,.F.);
#2103=ORIENTED_EDGE('',*,*,#2605,.F.);
#2104=ORIENTED_EDGE('',*,*,#2718,.T.);
#2105=ORIENTED_EDGE('',*,*,#2702,.F.);
#2106=ORIENTED_EDGE('',*,*,#2663,.F.);
#2107=ORIENTED_EDGE('',*,*,#2684,.F.);
#2108=ORIENTED_EDGE('',*,*,#2719,.F.);
#2109=ORIENTED_EDGE('',*,*,#2615,.F.);
#2110=ORIENTED_EDGE('',*,*,#2706,.F.);
#2111=ORIENTED_EDGE('',*,*,#2617,.F.);
#2112=ORIENTED_EDGE('',*,*,#2720,.F.);
#2113=ORIENTED_EDGE('',*,*,#2689,.F.);
#2114=ORIENTED_EDGE('',*,*,#2707,.F.);
#2115=ORIENTED_EDGE('',*,*,#2691,.F.);
#2116=ORIENTED_EDGE('',*,*,#2721,.F.);
#2117=ORIENTED_EDGE('',*,*,#2680,.F.);
#2118=ORIENTED_EDGE('',*,*,#2616,.T.);
#2119=ORIENTED_EDGE('',*,*,#2719,.T.);
#2120=ORIENTED_EDGE('',*,*,#2722,.F.);
#2121=ORIENTED_EDGE('',*,*,#2720,.T.);
#2122=ORIENTED_EDGE('',*,*,#2721,.T.);
#2123=ORIENTED_EDGE('',*,*,#2690,.F.);
#2124=ORIENTED_EDGE('',*,*,#2722,.T.);
#2125=ORIENTED_EDGE('',*,*,#2683,.F.);
#2126=ORIENTED_EDGE('',*,*,#2723,.F.);
#2127=ORIENTED_EDGE('',*,*,#2667,.F.);
#2128=ORIENTED_EDGE('',*,*,#2672,.F.);
#2129=ORIENTED_EDGE('',*,*,#2626,.F.);
#2130=ORIENTED_EDGE('',*,*,#2668,.F.);
#2131=ORIENTED_EDGE('',*,*,#2723,.T.);
#2132=ORIENTED_EDGE('',*,*,#2724,.F.);
#2133=ORIENTED_EDGE('',*,*,#2686,.F.);
#2134=ORIENTED_EDGE('',*,*,#2682,.F.);
#2135=ORIENTED_EDGE('',*,*,#2687,.F.);
#2136=ORIENTED_EDGE('',*,*,#2724,.T.);
#2137=ORIENTED_EDGE('',*,*,#2625,.F.);
#2138=ORIENTED_EDGE('',*,*,#2671,.F.);
#2139=ORIENTED_EDGE('',*,*,#2628,.F.);
#2140=ORIENTED_EDGE('',*,*,#2708,.F.);
#2141=ORIENTED_EDGE('',*,*,#2622,.F.);
#2142=ORIENTED_EDGE('',*,*,#2676,.F.);
#2143=ORIENTED_EDGE('',*,*,#2602,.F.);
#2144=ORIENTED_EDGE('',*,*,#2711,.F.);
#2145=ORIENTED_EDGE('',*,*,#2636,.F.);
#2146=ORIENTED_EDGE('',*,*,#2677,.F.);
#2147=ORIENTED_EDGE('',*,*,#2638,.F.);
#2148=ORIENTED_EDGE('',*,*,#2710,.F.);
#2149=ORIENTED_EDGE('',*,*,#2632,.F.);
#2150=ORIENTED_EDGE('',*,*,#2678,.F.);
#2151=ORIENTED_EDGE('',*,*,#2634,.F.);
#2152=ORIENTED_EDGE('',*,*,#2709,.F.);
#2153=ORIENTED_EDGE('',*,*,#2630,.F.);
#2154=ORIENTED_EDGE('',*,*,#2673,.F.);
#2155=ORIENTED_EDGE('',*,*,#2665,.F.);
#2156=ORIENTED_EDGE('',*,*,#2685,.F.);
#2157=ORIENTED_EDGE('',*,*,#2661,.F.);
#2158=ORIENTED_EDGE('',*,*,#2674,.F.);
#2159=ORIENTED_EDGE('',*,*,#2657,.F.);
#2160=ORIENTED_EDGE('',*,*,#2704,.F.);
#2161=ORIENTED_EDGE('',*,*,#2654,.F.);
#2162=EDGE_CURVE('',#2725,#2725,#3088,.T.);
#2163=EDGE_CURVE('',#2726,#2726,#3089,.T.);
#2164=EDGE_CURVE('',#2727,#2728,#72,.T.);
#2165=EDGE_CURVE('',#2728,#2729,#73,.T.);
#2166=EDGE_CURVE('',#2729,#2730,#3090,.T.);
#2167=EDGE_CURVE('',#2730,#2731,#74,.T.);
#2168=EDGE_CURVE('',#2732,#2731,#75,.T.);
#2169=EDGE_CURVE('',#2732,#2733,#76,.T.);
#2170=EDGE_CURVE('',#2733,#2734,#3091,.F.);
#2171=EDGE_CURVE('',#2734,#2735,#77,.T.);
#2172=EDGE_CURVE('',#2735,#2736,#3092,.T.);
#2173=EDGE_CURVE('',#2737,#2736,#78,.T.);
#2174=EDGE_CURVE('',#2737,#2738,#3093,.T.);
#2175=EDGE_CURVE('',#2738,#2739,#79,.T.);
#2176=EDGE_CURVE('',#2739,#2740,#3094,.T.);
#2177=EDGE_CURVE('',#2740,#2741,#80,.T.);
#2178=EDGE_CURVE('',#2741,#2742,#3095,.T.);
#2179=EDGE_CURVE('',#2743,#2742,#81,.T.);
#2180=EDGE_CURVE('',#2743,#2744,#3096,.F.);
#2181=EDGE_CURVE('',#2745,#2744,#82,.T.);
#2182=EDGE_CURVE('',#2745,#2746,#83,.T.);
#2183=EDGE_CURVE('',#2747,#2746,#84,.T.);
#2184=EDGE_CURVE('',#2747,#2748,#3097,.T.);
#2185=EDGE_CURVE('',#2749,#2748,#85,.T.);
#2186=EDGE_CURVE('',#2749,#2750,#86,.F.);
#2187=EDGE_CURVE('',#2750,#2727,#87,.T.);
#2188=EDGE_CURVE('',#2751,#2752,#88,.T.);
#2189=EDGE_CURVE('',#2752,#2729,#89,.T.);
#2190=EDGE_CURVE('',#2728,#2753,#3098,.F.);
#2191=EDGE_CURVE('',#2754,#2753,#90,.T.);
#2192=EDGE_CURVE('',#2754,#2751,#3099,.F.);
#2193=EDGE_CURVE('',#2730,#2755,#91,.F.);
#2194=EDGE_CURVE('',#2755,#2756,#92,.T.);
#2195=EDGE_CURVE('',#2756,#2731,#93,.T.);
#2196=EDGE_CURVE('',#2756,#2757,#94,.T.);
#2197=EDGE_CURVE('',#2757,#2732,#95,.T.);
#2198=EDGE_CURVE('',#2757,#2758,#96,.T.);
#2199=EDGE_CURVE('',#2758,#2759,#67,.T.);
#2200=EDGE_CURVE('',#2759,#2733,#97,.T.);
#2201=EDGE_CURVE('',#2744,#2760,#98,.F.);
#2202=EDGE_CURVE('',#2761,#2760,#99,.T.);
#2203=EDGE_CURVE('',#2761,#2745,#100,.T.);
#2204=EDGE_CURVE('',#2761,#2762,#101,.T.);
#2205=EDGE_CURVE('',#2762,#2746,#102,.T.);
#2206=EDGE_CURVE('',#2763,#2762,#103,.T.);
#2207=EDGE_CURVE('',#2763,#2747,#104,.T.);
#2208=EDGE_CURVE('',#2748,#2764,#105,.F.);
#2209=EDGE_CURVE('',#2765,#2764,#106,.T.);
#2210=EDGE_CURVE('',#2765,#2766,#3100,.T.);
#2211=EDGE_CURVE('',#2766,#2767,#107,.T.);
#2212=EDGE_CURVE('',#2767,#2749,#3101,.T.);
#2213=EDGE_CURVE('',#2768,#2768,#3102,.F.);
#2214=EDGE_CURVE('',#2769,#2770,#108,.T.);
#2215=EDGE_CURVE('',#2770,#2771,#109,.F.);
#2216=EDGE_CURVE('',#2772,#2771,#110,.T.);
#2217=EDGE_CURVE('',#2772,#2773,#3103,.F.);
#2218=EDGE_CURVE('',#2774,#2773,#111,.T.);
#2219=EDGE_CURVE('',#2774,#2769,#3104,.F.);
#2220=EDGE_CURVE('',#2775,#2776,#112,.F.);
#2221=EDGE_CURVE('',#2776,#2741,#113,.T.);
#2222=EDGE_CURVE('',#2740,#2775,#114,.F.);
#2223=EDGE_CURVE('',#2777,#2777,#3105,.F.);
#2224=EDGE_CURVE('',#2738,#2778,#115,.F.);
#2225=EDGE_CURVE('',#2779,#2778,#116,.T.);
#2226=EDGE_CURVE('',#2779,#2739,#117,.T.);
#2227=EDGE_CURVE('',#2736,#2780,#118,.F.);
#2228=EDGE_CURVE('',#2780,#2781,#119,.T.);
#2229=EDGE_CURVE('',#2781,#2737,#120,.T.);
#2230=EDGE_CURVE('',#2782,#2783,#121,.T.);
#2231=EDGE_CURVE('',#2783,#2735,#122,.T.);
#2232=EDGE_CURVE('',#2734,#2782,#123,.F.);
#2233=EDGE_CURVE('',#2753,#2770,#124,.F.);
#2234=EDGE_CURVE('',#2769,#2754,#125,.T.);
#2235=EDGE_CURVE('',#2784,#2785,#126,.T.);
#2236=EDGE_CURVE('',#2785,#2779,#127,.T.);
#2237=EDGE_CURVE('',#2778,#2786,#128,.F.);
#2238=EDGE_CURVE('',#2786,#2787,#129,.F.);
#2239=EDGE_CURVE('',#2787,#2758,#3106,.F.);
#2240=EDGE_CURVE('',#2755,#2752,#3107,.T.);
#2241=EDGE_CURVE('',#2751,#2774,#130,.F.);
#2242=EDGE_CURVE('',#2773,#2765,#131,.T.);
#2243=EDGE_CURVE('',#2764,#2763,#3108,.T.);
#2244=EDGE_CURVE('',#2760,#2784,#3109,.F.);
#2245=EDGE_CURVE('',#2771,#2767,#132,.T.);
#2246=EDGE_CURVE('',#2766,#2772,#133,.F.);
#2247=EDGE_CURVE('',#2742,#2785,#134,.F.);
#2248=EDGE_CURVE('',#2784,#2743,#135,.T.);
#2249=EDGE_CURVE('',#2750,#2771,#38,.T.);
#2250=EDGE_CURVE('',#2770,#2727,#39,.F.);
#2251=EDGE_CURVE('',#2785,#2776,#40,.T.);
#2252=EDGE_CURVE('',#2775,#2779,#41,.F.);
#2253=EDGE_CURVE('',#2782,#2759,#3110,.F.);
#2254=EDGE_CURVE('',#2782,#2787,#3111,.T.);
#2255=EDGE_CURVE('',#2783,#2786,#3112,.T.);
#2256=EDGE_CURVE('',#2780,#2783,#3113,.T.);
#2257=EDGE_CURVE('',#2780,#2786,#3114,.F.);
#2258=EDGE_CURVE('',#2778,#2781,#42,.T.);
#2259=EDGE_CURVE('',#2788,#2789,#136,.T.);
#2260=EDGE_CURVE('',#2788,#2790,#137,.T.);
#2261=EDGE_CURVE('',#2790,#2791,#138,.T.);
#2262=EDGE_CURVE('',#2789,#2791,#139,.T.);
#2263=EDGE_CURVE('',#2792,#2793,#140,.T.);
#2264=EDGE_CURVE('',#2793,#2794,#141,.T.);
#2265=EDGE_CURVE('',#2795,#2794,#142,.T.);
#2266=EDGE_CURVE('',#2795,#2792,#143,.T.);
#2267=EDGE_CURVE('',#2796,#2797,#144,.T.);
#2268=EDGE_CURVE('',#2797,#2798,#145,.F.);
#2269=EDGE_CURVE('',#2798,#2799,#3115,.F.);
#2270=EDGE_CURVE('',#2800,#2799,#146,.T.);
#2271=EDGE_CURVE('',#2800,#2796,#147,.T.);
#2272=EDGE_CURVE('',#2801,#2802,#148,.T.);
#2273=EDGE_CURVE('',#2802,#2803,#149,.T.);
#2274=EDGE_CURVE('',#2803,#2804,#3116,.T.);
#2275=EDGE_CURVE('',#2805,#2804,#150,.T.);
#2276=EDGE_CURVE('',#2801,#2805,#151,.T.);
#2277=EDGE_CURVE('',#2806,#2807,#152,.T.);
#2278=EDGE_CURVE('',#2807,#2808,#153,.F.);
#2279=EDGE_CURVE('',#2808,#2809,#3117,.F.);
#2280=EDGE_CURVE('',#2810,#2809,#154,.T.);
#2281=EDGE_CURVE('',#2810,#2806,#155,.T.);
#2282=EDGE_CURVE('',#2811,#2812,#156,.T.);
#2283=EDGE_CURVE('',#2812,#2813,#157,.T.);
#2284=EDGE_CURVE('',#2813,#2814,#3118,.T.);
#2285=EDGE_CURVE('',#2815,#2814,#158,.T.);
#2286=EDGE_CURVE('',#2811,#2815,#159,.T.);
#2287=EDGE_CURVE('',#2816,#2817,#3119,.F.);
#2288=EDGE_CURVE('',#2817,#2818,#160,.F.);
#2289=EDGE_CURVE('',#2819,#2818,#161,.T.);
#2290=EDGE_CURVE('',#2819,#2820,#162,.T.);
#2291=EDGE_CURVE('',#2820,#2816,#163,.T.);
#2292=EDGE_CURVE('',#2821,#2822,#164,.T.);
#2293=EDGE_CURVE('',#2821,#2823,#165,.F.);
#2294=EDGE_CURVE('',#2824,#2823,#166,.T.);
#2295=EDGE_CURVE('',#2825,#2824,#167,.T.);
#2296=EDGE_CURVE('',#2825,#2826,#168,.T.);
#2297=EDGE_CURVE('',#2827,#2826,#169,.T.);
#2298=EDGE_CURVE('',#2828,#2827,#170,.T.);
#2299=EDGE_CURVE('',#2828,#2811,#171,.T.);
#2300=EDGE_CURVE('',#2815,#2829,#172,.T.);
#2301=EDGE_CURVE('',#2829,#2830,#173,.T.);
#2302=EDGE_CURVE('',#2796,#2830,#174,.T.);
#2303=EDGE_CURVE('',#2800,#2820,#175,.T.);
#2304=EDGE_CURVE('',#2819,#2831,#176,.T.);
#2305=EDGE_CURVE('',#2831,#2832,#177,.T.);
#2306=EDGE_CURVE('',#2806,#2832,#178,.T.);
#2307=EDGE_CURVE('',#2833,#2810,#179,.T.);
#2308=EDGE_CURVE('',#2834,#2833,#180,.T.);
#2309=EDGE_CURVE('',#2801,#2834,#181,.T.);
#2310=EDGE_CURVE('',#2835,#2805,#182,.T.);
#2311=EDGE_CURVE('',#2835,#2836,#183,.T.);
#2312=EDGE_CURVE('',#2837,#2836,#184,.T.);
#2313=EDGE_CURVE('',#2838,#2837,#185,.T.);
#2314=EDGE_CURVE('',#2838,#2839,#186,.T.);
#2315=EDGE_CURVE('',#2839,#2840,#187,.T.);
#2316=EDGE_CURVE('',#2840,#2841,#188,.T.);
#2317=EDGE_CURVE('',#2842,#2841,#189,.T.);
#2318=EDGE_CURVE('',#2842,#2843,#190,.T.);
#2319=EDGE_CURVE('',#2844,#2843,#191,.T.);
#2320=EDGE_CURVE('',#2844,#2845,#192,.T.);
#2321=EDGE_CURVE('',#2846,#2845,#193,.T.);
#2322=EDGE_CURVE('',#2822,#2846,#194,.T.);
#2323=EDGE_CURVE('',#2847,#2848,#3120,.T.);
#2324=EDGE_CURVE('',#2848,#2849,#195,.T.);
#2325=EDGE_CURVE('',#2836,#2849,#196,.T.);
#2326=EDGE_CURVE('',#2835,#2847,#197,.T.);
#2327=EDGE_CURVE('',#2850,#2851,#198,.T.);
#2328=EDGE_CURVE('',#2851,#2852,#3121,.F.);
#2329=EDGE_CURVE('',#2852,#2853,#199,.T.);
#2330=EDGE_CURVE('',#2854,#2853,#200,.T.);
#2331=EDGE_CURVE('',#2855,#2854,#201,.T.);
#2332=EDGE_CURVE('',#2855,#2856,#3122,.T.);
#2333=EDGE_CURVE('',#2857,#2856,#202,.T.);
#2334=EDGE_CURVE('',#2857,#2840,#203,.T.);
#2335=EDGE_CURVE('',#2858,#2839,#204,.T.);
#2336=EDGE_CURVE('',#2858,#2859,#3123,.T.);
#2337=EDGE_CURVE('',#2859,#2860,#205,.F.);
#2338=EDGE_CURVE('',#2860,#2861,#3124,.T.);
#2339=EDGE_CURVE('',#2826,#2861,#206,.T.);
#2340=EDGE_CURVE('',#2862,#2825,#207,.T.);
#2341=EDGE_CURVE('',#2862,#2863,#208,.T.);
#2342=EDGE_CURVE('',#2863,#2864,#3125,.T.);
#2343=EDGE_CURVE('',#2865,#2864,#209,.T.);
#2344=EDGE_CURVE('',#2865,#2866,#210,.T.);
#2345=EDGE_CURVE('',#2867,#2866,#211,.T.);
#2346=EDGE_CURVE('',#2867,#2868,#3126,.F.);
#2347=EDGE_CURVE('',#2869,#2868,#212,.T.);
#2348=EDGE_CURVE('',#2869,#2792,#213,.T.);
#2349=EDGE_CURVE('',#2850,#2795,#214,.T.);
#2350=EDGE_CURVE('',#2870,#2871,#215,.T.);
#2351=EDGE_CURVE('',#2870,#2872,#3127,.T.);
#2352=EDGE_CURVE('',#2828,#2872,#216,.T.);
#2353=EDGE_CURVE('',#2871,#2827,#217,.T.);
#2354=EDGE_CURVE('',#2843,#2873,#3128,.F.);
#2355=EDGE_CURVE('',#2873,#2874,#218,.T.);
#2356=EDGE_CURVE('',#2875,#2874,#219,.T.);
#2357=EDGE_CURVE('',#2875,#2876,#3129,.T.);
#2358=EDGE_CURVE('',#2876,#2877,#220,.T.);
#2359=EDGE_CURVE('',#2878,#2877,#221,.T.);
#2360=EDGE_CURVE('',#2879,#2878,#222,.T.);
#2361=EDGE_CURVE('',#2879,#2880,#3130,.F.);
#2362=EDGE_CURVE('',#2881,#2880,#223,.T.);
#2363=EDGE_CURVE('',#2881,#2844,#224,.T.);
#2364=EDGE_CURVE('',#2882,#2883,#225,.T.);
#2365=EDGE_CURVE('',#2882,#2842,#3131,.T.);
#2366=EDGE_CURVE('',#2884,#2841,#226,.T.);
#2367=EDGE_CURVE('',#2884,#2885,#227,.T.);
#2368=EDGE_CURVE('',#2885,#2886,#3132,.T.);
#2369=EDGE_CURVE('',#2886,#2887,#228,.T.);
#2370=EDGE_CURVE('',#2887,#2888,#229,.T.);
#2371=EDGE_CURVE('',#2889,#2888,#230,.T.);
#2372=EDGE_CURVE('',#2889,#2890,#3133,.F.);
#2373=EDGE_CURVE('',#2883,#2890,#231,.T.);
#2374=EDGE_CURVE('',#2891,#2892,#232,.T.);
#2375=EDGE_CURVE('',#2892,#2893,#233,.T.);
#2376=EDGE_CURVE('',#2894,#2893,#234,.T.);
#2377=EDGE_CURVE('',#2891,#2894,#235,.T.);
#2378=EDGE_CURVE('',#2895,#2896,#236,.T.);
#2379=EDGE_CURVE('',#2896,#2875,#237,.F.);
#2380=EDGE_CURVE('',#2874,#2895,#238,.T.);
#2381=EDGE_CURVE('',#2890,#2851,#239,.F.);
#2382=EDGE_CURVE('',#2850,#2883,#240,.T.);
#2383=EDGE_CURVE('',#2868,#2897,#241,.T.);
#2384=EDGE_CURVE('',#2897,#2898,#242,.T.);
#2385=EDGE_CURVE('',#2869,#2898,#243,.T.);
#2386=EDGE_CURVE('',#2899,#2845,#244,.T.);
#2387=EDGE_CURVE('',#2881,#2899,#245,.T.);
#2388=EDGE_CURVE('',#2880,#2900,#246,.T.);
#2389=EDGE_CURVE('',#2899,#2900,#247,.T.);
#2390=EDGE_CURVE('',#2901,#2902,#248,.T.);
#2391=EDGE_CURVE('',#2901,#2879,#249,.F.);
#2392=EDGE_CURVE('',#2878,#2902,#250,.T.);
#2393=EDGE_CURVE('',#2902,#2903,#251,.T.);
#2394=EDGE_CURVE('',#2877,#2903,#252,.T.);
#2395=EDGE_CURVE('',#2876,#2904,#253,.T.);
#2396=EDGE_CURVE('',#2904,#2903,#254,.T.);
#2397=EDGE_CURVE('',#2905,#2906,#255,.T.);
#2398=EDGE_CURVE('',#2906,#2907,#256,.T.);
#2399=EDGE_CURVE('',#2907,#2908,#257,.T.);
#2400=EDGE_CURVE('',#2895,#2908,#258,.T.);
#2401=EDGE_CURVE('',#2873,#2882,#259,.F.);
#2402=EDGE_CURVE('',#2794,#2905,#260,.T.);
#2403=EDGE_CURVE('',#2907,#2909,#261,.F.);
#2404=EDGE_CURVE('',#2909,#2910,#262,.T.);
#2405=EDGE_CURVE('',#2908,#2910,#263,.T.);
#2406=EDGE_CURVE('',#2909,#2911,#264,.T.);
#2407=EDGE_CURVE('',#2911,#2912,#265,.F.);
#2408=EDGE_CURVE('',#2912,#2793,#266,.T.);
#2409=EDGE_CURVE('',#2913,#2898,#267,.T.);
#2410=EDGE_CURVE('',#2913,#2914,#268,.T.);
#2411=EDGE_CURVE('',#2914,#2891,#269,.T.);
#2412=EDGE_CURVE('',#2894,#2910,#270,.T.);
#2413=EDGE_CURVE('',#2915,#2916,#271,.T.);
#2414=EDGE_CURVE('',#2915,#2917,#272,.F.);
#2415=EDGE_CURVE('',#2917,#2918,#273,.T.);
#2416=EDGE_CURVE('',#2918,#2916,#274,.T.);
#2417=EDGE_CURVE('',#2919,#2916,#275,.T.);
#2418=EDGE_CURVE('',#2920,#2918,#276,.T.);
#2419=EDGE_CURVE('',#2920,#2919,#277,.T.);
#2420=EDGE_CURVE('',#2920,#2921,#278,.T.);
#2421=EDGE_CURVE('',#2921,#2922,#279,.T.);
#2422=EDGE_CURVE('',#2919,#2922,#280,.T.);
#2423=EDGE_CURVE('',#2923,#2924,#281,.T.);
#2424=EDGE_CURVE('',#2924,#2925,#282,.F.);
#2425=EDGE_CURVE('',#2926,#2925,#283,.T.);
#2426=EDGE_CURVE('',#2926,#2923,#284,.T.);
#2427=EDGE_CURVE('',#2923,#2846,#285,.T.);
#2428=EDGE_CURVE('',#2926,#2822,#286,.T.);
#2429=EDGE_CURVE('',#2904,#2896,#3134,.T.);
#2430=EDGE_CURVE('',#2893,#2915,#3135,.T.);
#2431=EDGE_CURVE('',#2922,#2924,#3136,.F.);
#2432=EDGE_CURVE('',#2900,#2901,#3137,.F.);
#2433=EDGE_CURVE('',#2914,#2821,#3138,.F.);
#2434=EDGE_CURVE('',#2925,#2921,#3139,.F.);
#2435=EDGE_CURVE('',#2917,#2892,#3140,.T.);
#2436=EDGE_CURVE('',#2823,#2913,#3141,.T.);
#2437=EDGE_CURVE('',#2897,#2927,#3142,.F.);
#2438=EDGE_CURVE('',#2927,#2928,#287,.T.);
#2439=EDGE_CURVE('',#2929,#2928,#288,.T.);
#2440=EDGE_CURVE('',#2929,#2930,#289,.T.);
#2441=EDGE_CURVE('',#2930,#2931,#3143,.T.);
#2442=EDGE_CURVE('',#2932,#2931,#290,.T.);
#2443=EDGE_CURVE('',#2932,#2824,#291,.T.);
#2444=EDGE_CURVE('',#2857,#2884,#292,.T.);
#2445=EDGE_CURVE('',#2856,#2885,#293,.T.);
#2446=EDGE_CURVE('',#2886,#2855,#294,.F.);
#2447=EDGE_CURVE('',#2854,#2887,#295,.T.);
#2448=EDGE_CURVE('',#2853,#2888,#296,.T.);
#2449=EDGE_CURVE('',#2852,#2889,#297,.T.);
#2450=EDGE_CURVE('',#2927,#2867,#298,.F.);
#2451=EDGE_CURVE('',#2866,#2928,#299,.T.);
#2452=EDGE_CURVE('',#2865,#2929,#300,.T.);
#2453=EDGE_CURVE('',#2864,#2930,#301,.T.);
#2454=EDGE_CURVE('',#2931,#2863,#302,.F.);
#2455=EDGE_CURVE('',#2862,#2932,#303,.T.);
#2456=EDGE_CURVE('',#2830,#2933,#304,.T.);
#2457=EDGE_CURVE('',#2933,#2797,#305,.F.);
#2458=EDGE_CURVE('',#2934,#2935,#3144,.F.);
#2459=EDGE_CURVE('',#2935,#2936,#306,.F.);
#2460=EDGE_CURVE('',#2834,#2936,#307,.T.);
#2461=EDGE_CURVE('',#2833,#2934,#308,.T.);
#2462=EDGE_CURVE('',#2936,#2802,#309,.F.);
#2463=EDGE_CURVE('',#2937,#2938,#3145,.T.);
#2464=EDGE_CURVE('',#2938,#2933,#310,.T.);
#2465=EDGE_CURVE('',#2829,#2937,#311,.T.);
#2466=EDGE_CURVE('',#2939,#2940,#312,.T.);
#2467=EDGE_CURVE('',#2940,#2941,#313,.T.);
#2468=EDGE_CURVE('',#2941,#2942,#314,.F.);
#2469=EDGE_CURVE('',#2942,#2939,#315,.T.);
#2470=EDGE_CURVE('',#2814,#2937,#316,.T.);
#2471=EDGE_CURVE('',#2804,#2847,#317,.F.);
#2472=EDGE_CURVE('',#2803,#2938,#318,.T.);
#2473=EDGE_CURVE('',#2938,#2813,#319,.F.);
#2474=EDGE_CURVE('',#2848,#2813,#320,.T.);
#2475=EDGE_CURVE('',#2848,#2803,#321,.T.);
#2476=EDGE_CURVE('',#2935,#2798,#322,.T.);
#2477=EDGE_CURVE('',#2935,#2808,#323,.T.);
#2478=EDGE_CURVE('',#2808,#2817,#324,.T.);
#2479=EDGE_CURVE('',#2817,#2798,#325,.F.);
#2480=EDGE_CURVE('',#2799,#2816,#326,.T.);
#2481=EDGE_CURVE('',#2809,#2934,#327,.F.);
#2482=EDGE_CURVE('',#2818,#2943,#328,.T.);
#2483=EDGE_CURVE('',#2831,#2943,#329,.T.);
#2484=EDGE_CURVE('',#2943,#2944,#330,.T.);
#2485=EDGE_CURVE('',#2832,#2944,#331,.T.);
#2486=EDGE_CURVE('',#2944,#2807,#332,.F.);
#2487=EDGE_CURVE('',#2837,#2945,#333,.T.);
#2488=EDGE_CURVE('',#2945,#2946,#3146,.T.);
#2489=EDGE_CURVE('',#2947,#2946,#334,.T.);
#2490=EDGE_CURVE('',#2838,#2947,#335,.T.);
#2491=EDGE_CURVE('',#2872,#2812,#336,.T.);
#2492=EDGE_CURVE('',#2849,#2945,#337,.F.);
#2493=EDGE_CURVE('',#2948,#2949,#338,.F.);
#2494=EDGE_CURVE('',#2949,#2870,#339,.F.);
#2495=EDGE_CURVE('',#2871,#2950,#340,.T.);
#2496=EDGE_CURVE('',#2951,#2950,#341,.T.);
#2497=EDGE_CURVE('',#2951,#2947,#342,.T.);
#2498=EDGE_CURVE('',#2946,#2948,#343,.T.);
#2499=EDGE_CURVE('',#2952,#2953,#344,.T.);
#2500=EDGE_CURVE('',#2953,#2954,#345,.F.);
#2501=EDGE_CURVE('',#2954,#2955,#346,.F.);
#2502=EDGE_CURVE('',#2955,#2952,#347,.T.);
#2503=EDGE_CURVE('',#2956,#2957,#348,.T.);
#2504=EDGE_CURVE('',#2957,#2958,#3147,.T.);
#2505=EDGE_CURVE('',#2958,#2951,#349,.T.);
#2506=EDGE_CURVE('',#2950,#2959,#350,.T.);
#2507=EDGE_CURVE('',#2959,#2956,#3148,.T.);
#2508=EDGE_CURVE('',#2861,#2960,#68,.T.);
#2509=EDGE_CURVE('',#2960,#2959,#351,.F.);
#2510=EDGE_CURVE('',#2961,#2962,#352,.T.);
#2511=EDGE_CURVE('',#2962,#2957,#353,.F.);
#2512=EDGE_CURVE('',#2956,#2961,#354,.T.);
#2513=EDGE_CURVE('',#2958,#2963,#355,.T.);
#2514=EDGE_CURVE('',#2963,#2858,#69,.F.);
#2515=EDGE_CURVE('',#2812,#2949,#43,.T.);
#2516=EDGE_CURVE('',#2948,#2849,#44,.F.);
#2517=EDGE_CURVE('',#2952,#2807,#45,.F.);
#2518=EDGE_CURVE('',#2818,#2955,#46,.T.);
#2519=EDGE_CURVE('',#2943,#2954,#47,.T.);
#2520=EDGE_CURVE('',#2953,#2944,#48,.F.);
#2521=EDGE_CURVE('',#2940,#2797,#49,.F.);
#2522=EDGE_CURVE('',#2936,#2939,#50,.T.);
#2523=EDGE_CURVE('',#2802,#2942,#51,.T.);
#2524=EDGE_CURVE('',#2941,#2933,#52,.F.);
#2525=EDGE_CURVE('',#2963,#2962,#3149,.T.);
#2526=EDGE_CURVE('',#2859,#2962,#3150,.T.);
#2527=EDGE_CURVE('',#2961,#2960,#3151,.T.);
#2528=EDGE_CURVE('',#2860,#2961,#3152,.T.);
#2529=EDGE_CURVE('',#2964,#2965,#356,.T.);
#2530=EDGE_CURVE('',#2965,#2966,#357,.F.);
#2531=EDGE_CURVE('',#2967,#2966,#358,.T.);
#2532=EDGE_CURVE('',#2967,#2964,#359,.T.);
#2533=EDGE_CURVE('',#2968,#2967,#360,.T.);
#2534=EDGE_CURVE('',#2968,#2969,#361,.T.);
#2535=EDGE_CURVE('',#2969,#2964,#362,.T.);
#2536=EDGE_CURVE('',#2970,#2971,#363,.T.);
#2537=EDGE_CURVE('',#2971,#2972,#364,.F.);
#2538=EDGE_CURVE('',#2972,#2973,#365,.T.);
#2539=EDGE_CURVE('',#2973,#2974,#3153,.T.);
#2540=EDGE_CURVE('',#2974,#2975,#366,.T.);
#2541=EDGE_CURVE('',#2976,#2975,#367,.T.);
#2542=EDGE_CURVE('',#2977,#2976,#368,.T.);
#2543=EDGE_CURVE('',#2977,#2978,#369,.T.);
#2544=EDGE_CURVE('',#2978,#2979,#3154,.F.);
#2545=EDGE_CURVE('',#2979,#2980,#370,.F.);
#2546=EDGE_CURVE('',#2980,#2790,#371,.T.);
#2547=EDGE_CURVE('',#2981,#2788,#372,.T.);
#2548=EDGE_CURVE('',#2981,#2982,#373,.F.);
#2549=EDGE_CURVE('',#2982,#2983,#3155,.F.);
#2550=EDGE_CURVE('',#2984,#2983,#374,.T.);
#2551=EDGE_CURVE('',#2968,#2984,#375,.T.);
#2552=EDGE_CURVE('',#2966,#2985,#3156,.T.);
#2553=EDGE_CURVE('',#2985,#2986,#376,.F.);
#2554=EDGE_CURVE('',#2986,#2970,#377,.F.);
#2555=EDGE_CURVE('',#2975,#2987,#378,.T.);
#2556=EDGE_CURVE('',#2988,#2987,#379,.T.);
#2557=EDGE_CURVE('',#2976,#2988,#380,.T.);
#2558=EDGE_CURVE('',#2989,#2990,#381,.F.);
#2559=EDGE_CURVE('',#2990,#2991,#382,.F.);
#2560=EDGE_CURVE('',#2991,#2992,#383,.F.);
#2561=EDGE_CURVE('',#2992,#2993,#384,.F.);
#2562=EDGE_CURVE('',#2993,#2965,#3157,.F.);
#2563=EDGE_CURVE('',#2969,#2994,#385,.T.);
#2564=EDGE_CURVE('',#2994,#2995,#386,.T.);
#2565=EDGE_CURVE('',#2995,#2996,#3158,.T.);
#2566=EDGE_CURVE('',#2996,#2997,#387,.F.);
#2567=EDGE_CURVE('',#2997,#2789,#388,.T.);
#2568=EDGE_CURVE('',#2998,#2791,#389,.T.);
#2569=EDGE_CURVE('',#2998,#2999,#390,.F.);
#2570=EDGE_CURVE('',#2999,#3000,#3159,.T.);
#2571=EDGE_CURVE('',#3001,#3000,#391,.T.);
#2572=EDGE_CURVE('',#3001,#2988,#392,.T.);
#2573=EDGE_CURVE('',#3002,#2987,#393,.T.);
#2574=EDGE_CURVE('',#3002,#3003,#3160,.F.);
#2575=EDGE_CURVE('',#3003,#2989,#394,.T.);
#2576=EDGE_CURVE('',#2974,#3002,#395,.T.);
#2577=EDGE_CURVE('',#2980,#2998,#396,.T.);
#2578=EDGE_CURVE('',#3001,#2977,#397,.T.);
#2579=EDGE_CURVE('',#2997,#2981,#398,.T.);
#2580=EDGE_CURVE('',#2994,#2984,#399,.T.);
#2581=EDGE_CURVE('',#2983,#2995,#400,.F.);
#2582=EDGE_CURVE('',#3000,#2978,#401,.T.);
#2583=EDGE_CURVE('',#2999,#2979,#402,.T.);
#2584=EDGE_CURVE('',#2982,#2996,#403,.T.);
#2585=EDGE_CURVE('',#3003,#2973,#404,.F.);
#2586=EDGE_CURVE('',#2972,#3004,#53,.T.);
#2587=EDGE_CURVE('',#3004,#3005,#405,.F.);
#2588=EDGE_CURVE('',#3005,#2989,#54,.T.);
#2589=EDGE_CURVE('',#2985,#2993,#406,.F.);
#2590=EDGE_CURVE('',#2992,#3006,#55,.F.);
#2591=EDGE_CURVE('',#3006,#3007,#407,.F.);
#2592=EDGE_CURVE('',#3007,#2986,#56,.F.);
#2593=EDGE_CURVE('',#2991,#2793,#57,.T.);
#2594=EDGE_CURVE('',#3006,#2912,#58,.T.);
#2595=EDGE_CURVE('',#3007,#2911,#59,.T.);
#2596=EDGE_CURVE('',#2909,#2970,#60,.T.);
#2597=EDGE_CURVE('',#2905,#3005,#61,.F.);
#2598=EDGE_CURVE('',#2794,#2990,#62,.T.);
#2599=EDGE_CURVE('',#2906,#3004,#63,.F.);
#2600=EDGE_CURVE('',#2971,#2907,#64,.T.);
#2601=EDGE_CURVE('',#3008,#3009,#408,.T.);
#2602=EDGE_CURVE('',#3008,#3010,#409,.F.);
#2603=EDGE_CURVE('',#3011,#3010,#410,.T.);
#2604=EDGE_CURVE('',#3011,#3012,#411,.T.);
#2605=EDGE_CURVE('',#3012,#3013,#412,.F.);
#2606=EDGE_CURVE('',#3009,#3013,#413,.T.);
#2607=EDGE_CURVE('',#3014,#3015,#3161,.F.);
#2608=EDGE_CURVE('',#3014,#3016,#414,.F.);
#2609=EDGE_CURVE('',#3017,#3016,#415,.T.);
#2610=EDGE_CURVE('',#3018,#3017,#416,.T.);
#2611=EDGE_CURVE('',#3018,#3019,#417,.T.);
#2612=EDGE_CURVE('',#3020,#3019,#418,.T.);
#2613=EDGE_CURVE('',#3020,#3015,#419,.F.);
#2614=EDGE_CURVE('',#3021,#3022,#420,.T.);
#2615=EDGE_CURVE('',#3022,#3023,#421,.T.);
#2616=EDGE_CURVE('',#3024,#3023,#3162,.T.);
#2617=EDGE_CURVE('',#3024,#3025,#422,.T.);
#2618=EDGE_CURVE('',#3025,#3026,#423,.T.);
#2619=EDGE_CURVE('',#3027,#3026,#424,.T.);
#2620=EDGE_CURVE('',#3027,#3021,#425,.T.);
#2621=EDGE_CURVE('',#3028,#3029,#426,.T.);
#2622=EDGE_CURVE('',#3029,#3030,#427,.T.);
#2623=EDGE_CURVE('',#3030,#3031,#428,.T.);
#2624=EDGE_CURVE('',#3032,#3031,#429,.T.);
#2625=EDGE_CURVE('',#3032,#3033,#430,.T.);
#2626=EDGE_CURVE('',#3033,#3028,#431,.F.);
#2627=EDGE_CURVE('',#3034,#3035,#432,.T.);
#2628=EDGE_CURVE('',#3034,#3036,#433,.F.);
#2629=EDGE_CURVE('',#3037,#3036,#434,.T.);
#2630=EDGE_CURVE('',#3037,#3035,#435,.T.);
#2631=EDGE_CURVE('',#3038,#3039,#436,.T.);
#2632=EDGE_CURVE('',#3039,#3040,#437,.T.);
#2633=EDGE_CURVE('',#3040,#3041,#438,.T.);
#2634=EDGE_CURVE('',#3041,#3038,#439,.F.);
#2635=EDGE_CURVE('',#3042,#3043,#440,.T.);
#2636=EDGE_CURVE('',#3043,#3044,#441,.T.);
#2637=EDGE_CURVE('',#3044,#3045,#442,.T.);
#2638=EDGE_CURVE('',#3045,#3042,#443,.F.);
#2639=EDGE_CURVE('',#3026,#3019,#444,.T.);
#2640=EDGE_CURVE('',#3018,#3027,#445,.T.);
#2641=EDGE_CURVE('',#3046,#3047,#446,.T.);
#2642=EDGE_CURVE('',#3047,#3048,#447,.T.);
#2643=EDGE_CURVE('',#3049,#3048,#448,.T.);
#2644=EDGE_CURVE('',#3049,#3046,#449,.T.);
#2645=EDGE_CURVE('',#3050,#3051,#450,.T.);
#2646=EDGE_CURVE('',#3051,#3052,#451,.T.);
#2647=EDGE_CURVE('',#3053,#3052,#452,.T.);
#2648=EDGE_CURVE('',#3050,#3053,#453,.T.);
#2649=EDGE_CURVE('',#3054,#3048,#454,.T.);
#2650=EDGE_CURVE('',#3054,#3055,#70,.T.);
#2651=EDGE_CURVE('',#3055,#3056,#455,.F.);
#2652=EDGE_CURVE('',#3049,#3056,#456,.T.);
#2653=EDGE_CURVE('',#3057,#3046,#457,.T.);
#2654=EDGE_CURVE('',#3057,#3058,#458,.T.);
#2655=EDGE_CURVE('',#3047,#3058,#459,.T.);
#2656=EDGE_CURVE('',#3059,#3060,#460,.T.);
#2657=EDGE_CURVE('',#3059,#3061,#461,.F.);
#2658=EDGE_CURVE('',#3017,#3061,#462,.T.);
#2659=EDGE_CURVE('',#3016,#3060,#3163,.T.);
#2660=EDGE_CURVE('',#3021,#3062,#463,.T.);
#2661=EDGE_CURVE('',#3062,#3063,#464,.T.);
#2662=EDGE_CURVE('',#3063,#3064,#465,.T.);
#2663=EDGE_CURVE('',#3064,#3022,#3164,.F.);
#2664=EDGE_CURVE('',#3052,#3065,#466,.T.);
#2665=EDGE_CURVE('',#3065,#3066,#467,.F.);
#2666=EDGE_CURVE('',#3066,#3053,#468,.T.);
#2667=EDGE_CURVE('',#3067,#3068,#469,.T.);
#2668=EDGE_CURVE('',#3068,#3069,#71,.F.);
#2669=EDGE_CURVE('',#3069,#3051,#470,.T.);
#2670=EDGE_CURVE('',#3050,#3067,#471,.T.);
#2671=EDGE_CURVE('',#3036,#3029,#3165,.F.);
#2672=EDGE_CURVE('',#3028,#3067,#3166,.T.);
#2673=EDGE_CURVE('',#3066,#3062,#3167,.F.);
#2674=EDGE_CURVE('',#3061,#3057,#3168,.F.);
#2675=EDGE_CURVE('',#3056,#3011,#3169,.T.);
#2676=EDGE_CURVE('',#3010,#3043,#3170,.F.);
#2677=EDGE_CURVE('',#3042,#3039,#3171,.F.);
#2678=EDGE_CURVE('',#3038,#3037,#3172,.F.);
#2679=EDGE_CURVE('',#3070,#3031,#472,.T.);
#2680=EDGE_CURVE('',#3070,#3071,#473,.F.);
#2681=EDGE_CURVE('',#3071,#3072,#474,.T.);
#2682=EDGE_CURVE('',#3072,#3032,#3173,.T.);
#2683=EDGE_CURVE('',#3071,#3073,#475,.T.);
#2684=EDGE_CURVE('',#3073,#3064,#476,.F.);
#2685=EDGE_CURVE('',#3063,#3065,#3174,.T.);
#2686=EDGE_CURVE('',#3069,#3074,#3175,.F.);
#2687=EDGE_CURVE('',#3074,#3072,#477,.F.);
#2688=EDGE_CURVE('',#3075,#3076,#478,.T.);
#2689=EDGE_CURVE('',#3075,#3077,#479,.F.);
#2690=EDGE_CURVE('',#3077,#3078,#480,.F.);
#2691=EDGE_CURVE('',#3078,#3076,#481,.T.);
#2692=EDGE_CURVE('',#3079,#3080,#482,.T.);
#2693=EDGE_CURVE('',#3079,#3081,#483,.T.);
#2694=EDGE_CURVE('',#3081,#3009,#484,.T.);
#2695=EDGE_CURVE('',#3013,#3080,#3176,.F.);
#2696=EDGE_CURVE('',#3082,#3083,#485,.T.);
#2697=EDGE_CURVE('',#3082,#3084,#486,.F.);
#2698=EDGE_CURVE('',#3084,#3085,#487,.F.);
#2699=EDGE_CURVE('',#3085,#3083,#488,.T.);
#2700=EDGE_CURVE('',#3060,#3086,#489,.T.);
#2701=EDGE_CURVE('',#3086,#3079,#490,.T.);
#2702=EDGE_CURVE('',#3080,#3087,#491,.T.);
#2703=EDGE_CURVE('',#3087,#3054,#3177,.F.);
#2704=EDGE_CURVE('',#3058,#3059,#3178,.T.);
#2705=EDGE_CURVE('',#3083,#3020,#3179,.T.);
#2706=EDGE_CURVE('',#3025,#3075,#3180,.T.);
#2707=EDGE_CURVE('',#3076,#3070,#3181,.F.);
#2708=EDGE_CURVE('',#3030,#3034,#3182,.T.);
#2709=EDGE_CURVE('',#3035,#3041,#3183,.T.);
#2710=EDGE_CURVE('',#3040,#3045,#3184,.T.);
#2711=EDGE_CURVE('',#3044,#3008,#3185,.T.);
#2712=EDGE_CURVE('',#3081,#3082,#3186,.F.);
#2713=EDGE_CURVE('',#3015,#3085,#3187,.T.);
#2714=EDGE_CURVE('',#3086,#3014,#3188,.T.);
#2715=EDGE_CURVE('',#3086,#3085,#3189,.F.);
#2716=EDGE_CURVE('',#3084,#3079,#65,.F.);
#2717=EDGE_CURVE('',#3012,#3055,#3190,.F.);
#2718=EDGE_CURVE('',#3012,#3087,#3191,.T.);
#2719=EDGE_CURVE('',#3023,#3073,#3192,.T.);
#2720=EDGE_CURVE('',#3077,#3024,#3193,.T.);
#2721=EDGE_CURVE('',#3071,#3078,#66,.T.);
#2722=EDGE_CURVE('',#3077,#3073,#3194,.T.);
#2723=EDGE_CURVE('',#3068,#3033,#3195,.F.);
#2724=EDGE_CURVE('',#3074,#3033,#3196,.T.);
#2725=VERTEX_POINT('',#5423);
#2726=VERTEX_POINT('',#5425);
#2727=VERTEX_POINT('',#5428);
#2728=VERTEX_POINT('',#5429);
#2729=VERTEX_POINT('',#5431);
#2730=VERTEX_POINT('',#5433);
#2731=VERTEX_POINT('',#5435);
#2732=VERTEX_POINT('',#5437);
#2733=VERTEX_POINT('',#5439);
#2734=VERTEX_POINT('',#5441);
#2735=VERTEX_POINT('',#5443);
#2736=VERTEX_POINT('',#5445);
#2737=VERTEX_POINT('',#5447);
#2738=VERTEX_POINT('',#5449);
#2739=VERTEX_POINT('',#5451);
#2740=VERTEX_POINT('',#5453);
#2741=VERTEX_POINT('',#5455);
#2742=VERTEX_POINT('',#5457);
#2743=VERTEX_POINT('',#5459);
#2744=VERTEX_POINT('',#5461);
#2745=VERTEX_POINT('',#5463);
#2746=VERTEX_POINT('',#5465);
#2747=VERTEX_POINT('',#5467);
#2748=VERTEX_POINT('',#5469);
#2749=VERTEX_POINT('',#5471);
#2750=VERTEX_POINT('',#5473);
#2751=VERTEX_POINT('',#5477);
#2752=VERTEX_POINT('',#5478);
#2753=VERTEX_POINT('',#5481);
#2754=VERTEX_POINT('',#5483);
#2755=VERTEX_POINT('',#5487);
#2756=VERTEX_POINT('',#5489);
#2757=VERTEX_POINT('',#5493);
#2758=VERTEX_POINT('',#5497);
#2759=VERTEX_POINT('',#5503);
#2760=VERTEX_POINT('',#5507);
#2761=VERTEX_POINT('',#5509);
#2762=VERTEX_POINT('',#5513);
#2763=VERTEX_POINT('',#5517);
#2764=VERTEX_POINT('',#5521);
#2765=VERTEX_POINT('',#5523);
#2766=VERTEX_POINT('',#5525);
#2767=VERTEX_POINT('',#5527);
#2768=VERTEX_POINT('',#5531);
#2769=VERTEX_POINT('',#5533);
#2770=VERTEX_POINT('',#5534);
#2771=VERTEX_POINT('',#5536);
#2772=VERTEX_POINT('',#5538);
#2773=VERTEX_POINT('',#5540);
#2774=VERTEX_POINT('',#5542);
#2775=VERTEX_POINT('',#5546);
#2776=VERTEX_POINT('',#5547);
#2777=VERTEX_POINT('',#5552);
#2778=VERTEX_POINT('',#5554);
#2779=VERTEX_POINT('',#5556);
#2780=VERTEX_POINT('',#5560);
#2781=VERTEX_POINT('',#5562);
#2782=VERTEX_POINT('',#5566);
#2783=VERTEX_POINT('',#5567);
#2784=VERTEX_POINT('',#5575);
#2785=VERTEX_POINT('',#5576);
#2786=VERTEX_POINT('',#5579);
#2787=VERTEX_POINT('',#5581);
#2788=VERTEX_POINT('',#5627);
#2789=VERTEX_POINT('',#5628);
#2790=VERTEX_POINT('',#5630);
#2791=VERTEX_POINT('',#5632);
#2792=VERTEX_POINT('',#5636);
#2793=VERTEX_POINT('',#5637);
#2794=VERTEX_POINT('',#5639);
#2795=VERTEX_POINT('',#5641);
#2796=VERTEX_POINT('',#5645);
#2797=VERTEX_POINT('',#5646);
#2798=VERTEX_POINT('',#5648);
#2799=VERTEX_POINT('',#5650);
#2800=VERTEX_POINT('',#5652);
#2801=VERTEX_POINT('',#5656);
#2802=VERTEX_POINT('',#5657);
#2803=VERTEX_POINT('',#5659);
#2804=VERTEX_POINT('',#5661);
#2805=VERTEX_POINT('',#5663);
#2806=VERTEX_POINT('',#5667);
#2807=VERTEX_POINT('',#5668);
#2808=VERTEX_POINT('',#5670);
#2809=VERTEX_POINT('',#5672);
#2810=VERTEX_POINT('',#5674);
#2811=VERTEX_POINT('',#5678);
#2812=VERTEX_POINT('',#5679);
#2813=VERTEX_POINT('',#5681);
#2814=VERTEX_POINT('',#5683);
#2815=VERTEX_POINT('',#5685);
#2816=VERTEX_POINT('',#5689);
#2817=VERTEX_POINT('',#5690);
#2818=VERTEX_POINT('',#5692);
#2819=VERTEX_POINT('',#5694);
#2820=VERTEX_POINT('',#5696);
#2821=VERTEX_POINT('',#5700);
#2822=VERTEX_POINT('',#5701);
#2823=VERTEX_POINT('',#5703);
#2824=VERTEX_POINT('',#5705);
#2825=VERTEX_POINT('',#5707);
#2826=VERTEX_POINT('',#5709);
#2827=VERTEX_POINT('',#5711);
#2828=VERTEX_POINT('',#5713);
#2829=VERTEX_POINT('',#5716);
#2830=VERTEX_POINT('',#5718);
#2831=VERTEX_POINT('',#5722);
#2832=VERTEX_POINT('',#5724);
#2833=VERTEX_POINT('',#5727);
#2834=VERTEX_POINT('',#5729);
#2835=VERTEX_POINT('',#5732);
#2836=VERTEX_POINT('',#5734);
#2837=VERTEX_POINT('',#5736);
#2838=VERTEX_POINT('',#5738);
#2839=VERTEX_POINT('',#5740);
#2840=VERTEX_POINT('',#5742);
#2841=VERTEX_POINT('',#5744);
#2842=VERTEX_POINT('',#5746);
#2843=VERTEX_POINT('',#5748);
#2844=VERTEX_POINT('',#5750);
#2845=VERTEX_POINT('',#5752);
#2846=VERTEX_POINT('',#5754);
#2847=VERTEX_POINT('',#5758);
#2848=VERTEX_POINT('',#5759);
#2849=VERTEX_POINT('',#5761);
#2850=VERTEX_POINT('',#5766);
#2851=VERTEX_POINT('',#5767);
#2852=VERTEX_POINT('',#5769);
#2853=VERTEX_POINT('',#5771);
#2854=VERTEX_POINT('',#5773);
#2855=VERTEX_POINT('',#5775);
#2856=VERTEX_POINT('',#5777);
#2857=VERTEX_POINT('',#5779);
#2858=VERTEX_POINT('',#5782);
#2859=VERTEX_POINT('',#5784);
#2860=VERTEX_POINT('',#5786);
#2861=VERTEX_POINT('',#5788);
#2862=VERTEX_POINT('',#5791);
#2863=VERTEX_POINT('',#5793);
#2864=VERTEX_POINT('',#5795);
#2865=VERTEX_POINT('',#5797);
#2866=VERTEX_POINT('',#5799);
#2867=VERTEX_POINT('',#5801);
#2868=VERTEX_POINT('',#5803);
#2869=VERTEX_POINT('',#5805);
#2870=VERTEX_POINT('',#5810);
#2871=VERTEX_POINT('',#5811);
#2872=VERTEX_POINT('',#5813);
#2873=VERTEX_POINT('',#5818);
#2874=VERTEX_POINT('',#5820);
#2875=VERTEX_POINT('',#5822);
#2876=VERTEX_POINT('',#5824);
#2877=VERTEX_POINT('',#5826);
#2878=VERTEX_POINT('',#5828);
#2879=VERTEX_POINT('',#5830);
#2880=VERTEX_POINT('',#5832);
#2881=VERTEX_POINT('',#5834);
#2882=VERTEX_POINT('',#5838);
#2883=VERTEX_POINT('',#5839);
#2884=VERTEX_POINT('',#5842);
#2885=VERTEX_POINT('',#5844);
#2886=VERTEX_POINT('',#5846);
#2887=VERTEX_POINT('',#5848);
#2888=VERTEX_POINT('',#5850);
#2889=VERTEX_POINT('',#5852);
#2890=VERTEX_POINT('',#5854);
#2891=VERTEX_POINT('',#5858);
#2892=VERTEX_POINT('',#5859);
#2893=VERTEX_POINT('',#5861);
#2894=VERTEX_POINT('',#5863);
#2895=VERTEX_POINT('',#5867);
#2896=VERTEX_POINT('',#5868);
#2897=VERTEX_POINT('',#5876);
#2898=VERTEX_POINT('',#5878);
#2899=VERTEX_POINT('',#5882);
#2900=VERTEX_POINT('',#5886);
#2901=VERTEX_POINT('',#5890);
#2902=VERTEX_POINT('',#5891);
#2903=VERTEX_POINT('',#5896);
#2904=VERTEX_POINT('',#5900);
#2905=VERTEX_POINT('',#5904);
#2906=VERTEX_POINT('',#5905);
#2907=VERTEX_POINT('',#5907);
#2908=VERTEX_POINT('',#5909);
#2909=VERTEX_POINT('',#5915);
#2910=VERTEX_POINT('',#5917);
#2911=VERTEX_POINT('',#5921);
#2912=VERTEX_POINT('',#5923);
#2913=VERTEX_POINT('',#5926);
#2914=VERTEX_POINT('',#5928);
#2915=VERTEX_POINT('',#5933);
#2916=VERTEX_POINT('',#5934);
#2917=VERTEX_POINT('',#5936);
#2918=VERTEX_POINT('',#5938);
#2919=VERTEX_POINT('',#5942);
#2920=VERTEX_POINT('',#5944);
#2921=VERTEX_POINT('',#5948);
#2922=VERTEX_POINT('',#5950);
#2923=VERTEX_POINT('',#5954);
#2924=VERTEX_POINT('',#5955);
#2925=VERTEX_POINT('',#5957);
#2926=VERTEX_POINT('',#5959);
#2927=VERTEX_POINT('',#5976);
#2928=VERTEX_POINT('',#5978);
#2929=VERTEX_POINT('',#5980);
#2930=VERTEX_POINT('',#5982);
#2931=VERTEX_POINT('',#5984);
#2932=VERTEX_POINT('',#5986);
#2933=VERTEX_POINT('',#6012);
#2934=VERTEX_POINT('',#6016);
#2935=VERTEX_POINT('',#6017);
#2936=VERTEX_POINT('',#6019);
#2937=VERTEX_POINT('',#6026);
#2938=VERTEX_POINT('',#6027);
#2939=VERTEX_POINT('',#6032);
#2940=VERTEX_POINT('',#6033);
#2941=VERTEX_POINT('',#6035);
#2942=VERTEX_POINT('',#6037);
#2943=VERTEX_POINT('',#6059);
#2944=VERTEX_POINT('',#6063);
#2945=VERTEX_POINT('',#6069);
#2946=VERTEX_POINT('',#6071);
#2947=VERTEX_POINT('',#6073);
#2948=VERTEX_POINT('',#6081);
#2949=VERTEX_POINT('',#6082);
#2950=VERTEX_POINT('',#6085);
#2951=VERTEX_POINT('',#6087);
#2952=VERTEX_POINT('',#6092);
#2953=VERTEX_POINT('',#6093);
#2954=VERTEX_POINT('',#6095);
#2955=VERTEX_POINT('',#6097);
#2956=VERTEX_POINT('',#6101);
#2957=VERTEX_POINT('',#6102);
#2958=VERTEX_POINT('',#6104);
#2959=VERTEX_POINT('',#6107);
#2960=VERTEX_POINT('',#6115);
#2961=VERTEX_POINT('',#6119);
#2962=VERTEX_POINT('',#6120);
#2963=VERTEX_POINT('',#6125);
#2964=VERTEX_POINT('',#6177);
#2965=VERTEX_POINT('',#6178);
#2966=VERTEX_POINT('',#6180);
#2967=VERTEX_POINT('',#6182);
#2968=VERTEX_POINT('',#6186);
#2969=VERTEX_POINT('',#6188);
#2970=VERTEX_POINT('',#6192);
#2971=VERTEX_POINT('',#6193);
#2972=VERTEX_POINT('',#6195);
#2973=VERTEX_POINT('',#6197);
#2974=VERTEX_POINT('',#6199);
#2975=VERTEX_POINT('',#6201);
#2976=VERTEX_POINT('',#6203);
#2977=VERTEX_POINT('',#6205);
#2978=VERTEX_POINT('',#6207);
#2979=VERTEX_POINT('',#6209);
#2980=VERTEX_POINT('',#6211);
#2981=VERTEX_POINT('',#6214);
#2982=VERTEX_POINT('',#6216);
#2983=VERTEX_POINT('',#6218);
#2984=VERTEX_POINT('',#6220);
#2985=VERTEX_POINT('',#6223);
#2986=VERTEX_POINT('',#6225);
#2987=VERTEX_POINT('',#6229);
#2988=VERTEX_POINT('',#6231);
#2989=VERTEX_POINT('',#6235);
#2990=VERTEX_POINT('',#6236);
#2991=VERTEX_POINT('',#6238);
#2992=VERTEX_POINT('',#6240);
#2993=VERTEX_POINT('',#6242);
#2994=VERTEX_POINT('',#6245);
#2995=VERTEX_POINT('',#6247);
#2996=VERTEX_POINT('',#6249);
#2997=VERTEX_POINT('',#6251);
#2998=VERTEX_POINT('',#6254);
#2999=VERTEX_POINT('',#6256);
#3000=VERTEX_POINT('',#6258);
#3001=VERTEX_POINT('',#6260);
#3002=VERTEX_POINT('',#6263);
#3003=VERTEX_POINT('',#6265);
#3004=VERTEX_POINT('',#6290);
#3005=VERTEX_POINT('',#6292);
#3006=VERTEX_POINT('',#6297);
#3007=VERTEX_POINT('',#6299);
#3008=VERTEX_POINT('',#6322);
#3009=VERTEX_POINT('',#6323);
#3010=VERTEX_POINT('',#6325);
#3011=VERTEX_POINT('',#6327);
#3012=VERTEX_POINT('',#6329);
#3013=VERTEX_POINT('',#6331);
#3014=VERTEX_POINT('',#6335);
#3015=VERTEX_POINT('',#6336);
#3016=VERTEX_POINT('',#6338);
#3017=VERTEX_POINT('',#6340);
#3018=VERTEX_POINT('',#6342);
#3019=VERTEX_POINT('',#6344);
#3020=VERTEX_POINT('',#6346);
#3021=VERTEX_POINT('',#6350);
#3022=VERTEX_POINT('',#6351);
#3023=VERTEX_POINT('',#6353);
#3024=VERTEX_POINT('',#6355);
#3025=VERTEX_POINT('',#6357);
#3026=VERTEX_POINT('',#6359);
#3027=VERTEX_POINT('',#6361);
#3028=VERTEX_POINT('',#6365);
#3029=VERTEX_POINT('',#6366);
#3030=VERTEX_POINT('',#6368);
#3031=VERTEX_POINT('',#6370);
#3032=VERTEX_POINT('',#6372);
#3033=VERTEX_POINT('',#6374);
#3034=VERTEX_POINT('',#6378);
#3035=VERTEX_POINT('',#6379);
#3036=VERTEX_POINT('',#6381);
#3037=VERTEX_POINT('',#6383);
#3038=VERTEX_POINT('',#6387);
#3039=VERTEX_POINT('',#6388);
#3040=VERTEX_POINT('',#6390);
#3041=VERTEX_POINT('',#6392);
#3042=VERTEX_POINT('',#6396);
#3043=VERTEX_POINT('',#6397);
#3044=VERTEX_POINT('',#6399);
#3045=VERTEX_POINT('',#6401);
#3046=VERTEX_POINT('',#6408);
#3047=VERTEX_POINT('',#6409);
#3048=VERTEX_POINT('',#6411);
#3049=VERTEX_POINT('',#6413);
#3050=VERTEX_POINT('',#6417);
#3051=VERTEX_POINT('',#6418);
#3052=VERTEX_POINT('',#6420);
#3053=VERTEX_POINT('',#6422);
#3054=VERTEX_POINT('',#6426);
#3055=VERTEX_POINT('',#6432);
#3056=VERTEX_POINT('',#6434);
#3057=VERTEX_POINT('',#6438);
#3058=VERTEX_POINT('',#6440);
#3059=VERTEX_POINT('',#6444);
#3060=VERTEX_POINT('',#6445);
#3061=VERTEX_POINT('',#6447);
#3062=VERTEX_POINT('',#6452);
#3063=VERTEX_POINT('',#6454);
#3064=VERTEX_POINT('',#6456);
#3065=VERTEX_POINT('',#6460);
#3066=VERTEX_POINT('',#6462);
#3067=VERTEX_POINT('',#6466);
#3068=VERTEX_POINT('',#6467);
#3069=VERTEX_POINT('',#6473);
#3070=VERTEX_POINT('',#6487);
#3071=VERTEX_POINT('',#6489);
#3072=VERTEX_POINT('',#6491);
#3073=VERTEX_POINT('',#6495);
#3074=VERTEX_POINT('',#6499);
#3075=VERTEX_POINT('',#6503);
#3076=VERTEX_POINT('',#6504);
#3077=VERTEX_POINT('',#6506);
#3078=VERTEX_POINT('',#6508);
#3079=VERTEX_POINT('',#6512);
#3080=VERTEX_POINT('',#6513);
#3081=VERTEX_POINT('',#6515);
#3082=VERTEX_POINT('',#6520);
#3083=VERTEX_POINT('',#6521);
#3084=VERTEX_POINT('',#6523);
#3085=VERTEX_POINT('',#6525);
#3086=VERTEX_POINT('',#6529);
#3087=VERTEX_POINT('',#6532);
#3088=CIRCLE('',#3949,0.0045);
#3089=CIRCLE('',#3950,0.0045);
#3090=CIRCLE('',#3952,0.001);
#3091=CIRCLE('',#3953,0.001);
#3092=CIRCLE('',#3954,0.001);
#3093=CIRCLE('',#3955,0.001);
#3094=CIRCLE('',#3956,0.001);
#3095=CIRCLE('',#3957,0.001);
#3096=CIRCLE('',#3958,0.001);
#3097=CIRCLE('',#3959,0.001);
#3098=CIRCLE('',#3961,0.001);
#3099=CIRCLE('',#3962,0.001);
#3100=CIRCLE('',#3970,0.001);
#3101=CIRCLE('',#3971,0.001);
#3102=CIRCLE('',#3973,0.0055);
#3103=CIRCLE('',#3974,0.001);
#3104=CIRCLE('',#3975,0.001);
#3105=CIRCLE('',#3978,0.0055);
#3106=CIRCLE('',#3983,0.002);
#3107=CIRCLE('',#3984,0.001);
#3108=CIRCLE('',#3985,0.001);
#3109=CIRCLE('',#3986,0.001);
#3110=CIRCLE('',#4002,0.001);
#3111=CIRCLE('',#4004,0.001);
#3112=CIRCLE('',#4006,0.001);
#3113=CIRCLE('',#4008,0.001);
#3114=CIRCLE('',#4010,0.001);
#3115=CIRCLE('',#4023,0.001);
#3116=CIRCLE('',#4025,0.001);
#3117=CIRCLE('',#4027,0.001);
#3118=CIRCLE('',#4029,0.001);
#3119=CIRCLE('',#4031,0.001);
#3120=CIRCLE('',#4034,0.001);
#3121=CIRCLE('',#4036,0.001);
#3122=CIRCLE('',#4037,0.001);
#3123=CIRCLE('',#4038,0.002);
#3124=CIRCLE('',#4039,0.002);
#3125=CIRCLE('',#4040,0.001);
#3126=CIRCLE('',#4041,0.001);
#3127=CIRCLE('',#4043,0.001);
#3128=CIRCLE('',#4045,0.001);
#3129=CIRCLE('',#4046,0.001);
#3130=CIRCLE('',#4047,0.001);
#3131=CIRCLE('',#4049,0.001);
#3132=CIRCLE('',#4050,0.001);
#3133=CIRCLE('',#4051,0.001);
#3134=CIRCLE('',#4070,0.001);
#3135=CIRCLE('',#4071,0.001);
#3136=CIRCLE('',#4072,0.001);
#3137=CIRCLE('',#4073,0.001);
#3138=CIRCLE('',#4075,0.001);
#3139=CIRCLE('',#4076,0.001);
#3140=CIRCLE('',#4077,0.001);
#3141=CIRCLE('',#4079,0.001);
#3142=CIRCLE('',#4080,0.001);
#3143=CIRCLE('',#4081,0.001);
#3144=CIRCLE('',#4094,0.001);
#3145=CIRCLE('',#4097,0.001);
#3146=CIRCLE('',#4109,0.001);
#3147=CIRCLE('',#4115,0.001);
#3148=CIRCLE('',#4116,0.001);
#3149=CIRCLE('',#4154,0.001);
#3150=CIRCLE('',#4156,0.001);
#3151=CIRCLE('',#4158,0.001);
#3152=CIRCLE('',#4160,0.001);
#3153=CIRCLE('',#4167,0.002);
#3154=CIRCLE('',#4168,0.0005);
#3155=CIRCLE('',#4169,0.0005);
#3156=CIRCLE('',#4170,0.002);
#3157=CIRCLE('',#4173,0.002);
#3158=CIRCLE('',#4174,0.0005);
#3159=CIRCLE('',#4175,0.0005);
#3160=CIRCLE('',#4176,0.002);
#3161=CIRCLE('',#4215,0.002);
#3162=CIRCLE('',#4217,0.002);
#3163=CIRCLE('',#4228,0.001);
#3164=CIRCLE('',#4230,0.001);
#3165=CIRCLE('',#4234,0.001);
#3166=CIRCLE('',#4235,0.001);
#3167=CIRCLE('',#4236,0.001);
#3168=CIRCLE('',#4237,0.001);
#3169=CIRCLE('',#4238,0.001);
#3170=CIRCLE('',#4239,0.001);
#3171=CIRCLE('',#4240,0.001);
#3172=CIRCLE('',#4241,0.001);
#3173=CIRCLE('',#4243,0.001);
#3174=CIRCLE('',#4245,0.001);
#3175=CIRCLE('',#4246,0.002);
#3176=CIRCLE('',#4249,0.001);
#3177=CIRCLE('',#4252,0.002);
#3178=CIRCLE('',#4253,0.001);
#3179=CIRCLE('',#4255,0.001);
#3180=CIRCLE('',#4256,0.001);
#3181=CIRCLE('',#4257,0.001);
#3182=CIRCLE('',#4258,0.001);
#3183=CIRCLE('',#4259,0.001);
#3184=CIRCLE('',#4260,0.001);
#3185=CIRCLE('',#4261,0.001);
#3186=CIRCLE('',#4262,0.001);
#3187=CIRCLE('',#4264,0.001);
#3188=CIRCLE('',#4266,0.001);
#3189=CIRCLE('',#4268,0.001);
#3190=CIRCLE('',#4273,0.001);
#3191=CIRCLE('',#4275,0.001);
#3192=CIRCLE('',#4278,0.001);
#3193=CIRCLE('',#4280,0.001);
#3194=CIRCLE('',#4284,0.001);
#3195=CIRCLE('',#4287,0.001);
#3196=CIRCLE('',#4289,0.001);
#3197=EDGE_LOOP('',(#1036));
#3198=EDGE_LOOP('',(#1037));
#3199=EDGE_LOOP('',(#1038,#1039,#1040,#1041,#1042,#1043,#1044,#1045,#1046,
#1047,#1048,#1049,#1050,#1051,#1052,#1053,#1054,#1055,#1056,#1057,#1058,
#1059,#1060,#1061));
#3200=EDGE_LOOP('',(#1062,#1063,#1064,#1065,#1066,#1067));
#3201=EDGE_LOOP('',(#1068,#1069,#1070,#1071));
#3202=EDGE_LOOP('',(#1072,#1073,#1074,#1075));
#3203=EDGE_LOOP('',(#1076,#1077,#1078,#1079,#1080));
#3204=EDGE_LOOP('',(#1081,#1082,#1083,#1084));
#3205=EDGE_LOOP('',(#1085,#1086,#1087,#1088));
#3206=EDGE_LOOP('',(#1089,#1090,#1091,#1092));
#3207=EDGE_LOOP('',(#1093,#1094,#1095,#1096,#1097,#1098));
#3208=EDGE_LOOP('',(#1099));
#3209=EDGE_LOOP('',(#1100,#1101,#1102,#1103,#1104,#1105));
#3210=EDGE_LOOP('',(#1106,#1107,#1108,#1109));
#3211=EDGE_LOOP('',(#1110));
#3212=EDGE_LOOP('',(#1111,#1112,#1113,#1114));
#3213=EDGE_LOOP('',(#1115,#1116,#1117,#1118));
#3214=EDGE_LOOP('',(#1119,#1120,#1121,#1122));
#3215=EDGE_LOOP('',(#1123,#1124,#1125,#1126));
#3216=EDGE_LOOP('',(#1127,#1128,#1129,#1130,#1131,#1132,#1133,#1134,#1135,
#1136,#1137,#1138,#1139,#1140,#1141,#1142,#1143,#1144,#1145,#1146));
#3217=EDGE_LOOP('',(#1147,#1148,#1149,#1150));
#3218=EDGE_LOOP('',(#1151,#1152,#1153,#1154));
#3219=EDGE_LOOP('',(#1155,#1156,#1157,#1158));
#3220=EDGE_LOOP('',(#1159,#1160,#1161,#1162));
#3221=EDGE_LOOP('',(#1163,#1164,#1165,#1166));
#3222=EDGE_LOOP('',(#1167));
#3223=EDGE_LOOP('',(#1168));
#3224=EDGE_LOOP('',(#1169));
#3225=EDGE_LOOP('',(#1170));
#3226=EDGE_LOOP('',(#1171,#1172,#1173,#1174));
#3227=EDGE_LOOP('',(#1175,#1176,#1177,#1178));
#3228=EDGE_LOOP('',(#1179,#1180,#1181,#1182));
#3229=EDGE_LOOP('',(#1183,#1184,#1185,#1186));
#3230=EDGE_LOOP('',(#1187,#1188,#1189,#1190));
#3231=EDGE_LOOP('',(#1191,#1192,#1193,#1194));
#3232=EDGE_LOOP('',(#1195,#1196,#1197,#1198));
#3233=EDGE_LOOP('',(#1199,#1200,#1201));
#3234=EDGE_LOOP('',(#1202,#1203,#1204,#1205));
#3235=EDGE_LOOP('',(#1206,#1207,#1208,#1209));
#3236=EDGE_LOOP('',(#1210,#1211,#1212,#1213));
#3237=EDGE_LOOP('',(#1214,#1215,#1216,#1217));
#3238=EDGE_LOOP('',(#1218,#1219,#1220,#1221));
#3239=EDGE_LOOP('',(#1222,#1223,#1224,#1225));
#3240=EDGE_LOOP('',(#1226,#1227,#1228,#1229));
#3241=EDGE_LOOP('',(#1230,#1231,#1232,#1233));
#3242=EDGE_LOOP('',(#1234,#1235,#1236,#1237));
#3243=EDGE_LOOP('',(#1238,#1239,#1240,#1241,#1242));
#3244=EDGE_LOOP('',(#1243,#1244,#1245,#1246,#1247));
#3245=EDGE_LOOP('',(#1248,#1249,#1250,#1251,#1252));
#3246=EDGE_LOOP('',(#1253,#1254,#1255,#1256,#1257));
#3247=EDGE_LOOP('',(#1258,#1259,#1260,#1261,#1262));
#3248=EDGE_LOOP('',(#1263,#1264,#1265,#1266,#1267,#1268,#1269,#1270,#1271,
#1272,#1273,#1274,#1275,#1276,#1277,#1278,#1279,#1280,#1281,#1282,#1283,
#1284,#1285,#1286,#1287,#1288,#1289,#1290,#1291,#1292,#1293,#1294,#1295,
#1296,#1297,#1298));
#3249=EDGE_LOOP('',(#1299,#1300,#1301,#1302,#1303));
#3250=EDGE_LOOP('',(#1304,#1305,#1306,#1307,#1308,#1309,#1310,#1311,#1312,
#1313,#1314,#1315,#1316,#1317,#1318,#1319,#1320,#1321,#1322,#1323,#1324,
#1325,#1326,#1327,#1328,#1329));
#3251=EDGE_LOOP('',(#1330,#1331,#1332,#1333,#1334));
#3252=EDGE_LOOP('',(#1335,#1336,#1337,#1338,#1339,#1340,#1341,#1342,#1343,
#1344,#1345));
#3253=EDGE_LOOP('',(#1346,#1347,#1348,#1349,#1350,#1351,#1352,#1353,#1354,
#1355,#1356));
#3254=EDGE_LOOP('',(#1357,#1358,#1359,#1360));
#3255=EDGE_LOOP('',(#1361,#1362,#1363,#1364));
#3256=EDGE_LOOP('',(#1365,#1366,#1367,#1368));
#3257=EDGE_LOOP('',(#1369,#1370,#1371,#1372));
#3258=EDGE_LOOP('',(#1373,#1374,#1375,#1376));
#3259=EDGE_LOOP('',(#1377,#1378,#1379,#1380));
#3260=EDGE_LOOP('',(#1381,#1382,#1383,#1384));
#3261=EDGE_LOOP('',(#1385,#1386,#1387,#1388));
#3262=EDGE_LOOP('',(#1389,#1390,#1391,#1392));
#3263=EDGE_LOOP('',(#1393,#1394,#1395,#1396,#1397,#1398,#1399,#1400,#1401,
#1402,#1403,#1404));
#3264=EDGE_LOOP('',(#1405,#1406,#1407,#1408));
#3265=EDGE_LOOP('',(#1409,#1410,#1411,#1412,#1413,#1414,#1415,#1416,#1417,
#1418,#1419,#1420));
#3266=EDGE_LOOP('',(#1421,#1422,#1423,#1424));
#3267=EDGE_LOOP('',(#1425,#1426,#1427,#1428));
#3268=EDGE_LOOP('',(#1429,#1430,#1431,#1432));
#3269=EDGE_LOOP('',(#1433,#1434,#1435,#1436));
#3270=EDGE_LOOP('',(#1437,#1438,#1439,#1440));
#3271=EDGE_LOOP('',(#1441,#1442,#1443,#1444,#1445,#1446,#1447,#1448,#1449,
#1450,#1451,#1452,#1453,#1454,#1455,#1456,#1457,#1458,#1459,#1460));
#3272=EDGE_LOOP('',(#1461,#1462,#1463,#1464,#1465,#1466,#1467,#1468,#1469,
#1470,#1471));
#3273=EDGE_LOOP('',(#1472,#1473,#1474,#1475,#1476,#1477,#1478,#1479,#1480,
#1481,#1482));
#3274=EDGE_LOOP('',(#1483,#1484,#1485,#1486));
#3275=EDGE_LOOP('',(#1487,#1488,#1489,#1490));
#3276=EDGE_LOOP('',(#1491,#1492,#1493,#1494));
#3277=EDGE_LOOP('',(#1495,#1496,#1497,#1498));
#3278=EDGE_LOOP('',(#1499,#1500,#1501,#1502));
#3279=EDGE_LOOP('',(#1503,#1504,#1505,#1506));
#3280=EDGE_LOOP('',(#1507,#1508,#1509,#1510));
#3281=EDGE_LOOP('',(#1511,#1512,#1513,#1514));
#3282=EDGE_LOOP('',(#1515,#1516,#1517,#1518));
#3283=EDGE_LOOP('',(#1519,#1520,#1521,#1522));
#3284=EDGE_LOOP('',(#1523,#1524,#1525,#1526));
#3285=EDGE_LOOP('',(#1527,#1528,#1529,#1530,#1531));
#3286=EDGE_LOOP('',(#1532,#1533,#1534,#1535));
#3287=EDGE_LOOP('',(#1536,#1537,#1538,#1539,#1540));
#3288=EDGE_LOOP('',(#1541,#1542,#1543,#1544));
#3289=EDGE_LOOP('',(#1545,#1546,#1547,#1548));
#3290=EDGE_LOOP('',(#1549,#1550,#1551,#1552));
#3291=EDGE_LOOP('',(#1553,#1554,#1555,#1556));
#3292=EDGE_LOOP('',(#1557,#1558,#1559,#1560));
#3293=EDGE_LOOP('',(#1561,#1562,#1563,#1564));
#3294=EDGE_LOOP('',(#1565,#1566,#1567,#1568));
#3295=EDGE_LOOP('',(#1569,#1570,#1571,#1572));
#3296=EDGE_LOOP('',(#1573,#1574,#1575,#1576));
#3297=EDGE_LOOP('',(#1577,#1578,#1579,#1580));
#3298=EDGE_LOOP('',(#1581,#1582,#1583,#1584,#1585));
#3299=EDGE_LOOP('',(#1586,#1587,#1588,#1589));
#3300=EDGE_LOOP('',(#1590,#1591,#1592,#1593));
#3301=EDGE_LOOP('',(#1594,#1595,#1596,#1597,#1598,#1599,#1600,#1601));
#3302=EDGE_LOOP('',(#1602,#1603,#1604,#1605));
#3303=EDGE_LOOP('',(#1606,#1607,#1608,#1609,#1610,#1611));
#3304=EDGE_LOOP('',(#1612,#1613,#1614,#1615,#1616,#1617,#1618));
#3305=EDGE_LOOP('',(#1619,#1620,#1621,#1622));
#3306=EDGE_LOOP('',(#1623,#1624,#1625,#1626,#1627,#1628,#1629));
#3307=EDGE_LOOP('',(#1630,#1631,#1632,#1633));
#3308=EDGE_LOOP('',(#1634,#1635,#1636,#1637));
#3309=EDGE_LOOP('',(#1638,#1639,#1640,#1641));
#3310=EDGE_LOOP('',(#1642,#1643,#1644,#1645));
#3311=EDGE_LOOP('',(#1646,#1647,#1648,#1649));
#3312=EDGE_LOOP('',(#1650,#1651,#1652,#1653));
#3313=EDGE_LOOP('',(#1654,#1655,#1656,#1657));
#3314=EDGE_LOOP('',(#1658,#1659,#1660,#1661));
#3315=EDGE_LOOP('',(#1662,#1663,#1664,#1665));
#3316=EDGE_LOOP('',(#1666,#1667,#1668,#1669));
#3317=EDGE_LOOP('',(#1670,#1671,#1672,#1673,#1674,#1675));
#3318=EDGE_LOOP('',(#1676,#1677,#1678,#1679,#1680,#1681));
#3319=EDGE_LOOP('',(#1682,#1683,#1684,#1685));
#3320=EDGE_LOOP('',(#1686,#1687,#1688,#1689));
#3321=EDGE_LOOP('',(#1690,#1691,#1692,#1693));
#3322=EDGE_LOOP('',(#1694,#1695,#1696,#1697));
#3323=EDGE_LOOP('',(#1698,#1699,#1700,#1701));
#3324=EDGE_LOOP('',(#1702,#1703,#1704,#1705,#1706,#1707));
#3325=EDGE_LOOP('',(#1708,#1709,#1710,#1711));
#3326=EDGE_LOOP('',(#1712,#1713,#1714,#1715));
#3327=EDGE_LOOP('',(#1716,#1717,#1718,#1719,#1720,#1721));
#3328=EDGE_LOOP('',(#1722,#1723,#1724,#1725));
#3329=EDGE_LOOP('',(#1726,#1727,#1728,#1729));
#3330=EDGE_LOOP('',(#1730,#1731,#1732,#1733));
#3331=EDGE_LOOP('',(#1734,#1735,#1736,#1737));
#3332=EDGE_LOOP('',(#1738,#1739,#1740,#1741));
#3333=EDGE_LOOP('',(#1742,#1743,#1744,#1745));
#3334=EDGE_LOOP('',(#1746,#1747,#1748,#1749));
#3335=EDGE_LOOP('',(#1750,#1751,#1752,#1753));
#3336=EDGE_LOOP('',(#1754,#1755,#1756,#1757));
#3337=EDGE_LOOP('',(#1758,#1759,#1760,#1761));
#3338=EDGE_LOOP('',(#1762,#1763,#1764,#1765));
#3339=EDGE_LOOP('',(#1766,#1767,#1768,#1769,#1770,#1771,#1772,#1773,#1774,
#1775,#1776,#1777,#1778,#1779,#1780,#1781,#1782,#1783,#1784,#1785,#1786,
#1787));
#3340=EDGE_LOOP('',(#1788,#1789,#1790,#1791));
#3341=EDGE_LOOP('',(#1792,#1793,#1794,#1795,#1796,#1797,#1798,#1799,#1800,
#1801,#1802,#1803,#1804,#1805,#1806,#1807,#1808,#1809,#1810,#1811,#1812,
#1813));
#3342=EDGE_LOOP('',(#1814,#1815,#1816,#1817));
#3343=EDGE_LOOP('',(#1818,#1819,#1820,#1821));
#3344=EDGE_LOOP('',(#1822,#1823,#1824,#1825));
#3345=EDGE_LOOP('',(#1826,#1827,#1828,#1829));
#3346=EDGE_LOOP('',(#1830,#1831,#1832,#1833));
#3347=EDGE_LOOP('',(#1834,#1835,#1836,#1837));
#3348=EDGE_LOOP('',(#1838,#1839,#1840,#1841));
#3349=EDGE_LOOP('',(#1842,#1843,#1844,#1845));
#3350=EDGE_LOOP('',(#1846,#1847,#1848,#1849));
#3351=EDGE_LOOP('',(#1850,#1851,#1852,#1853));
#3352=EDGE_LOOP('',(#1854,#1855,#1856,#1857));
#3353=EDGE_LOOP('',(#1858,#1859,#1860,#1861,#1862,#1863));
#3354=EDGE_LOOP('',(#1864,#1865,#1866,#1867,#1868,#1869));
#3355=EDGE_LOOP('',(#1870,#1871,#1872,#1873,#1874));
#3356=EDGE_LOOP('',(#1875,#1876,#1877,#1878));
#3357=EDGE_LOOP('',(#1879,#1880,#1881,#1882,#1883));
#3358=EDGE_LOOP('',(#1884,#1885,#1886,#1887,#1888));
#3359=EDGE_LOOP('',(#1889,#1890,#1891,#1892));
#3360=EDGE_LOOP('',(#1893,#1894,#1895,#1896,#1897));
#3361=EDGE_LOOP('',(#1898,#1899,#1900,#1901));
#3362=EDGE_LOOP('',(#1902,#1903,#1904,#1905));
#3363=EDGE_LOOP('',(#1906,#1907,#1908,#1909));
#3364=EDGE_LOOP('',(#1910,#1911,#1912,#1913));
#3365=EDGE_LOOP('',(#1914,#1915,#1916,#1917,#1918,#1919));
#3366=EDGE_LOOP('',(#1920,#1921,#1922,#1923,#1924,#1925,#1926));
#3367=EDGE_LOOP('',(#1927,#1928,#1929,#1930,#1931,#1932,#1933));
#3368=EDGE_LOOP('',(#1934,#1935,#1936,#1937,#1938,#1939));
#3369=EDGE_LOOP('',(#1940,#1941,#1942,#1943));
#3370=EDGE_LOOP('',(#1944,#1945,#1946,#1947));
#3371=EDGE_LOOP('',(#1948,#1949,#1950,#1951));
#3372=EDGE_LOOP('',(#1952,#1953,#1954,#1955));
#3373=EDGE_LOOP('',(#1956,#1957,#1958,#1959));
#3374=EDGE_LOOP('',(#1960,#1961,#1962,#1963));
#3375=EDGE_LOOP('',(#1964,#1965,#1966,#1967,#1968));
#3376=EDGE_LOOP('',(#1969,#1970,#1971,#1972));
#3377=EDGE_LOOP('',(#1973,#1974,#1975,#1976,#1977));
#3378=EDGE_LOOP('',(#1978,#1979,#1980,#1981,#1982));
#3379=EDGE_LOOP('',(#1983,#1984,#1985,#1986));
#3380=EDGE_LOOP('',(#1987,#1988,#1989,#1990,#1991));
#3381=EDGE_LOOP('',(#1992,#1993,#1994,#1995,#1996,#1997,#1998,#1999,#2000,
#2001,#2002,#2003,#2004,#2005,#2006,#2007,#2008,#2009,#2010,#2011,#2012,
#2013,#2014,#2015));
#3382=EDGE_LOOP('',(#2016,#2017,#2018,#2019,#2020));
#3383=EDGE_LOOP('',(#2021,#2022,#2023,#2024,#2025,#2026,#2027,#2028,#2029,
#2030));
#3384=EDGE_LOOP('',(#2031,#2032,#2033,#2034));
#3385=EDGE_LOOP('',(#2035,#2036,#2037,#2038,#2039));
#3386=EDGE_LOOP('',(#2040,#2041,#2042,#2043));
#3387=EDGE_LOOP('',(#2044,#2045,#2046,#2047,#2048,#2049,#2050,#2051,#2052,
#2053));
#3388=EDGE_LOOP('',(#2054,#2055,#2056,#2057,#2058,#2059,#2060,#2061,#2062,
#2063,#2064,#2065,#2066,#2067,#2068,#2069,#2070,#2071,#2072,#2073));
#3389=EDGE_LOOP('',(#2074,#2075,#2076,#2077));
#3390=EDGE_LOOP('',(#2078,#2079,#2080,#2081));
#3391=EDGE_LOOP('',(#2082,#2083,#2084,#2085));
#3392=EDGE_LOOP('',(#2086,#2087,#2088,#2089));
#3393=EDGE_LOOP('',(#2090,#2091,#2092,#2093));
#3394=EDGE_LOOP('',(#2094,#2095,#2096,#2097));
#3395=EDGE_LOOP('',(#2098,#2099,#2100,#2101));
#3396=EDGE_LOOP('',(#2102,#2103,#2104,#2105));
#3397=EDGE_LOOP('',(#2106,#2107,#2108,#2109));
#3398=EDGE_LOOP('',(#2110,#2111,#2112,#2113));
#3399=EDGE_LOOP('',(#2114,#2115,#2116,#2117));
#3400=EDGE_LOOP('',(#2118,#2119,#2120,#2121));
#3401=EDGE_LOOP('',(#2122,#2123,#2124,#2125));
#3402=EDGE_LOOP('',(#2126,#2127,#2128,#2129));
#3403=EDGE_LOOP('',(#2130,#2131,#2132,#2133));
#3404=EDGE_LOOP('',(#2134,#2135,#2136,#2137));
#3405=EDGE_LOOP('',(#2138,#2139,#2140,#2141));
#3406=EDGE_LOOP('',(#2142,#2143,#2144,#2145));
#3407=EDGE_LOOP('',(#2146,#2147,#2148,#2149));
#3408=EDGE_LOOP('',(#2150,#2151,#2152,#2153));
#3409=EDGE_LOOP('',(#2154,#2155,#2156,#2157));
#3410=EDGE_LOOP('',(#2158,#2159,#2160,#2161));
#3411=FACE_BOUND('',#3197,.T.);
#3412=FACE_BOUND('',#3198,.T.);
#3413=FACE_BOUND('',#3199,.T.);
#3414=FACE_BOUND('',#3200,.T.);
#3415=FACE_BOUND('',#3201,.T.);
#3416=FACE_BOUND('',#3202,.T.);
#3417=FACE_BOUND('',#3203,.T.);
#3418=FACE_BOUND('',#3204,.T.);
#3419=FACE_BOUND('',#3205,.T.);
#3420=FACE_BOUND('',#3206,.T.);
#3421=FACE_BOUND('',#3207,.T.);
#3422=FACE_BOUND('',#3208,.T.);
#3423=FACE_BOUND('',#3209,.T.);
#3424=FACE_BOUND('',#3210,.T.);
#3425=FACE_BOUND('',#3211,.T.);
#3426=FACE_BOUND('',#3212,.T.);
#3427=FACE_BOUND('',#3213,.T.);
#3428=FACE_BOUND('',#3214,.T.);
#3429=FACE_BOUND('',#3215,.T.);
#3430=FACE_BOUND('',#3216,.T.);
#3431=FACE_BOUND('',#3217,.T.);
#3432=FACE_BOUND('',#3218,.T.);
#3433=FACE_BOUND('',#3219,.T.);
#3434=FACE_BOUND('',#3220,.T.);
#3435=FACE_BOUND('',#3221,.T.);
#3436=FACE_BOUND('',#3222,.T.);
#3437=FACE_BOUND('',#3223,.T.);
#3438=FACE_BOUND('',#3224,.T.);
#3439=FACE_BOUND('',#3225,.T.);
#3440=FACE_BOUND('',#3226,.T.);
#3441=FACE_BOUND('',#3227,.T.);
#3442=FACE_BOUND('',#3228,.T.);
#3443=FACE_BOUND('',#3229,.T.);
#3444=FACE_BOUND('',#3230,.T.);
#3445=FACE_BOUND('',#3231,.T.);
#3446=FACE_BOUND('',#3232,.T.);
#3447=FACE_BOUND('',#3233,.T.);
#3448=FACE_BOUND('',#3234,.T.);
#3449=FACE_BOUND('',#3235,.T.);
#3450=FACE_BOUND('',#3236,.T.);
#3451=FACE_BOUND('',#3237,.T.);
#3452=FACE_BOUND('',#3238,.T.);
#3453=FACE_BOUND('',#3239,.T.);
#3454=FACE_BOUND('',#3240,.T.);
#3455=FACE_BOUND('',#3241,.T.);
#3456=FACE_BOUND('',#3242,.T.);
#3457=FACE_BOUND('',#3243,.T.);
#3458=FACE_BOUND('',#3244,.T.);
#3459=FACE_BOUND('',#3245,.T.);
#3460=FACE_BOUND('',#3246,.T.);
#3461=FACE_BOUND('',#3247,.T.);
#3462=FACE_BOUND('',#3248,.T.);
#3463=FACE_BOUND('',#3249,.T.);
#3464=FACE_BOUND('',#3250,.T.);
#3465=FACE_BOUND('',#3251,.T.);
#3466=FACE_BOUND('',#3252,.T.);
#3467=FACE_BOUND('',#3253,.T.);
#3468=FACE_BOUND('',#3254,.T.);
#3469=FACE_BOUND('',#3255,.T.);
#3470=FACE_BOUND('',#3256,.T.);
#3471=FACE_BOUND('',#3257,.T.);
#3472=FACE_BOUND('',#3258,.T.);
#3473=FACE_BOUND('',#3259,.T.);
#3474=FACE_BOUND('',#3260,.T.);
#3475=FACE_BOUND('',#3261,.T.);
#3476=FACE_BOUND('',#3262,.T.);
#3477=FACE_BOUND('',#3263,.T.);
#3478=FACE_BOUND('',#3264,.T.);
#3479=FACE_BOUND('',#3265,.T.);
#3480=FACE_BOUND('',#3266,.T.);
#3481=FACE_BOUND('',#3267,.T.);
#3482=FACE_BOUND('',#3268,.T.);
#3483=FACE_BOUND('',#3269,.T.);
#3484=FACE_BOUND('',#3270,.T.);
#3485=FACE_BOUND('',#3271,.T.);
#3486=FACE_BOUND('',#3272,.T.);
#3487=FACE_BOUND('',#3273,.T.);
#3488=FACE_BOUND('',#3274,.T.);
#3489=FACE_BOUND('',#3275,.T.);
#3490=FACE_BOUND('',#3276,.T.);
#3491=FACE_BOUND('',#3277,.T.);
#3492=FACE_BOUND('',#3278,.T.);
#3493=FACE_BOUND('',#3279,.T.);
#3494=FACE_BOUND('',#3280,.T.);
#3495=FACE_BOUND('',#3281,.T.);
#3496=FACE_BOUND('',#3282,.T.);
#3497=FACE_BOUND('',#3283,.T.);
#3498=FACE_BOUND('',#3284,.T.);
#3499=FACE_BOUND('',#3285,.T.);
#3500=FACE_BOUND('',#3286,.T.);
#3501=FACE_BOUND('',#3287,.T.);
#3502=FACE_BOUND('',#3288,.T.);
#3503=FACE_BOUND('',#3289,.T.);
#3504=FACE_BOUND('',#3290,.T.);
#3505=FACE_BOUND('',#3291,.T.);
#3506=FACE_BOUND('',#3292,.T.);
#3507=FACE_BOUND('',#3293,.T.);
#3508=FACE_BOUND('',#3294,.T.);
#3509=FACE_BOUND('',#3295,.T.);
#3510=FACE_BOUND('',#3296,.T.);
#3511=FACE_BOUND('',#3297,.T.);
#3512=FACE_BOUND('',#3298,.T.);
#3513=FACE_BOUND('',#3299,.T.);
#3514=FACE_BOUND('',#3300,.T.);
#3515=FACE_BOUND('',#3301,.T.);
#3516=FACE_BOUND('',#3302,.T.);
#3517=FACE_BOUND('',#3303,.T.);
#3518=FACE_BOUND('',#3304,.T.);
#3519=FACE_BOUND('',#3305,.T.);
#3520=FACE_BOUND('',#3306,.T.);
#3521=FACE_BOUND('',#3307,.T.);
#3522=FACE_BOUND('',#3308,.T.);
#3523=FACE_BOUND('',#3309,.T.);
#3524=FACE_BOUND('',#3310,.T.);
#3525=FACE_BOUND('',#3311,.T.);
#3526=FACE_BOUND('',#3312,.T.);
#3527=FACE_BOUND('',#3313,.T.);
#3528=FACE_BOUND('',#3314,.T.);
#3529=FACE_BOUND('',#3315,.T.);
#3530=FACE_BOUND('',#3316,.T.);
#3531=FACE_BOUND('',#3317,.T.);
#3532=FACE_BOUND('',#3318,.T.);
#3533=FACE_BOUND('',#3319,.T.);
#3534=FACE_BOUND('',#3320,.T.);
#3535=FACE_BOUND('',#3321,.T.);
#3536=FACE_BOUND('',#3322,.T.);
#3537=FACE_BOUND('',#3323,.T.);
#3538=FACE_BOUND('',#3324,.T.);
#3539=FACE_BOUND('',#3325,.T.);
#3540=FACE_BOUND('',#3326,.T.);
#3541=FACE_BOUND('',#3327,.T.);
#3542=FACE_BOUND('',#3328,.T.);
#3543=FACE_BOUND('',#3329,.T.);
#3544=FACE_BOUND('',#3330,.T.);
#3545=FACE_BOUND('',#3331,.T.);
#3546=FACE_BOUND('',#3332,.T.);
#3547=FACE_BOUND('',#3333,.T.);
#3548=FACE_BOUND('',#3334,.T.);
#3549=FACE_BOUND('',#3335,.T.);
#3550=FACE_BOUND('',#3336,.T.);
#3551=FACE_BOUND('',#3337,.T.);
#3552=FACE_BOUND('',#3338,.T.);
#3553=FACE_BOUND('',#3339,.T.);
#3554=FACE_BOUND('',#3340,.T.);
#3555=FACE_BOUND('',#3341,.T.);
#3556=FACE_BOUND('',#3342,.T.);
#3557=FACE_BOUND('',#3343,.T.);
#3558=FACE_BOUND('',#3344,.T.);
#3559=FACE_BOUND('',#3345,.T.);
#3560=FACE_BOUND('',#3346,.T.);
#3561=FACE_BOUND('',#3347,.T.);
#3562=FACE_BOUND('',#3348,.T.);
#3563=FACE_BOUND('',#3349,.T.);
#3564=FACE_BOUND('',#3350,.T.);
#3565=FACE_BOUND('',#3351,.T.);
#3566=FACE_BOUND('',#3352,.T.);
#3567=FACE_BOUND('',#3353,.T.);
#3568=FACE_BOUND('',#3354,.T.);
#3569=FACE_BOUND('',#3355,.T.);
#3570=FACE_BOUND('',#3356,.T.);
#3571=FACE_BOUND('',#3357,.T.);
#3572=FACE_BOUND('',#3358,.T.);
#3573=FACE_BOUND('',#3359,.T.);
#3574=FACE_BOUND('',#3360,.T.);
#3575=FACE_BOUND('',#3361,.T.);
#3576=FACE_BOUND('',#3362,.T.);
#3577=FACE_BOUND('',#3363,.T.);
#3578=FACE_BOUND('',#3364,.T.);
#3579=FACE_BOUND('',#3365,.T.);
#3580=FACE_BOUND('',#3366,.T.);
#3581=FACE_BOUND('',#3367,.T.);
#3582=FACE_BOUND('',#3368,.T.);
#3583=FACE_BOUND('',#3369,.T.);
#3584=FACE_BOUND('',#3370,.T.);
#3585=FACE_BOUND('',#3371,.T.);
#3586=FACE_BOUND('',#3372,.T.);
#3587=FACE_BOUND('',#3373,.T.);
#3588=FACE_BOUND('',#3374,.T.);
#3589=FACE_BOUND('',#3375,.T.);
#3590=FACE_BOUND('',#3376,.T.);
#3591=FACE_BOUND('',#3377,.T.);
#3592=FACE_BOUND('',#3378,.T.);
#3593=FACE_BOUND('',#3379,.T.);
#3594=FACE_BOUND('',#3380,.T.);
#3595=FACE_BOUND('',#3381,.T.);
#3596=FACE_BOUND('',#3382,.T.);
#3597=FACE_BOUND('',#3383,.T.);
#3598=FACE_BOUND('',#3384,.T.);
#3599=FACE_BOUND('',#3385,.T.);
#3600=FACE_BOUND('',#3386,.T.);
#3601=FACE_BOUND('',#3387,.T.);
#3602=FACE_BOUND('',#3388,.T.);
#3603=FACE_BOUND('',#3389,.T.);
#3604=FACE_BOUND('',#3390,.T.);
#3605=FACE_BOUND('',#3391,.T.);
#3606=FACE_BOUND('',#3392,.T.);
#3607=FACE_BOUND('',#3393,.T.);
#3608=FACE_BOUND('',#3394,.T.);
#3609=FACE_BOUND('',#3395,.T.);
#3610=FACE_BOUND('',#3396,.T.);
#3611=FACE_BOUND('',#3397,.T.);
#3612=FACE_BOUND('',#3398,.T.);
#3613=FACE_BOUND('',#3399,.T.);
#3614=FACE_BOUND('',#3400,.T.);
#3615=FACE_BOUND('',#3401,.T.);
#3616=FACE_BOUND('',#3402,.T.);
#3617=FACE_BOUND('',#3403,.T.);
#3618=FACE_BOUND('',#3404,.T.);
#3619=FACE_BOUND('',#3405,.T.);
#3620=FACE_BOUND('',#3406,.T.);
#3621=FACE_BOUND('',#3407,.T.);
#3622=FACE_BOUND('',#3408,.T.);
#3623=FACE_BOUND('',#3409,.T.);
#3624=FACE_BOUND('',#3410,.T.);
#3625=CYLINDRICAL_SURFACE('',#3948,0.0045);
#3626=CYLINDRICAL_SURFACE('',#3989,0.001);
#3627=CYLINDRICAL_SURFACE('',#3991,0.001);
#3628=CYLINDRICAL_SURFACE('',#3993,0.001);
#3629=CYLINDRICAL_SURFACE('',#3996,0.001);
#3630=CYLINDRICAL_SURFACE('',#3998,0.001);
#3631=CYLINDRICAL_SURFACE('',#4000,0.001);
#3632=CYLINDRICAL_SURFACE('',#4001,0.001);
#3633=CYLINDRICAL_SURFACE('',#4005,0.001);
#3634=CYLINDRICAL_SURFACE('',#4007,0.001);
#3635=CYLINDRICAL_SURFACE('',#4011,0.001);
#3636=CYLINDRICAL_SURFACE('',#4013,0.001);
#3637=CYLINDRICAL_SURFACE('',#4014,0.001);
#3638=CYLINDRICAL_SURFACE('',#4015,0.001);
#3639=CYLINDRICAL_SURFACE('',#4016,0.001);
#3640=CYLINDRICAL_SURFACE('',#4017,0.001);
#3641=CYLINDRICAL_SURFACE('',#4018,0.001);
#3642=CYLINDRICAL_SURFACE('',#4120,0.001);
#3643=CYLINDRICAL_SURFACE('',#4121,0.001);
#3644=CYLINDRICAL_SURFACE('',#4122,0.001);
#3645=CYLINDRICAL_SURFACE('',#4123,0.001);
#3646=CYLINDRICAL_SURFACE('',#4124,0.001);
#3647=CYLINDRICAL_SURFACE('',#4125,0.001);
#3648=CYLINDRICAL_SURFACE('',#4126,0.001);
#3649=CYLINDRICAL_SURFACE('',#4127,0.001);
#3650=CYLINDRICAL_SURFACE('',#4128,0.001);
#3651=CYLINDRICAL_SURFACE('',#4130,0.001);
#3652=CYLINDRICAL_SURFACE('',#4132,0.001);
#3653=CYLINDRICAL_SURFACE('',#4133,0.001);
#3654=CYLINDRICAL_SURFACE('',#4136,0.001);
#3655=CYLINDRICAL_SURFACE('',#4138,0.001);
#3656=CYLINDRICAL_SURFACE('',#4140,0.001);
#3657=CYLINDRICAL_SURFACE('',#4141,0.001);
#3658=CYLINDRICAL_SURFACE('',#4142,0.001);
#3659=CYLINDRICAL_SURFACE('',#4143,0.001);
#3660=CYLINDRICAL_SURFACE('',#4146,0.001);
#3661=CYLINDRICAL_SURFACE('',#4148,0.001);
#3662=CYLINDRICAL_SURFACE('',#4150,0.001);
#3663=CYLINDRICAL_SURFACE('',#4151,0.001);
#3664=CYLINDRICAL_SURFACE('',#4152,0.001);
#3665=CYLINDRICAL_SURFACE('',#4153,0.001);
#3666=CYLINDRICAL_SURFACE('',#4157,0.001);
#3667=CYLINDRICAL_SURFACE('',#4159,0.001);
#3668=CYLINDRICAL_SURFACE('',#4162,0.001);
#3669=CYLINDRICAL_SURFACE('',#4163,0.001);
#3670=CYLINDRICAL_SURFACE('',#4186,0.0005);
#3671=CYLINDRICAL_SURFACE('',#4187,0.0005);
#3672=CYLINDRICAL_SURFACE('',#4194,0.002);
#3673=CYLINDRICAL_SURFACE('',#4197,0.002);
#3674=CYLINDRICAL_SURFACE('',#4199,0.002);
#3675=CYLINDRICAL_SURFACE('',#4201,0.002);
#3676=CYLINDRICAL_SURFACE('',#4204,0.002);
#3677=CYLINDRICAL_SURFACE('',#4206,0.002);
#3678=CYLINDRICAL_SURFACE('',#4208,0.002);
#3679=CYLINDRICAL_SURFACE('',#4209,0.002);
#3680=CYLINDRICAL_SURFACE('',#4210,0.002);
#3681=CYLINDRICAL_SURFACE('',#4211,0.002);
#3682=CYLINDRICAL_SURFACE('',#4263,0.001);
#3683=CYLINDRICAL_SURFACE('',#4265,0.001);
#3684=CYLINDRICAL_SURFACE('',#4269,0.001);
#3685=CYLINDRICAL_SURFACE('',#4271,0.001);
#3686=CYLINDRICAL_SURFACE('',#4272,0.001);
#3687=CYLINDRICAL_SURFACE('',#4276,0.001);
#3688=CYLINDRICAL_SURFACE('',#4277,0.001);
#3689=CYLINDRICAL_SURFACE('',#4279,0.001);
#3690=CYLINDRICAL_SURFACE('',#4281,0.001);
#3691=CYLINDRICAL_SURFACE('',#4285,0.001);
#3692=CYLINDRICAL_SURFACE('',#4286,0.001);
#3693=CYLINDRICAL_SURFACE('',#4290,0.001);
#3694=CYLINDRICAL_SURFACE('',#4291,0.001);
#3695=CYLINDRICAL_SURFACE('',#4292,0.001);
#3696=CYLINDRICAL_SURFACE('',#4293,0.001);
#3697=CYLINDRICAL_SURFACE('',#4294,0.001);
#3698=CYLINDRICAL_SURFACE('',#4295,0.001);
#3699=CYLINDRICAL_SURFACE('',#4296,0.001);
#3700=ADVANCED_FACE('',(#3411,#3412),#3625,.F.);
#3701=ADVANCED_FACE('',(#3413),#912,.T.);
#3702=ADVANCED_FACE('',(#3414),#913,.T.);
#3703=ADVANCED_FACE('',(#3415),#914,.T.);
#3704=ADVANCED_FACE('',(#3416),#915,.F.);
#3705=ADVANCED_FACE('',(#3417),#916,.T.);
#3706=ADVANCED_FACE('',(#3418),#917,.F.);
#3707=ADVANCED_FACE('',(#3419),#918,.T.);
#3708=ADVANCED_FACE('',(#3420),#919,.F.);
#3709=ADVANCED_FACE('',(#3421),#920,.F.);
#3710=ADVANCED_FACE('',(#3422,#3423),#921,.T.);
#3711=ADVANCED_FACE('',(#3424),#922,.T.);
#3712=ADVANCED_FACE('',(#3425,#3426),#923,.T.);
#3713=ADVANCED_FACE('',(#3427),#924,.F.);
#3714=ADVANCED_FACE('',(#3428),#925,.T.);
#3715=ADVANCED_FACE('',(#3429),#926,.T.);
#3716=ADVANCED_FACE('',(#3430),#927,.T.);
#3717=ADVANCED_FACE('',(#3431),#928,.F.);
#3718=ADVANCED_FACE('',(#3432),#929,.F.);
#3719=ADVANCED_FACE('',(#3433),#3626,.T.);
#3720=ADVANCED_FACE('',(#3434),#3627,.T.);
#3721=ADVANCED_FACE('',(#3435),#3628,.T.);
#3722=ADVANCED_FACE('',(#3436,#3437),#29,.T.);
#3723=ADVANCED_FACE('',(#3438,#3439),#30,.T.);
#3724=ADVANCED_FACE('',(#3440),#3629,.T.);
#3725=ADVANCED_FACE('',(#3441),#3630,.T.);
#3726=ADVANCED_FACE('',(#3442),#3631,.T.);
#3727=ADVANCED_FACE('',(#3443),#3632,.F.);
#3728=ADVANCED_FACE('',(#3444),#31,.T.);
#3729=ADVANCED_FACE('',(#3445),#3633,.T.);
#3730=ADVANCED_FACE('',(#3446),#3634,.T.);
#3731=ADVANCED_FACE('',(#3447),#28,.T.);
#3732=ADVANCED_FACE('',(#3448),#3635,.T.);
#3733=ADVANCED_FACE('',(#3449),#3636,.T.);
#3734=ADVANCED_FACE('',(#3450),#3637,.T.);
#3735=ADVANCED_FACE('',(#3451),#3638,.T.);
#3736=ADVANCED_FACE('',(#3452),#3639,.F.);
#3737=ADVANCED_FACE('',(#3453),#3640,.T.);
#3738=ADVANCED_FACE('',(#3454),#3641,.T.);
#3739=ADVANCED_FACE('',(#3455),#930,.T.);
#3740=ADVANCED_FACE('',(#3456),#931,.T.);
#3741=ADVANCED_FACE('',(#3457),#932,.T.);
#3742=ADVANCED_FACE('',(#3458),#933,.F.);
#3743=ADVANCED_FACE('',(#3459),#934,.T.);
#3744=ADVANCED_FACE('',(#3460),#935,.F.);
#3745=ADVANCED_FACE('',(#3461),#936,.T.);
#3746=ADVANCED_FACE('',(#3462),#937,.T.);
#3747=ADVANCED_FACE('',(#3463),#938,.F.);
#3748=ADVANCED_FACE('',(#3464),#939,.F.);
#3749=ADVANCED_FACE('',(#3465),#940,.T.);
#3750=ADVANCED_FACE('',(#3466),#941,.F.);
#3751=ADVANCED_FACE('',(#3467),#942,.T.);
#3752=ADVANCED_FACE('',(#3468),#943,.F.);
#3753=ADVANCED_FACE('',(#3469),#944,.F.);
#3754=ADVANCED_FACE('',(#3470),#945,.F.);
#3755=ADVANCED_FACE('',(#3471),#946,.F.);
#3756=ADVANCED_FACE('',(#3472),#947,.F.);
#3757=ADVANCED_FACE('',(#3473),#948,.T.);
#3758=ADVANCED_FACE('',(#3474),#949,.T.);
#3759=ADVANCED_FACE('',(#3475),#950,.T.);
#3760=ADVANCED_FACE('',(#3476),#951,.F.);
#3761=ADVANCED_FACE('',(#3477),#952,.T.);
#3762=ADVANCED_FACE('',(#3478),#953,.T.);
#3763=ADVANCED_FACE('',(#3479),#954,.F.);
#3764=ADVANCED_FACE('',(#3480),#955,.T.);
#3765=ADVANCED_FACE('',(#3481),#956,.F.);
#3766=ADVANCED_FACE('',(#3482),#957,.T.);
#3767=ADVANCED_FACE('',(#3483),#958,.F.);
#3768=ADVANCED_FACE('',(#3484),#959,.T.);
#3769=ADVANCED_FACE('',(#3485),#960,.T.);
#3770=ADVANCED_FACE('',(#3486),#961,.F.);
#3771=ADVANCED_FACE('',(#3487),#962,.T.);
#3772=ADVANCED_FACE('',(#3488),#963,.F.);
#3773=ADVANCED_FACE('',(#3489),#964,.T.);
#3774=ADVANCED_FACE('',(#3490),#965,.T.);
#3775=ADVANCED_FACE('',(#3491),#966,.T.);
#3776=ADVANCED_FACE('',(#3492),#967,.F.);
#3777=ADVANCED_FACE('',(#3493),#968,.T.);
#3778=ADVANCED_FACE('',(#3494),#969,.F.);
#3779=ADVANCED_FACE('',(#3495),#970,.T.);
#3780=ADVANCED_FACE('',(#3496),#971,.F.);
#3781=ADVANCED_FACE('',(#3497),#972,.T.);
#3782=ADVANCED_FACE('',(#3498),#973,.T.);
#3783=ADVANCED_FACE('',(#3499),#974,.T.);
#3784=ADVANCED_FACE('',(#3500),#975,.T.);
#3785=ADVANCED_FACE('',(#3501),#976,.F.);
#3786=ADVANCED_FACE('',(#3502),#977,.F.);
#3787=ADVANCED_FACE('',(#3503),#978,.F.);
#3788=ADVANCED_FACE('',(#3504),#979,.T.);
#3789=ADVANCED_FACE('',(#3505),#980,.T.);
#3790=ADVANCED_FACE('',(#3506),#981,.T.);
#3791=ADVANCED_FACE('',(#3507),#982,.F.);
#3792=ADVANCED_FACE('',(#3508),#983,.T.);
#3793=ADVANCED_FACE('',(#3509),#984,.F.);
#3794=ADVANCED_FACE('',(#3510),#985,.F.);
#3795=ADVANCED_FACE('',(#3511),#986,.T.);
#3796=ADVANCED_FACE('',(#3512),#987,.T.);
#3797=ADVANCED_FACE('',(#3513),#988,.F.);
#3798=ADVANCED_FACE('',(#3514),#989,.T.);
#3799=ADVANCED_FACE('',(#3515),#990,.F.);
#3800=ADVANCED_FACE('',(#3516),#991,.F.);
#3801=ADVANCED_FACE('',(#3517),#992,.T.);
#3802=ADVANCED_FACE('',(#3518),#993,.F.);
#3803=ADVANCED_FACE('',(#3519),#994,.F.);
#3804=ADVANCED_FACE('',(#3520),#995,.F.);
#3805=ADVANCED_FACE('',(#3521),#3642,.T.);
#3806=ADVANCED_FACE('',(#3522),#3643,.T.);
#3807=ADVANCED_FACE('',(#3523),#3644,.F.);
#3808=ADVANCED_FACE('',(#3524),#3645,.F.);
#3809=ADVANCED_FACE('',(#3525),#3646,.T.);
#3810=ADVANCED_FACE('',(#3526),#3647,.T.);
#3811=ADVANCED_FACE('',(#3527),#3648,.T.);
#3812=ADVANCED_FACE('',(#3528),#3649,.T.);
#3813=ADVANCED_FACE('',(#3529),#3650,.F.);
#3814=ADVANCED_FACE('',(#3530),#3651,.F.);
#3815=ADVANCED_FACE('',(#3531),#3652,.F.);
#3816=ADVANCED_FACE('',(#3532),#3653,.F.);
#3817=ADVANCED_FACE('',(#3533),#3654,.F.);
#3818=ADVANCED_FACE('',(#3534),#3655,.F.);
#3819=ADVANCED_FACE('',(#3535),#3656,.F.);
#3820=ADVANCED_FACE('',(#3536),#3657,.F.);
#3821=ADVANCED_FACE('',(#3537),#3658,.F.);
#3822=ADVANCED_FACE('',(#3538),#3659,.F.);
#3823=ADVANCED_FACE('',(#3539),#3660,.F.);
#3824=ADVANCED_FACE('',(#3540),#3661,.F.);
#3825=ADVANCED_FACE('',(#3541),#3662,.F.);
#3826=ADVANCED_FACE('',(#3542),#3663,.F.);
#3827=ADVANCED_FACE('',(#3543),#3664,.F.);
#3828=ADVANCED_FACE('',(#3544),#3665,.F.);
#3829=ADVANCED_FACE('',(#3545),#32,.T.);
#3830=ADVANCED_FACE('',(#3546),#3666,.F.);
#3831=ADVANCED_FACE('',(#3547),#3667,.T.);
#3832=ADVANCED_FACE('',(#3548),#33,.T.);
#3833=ADVANCED_FACE('',(#3549),#3668,.F.);
#3834=ADVANCED_FACE('',(#3550),#3669,.F.);
#3835=ADVANCED_FACE('',(#3551),#996,.F.);
#3836=ADVANCED_FACE('',(#3552),#997,.T.);
#3837=ADVANCED_FACE('',(#3553),#998,.F.);
#3838=ADVANCED_FACE('',(#3554),#999,.F.);
#3839=ADVANCED_FACE('',(#3555),#1000,.T.);
#3840=ADVANCED_FACE('',(#3556),#1001,.F.);
#3841=ADVANCED_FACE('',(#3557),#1002,.T.);
#3842=ADVANCED_FACE('',(#3558),#1003,.T.);
#3843=ADVANCED_FACE('',(#3559),#1004,.F.);
#3844=ADVANCED_FACE('',(#3560),#1005,.T.);
#3845=ADVANCED_FACE('',(#3561),#1006,.F.);
#3846=ADVANCED_FACE('',(#3562),#1007,.T.);
#3847=ADVANCED_FACE('',(#3563),#1008,.T.);
#3848=ADVANCED_FACE('',(#3564),#1009,.T.);
#3849=ADVANCED_FACE('',(#3565),#3670,.T.);
#3850=ADVANCED_FACE('',(#3566),#3671,.T.);
#3851=ADVANCED_FACE('',(#3567),#1010,.F.);
#3852=ADVANCED_FACE('',(#3568),#1011,.T.);
#3853=ADVANCED_FACE('',(#3569),#3672,.F.);
#3854=ADVANCED_FACE('',(#3570),#3673,.F.);
#3855=ADVANCED_FACE('',(#3571),#3674,.F.);
#3856=ADVANCED_FACE('',(#3572),#3675,.F.);
#3857=ADVANCED_FACE('',(#3573),#3676,.F.);
#3858=ADVANCED_FACE('',(#3574),#3677,.F.);
#3859=ADVANCED_FACE('',(#3575),#3678,.F.);
#3860=ADVANCED_FACE('',(#3576),#3679,.F.);
#3861=ADVANCED_FACE('',(#3577),#3680,.F.);
#3862=ADVANCED_FACE('',(#3578),#3681,.F.);
#3863=ADVANCED_FACE('',(#3579),#1012,.F.);
#3864=ADVANCED_FACE('',(#3580),#1013,.F.);
#3865=ADVANCED_FACE('',(#3581),#1014,.T.);
#3866=ADVANCED_FACE('',(#3582),#1015,.T.);
#3867=ADVANCED_FACE('',(#3583),#1016,.F.);
#3868=ADVANCED_FACE('',(#3584),#1017,.T.);
#3869=ADVANCED_FACE('',(#3585),#1018,.T.);
#3870=ADVANCED_FACE('',(#3586),#1019,.T.);
#3871=ADVANCED_FACE('',(#3587),#1020,.T.);
#3872=ADVANCED_FACE('',(#3588),#1021,.F.);
#3873=ADVANCED_FACE('',(#3589),#1022,.F.);
#3874=ADVANCED_FACE('',(#3590),#1023,.F.);
#3875=ADVANCED_FACE('',(#3591),#1024,.F.);
#3876=ADVANCED_FACE('',(#3592),#1025,.T.);
#3877=ADVANCED_FACE('',(#3593),#1026,.T.);
#3878=ADVANCED_FACE('',(#3594),#1027,.T.);
#3879=ADVANCED_FACE('',(#3595),#1028,.F.);
#3880=ADVANCED_FACE('',(#3596),#1029,.F.);
#3881=ADVANCED_FACE('',(#3597),#1030,.T.);
#3882=ADVANCED_FACE('',(#3598),#1031,.T.);
#3883=ADVANCED_FACE('',(#3599),#1032,.T.);
#3884=ADVANCED_FACE('',(#3600),#1033,.T.);
#3885=ADVANCED_FACE('',(#3601),#1034,.T.);
#3886=ADVANCED_FACE('',(#3602),#1035,.T.);
#3887=ADVANCED_FACE('',(#3603),#3682,.T.);
#3888=ADVANCED_FACE('',(#3604),#3683,.T.);
#3889=ADVANCED_FACE('',(#3605),#34,.T.);
#3890=ADVANCED_FACE('',(#3606),#3684,.F.);
#3891=ADVANCED_FACE('',(#3607),#3685,.F.);
#3892=ADVANCED_FACE('',(#3608),#3686,.F.);
#3893=ADVANCED_FACE('',(#3609),#35,.T.);
#3894=ADVANCED_FACE('',(#3610),#3687,.T.);
#3895=ADVANCED_FACE('',(#3611),#3688,.T.);
#3896=ADVANCED_FACE('',(#3612),#3689,.T.);
#3897=ADVANCED_FACE('',(#3613),#3690,.F.);
#3898=ADVANCED_FACE('',(#3614),#36,.T.);
#3899=ADVANCED_FACE('',(#3615),#3691,.F.);
#3900=ADVANCED_FACE('',(#3616),#3692,.F.);
#3901=ADVANCED_FACE('',(#3617),#37,.T.);
#3902=ADVANCED_FACE('',(#3618),#3693,.T.);
#3903=ADVANCED_FACE('',(#3619),#3694,.T.);
#3904=ADVANCED_FACE('',(#3620),#3695,.T.);
#3905=ADVANCED_FACE('',(#3621),#3696,.T.);
#3906=ADVANCED_FACE('',(#3622),#3697,.T.);
#3907=ADVANCED_FACE('',(#3623),#3698,.T.);
#3908=ADVANCED_FACE('',(#3624),#3699,.T.);
#3909=CLOSED_SHELL('',(#3700,#3701,#3702,#3703,#3704,#3705,#3706,#3707,
#3708,#3709,#3710,#3711,#3712,#3713,#3714,#3715,#3716,#3717,#3718,#3719,
#3720,#3721,#3722,#3723,#3724,#3725,#3726,#3727,#3728,#3729,#3730,#3731,
#3732,#3733,#3734,#3735,#3736,#3737,#3738));
#3910=CLOSED_SHELL('',(#3739,#3740,#3741,#3742,#3743,#3744,#3745,#3746,
#3747,#3748,#3749,#3750,#3751,#3752,#3753,#3754,#3755,#3756,#3757,#3758,
#3759,#3760,#3761,#3762,#3763,#3764,#3765,#3766,#3767,#3768,#3769,#3770,
#3771,#3772,#3773,#3774,#3775,#3776,#3777,#3778,#3779,#3780,#3781,#3782,
#3783,#3784,#3785,#3786,#3787,#3788,#3789,#3790,#3791,#3792,#3793,#3794,
#3795,#3796,#3797,#3798,#3799,#3800,#3801,#3802,#3803,#3804,#3805,#3806,
#3807,#3808,#3809,#3810,#3811,#3812,#3813,#3814,#3815,#3816,#3817,#3818,
#3819,#3820,#3821,#3822,#3823,#3824,#3825,#3826,#3827,#3828,#3829,#3830,
#3831,#3832,#3833,#3834,#3835,#3836,#3837,#3838,#3839,#3840,#3841,#3842,
#3843,#3844,#3845,#3846,#3847,#3848,#3849,#3850,#3851,#3852,#3853,#3854,
#3855,#3856,#3857,#3858,#3859,#3860,#3861,#3862));
#3911=CLOSED_SHELL('',(#3863,#3864,#3865,#3866,#3867,#3868,#3869,#3870,
#3871,#3872,#3873,#3874,#3875,#3876,#3877,#3878,#3879,#3880,#3881,#3882,
#3883,#3884,#3885,#3886,#3887,#3888,#3889,#3890,#3891,#3892,#3893,#3894,
#3895,#3896,#3897,#3898,#3899,#3900,#3901,#3902,#3903,#3904,#3905,#3906,
#3907,#3908));
#3912=STYLED_ITEM('',(#3915),#3936);
#3913=STYLED_ITEM('',(#3916),#3937);
#3914=STYLED_ITEM('',(#3917),#3938);
#3915=PRESENTATION_STYLE_ASSIGNMENT((#3918));
#3916=PRESENTATION_STYLE_ASSIGNMENT((#3919));
#3917=PRESENTATION_STYLE_ASSIGNMENT((#3920));
#3918=SURFACE_STYLE_USAGE(.BOTH.,#3921);
#3919=SURFACE_STYLE_USAGE(.BOTH.,#3922);
#3920=SURFACE_STYLE_USAGE(.BOTH.,#3923);
#3921=SURFACE_SIDE_STYLE('',(#3924));
#3922=SURFACE_SIDE_STYLE('',(#3925));
#3923=SURFACE_SIDE_STYLE('',(#3926));
#3924=SURFACE_STYLE_FILL_AREA(#3927);
#3925=SURFACE_STYLE_FILL_AREA(#3928);
#3926=SURFACE_STYLE_FILL_AREA(#3929);
#3927=FILL_AREA_STYLE('',(#3930));
#3928=FILL_AREA_STYLE('',(#3931));
#3929=FILL_AREA_STYLE('',(#3932));
#3930=FILL_AREA_STYLE_COLOUR('',#3933);
#3931=FILL_AREA_STYLE_COLOUR('',#3934);
#3932=FILL_AREA_STYLE_COLOUR('',#3935);
#3933=COLOUR_RGB('',0.654901960784314,0.823529411764706,0.576470588235294);
#3934=COLOUR_RGB('',0.596078431372549,0.176470588235294,0.0509803921568627);
#3935=COLOUR_RGB('',0.231372549019608,0.380392156862745,0.705882352941177);
#3936=MANIFOLD_SOLID_BREP('Part 1',#3909);
#3937=MANIFOLD_SOLID_BREP('Part 1',#3910);
#3938=MANIFOLD_SOLID_BREP('Part 2',#3911);
#3939=SHAPE_DEFINITION_REPRESENTATION(#6591,#3943);
#3940=SHAPE_DEFINITION_REPRESENTATION(#6592,#3944);
#3941=SHAPE_DEFINITION_REPRESENTATION(#6594,#3945);
#3942=SHAPE_DEFINITION_REPRESENTATION(#6596,#3946);
#3943=SHAPE_REPRESENTATION('HACKATHON_ASSEMBLY',(#3947,#4019,#4212,#4297),
#6580);
#3944=SHAPE_REPRESENTATION('Part 1',(#3947),#6581);
#3945=SHAPE_REPRESENTATION('Part 1',(#3947),#6582);
#3946=SHAPE_REPRESENTATION('Part 2',(#3947),#6583);
#3947=AXIS2_PLACEMENT_3D('',#5420,#4298,#4299);
#3948=AXIS2_PLACEMENT_3D('',#5421,#4300,#4301);
#3949=AXIS2_PLACEMENT_3D('',#5422,#4302,#4303);
#3950=AXIS2_PLACEMENT_3D('',#5424,#4304,#4305);
#3951=AXIS2_PLACEMENT_3D('',#5426,#4306,#4307);
#3952=AXIS2_PLACEMENT_3D('',#5432,#4310,#4311);
#3953=AXIS2_PLACEMENT_3D('',#5440,#4315,#4316);
#3954=AXIS2_PLACEMENT_3D('',#5444,#4318,#4319);
#3955=AXIS2_PLACEMENT_3D('',#5448,#4321,#4322);
#3956=AXIS2_PLACEMENT_3D('',#5452,#4324,#4325);
#3957=AXIS2_PLACEMENT_3D('',#5456,#4327,#4328);
#3958=AXIS2_PLACEMENT_3D('',#5460,#4330,#4331);
#3959=AXIS2_PLACEMENT_3D('',#5468,#4335,#4336);
#3960=AXIS2_PLACEMENT_3D('',#5475,#4340,#4341);
#3961=AXIS2_PLACEMENT_3D('',#5480,#4344,#4345);
#3962=AXIS2_PLACEMENT_3D('',#5484,#4347,#4348);
#3963=AXIS2_PLACEMENT_3D('',#5485,#4349,#4350);
#3964=AXIS2_PLACEMENT_3D('',#5491,#4354,#4355);
#3965=AXIS2_PLACEMENT_3D('',#5495,#4358,#4359);
#3966=AXIS2_PLACEMENT_3D('',#5505,#4362,#4363);
#3967=AXIS2_PLACEMENT_3D('',#5511,#4367,#4368);
#3968=AXIS2_PLACEMENT_3D('',#5515,#4371,#4372);
#3969=AXIS2_PLACEMENT_3D('',#5519,#4375,#4376);
#3970=AXIS2_PLACEMENT_3D('',#5524,#4379,#4380);
#3971=AXIS2_PLACEMENT_3D('',#5528,#4382,#4383);
#3972=AXIS2_PLACEMENT_3D('',#5529,#4384,#4385);
#3973=AXIS2_PLACEMENT_3D('',#5530,#4386,#4387);
#3974=AXIS2_PLACEMENT_3D('',#5539,#4391,#4392);
#3975=AXIS2_PLACEMENT_3D('',#5543,#4394,#4395);
#3976=AXIS2_PLACEMENT_3D('',#5544,#4396,#4397);
#3977=AXIS2_PLACEMENT_3D('',#5550,#4401,#4402);
#3978=AXIS2_PLACEMENT_3D('',#5551,#4403,#4404);
#3979=AXIS2_PLACEMENT_3D('',#5558,#4408,#4409);
#3980=AXIS2_PLACEMENT_3D('',#5564,#4413,#4414);
#3981=AXIS2_PLACEMENT_3D('',#5570,#4418,#4419);
#3982=AXIS2_PLACEMENT_3D('',#5573,#4422,#4423);
#3983=AXIS2_PLACEMENT_3D('',#5582,#4428,#4429);
#3984=AXIS2_PLACEMENT_3D('',#5583,#4430,#4431);
#3985=AXIS2_PLACEMENT_3D('',#5586,#4434,#4435);
#3986=AXIS2_PLACEMENT_3D('',#5587,#4436,#4437);
#3987=AXIS2_PLACEMENT_3D('',#5588,#4438,#4439);
#3988=AXIS2_PLACEMENT_3D('',#5591,#4442,#4443);
#3989=AXIS2_PLACEMENT_3D('',#5594,#4446,#4447);
#3990=AXIS2_PLACEMENT_3D('',#5595,#4448,#4449);
#3991=AXIS2_PLACEMENT_3D('',#5596,#4450,#4451);
#3992=AXIS2_PLACEMENT_3D('',#5597,#4452,#4453);
#3993=AXIS2_PLACEMENT_3D('',#5598,#4454,#4455);
#3994=AXIS2_PLACEMENT_3D('',#5599,#4456,#4457);
#3995=AXIS2_PLACEMENT_3D('',#5600,#4458,#4459);
#3996=AXIS2_PLACEMENT_3D('',#5601,#4460,#4461);
#3997=AXIS2_PLACEMENT_3D('',#5602,#4462,#4463);
#3998=AXIS2_PLACEMENT_3D('',#5603,#4464,#4465);
#3999=AXIS2_PLACEMENT_3D('',#5604,#4466,#4467);
#4000=AXIS2_PLACEMENT_3D('',#5605,#4468,#4469);
#4001=AXIS2_PLACEMENT_3D('',#5606,#4470,#4471);
#4002=AXIS2_PLACEMENT_3D('',#5607,#4472,#4473);
#4003=AXIS2_PLACEMENT_3D('',#5608,#4474,#4475);
#4004=AXIS2_PLACEMENT_3D('',#5609,#4476,#4477);
#4005=AXIS2_PLACEMENT_3D('',#5610,#4478,#4479);
#4006=AXIS2_PLACEMENT_3D('',#5611,#4480,#4481);
#4007=AXIS2_PLACEMENT_3D('',#5612,#4482,#4483);
#4008=AXIS2_PLACEMENT_3D('',#5613,#4484,#4485);
#4009=AXIS2_PLACEMENT_3D('',#5614,#4486,#4487);
#4010=AXIS2_PLACEMENT_3D('',#5615,#4488,#4489);
#4011=AXIS2_PLACEMENT_3D('',#5616,#4490,#4491);
#4012=AXIS2_PLACEMENT_3D('',#5617,#4492,#4493);
#4013=AXIS2_PLACEMENT_3D('',#5618,#4494,#4495);
#4014=AXIS2_PLACEMENT_3D('',#5619,#4496,#4497);
#4015=AXIS2_PLACEMENT_3D('',#5620,#4498,#4499);
#4016=AXIS2_PLACEMENT_3D('',#5621,#4500,#4501);
#4017=AXIS2_PLACEMENT_3D('',#5622,#4502,#4503);
#4018=AXIS2_PLACEMENT_3D('',#5623,#4504,#4505);
#4019=AXIS2_PLACEMENT_3D('',#5624,#4506,#4507);
#4020=AXIS2_PLACEMENT_3D('',#5625,#4508,#4509);
#4021=AXIS2_PLACEMENT_3D('',#5634,#4514,#4515);
#4022=AXIS2_PLACEMENT_3D('',#5643,#4520,#4521);
#4023=AXIS2_PLACEMENT_3D('',#5649,#4524,#4525);
#4024=AXIS2_PLACEMENT_3D('',#5654,#4528,#4529);
#4025=AXIS2_PLACEMENT_3D('',#5660,#4532,#4533);
#4026=AXIS2_PLACEMENT_3D('',#5665,#4536,#4537);
#4027=AXIS2_PLACEMENT_3D('',#5671,#4540,#4541);
#4028=AXIS2_PLACEMENT_3D('',#5676,#4544,#4545);
#4029=AXIS2_PLACEMENT_3D('',#5682,#4548,#4549);
#4030=AXIS2_PLACEMENT_3D('',#5687,#4552,#4553);
#4031=AXIS2_PLACEMENT_3D('',#5688,#4554,#4555);
#4032=AXIS2_PLACEMENT_3D('',#5698,#4560,#4561);
#4033=AXIS2_PLACEMENT_3D('',#5756,#4593,#4594);
#4034=AXIS2_PLACEMENT_3D('',#5757,#4595,#4596);
#4035=AXIS2_PLACEMENT_3D('',#5764,#4600,#4601);
#4036=AXIS2_PLACEMENT_3D('',#5768,#4603,#4604);
#4037=AXIS2_PLACEMENT_3D('',#5776,#4608,#4609);
#4038=AXIS2_PLACEMENT_3D('',#5783,#4613,#4614);
#4039=AXIS2_PLACEMENT_3D('',#5787,#4616,#4617);
#4040=AXIS2_PLACEMENT_3D('',#5794,#4621,#4622);
#4041=AXIS2_PLACEMENT_3D('',#5802,#4626,#4627);
#4042=AXIS2_PLACEMENT_3D('',#5808,#4631,#4632);
#4043=AXIS2_PLACEMENT_3D('',#5812,#4634,#4635);
#4044=AXIS2_PLACEMENT_3D('',#5816,#4638,#4639);
#4045=AXIS2_PLACEMENT_3D('',#5817,#4640,#4641);
#4046=AXIS2_PLACEMENT_3D('',#5823,#4644,#4645);
#4047=AXIS2_PLACEMENT_3D('',#5831,#4649,#4650);
#4048=AXIS2_PLACEMENT_3D('',#5836,#4653,#4654);
#4049=AXIS2_PLACEMENT_3D('',#5840,#4656,#4657);
#4050=AXIS2_PLACEMENT_3D('',#5845,#4660,#4661);
#4051=AXIS2_PLACEMENT_3D('',#5853,#4665,#4666);
#4052=AXIS2_PLACEMENT_3D('',#5856,#4668,#4669);
#4053=AXIS2_PLACEMENT_3D('',#5865,#4674,#4675);
#4054=AXIS2_PLACEMENT_3D('',#5871,#4679,#4680);
#4055=AXIS2_PLACEMENT_3D('',#5874,#4683,#4684);
#4056=AXIS2_PLACEMENT_3D('',#5880,#4688,#4689);
#4057=AXIS2_PLACEMENT_3D('',#5884,#4692,#4693);
#4058=AXIS2_PLACEMENT_3D('',#5888,#4696,#4697);
#4059=AXIS2_PLACEMENT_3D('',#5894,#4701,#4702);
#4060=AXIS2_PLACEMENT_3D('',#5898,#4705,#4706);
#4061=AXIS2_PLACEMENT_3D('',#5902,#4709,#4710);
#4062=AXIS2_PLACEMENT_3D('',#5913,#4717,#4718);
#4063=AXIS2_PLACEMENT_3D('',#5919,#4722,#4723);
#4064=AXIS2_PLACEMENT_3D('',#5931,#4731,#4732);
#4065=AXIS2_PLACEMENT_3D('',#5940,#4737,#4738);
#4066=AXIS2_PLACEMENT_3D('',#5946,#4742,#4743);
#4067=AXIS2_PLACEMENT_3D('',#5952,#4747,#4748);
#4068=AXIS2_PLACEMENT_3D('',#5961,#4753,#4754);
#4069=AXIS2_PLACEMENT_3D('',#5964,#4757,#4758);
#4070=AXIS2_PLACEMENT_3D('',#5965,#4759,#4760);
#4071=AXIS2_PLACEMENT_3D('',#5966,#4761,#4762);
#4072=AXIS2_PLACEMENT_3D('',#5967,#4763,#4764);
#4073=AXIS2_PLACEMENT_3D('',#5968,#4765,#4766);
#4074=AXIS2_PLACEMENT_3D('',#5969,#4767,#4768);
#4075=AXIS2_PLACEMENT_3D('',#5970,#4769,#4770);
#4076=AXIS2_PLACEMENT_3D('',#5971,#4771,#4772);
#4077=AXIS2_PLACEMENT_3D('',#5972,#4773,#4774);
#4078=AXIS2_PLACEMENT_3D('',#5973,#4775,#4776);
#4079=AXIS2_PLACEMENT_3D('',#5974,#4777,#4778);
#4080=AXIS2_PLACEMENT_3D('',#5975,#4779,#4780);
#4081=AXIS2_PLACEMENT_3D('',#5983,#4784,#4785);
#4082=AXIS2_PLACEMENT_3D('',#5988,#4788,#4789);
#4083=AXIS2_PLACEMENT_3D('',#5990,#4791,#4792);
#4084=AXIS2_PLACEMENT_3D('',#5992,#4794,#4795);
#4085=AXIS2_PLACEMENT_3D('',#5995,#4798,#4799);
#4086=AXIS2_PLACEMENT_3D('',#5997,#4801,#4802);
#4087=AXIS2_PLACEMENT_3D('',#5999,#4804,#4805);
#4088=AXIS2_PLACEMENT_3D('',#6002,#4808,#4809);
#4089=AXIS2_PLACEMENT_3D('',#6004,#4811,#4812);
#4090=AXIS2_PLACEMENT_3D('',#6006,#4814,#4815);
#4091=AXIS2_PLACEMENT_3D('',#6009,#4818,#4819);
#4092=AXIS2_PLACEMENT_3D('',#6010,#4820,#4821);
#4093=AXIS2_PLACEMENT_3D('',#6014,#4824,#4825);
#4094=AXIS2_PLACEMENT_3D('',#6015,#4826,#4827);
#4095=AXIS2_PLACEMENT_3D('',#6022,#4831,#4832);
#4096=AXIS2_PLACEMENT_3D('',#6024,#4834,#4835);
#4097=AXIS2_PLACEMENT_3D('',#6025,#4836,#4837);
#4098=AXIS2_PLACEMENT_3D('',#6030,#4840,#4841);
#4099=AXIS2_PLACEMENT_3D('',#6039,#4846,#4847);
#4100=AXIS2_PLACEMENT_3D('',#6041,#4849,#4850);
#4101=AXIS2_PLACEMENT_3D('',#6043,#4852,#4853);
#4102=AXIS2_PLACEMENT_3D('',#6048,#4858,#4859);
#4103=AXIS2_PLACEMENT_3D('',#6053,#4864,#4865);
#4104=AXIS2_PLACEMENT_3D('',#6055,#4867,#4868);
#4105=AXIS2_PLACEMENT_3D('',#6057,#4870,#4871);
#4106=AXIS2_PLACEMENT_3D('',#6061,#4874,#4875);
#4107=AXIS2_PLACEMENT_3D('',#6065,#4878,#4879);
#4108=AXIS2_PLACEMENT_3D('',#6067,#4881,#4882);
#4109=AXIS2_PLACEMENT_3D('',#6070,#4884,#4885);
#4110=AXIS2_PLACEMENT_3D('',#6075,#4888,#4889);
#4111=AXIS2_PLACEMENT_3D('',#6077,#4891,#4892);
#4112=AXIS2_PLACEMENT_3D('',#6079,#4894,#4895);
#4113=AXIS2_PLACEMENT_3D('',#6090,#4902,#4903);
#4114=AXIS2_PLACEMENT_3D('',#6099,#4908,#4909);
#4115=AXIS2_PLACEMENT_3D('',#6103,#4911,#4912);
#4116=AXIS2_PLACEMENT_3D('',#6108,#4915,#4916);
#4117=AXIS2_PLACEMENT_3D('',#6109,#4917,#4918);
#4118=AXIS2_PLACEMENT_3D('',#6117,#4920,#4921);
#4119=AXIS2_PLACEMENT_3D('',#6123,#4925,#4926);
#4120=AXIS2_PLACEMENT_3D('',#6131,#4928,#4929);
#4121=AXIS2_PLACEMENT_3D('',#6132,#4930,#4931);
#4122=AXIS2_PLACEMENT_3D('',#6133,#4932,#4933);
#4123=AXIS2_PLACEMENT_3D('',#6134,#4934,#4935);
#4124=AXIS2_PLACEMENT_3D('',#6135,#4936,#4937);
#4125=AXIS2_PLACEMENT_3D('',#6136,#4938,#4939);
#4126=AXIS2_PLACEMENT_3D('',#6137,#4940,#4941);
#4127=AXIS2_PLACEMENT_3D('',#6138,#4942,#4943);
#4128=AXIS2_PLACEMENT_3D('',#6139,#4944,#4945);
#4129=AXIS2_PLACEMENT_3D('',#6140,#4946,#4947);
#4130=AXIS2_PLACEMENT_3D('',#6141,#4948,#4949);
#4131=AXIS2_PLACEMENT_3D('',#6142,#4950,#4951);
#4132=AXIS2_PLACEMENT_3D('',#6143,#4952,#4953);
#4133=AXIS2_PLACEMENT_3D('',#6144,#4954,#4955);
#4134=AXIS2_PLACEMENT_3D('',#6145,#4956,#4957);
#4135=AXIS2_PLACEMENT_3D('',#6146,#4958,#4959);
#4136=AXIS2_PLACEMENT_3D('',#6147,#4960,#4961);
#4137=AXIS2_PLACEMENT_3D('',#6148,#4962,#4963);
#4138=AXIS2_PLACEMENT_3D('',#6149,#4964,#4965);
#4139=AXIS2_PLACEMENT_3D('',#6150,#4966,#4967);
#4140=AXIS2_PLACEMENT_3D('',#6151,#4968,#4969);
#4141=AXIS2_PLACEMENT_3D('',#6152,#4970,#4971);
#4142=AXIS2_PLACEMENT_3D('',#6153,#4972,#4973);
#4143=AXIS2_PLACEMENT_3D('',#6154,#4974,#4975);
#4144=AXIS2_PLACEMENT_3D('',#6155,#4976,#4977);
#4145=AXIS2_PLACEMENT_3D('',#6156,#4978,#4979);
#4146=AXIS2_PLACEMENT_3D('',#6157,#4980,#4981);
#4147=AXIS2_PLACEMENT_3D('',#6158,#4982,#4983);
#4148=AXIS2_PLACEMENT_3D('',#6159,#4984,#4985);
#4149=AXIS2_PLACEMENT_3D('',#6160,#4986,#4987);
#4150=AXIS2_PLACEMENT_3D('',#6161,#4988,#4989);
#4151=AXIS2_PLACEMENT_3D('',#6162,#4990,#4991);
#4152=AXIS2_PLACEMENT_3D('',#6163,#4992,#4993);
#4153=AXIS2_PLACEMENT_3D('',#6164,#4994,#4995);
#4154=AXIS2_PLACEMENT_3D('',#6165,#4996,#4997);
#4155=AXIS2_PLACEMENT_3D('',#6166,#4998,#4999);
#4156=AXIS2_PLACEMENT_3D('',#6167,#5000,#5001);
#4157=AXIS2_PLACEMENT_3D('',#6168,#5002,#5003);
#4158=AXIS2_PLACEMENT_3D('',#6169,#5004,#5005);
#4159=AXIS2_PLACEMENT_3D('',#6170,#5006,#5007);
#4160=AXIS2_PLACEMENT_3D('',#6171,#5008,#5009);
#4161=AXIS2_PLACEMENT_3D('',#6172,#5010,#5011);
#4162=AXIS2_PLACEMENT_3D('',#6173,#5012,#5013);
#4163=AXIS2_PLACEMENT_3D('',#6174,#5014,#5015);
#4164=AXIS2_PLACEMENT_3D('',#6175,#5016,#5017);
#4165=AXIS2_PLACEMENT_3D('',#6184,#5022,#5023);
#4166=AXIS2_PLACEMENT_3D('',#6190,#5027,#5028);
#4167=AXIS2_PLACEMENT_3D('',#6198,#5032,#5033);
#4168=AXIS2_PLACEMENT_3D('',#6208,#5038,#5039);
#4169=AXIS2_PLACEMENT_3D('',#6217,#5044,#5045);
#4170=AXIS2_PLACEMENT_3D('',#6222,#5048,#5049);
#4171=AXIS2_PLACEMENT_3D('',#6227,#5052,#5053);
#4172=AXIS2_PLACEMENT_3D('',#6233,#5057,#5058);
#4173=AXIS2_PLACEMENT_3D('',#6243,#5063,#5064);
#4174=AXIS2_PLACEMENT_3D('',#6248,#5067,#5068);
#4175=AXIS2_PLACEMENT_3D('',#6257,#5073,#5074);
#4176=AXIS2_PLACEMENT_3D('',#6264,#5078,#5079);
#4177=AXIS2_PLACEMENT_3D('',#6267,#5081,#5082);
#4178=AXIS2_PLACEMENT_3D('',#6269,#5084,#5085);
#4179=AXIS2_PLACEMENT_3D('',#6271,#5087,#5088);
#4180=AXIS2_PLACEMENT_3D('',#6273,#5090,#5091);
#4181=AXIS2_PLACEMENT_3D('',#6275,#5093,#5094);
#4182=AXIS2_PLACEMENT_3D('',#6277,#5096,#5097);
#4183=AXIS2_PLACEMENT_3D('',#6279,#5099,#5100);
#4184=AXIS2_PLACEMENT_3D('',#6281,#5102,#5103);
#4185=AXIS2_PLACEMENT_3D('',#6283,#5105,#5106);
#4186=AXIS2_PLACEMENT_3D('',#6285,#5108,#5109);
#4187=AXIS2_PLACEMENT_3D('',#6286,#5110,#5111);
#4188=AXIS2_PLACEMENT_3D('',#6287,#5112,#5113);
#4189=AXIS2_PLACEMENT_3D('',#6289,#5115,#5116);
#4190=AXIS2_PLACEMENT_3D('',#6293,#5118,#5119);
#4191=AXIS2_PLACEMENT_3D('',#6294,#5120,#5121);
#4192=AXIS2_PLACEMENT_3D('',#6296,#5123,#5124);
#4193=AXIS2_PLACEMENT_3D('',#6300,#5126,#5127);
#4194=AXIS2_PLACEMENT_3D('',#6301,#5128,#5129);
#4195=AXIS2_PLACEMENT_3D('',#6302,#5130,#5131);
#4196=AXIS2_PLACEMENT_3D('',#6303,#5132,#5133);
#4197=AXIS2_PLACEMENT_3D('',#6304,#5134,#5135);
#4198=AXIS2_PLACEMENT_3D('',#6305,#5136,#5137);
#4199=AXIS2_PLACEMENT_3D('',#6306,#5138,#5139);
#4200=AXIS2_PLACEMENT_3D('',#6307,#5140,#5141);
#4201=AXIS2_PLACEMENT_3D('',#6308,#5142,#5143);
#4202=AXIS2_PLACEMENT_3D('',#6309,#5144,#5145);
#4203=AXIS2_PLACEMENT_3D('',#6310,#5146,#5147);
#4204=AXIS2_PLACEMENT_3D('',#6311,#5148,#5149);
#4205=AXIS2_PLACEMENT_3D('',#6312,#5150,#5151);
#4206=AXIS2_PLACEMENT_3D('',#6313,#5152,#5153);
#4207=AXIS2_PLACEMENT_3D('',#6314,#5154,#5155);
#4208=AXIS2_PLACEMENT_3D('',#6315,#5156,#5157);
#4209=AXIS2_PLACEMENT_3D('',#6316,#5158,#5159);
#4210=AXIS2_PLACEMENT_3D('',#6317,#5160,#5161);
#4211=AXIS2_PLACEMENT_3D('',#6318,#5162,#5163);
#4212=AXIS2_PLACEMENT_3D('',#6319,#5164,#5165);
#4213=AXIS2_PLACEMENT_3D('',#6320,#5166,#5167);
#4214=AXIS2_PLACEMENT_3D('',#6333,#5174,#5175);
#4215=AXIS2_PLACEMENT_3D('',#6334,#5176,#5177);
#4216=AXIS2_PLACEMENT_3D('',#6348,#5184,#5185);
#4217=AXIS2_PLACEMENT_3D('',#6354,#5188,#5189);
#4218=AXIS2_PLACEMENT_3D('',#6363,#5194,#5195);
#4219=AXIS2_PLACEMENT_3D('',#6376,#5202,#5203);
#4220=AXIS2_PLACEMENT_3D('',#6385,#5208,#5209);
#4221=AXIS2_PLACEMENT_3D('',#6394,#5214,#5215);
#4222=AXIS2_PLACEMENT_3D('',#6403,#5220,#5221);
#4223=AXIS2_PLACEMENT_3D('',#6406,#5224,#5225);
#4224=AXIS2_PLACEMENT_3D('',#6415,#5230,#5231);
#4225=AXIS2_PLACEMENT_3D('',#6424,#5236,#5237);
#4226=AXIS2_PLACEMENT_3D('',#6436,#5241,#5242);
#4227=AXIS2_PLACEMENT_3D('',#6442,#5246,#5247);
#4228=AXIS2_PLACEMENT_3D('',#6449,#5251,#5252);
#4229=AXIS2_PLACEMENT_3D('',#6450,#5253,#5254);
#4230=AXIS2_PLACEMENT_3D('',#6457,#5258,#5259);
#4231=AXIS2_PLACEMENT_3D('',#6458,#5260,#5261);
#4232=AXIS2_PLACEMENT_3D('',#6464,#5265,#5266);
#4233=AXIS2_PLACEMENT_3D('',#6476,#5270,#5271);
#4234=AXIS2_PLACEMENT_3D('',#6477,#5272,#5273);
#4235=AXIS2_PLACEMENT_3D('',#6478,#5274,#5275);
#4236=AXIS2_PLACEMENT_3D('',#6479,#5276,#5277);
#4237=AXIS2_PLACEMENT_3D('',#6480,#5278,#5279);
#4238=AXIS2_PLACEMENT_3D('',#6481,#5280,#5281);
#4239=AXIS2_PLACEMENT_3D('',#6482,#5282,#5283);
#4240=AXIS2_PLACEMENT_3D('',#6483,#5284,#5285);
#4241=AXIS2_PLACEMENT_3D('',#6484,#5286,#5287);
#4242=AXIS2_PLACEMENT_3D('',#6485,#5288,#5289);
#4243=AXIS2_PLACEMENT_3D('',#6492,#5293,#5294);
#4244=AXIS2_PLACEMENT_3D('',#6493,#5295,#5296);
#4245=AXIS2_PLACEMENT_3D('',#6497,#5299,#5300);
#4246=AXIS2_PLACEMENT_3D('',#6498,#5301,#5302);
#4247=AXIS2_PLACEMENT_3D('',#6501,#5304,#5305);
#4248=AXIS2_PLACEMENT_3D('',#6510,#5310,#5311);
#4249=AXIS2_PLACEMENT_3D('',#6517,#5315,#5316);
#4250=AXIS2_PLACEMENT_3D('',#6518,#5317,#5318);
#4251=AXIS2_PLACEMENT_3D('',#6527,#5323,#5324);
#4252=AXIS2_PLACEMENT_3D('',#6533,#5328,#5329);
#4253=AXIS2_PLACEMENT_3D('',#6534,#5330,#5331);
#4254=AXIS2_PLACEMENT_3D('',#6535,#5332,#5333);
#4255=AXIS2_PLACEMENT_3D('',#6536,#5334,#5335);
#4256=AXIS2_PLACEMENT_3D('',#6537,#5336,#5337);
#4257=AXIS2_PLACEMENT_3D('',#6538,#5338,#5339);
#4258=AXIS2_PLACEMENT_3D('',#6539,#5340,#5341);
#4259=AXIS2_PLACEMENT_3D('',#6540,#5342,#5343);
#4260=AXIS2_PLACEMENT_3D('',#6541,#5344,#5345);
#4261=AXIS2_PLACEMENT_3D('',#6542,#5346,#5347);
#4262=AXIS2_PLACEMENT_3D('',#6543,#5348,#5349);
#4263=AXIS2_PLACEMENT_3D('',#6544,#5350,#5351);
#4264=AXIS2_PLACEMENT_3D('',#6545,#5352,#5353);
#4265=AXIS2_PLACEMENT_3D('',#6546,#5354,#5355);
#4266=AXIS2_PLACEMENT_3D('',#6547,#5356,#5357);
#4267=AXIS2_PLACEMENT_3D('',#6548,#5358,#5359);
#4268=AXIS2_PLACEMENT_3D('',#6549,#5360,#5361);
#4269=AXIS2_PLACEMENT_3D('',#6550,#5362,#5363);
#4270=AXIS2_PLACEMENT_3D('',#6551,#5364,#5365);
#4271=AXIS2_PLACEMENT_3D('',#6552,#5366,#5367);
#4272=AXIS2_PLACEMENT_3D('',#6553,#5368,#5369);
#4273=AXIS2_PLACEMENT_3D('',#6554,#5370,#5371);
#4274=AXIS2_PLACEMENT_3D('',#6555,#5372,#5373);
#4275=AXIS2_PLACEMENT_3D('',#6556,#5374,#5375);
#4276=AXIS2_PLACEMENT_3D('',#6557,#5376,#5377);
#4277=AXIS2_PLACEMENT_3D('',#6558,#5378,#5379);
#4278=AXIS2_PLACEMENT_3D('',#6559,#5380,#5381);
#4279=AXIS2_PLACEMENT_3D('',#6560,#5382,#5383);
#4280=AXIS2_PLACEMENT_3D('',#6561,#5384,#5385);
#4281=AXIS2_PLACEMENT_3D('',#6562,#5386,#5387);
#4282=AXIS2_PLACEMENT_3D('',#6563,#5388,#5389);
#4283=AXIS2_PLACEMENT_3D('',#6564,#5390,#5391);
#4284=AXIS2_PLACEMENT_3D('',#6565,#5392,#5393);
#4285=AXIS2_PLACEMENT_3D('',#6566,#5394,#5395);
#4286=AXIS2_PLACEMENT_3D('',#6567,#5396,#5397);
#4287=AXIS2_PLACEMENT_3D('',#6568,#5398,#5399);
#4288=AXIS2_PLACEMENT_3D('',#6569,#5400,#5401);
#4289=AXIS2_PLACEMENT_3D('',#6570,#5402,#5403);
#4290=AXIS2_PLACEMENT_3D('',#6571,#5404,#5405);
#4291=AXIS2_PLACEMENT_3D('',#6572,#5406,#5407);
#4292=AXIS2_PLACEMENT_3D('',#6573,#5408,#5409);
#4293=AXIS2_PLACEMENT_3D('',#6574,#5410,#5411);
#4294=AXIS2_PLACEMENT_3D('',#6575,#5412,#5413);
#4295=AXIS2_PLACEMENT_3D('',#6576,#5414,#5415);
#4296=AXIS2_PLACEMENT_3D('',#6577,#5416,#5417);
#4297=AXIS2_PLACEMENT_3D('',#6578,#5418,#5419);
#4298=DIRECTION('',(0.,0.,1.));
#4299=DIRECTION('',(1.,0.,0.));
#4300=DIRECTION('',(1.69241314729444E-16,0.,1.));
#4301=DIRECTION('',(1.,0.,-1.69241314729444E-16));
#4302=DIRECTION('',(1.57702134179709E-16,0.,-1.));
#4303=DIRECTION('',(-1.,0.,-1.57702134179709E-16));
#4304=DIRECTION('',(1.69241314729444E-16,0.,1.));
#4305=DIRECTION('',(1.,0.,-1.69241314729444E-16));
#4306=DIRECTION('',(0.,-1.,0.));
#4307=DIRECTION('',(1.,0.,0.));
#4308=DIRECTION('',(0.,0.,-1.));
#4309=DIRECTION('',(-1.,0.,0.));
#4310=DIRECTION('',(0.,-1.,0.));
#4311=DIRECTION('',(0.,0.,-1.));
#4312=DIRECTION('',(0.,0.,-1.));
#4313=DIRECTION('',(-1.,0.,0.));
#4314=DIRECTION('',(0.,0.,1.));
#4315=DIRECTION('',(0.,-1.,0.));
#4316=DIRECTION('',(0.,0.,-1.));
#4317=DIRECTION('',(1.,0.,-1.33440267382831E-16));
#4318=DIRECTION('',(0.,-1.,0.));
#4319=DIRECTION('',(0.,0.,-1.));
#4320=DIRECTION('',(0.,0.,-1.));
#4321=DIRECTION('',(0.,-1.,0.));
#4322=DIRECTION('',(0.,0.,-1.));
#4323=DIRECTION('',(-1.,0.,1.69241314729444E-16));
#4324=DIRECTION('',(0.,-1.,0.));
#4325=DIRECTION('',(0.,0.,-1.));
#4326=DIRECTION('',(0.,0.,-1.));
#4327=DIRECTION('',(0.,-1.,0.));
#4328=DIRECTION('',(0.,0.,-1.));
#4329=DIRECTION('',(-1.,0.,-1.33440267382831E-16));
#4330=DIRECTION('',(0.,-1.,0.));
#4331=DIRECTION('',(0.,0.,-1.));
#4332=DIRECTION('',(0.,0.,1.));
#4333=DIRECTION('',(1.,0.,0.));
#4334=DIRECTION('',(0.,0.,-1.));
#4335=DIRECTION('',(0.,-1.,0.));
#4336=DIRECTION('',(0.,0.,-1.));
#4337=DIRECTION('',(1.,0.,2.16840434497101E-16));
#4338=DIRECTION('',(0.,0.,-1.));
#4339=DIRECTION('',(1.,0.,1.57702134179709E-16));
#4340=DIRECTION('',(0.,0.,1.));
#4341=DIRECTION('',(1.,0.,0.));
#4342=DIRECTION('',(-1.,6.93889390390723E-16,0.));
#4343=DIRECTION('',(0.,-1.,0.));
#4344=DIRECTION('',(0.,0.,1.));
#4345=DIRECTION('',(1.,0.,0.));
#4346=DIRECTION('',(0.,-1.,0.));
#4347=DIRECTION('',(0.,0.,1.));
#4348=DIRECTION('',(1.,0.,0.));
#4349=DIRECTION('',(-1.,0.,0.));
#4350=DIRECTION('',(0.,0.,1.));
#4351=DIRECTION('',(0.,-1.,0.));
#4352=DIRECTION('',(0.,0.,-1.));
#4353=DIRECTION('',(0.,-1.,0.));
#4354=DIRECTION('',(0.,0.,1.));
#4355=DIRECTION('',(1.,0.,0.));
#4356=DIRECTION('',(1.,-6.93889390390723E-16,0.));
#4357=DIRECTION('',(0.,-1.,0.));
#4358=DIRECTION('',(1.,0.,0.));
#4359=DIRECTION('',(0.,0.,-1.));
#4360=DIRECTION('',(0.,0.,1.));
#4361=DIRECTION('',(0.,-1.,0.));
#4362=DIRECTION('',(1.,0.,0.));
#4363=DIRECTION('',(0.,0.,-1.));
#4364=DIRECTION('',(0.,-1.,0.));
#4365=DIRECTION('',(0.,0.,1.));
#4366=DIRECTION('',(0.,-1.,0.));
#4367=DIRECTION('',(0.,0.,-1.));
#4368=DIRECTION('',(-1.,0.,0.));
#4369=DIRECTION('',(1.,-6.93889390390723E-16,0.));
#4370=DIRECTION('',(0.,-1.,0.));
#4371=DIRECTION('',(-1.,0.,0.));
#4372=DIRECTION('',(0.,0.,1.));
#4373=DIRECTION('',(0.,0.,-1.));
#4374=DIRECTION('',(0.,-1.,0.));
#4375=DIRECTION('',(2.16840434497101E-16,0.,-1.));
#4376=DIRECTION('',(-1.,0.,-2.16840434497101E-16));
#4377=DIRECTION('',(0.,-1.,0.));
#4378=DIRECTION('',(1.,-6.93889390390723E-16,2.16840434497101E-16));
#4379=DIRECTION('',(2.16840434497101E-16,0.,-1.));
#4380=DIRECTION('',(-1.,0.,-2.16840434497101E-16));
#4381=DIRECTION('',(0.,-1.,0.));
#4382=DIRECTION('',(2.16840434497101E-16,0.,-1.));
#4383=DIRECTION('',(-1.,0.,-2.16840434497101E-16));
#4384=DIRECTION('',(1.57702134179709E-16,0.,-1.));
#4385=DIRECTION('',(-1.,0.,-1.57702134179709E-16));
#4386=DIRECTION('',(1.57702134179709E-16,0.,-1.));
#4387=DIRECTION('',(-1.,0.,-1.57702134179709E-16));
#4388=DIRECTION('',(0.,-1.,0.));
#4389=DIRECTION('',(1.,0.,1.57702134179709E-16));
#4390=DIRECTION('',(0.,-1.,0.));
#4391=DIRECTION('',(1.57702134179709E-16,0.,-1.));
#4392=DIRECTION('',(-1.,0.,-1.57702134179709E-16));
#4393=DIRECTION('',(-1.,0.,-1.57702134179709E-16));
#4394=DIRECTION('',(1.57702134179709E-16,0.,-1.));
#4395=DIRECTION('',(-1.,0.,-1.57702134179709E-16));
#4396=DIRECTION('',(-1.,0.,0.));
#4397=DIRECTION('',(0.,0.,1.));
#4398=DIRECTION('',(0.,0.,1.));
#4399=DIRECTION('',(0.,-1.,0.));
#4400=DIRECTION('',(0.,-1.,0.));
#4401=DIRECTION('',(1.69241314729444E-16,0.,1.));
#4402=DIRECTION('',(1.,0.,-1.69241314729444E-16));
#4403=DIRECTION('',(1.69241314729444E-16,0.,1.));
#4404=DIRECTION('',(1.,0.,-1.69241314729444E-16));
#4405=DIRECTION('',(0.,-1.,0.));
#4406=DIRECTION('',(1.,0.,-1.69241314729444E-16));
#4407=DIRECTION('',(0.,-1.,0.));
#4408=DIRECTION('',(-1.,0.,0.));
#4409=DIRECTION('',(0.,0.,1.));
#4410=DIRECTION('',(0.,-1.,0.));
#4411=DIRECTION('',(0.,0.,1.));
#4412=DIRECTION('',(0.,-1.,0.));
#4413=DIRECTION('',(-1.33440267382831E-16,0.,-1.));
#4414=DIRECTION('',(-1.,0.,1.33440267382831E-16));
#4415=DIRECTION('',(1.,-6.93889390390723E-16,-1.33440267382831E-16));
#4416=DIRECTION('',(0.,-1.,0.));
#4417=DIRECTION('',(0.,-1.,0.));
#4418=DIRECTION('',(-1.,0.,0.));
#4419=DIRECTION('',(0.,0.,1.));
#4420=DIRECTION('',(0.,0.,-1.));
#4421=DIRECTION('',(0.,0.,-1.));
#4422=DIRECTION('',(6.93889390390723E-16,1.,0.));
#4423=DIRECTION('',(-1.,6.93889390390723E-16,0.));
#4424=DIRECTION('',(-1.,6.93889390390723E-16,-1.33440267382831E-16));
#4425=DIRECTION('',(0.,0.,1.));
#4426=DIRECTION('',(0.,0.,1.));
#4427=DIRECTION('',(1.,-6.93889390390723E-16,-1.33440267382831E-16));
#4428=DIRECTION('',(6.93889390390723E-16,1.,0.));
#4429=DIRECTION('',(-1.,6.93889390390723E-16,0.));
#4430=DIRECTION('',(6.93889390390723E-16,1.,0.));
#4431=DIRECTION('',(-1.,6.93889390390723E-16,0.));
#4432=DIRECTION('',(0.,0.,-1.));
#4433=DIRECTION('',(0.,0.,-1.));
#4434=DIRECTION('',(6.93889390390723E-16,1.,0.));
#4435=DIRECTION('',(-1.,6.93889390390723E-16,0.));
#4436=DIRECTION('',(6.93889390390723E-16,1.,0.));
#4437=DIRECTION('',(-1.,6.93889390390723E-16,0.));
#4438=DIRECTION('',(-1.,0.,0.));
#4439=DIRECTION('',(0.,0.,1.));
#4440=DIRECTION('',(0.,0.,-1.));
#4441=DIRECTION('',(0.,0.,-1.));
#4442=DIRECTION('',(-1.33440267382831E-16,0.,1.));
#4443=DIRECTION('',(1.,0.,1.33440267382831E-16));
#4444=DIRECTION('',(0.,-1.,0.));
#4445=DIRECTION('',(0.,-1.,0.));
#4446=DIRECTION('',(0.,0.,1.));
#4447=DIRECTION('',(1.,0.,0.));
#4448=DIRECTION('',(0.707106781186548,0.,0.707106781186548));
#4449=DIRECTION('',(0.707106781186548,0.,-0.707106781186548));
#4450=DIRECTION('',(0.,0.,-1.));
#4451=DIRECTION('',(-1.,0.,0.));
#4452=DIRECTION('',(0.707106781186548,0.,-0.707106781186548));
#4453=DIRECTION('',(0.707106781186548,0.,0.707106781186548));
#4454=DIRECTION('',(1.,0.,1.57702134179709E-16));
#4455=DIRECTION('',(1.57702134179709E-16,0.,-1.));
#4456=DIRECTION('',(1.57702134179709E-16,0.,-1.));
#4457=DIRECTION('',(-1.,0.,-1.57702134179709E-16));
#4458=DIRECTION('',(1.69241314729444E-16,0.,1.));
#4459=DIRECTION('',(1.,0.,-1.69241314729444E-16));
#4460=DIRECTION('',(0.,1.,0.));
#4461=DIRECTION('',(0.,0.,1.));
#4462=DIRECTION('',(0.,0.707106781186548,0.707106781186548));
#4463=DIRECTION('',(0.,0.707106781186548,-0.707106781186548));
#4464=DIRECTION('',(0.,-1.,0.));
#4465=DIRECTION('',(0.,0.,-1.));
#4466=DIRECTION('',(0.,-0.707106781186548,0.707106781186548));
#4467=DIRECTION('',(0.,-0.707106781186548,-0.707106781186548));
#4468=DIRECTION('',(0.,0.,1.));
#4469=DIRECTION('',(1.,0.,0.));
#4470=DIRECTION('',(0.,1.,0.));
#4471=DIRECTION('',(0.,0.,1.));
#4472=DIRECTION('',(6.93889390390723E-16,1.,0.));
#4473=DIRECTION('',(-1.,6.93889390390723E-16,0.));
#4474=DIRECTION('',(6.93889390390723E-16,1.,0.));
#4475=DIRECTION('',(-1.,6.93889390390723E-16,0.));
#4476=DIRECTION('',(1.,0.,0.));
#4477=DIRECTION('',(0.,0.,-1.));
#4478=DIRECTION('',(1.,-6.93889390390723E-16,-1.33440267382831E-16));
#4479=DIRECTION('',(6.93889390390723E-16,1.,0.));
#4480=DIRECTION('',(1.,0.,0.));
#4481=DIRECTION('',(0.,0.,-1.));
#4482=DIRECTION('',(0.,1.,0.));
#4483=DIRECTION('',(0.,0.,1.));
#4484=DIRECTION('',(0.,1.,-3.46944695195361E-15));
#4485=DIRECTION('',(0.,3.46944695195361E-15,1.));
#4486=DIRECTION('',(0.,-6.93889390390723E-15,-1.));
#4487=DIRECTION('',(0.,1.,-6.93889390390723E-15));
#4488=DIRECTION('',(8.67361737988403E-16,0.,-1.));
#4489=DIRECTION('',(-1.,0.,-8.67361737988403E-16));
#4490=DIRECTION('',(0.,1.,0.));
#4491=DIRECTION('',(0.,0.,1.));
#4492=DIRECTION('',(0.,0.707106781186548,-0.707106781186548));
#4493=DIRECTION('',(0.,0.707106781186548,0.707106781186548));
#4494=DIRECTION('',(0.,0.,-1.));
#4495=DIRECTION('',(-1.,0.,0.));
#4496=DIRECTION('',(0.,0.,1.));
#4497=DIRECTION('',(1.,0.,0.));
#4498=DIRECTION('',(0.,0.,-1.));
#4499=DIRECTION('',(-1.,0.,0.));
#4500=DIRECTION('',(0.,1.,0.));
#4501=DIRECTION('',(0.,0.,1.));
#4502=DIRECTION('',(0.,-1.,0.));
#4503=DIRECTION('',(0.,0.,-1.));
#4504=DIRECTION('',(0.,-1.,0.));
#4505=DIRECTION('',(0.,0.,-1.));
#4506=DIRECTION('',(0.,0.,1.));
#4507=DIRECTION('',(1.,0.,0.));
#4508=DIRECTION('',(-2.06522328766534E-16,0.,-1.));
#4509=DIRECTION('',(1.,0.,-2.06522328766534E-16));
#4510=DIRECTION('',(0.,1.,0.));
#4511=DIRECTION('',(-1.,-1.15648231731787E-16,2.06522328766534E-16));
#4512=DIRECTION('',(0.,1.,0.));
#4513=DIRECTION('',(-1.,0.,2.06522328766534E-16));
#4514=DIRECTION('',(-2.06522328766534E-16,0.,-1.));
#4515=DIRECTION('',(-1.,0.,2.06522328766534E-16));
#4516=DIRECTION('',(0.,-1.,0.));
#4517=DIRECTION('',(-1.,0.,2.06522328766534E-16));
#4518=DIRECTION('',(0.,-1.,0.));
#4519=DIRECTION('',(1.,0.,-2.06522328766534E-16));
#4520=DIRECTION('',(0.,1.,0.));
#4521=DIRECTION('',(0.,0.,1.));
#4522=DIRECTION('',(0.,0.,-1.));
#4523=DIRECTION('',(1.,0.,0.));
#4524=DIRECTION('',(0.,1.,0.));
#4525=DIRECTION('',(0.,0.,1.));
#4526=DIRECTION('',(1.0842021724855E-16,0.,-1.));
#4527=DIRECTION('',(1.,0.,0.));
#4528=DIRECTION('',(0.,1.,0.));
#4529=DIRECTION('',(0.,0.,1.));
#4530=DIRECTION('',(0.,0.,-1.));
#4531=DIRECTION('',(1.,0.,0.));
#4532=DIRECTION('',(0.,1.,0.));
#4533=DIRECTION('',(0.,0.,1.));
#4534=DIRECTION('',(1.0842021724855E-16,0.,-1.));
#4535=DIRECTION('',(1.,0.,0.));
#4536=DIRECTION('',(0.,-1.,0.));
#4537=DIRECTION('',(0.,0.,-1.));
#4538=DIRECTION('',(0.,0.,-1.));
#4539=DIRECTION('',(-1.,0.,0.));
#4540=DIRECTION('',(0.,-1.,0.));
#4541=DIRECTION('',(0.,0.,-1.));
#4542=DIRECTION('',(1.0842021724855E-16,0.,-1.));
#4543=DIRECTION('',(-1.,0.,0.));
#4544=DIRECTION('',(0.,-1.,0.));
#4545=DIRECTION('',(0.,0.,-1.));
#4546=DIRECTION('',(0.,0.,-1.));
#4547=DIRECTION('',(-1.,0.,0.));
#4548=DIRECTION('',(0.,-1.,0.));
#4549=DIRECTION('',(0.,0.,-1.));
#4550=DIRECTION('',(1.0842021724855E-16,0.,-1.));
#4551=DIRECTION('',(-1.,0.,0.));
#4552=DIRECTION('',(0.,-1.,0.));
#4553=DIRECTION('',(0.,0.,-1.));
#4554=DIRECTION('',(0.,-1.,0.));
#4555=DIRECTION('',(0.,0.,-1.));
#4556=DIRECTION('',(-1.,0.,0.));
#4557=DIRECTION('',(0.,0.,-1.));
#4558=DIRECTION('',(-1.,0.,0.));
#4559=DIRECTION('',(1.0842021724855E-16,0.,-1.));
#4560=DIRECTION('',(0.,0.,1.));
#4561=DIRECTION('',(1.,0.,0.));
#4562=DIRECTION('',(-1.,0.,0.));
#4563=DIRECTION('',(0.,-1.,0.));
#4564=DIRECTION('',(1.,0.,0.));
#4565=DIRECTION('',(0.,-1.,0.));
#4566=DIRECTION('',(-1.,0.,0.));
#4567=DIRECTION('',(0.,1.,0.));
#4568=DIRECTION('',(-1.,0.,0.));
#4569=DIRECTION('',(3.30423519233678E-16,-1.,0.));
#4570=DIRECTION('',(0.,-1.,0.));
#4571=DIRECTION('',(1.,0.,0.));
#4572=DIRECTION('',(0.,1.,0.));
#4573=DIRECTION('',(0.,-1.,0.));
#4574=DIRECTION('',(3.33600668457079E-16,-1.,0.));
#4575=DIRECTION('',(-1.,-1.4065325480893E-16,0.));
#4576=DIRECTION('',(3.33600668457078E-16,-1.,0.));
#4577=DIRECTION('',(0.,-1.,0.));
#4578=DIRECTION('',(1.,0.,0.));
#4579=DIRECTION('',(1.15648231731787E-16,-1.,0.));
#4580=DIRECTION('',(0.,-1.,0.));
#4581=DIRECTION('',(-1.,0.,0.));
#4582=DIRECTION('',(3.30423519233678E-16,-1.,0.));
#4583=DIRECTION('',(-1.,0.,0.));
#4584=DIRECTION('',(0.,1.,0.));
#4585=DIRECTION('',(-1.,0.,0.));
#4586=DIRECTION('',(0.,-1.,0.));
#4587=DIRECTION('',(1.,0.,0.));
#4588=DIRECTION('',(0.,-1.,0.));
#4589=DIRECTION('',(-1.,0.,0.));
#4590=DIRECTION('',(0.,-1.,0.));
#4591=DIRECTION('',(-1.,0.,7.88510670898549E-17));
#4592=DIRECTION('',(0.,-1.,0.));
#4593=DIRECTION('',(0.,-1.,0.));
#4594=DIRECTION('',(0.,0.,-1.));
#4595=DIRECTION('',(0.,-1.,0.));
#4596=DIRECTION('',(0.,0.,-1.));
#4597=DIRECTION('',(-1.,0.,0.));
#4598=DIRECTION('',(0.,0.,-1.));
#4599=DIRECTION('',(1.0842021724855E-16,0.,-1.));
#4600=DIRECTION('',(0.,-1.,0.));
#4601=DIRECTION('',(1.,0.,0.));
#4602=DIRECTION('',(1.,0.,0.));
#4603=DIRECTION('',(0.,-1.,0.));
#4604=DIRECTION('',(0.,0.,-1.));
#4605=DIRECTION('',(0.,0.,-1.));
#4606=DIRECTION('',(-1.,0.,-1.7347234759768E-16));
#4607=DIRECTION('',(0.,0.,-1.));
#4608=DIRECTION('',(0.,-1.,0.));
#4609=DIRECTION('',(0.,0.,-1.));
#4610=DIRECTION('',(1.,0.,0.));
#4611=DIRECTION('',(0.,0.,1.));
#4612=DIRECTION('',(0.,0.,1.));
#4613=DIRECTION('',(0.,-1.,0.));
#4614=DIRECTION('',(0.,0.,-1.));
#4615=DIRECTION('',(-1.,0.,8.67361737988404E-17));
#4616=DIRECTION('',(0.,-1.,0.));
#4617=DIRECTION('',(0.,0.,-1.));
#4618=DIRECTION('',(0.,0.,-1.));
#4619=DIRECTION('',(0.,0.,1.));
#4620=DIRECTION('',(-1.,0.,-8.67361737988404E-16));
#4621=DIRECTION('',(0.,-1.,0.));
#4622=DIRECTION('',(0.,0.,-1.));
#4623=DIRECTION('',(0.,0.,1.));
#4624=DIRECTION('',(1.,0.,-1.73472347597681E-16));
#4625=DIRECTION('',(0.,0.,-1.));
#4626=DIRECTION('',(0.,-1.,0.));
#4627=DIRECTION('',(0.,0.,-1.));
#4628=DIRECTION('',(-1.,0.,0.));
#4629=DIRECTION('',(-6.93889390390723E-16,0.,-1.));
#4630=DIRECTION('',(-6.93889390390723E-16,0.,-1.));
#4631=DIRECTION('',(0.,-1.,0.));
#4632=DIRECTION('',(0.,0.,-1.));
#4633=DIRECTION('',(-1.,0.,0.));
#4634=DIRECTION('',(0.,-1.,0.));
#4635=DIRECTION('',(0.,0.,-1.));
#4636=DIRECTION('',(0.,0.,-1.));
#4637=DIRECTION('',(0.,0.,1.));
#4638=DIRECTION('',(0.,1.,0.));
#4639=DIRECTION('',(-1.,0.,0.));
#4640=DIRECTION('',(0.,1.,0.));
#4641=DIRECTION('',(0.,0.,1.));
#4642=DIRECTION('',(0.,0.,-1.));
#4643=DIRECTION('',(-1.,0.,0.));
#4644=DIRECTION('',(0.,1.,0.));
#4645=DIRECTION('',(0.,0.,1.));
#4646=DIRECTION('',(0.,0.,-1.));
#4647=DIRECTION('',(-1.,0.,-1.7347234759768E-16));
#4648=DIRECTION('',(0.,0.,-1.));
#4649=DIRECTION('',(0.,1.,0.));
#4650=DIRECTION('',(0.,0.,1.));
#4651=DIRECTION('',(1.,0.,0.));
#4652=DIRECTION('',(0.,0.,1.));
#4653=DIRECTION('',(0.,1.,0.));
#4654=DIRECTION('',(-1.,0.,0.));
#4655=DIRECTION('',(0.,0.,-1.));
#4656=DIRECTION('',(0.,1.,0.));
#4657=DIRECTION('',(0.,0.,1.));
#4658=DIRECTION('',(0.,0.,1.));
#4659=DIRECTION('',(1.,0.,0.));
#4660=DIRECTION('',(0.,1.,0.));
#4661=DIRECTION('',(0.,0.,1.));
#4662=DIRECTION('',(0.,0.,-1.));
#4663=DIRECTION('',(-1.,0.,-1.7347234759768E-16));
#4664=DIRECTION('',(0.,0.,-1.));
#4665=DIRECTION('',(0.,1.,0.));
#4666=DIRECTION('',(0.,0.,1.));
#4667=DIRECTION('',(1.,0.,0.));
#4668=DIRECTION('',(0.,0.,-1.));
#4669=DIRECTION('',(-1.,0.,0.));
#4670=DIRECTION('',(-1.,0.,0.));
#4671=DIRECTION('',(0.,-1.,0.));
#4672=DIRECTION('',(-1.,0.,0.));
#4673=DIRECTION('',(0.,-1.,0.));
#4674=DIRECTION('',(0.,0.,-1.));
#4675=DIRECTION('',(-1.,0.,0.));
#4676=DIRECTION('',(1.,0.,0.));
#4677=DIRECTION('',(0.,-1.,0.));
#4678=DIRECTION('',(0.,-1.,0.));
#4679=DIRECTION('',(0.,0.,-1.));
#4680=DIRECTION('',(-1.,0.,0.));
#4681=DIRECTION('',(0.,-1.,0.));
#4682=DIRECTION('',(0.,-1.,0.));
#4683=DIRECTION('',(0.,0.,-1.));
#4684=DIRECTION('',(-1.,0.,0.));
#4685=DIRECTION('',(0.,-1.,0.));
#4686=DIRECTION('',(1.,0.,0.));
#4687=DIRECTION('',(0.,-1.,0.));
#4688=DIRECTION('',(1.,0.,0.));
#4689=DIRECTION('',(0.,0.,-1.));
#4690=DIRECTION('',(0.,0.,1.));
#4691=DIRECTION('',(0.,-1.,0.));
#4692=DIRECTION('',(0.,0.,-1.));
#4693=DIRECTION('',(-1.,0.,0.));
#4694=DIRECTION('',(0.,-1.,0.));
#4695=DIRECTION('',(1.,0.,0.));
#4696=DIRECTION('',(-1.,0.,0.));
#4697=DIRECTION('',(0.,0.,1.));
#4698=DIRECTION('',(0.,0.,-1.));
#4699=DIRECTION('',(0.,-1.,0.));
#4700=DIRECTION('',(0.,-1.,0.));
#4701=DIRECTION('',(-1.73472347597681E-16,0.,1.));
#4702=DIRECTION('',(1.,0.,1.73472347597681E-16));
#4703=DIRECTION('',(-1.,0.,-1.7347234759768E-16));
#4704=DIRECTION('',(0.,-1.,0.));
#4705=DIRECTION('',(-1.,0.,0.));
#4706=DIRECTION('',(0.,0.,1.));
#4707=DIRECTION('',(0.,-1.,0.));
#4708=DIRECTION('',(0.,0.,-1.));
#4709=DIRECTION('',(-1.,0.,6.93889390390723E-16));
#4710=DIRECTION('',(6.93889390390723E-16,0.,1.));
#4711=DIRECTION('',(0.,-1.,0.));
#4712=DIRECTION('',(-6.93889390390723E-16,-5.63631388811543E-32,-1.));
#4713=DIRECTION('',(0.,-1.,0.));
#4714=DIRECTION('',(-6.93889390390723E-16,0.,-1.));
#4715=DIRECTION('',(0.,-1.,0.));
#4716=DIRECTION('',(6.93889390390723E-16,0.,1.));
#4717=DIRECTION('',(-2.06522328766534E-16,0.,-1.));
#4718=DIRECTION('',(-1.,0.,2.06522328766534E-16));
#4719=DIRECTION('',(-1.,-1.15648231731787E-16,2.06522328766534E-16));
#4720=DIRECTION('',(0.,-1.,0.));
#4721=DIRECTION('',(1.,0.,-2.06522328766534E-16));
#4722=DIRECTION('',(-1.,0.,6.93889390390723E-16));
#4723=DIRECTION('',(6.93889390390723E-16,0.,1.));
#4724=DIRECTION('',(6.93889390390723E-16,5.63631388811543E-32,1.));
#4725=DIRECTION('',(0.,-1.,0.));
#4726=DIRECTION('',(-6.93889390390723E-16,0.,-1.));
#4727=DIRECTION('',(0.,0.,-1.));
#4728=DIRECTION('',(0.,-1.,0.));
#4729=DIRECTION('',(0.,0.,-1.));
#4730=DIRECTION('',(-6.93889390390723E-16,0.,-1.));
#4731=DIRECTION('',(-1.,0.,0.));
#4732=DIRECTION('',(0.,0.,1.));
#4733=DIRECTION('',(0.,0.,-1.));
#4734=DIRECTION('',(0.,-1.,0.));
#4735=DIRECTION('',(0.,0.,-1.));
#4736=DIRECTION('',(0.,-1.,0.));
#4737=DIRECTION('',(-1.73472347597681E-16,0.,-1.));
#4738=DIRECTION('',(-1.,0.,1.73472347597681E-16));
#4739=DIRECTION('',(1.,0.,-1.73472347597681E-16));
#4740=DIRECTION('',(1.,0.,-1.73472347597681E-16));
#4741=DIRECTION('',(0.,-1.,0.));
#4742=DIRECTION('',(1.,0.,0.));
#4743=DIRECTION('',(0.,0.,-1.));
#4744=DIRECTION('',(0.,0.,1.));
#4745=DIRECTION('',(0.,-1.,0.));
#4746=DIRECTION('',(0.,0.,1.));
#4747=DIRECTION('',(-8.67361737988404E-16,0.,1.));
#4748=DIRECTION('',(1.,0.,8.67361737988404E-16));
#4749=DIRECTION('',(-1.,0.,-8.67361737988404E-16));
#4750=DIRECTION('',(0.,-1.,0.));
#4751=DIRECTION('',(-1.,0.,-8.67361737988404E-16));
#4752=DIRECTION('',(0.,-1.,0.));
#4753=DIRECTION('',(1.,0.,0.));
#4754=DIRECTION('',(0.,0.,-1.));
#4755=DIRECTION('',(0.,0.,1.));
#4756=DIRECTION('',(0.,0.,1.));
#4757=DIRECTION('',(0.,-1.,0.));
#4758=DIRECTION('',(1.,0.,0.));
#4759=DIRECTION('',(0.,-1.,0.));
#4760=DIRECTION('',(0.,0.,-1.));
#4761=DIRECTION('',(0.,-1.,0.));
#4762=DIRECTION('',(0.,0.,-1.));
#4763=DIRECTION('',(0.,-1.,0.));
#4764=DIRECTION('',(0.,0.,-1.));
#4765=DIRECTION('',(0.,-1.,0.));
#4766=DIRECTION('',(0.,0.,-1.));
#4767=DIRECTION('',(0.,1.,0.));
#4768=DIRECTION('',(-1.,0.,0.));
#4769=DIRECTION('',(0.,1.,0.));
#4770=DIRECTION('',(0.,0.,1.));
#4771=DIRECTION('',(0.,1.,0.));
#4772=DIRECTION('',(0.,0.,1.));
#4773=DIRECTION('',(0.,1.,0.));
#4774=DIRECTION('',(0.,0.,1.));
#4775=DIRECTION('',(0.,1.,0.));
#4776=DIRECTION('',(-1.,0.,0.));
#4777=DIRECTION('',(0.,1.,0.));
#4778=DIRECTION('',(0.,0.,1.));
#4779=DIRECTION('',(0.,1.,0.));
#4780=DIRECTION('',(0.,0.,1.));
#4781=DIRECTION('',(0.,0.,-1.));
#4782=DIRECTION('',(1.,0.,-1.73472347597681E-16));
#4783=DIRECTION('',(0.,0.,1.));
#4784=DIRECTION('',(0.,1.,0.));
#4785=DIRECTION('',(0.,0.,1.));
#4786=DIRECTION('',(-1.,0.,-8.67361737988404E-16));
#4787=DIRECTION('',(0.,0.,1.));
#4788=DIRECTION('',(1.,0.,0.));
#4789=DIRECTION('',(0.,0.,-1.));
#4790=DIRECTION('',(0.,-1.,0.));
#4791=DIRECTION('',(0.,0.,-1.));
#4792=DIRECTION('',(-1.,0.,0.));
#4793=DIRECTION('',(0.,-1.,0.));
#4794=DIRECTION('',(-1.,0.,0.));
#4795=DIRECTION('',(0.,0.,1.));
#4796=DIRECTION('',(0.,-1.,0.));
#4797=DIRECTION('',(0.,-1.,0.));
#4798=DIRECTION('',(-1.7347234759768E-16,0.,1.));
#4799=DIRECTION('',(1.,0.,1.7347234759768E-16));
#4800=DIRECTION('',(0.,-1.,0.));
#4801=DIRECTION('',(-1.,0.,0.));
#4802=DIRECTION('',(0.,0.,1.));
#4803=DIRECTION('',(0.,-1.,0.));
#4804=DIRECTION('',(-1.,0.,0.));
#4805=DIRECTION('',(0.,0.,1.));
#4806=DIRECTION('',(0.,-1.,0.));
#4807=DIRECTION('',(0.,-1.,0.));
#4808=DIRECTION('',(-1.73472347597681E-16,0.,-1.));
#4809=DIRECTION('',(-1.,0.,1.73472347597681E-16));
#4810=DIRECTION('',(0.,-1.,0.));
#4811=DIRECTION('',(1.,0.,0.));
#4812=DIRECTION('',(0.,0.,-1.));
#4813=DIRECTION('',(0.,-1.,0.));
#4814=DIRECTION('',(-8.67361737988404E-16,0.,1.));
#4815=DIRECTION('',(1.,0.,8.67361737988404E-16));
#4816=DIRECTION('',(0.,-1.,0.));
#4817=DIRECTION('',(0.,-1.,0.));
#4818=DIRECTION('',(1.,0.,0.));
#4819=DIRECTION('',(0.,0.,-1.));
#4820=DIRECTION('',(-1.,0.,0.));
#4821=DIRECTION('',(0.,0.,1.));
#4822=DIRECTION('',(0.,0.,-1.));
#4823=DIRECTION('',(0.,1.,0.));
#4824=DIRECTION('',(0.,1.,0.));
#4825=DIRECTION('',(0.,0.,1.));
#4826=DIRECTION('',(0.,1.,0.));
#4827=DIRECTION('',(0.,0.,1.));
#4828=DIRECTION('',(1.,0.,0.));
#4829=DIRECTION('',(0.,0.,-1.));
#4830=DIRECTION('',(1.0842021724855E-16,0.,-1.));
#4831=DIRECTION('',(1.,1.15648231731787E-16,0.));
#4832=DIRECTION('',(-1.15648231731787E-16,1.,0.));
#4833=DIRECTION('',(1.15648231731787E-16,-1.,0.));
#4834=DIRECTION('',(0.,1.,0.));
#4835=DIRECTION('',(0.,0.,1.));
#4836=DIRECTION('',(0.,1.,0.));
#4837=DIRECTION('',(0.,0.,1.));
#4838=DIRECTION('',(1.,0.,0.));
#4839=DIRECTION('',(1.0842021724855E-16,0.,-1.));
#4840=DIRECTION('',(0.,0.,-1.));
#4841=DIRECTION('',(-1.,0.,0.));
#4842=DIRECTION('',(1.,0.,0.));
#4843=DIRECTION('',(0.,1.,0.));
#4844=DIRECTION('',(1.,0.,0.));
#4845=DIRECTION('',(1.15648231731787E-16,-1.,0.));
#4846=DIRECTION('',(1.,0.,1.0842021724855E-16));
#4847=DIRECTION('',(1.0842021724855E-16,0.,-1.));
#4848=DIRECTION('',(0.,-1.,0.));
#4849=DIRECTION('',(1.,0.,1.0842021724855E-16));
#4850=DIRECTION('',(1.0842021724855E-16,0.,-1.));
#4851=DIRECTION('',(0.,-1.,0.));
#4852=DIRECTION('',(-1.23908819712629E-16,0.,1.));
#4853=DIRECTION('',(1.,0.,1.23908819712629E-16));
#4854=DIRECTION('',(1.,0.,1.23908819712629E-16));
#4855=DIRECTION('',(0.,-1.,0.));
#4856=DIRECTION('',(1.,0.,1.23908819712629E-16));
#4857=DIRECTION('',(0.,-1.,0.));
#4858=DIRECTION('',(-1.23908819712629E-16,0.,1.));
#4859=DIRECTION('',(1.,0.,1.23908819712629E-16));
#4860=DIRECTION('',(1.,0.,1.23908819712629E-16));
#4861=DIRECTION('',(0.,-1.,0.));
#4862=DIRECTION('',(1.,0.,1.23908819712629E-16));
#4863=DIRECTION('',(0.,-1.,0.));
#4864=DIRECTION('',(1.,0.,1.0842021724855E-16));
#4865=DIRECTION('',(1.0842021724855E-16,0.,-1.));
#4866=DIRECTION('',(0.,-1.,0.));
#4867=DIRECTION('',(1.,0.,1.0842021724855E-16));
#4868=DIRECTION('',(1.0842021724855E-16,0.,-1.));
#4869=DIRECTION('',(0.,-1.,0.));
#4870=DIRECTION('',(1.,3.33600668457079E-16,0.));
#4871=DIRECTION('',(-3.33600668457079E-16,1.,0.));
#4872=DIRECTION('',(3.33600668457079E-16,-1.,0.));
#4873=DIRECTION('',(0.,0.,-1.));
#4874=DIRECTION('',(1.4065325480893E-16,-1.,0.));
#4875=DIRECTION('',(1.,1.4065325480893E-16,0.));
#4876=DIRECTION('',(-1.,-1.4065325480893E-16,0.));
#4877=DIRECTION('',(0.,0.,-1.));
#4878=DIRECTION('',(1.,3.33600668457078E-16,0.));
#4879=DIRECTION('',(-3.33600668457078E-16,1.,0.));
#4880=DIRECTION('',(3.33600668457078E-16,-1.,0.));
#4881=DIRECTION('',(0.,-1.,0.));
#4882=DIRECTION('',(0.,0.,-1.));
#4883=DIRECTION('',(0.,0.,-1.));
#4884=DIRECTION('',(0.,-1.,0.));
#4885=DIRECTION('',(0.,0.,-1.));
#4886=DIRECTION('',(-1.,0.,0.));
#4887=DIRECTION('',(0.,0.,-1.));
#4888=DIRECTION('',(1.,3.30423519233678E-16,0.));
#4889=DIRECTION('',(-3.30423519233678E-16,1.,0.));
#4890=DIRECTION('',(3.30423519233678E-16,-1.,0.));
#4891=DIRECTION('',(1.,3.30423519233678E-16,0.));
#4892=DIRECTION('',(-3.30423519233678E-16,1.,0.));
#4893=DIRECTION('',(3.30423519233678E-16,-1.,0.));
#4894=DIRECTION('',(0.,0.,-1.));
#4895=DIRECTION('',(-1.,0.,0.));
#4896=DIRECTION('',(-1.,0.,0.));
#4897=DIRECTION('',(3.30423519233678E-16,-1.,0.));
#4898=DIRECTION('',(0.,-1.,0.));
#4899=DIRECTION('',(1.,0.,0.));
#4900=DIRECTION('',(0.,1.,0.));
#4901=DIRECTION('',(3.30423519233678E-16,-1.,0.));
#4902=DIRECTION('',(0.,0.,-1.));
#4903=DIRECTION('',(-1.,0.,0.));
#4904=DIRECTION('',(3.33600668457078E-16,-1.,0.));
#4905=DIRECTION('',(-1.,-1.4065325480893E-16,0.));
#4906=DIRECTION('',(3.33600668457079E-16,-1.,0.));
#4907=DIRECTION('',(-1.,0.,0.));
#4908=DIRECTION('',(0.,1.,0.));
#4909=DIRECTION('',(-1.,0.,0.));
#4910=DIRECTION('',(-1.,0.,8.67361737988404E-17));
#4911=DIRECTION('',(0.,1.,0.));
#4912=DIRECTION('',(0.,0.,1.));
#4913=DIRECTION('',(0.,0.,1.));
#4914=DIRECTION('',(0.,0.,-1.));
#4915=DIRECTION('',(0.,1.,0.));
#4916=DIRECTION('',(0.,0.,1.));
#4917=DIRECTION('',(1.,0.,0.));
#4918=DIRECTION('',(0.,0.,-1.));
#4919=DIRECTION('',(0.,1.,0.));
#4920=DIRECTION('',(-8.67361737988404E-17,0.,-1.));
#4921=DIRECTION('',(-1.,0.,8.67361737988404E-17));
#4922=DIRECTION('',(-1.,0.,8.67361737988404E-17));
#4923=DIRECTION('',(0.,1.,0.));
#4924=DIRECTION('',(0.,1.,0.));
#4925=DIRECTION('',(-1.,0.,0.));
#4926=DIRECTION('',(0.,0.,1.));
#4927=DIRECTION('',(0.,1.,0.));
#4928=DIRECTION('',(0.,1.,0.));
#4929=DIRECTION('',(0.,0.,1.));
#4930=DIRECTION('',(0.,-1.,0.));
#4931=DIRECTION('',(0.,0.,-1.));
#4932=DIRECTION('',(0.,-1.,0.));
#4933=DIRECTION('',(0.,0.,-1.));
#4934=DIRECTION('',(0.,1.,0.));
#4935=DIRECTION('',(0.,0.,1.));
#4936=DIRECTION('',(0.,-1.,0.));
#4937=DIRECTION('',(0.,0.,-1.));
#4938=DIRECTION('',(0.,1.,0.));
#4939=DIRECTION('',(0.,0.,1.));
#4940=DIRECTION('',(0.,-1.,0.));
#4941=DIRECTION('',(0.,0.,-1.));
#4942=DIRECTION('',(0.,1.,0.));
#4943=DIRECTION('',(0.,0.,1.));
#4944=DIRECTION('',(-3.30423519233678E-16,1.,0.));
#4945=DIRECTION('',(-1.,-3.30423519233678E-16,0.));
#4946=DIRECTION('',(0.707106781186547,0.707106781186548,0.));
#4947=DIRECTION('',(0.707106781186548,-0.707106781186548,0.));
#4948=DIRECTION('',(3.30423519233678E-16,-1.,0.));
#4949=DIRECTION('',(1.,3.30423519233678E-16,0.));
#4950=DIRECTION('',(0.707106781186548,-0.707106781186548,0.));
#4951=DIRECTION('',(0.707106781186547,0.707106781186548,0.));
#4952=DIRECTION('',(1.,0.,0.));
#4953=DIRECTION('',(0.,0.,-1.));
#4954=DIRECTION('',(-1.,0.,0.));
#4955=DIRECTION('',(0.,0.,1.));
#4956=DIRECTION('',(-0.707106781186547,-0.707106781186548,0.));
#4957=DIRECTION('',(0.707106781186548,-0.707106781186547,0.));
#4958=DIRECTION('',(-0.707106781186548,0.707106781186547,0.));
#4959=DIRECTION('',(0.707106781186547,0.707106781186548,0.));
#4960=DIRECTION('',(-3.33600668457079E-16,1.,0.));
#4961=DIRECTION('',(-1.,-3.33600668457079E-16,0.));
#4962=DIRECTION('',(0.707106781186547,0.707106781186548,0.));
#4963=DIRECTION('',(0.707106781186548,-0.707106781186547,0.));
#4964=DIRECTION('',(3.33600668457078E-16,-1.,0.));
#4965=DIRECTION('',(1.,3.33600668457078E-16,0.));
#4966=DIRECTION('',(0.707106781186548,-0.707106781186547,0.));
#4967=DIRECTION('',(0.707106781186547,0.707106781186548,0.));
#4968=DIRECTION('',(1.,1.4065325480893E-16,0.));
#4969=DIRECTION('',(-1.4065325480893E-16,1.,0.));
#4970=DIRECTION('',(0.,1.,0.));
#4971=DIRECTION('',(0.,0.,1.));
#4972=DIRECTION('',(0.,-1.,0.));
#4973=DIRECTION('',(0.,0.,-1.));
#4974=DIRECTION('',(1.,0.,0.));
#4975=DIRECTION('',(0.,0.,-1.));
#4976=DIRECTION('',(0.707106781186548,0.707106781186548,0.));
#4977=DIRECTION('',(0.707106781186548,-0.707106781186548,0.));
#4978=DIRECTION('',(0.707106781186548,-0.707106781186548,0.));
#4979=DIRECTION('',(0.707106781186548,0.707106781186548,0.));
#4980=DIRECTION('',(1.15648231731787E-16,-1.,0.));
#4981=DIRECTION('',(1.,1.15648231731787E-16,0.));
#4982=DIRECTION('',(-0.707106781186548,-0.707106781186548,0.));
#4983=DIRECTION('',(-0.707106781186548,0.707106781186548,0.));
#4984=DIRECTION('',(0.,1.,0.));
#4985=DIRECTION('',(0.,0.,1.));
#4986=DIRECTION('',(-0.707106781186548,0.707106781186548,0.));
#4987=DIRECTION('',(-0.707106781186548,-0.707106781186548,0.));
#4988=DIRECTION('',(-1.,0.,0.));
#4989=DIRECTION('',(0.,0.,1.));
#4990=DIRECTION('',(0.,-1.,0.));
#4991=DIRECTION('',(0.,0.,-1.));
#4992=DIRECTION('',(0.,1.,0.));
#4993=DIRECTION('',(0.,0.,1.));
#4994=DIRECTION('',(0.,-1.,0.));
#4995=DIRECTION('',(0.,0.,-1.));
#4996=DIRECTION('',(0.,-1.,0.));
#4997=DIRECTION('',(0.,0.,-1.));
#4998=DIRECTION('',(0.,-1.,0.));
#4999=DIRECTION('',(0.,0.,-1.));
#5000=DIRECTION('',(1.,0.,0.));
#5001=DIRECTION('',(0.,0.,-1.));
#5002=DIRECTION('',(0.,-1.,0.));
#5003=DIRECTION('',(0.,0.,-1.));
#5004=DIRECTION('',(0.,-1.,0.));
#5005=DIRECTION('',(0.,0.,-1.));
#5006=DIRECTION('',(-1.,0.,8.67361737988404E-17));
#5007=DIRECTION('',(8.67361737988404E-17,0.,1.));
#5008=DIRECTION('',(1.,0.,0.));
#5009=DIRECTION('',(0.,0.,-1.));
#5010=DIRECTION('',(0.,-1.,0.));
#5011=DIRECTION('',(0.,0.,-1.));
#5012=DIRECTION('',(0.,1.,0.));
#5013=DIRECTION('',(0.,0.,1.));
#5014=DIRECTION('',(0.,-1.,0.));
#5015=DIRECTION('',(0.,0.,-1.));
#5016=DIRECTION('',(-2.06522328766534E-16,0.,-1.));
#5017=DIRECTION('',(1.,0.,-2.06522328766534E-16));
#5018=DIRECTION('',(-1.,0.,2.06522328766534E-16));
#5019=DIRECTION('',(0.,1.,0.));
#5020=DIRECTION('',(-1.,-1.15648231731787E-16,2.06522328766534E-16));
#5021=DIRECTION('',(-3.46944695195362E-16,1.,7.16518264049416E-32));
#5022=DIRECTION('',(1.,3.46944695195362E-16,-2.06522328766534E-16));
#5023=DIRECTION('',(-3.46944695195362E-16,1.,0.));
#5024=DIRECTION('',(2.06522328766534E-16,0.,1.));
#5025=DIRECTION('',(-3.46944695195362E-16,1.,7.16518264049416E-32));
#5026=DIRECTION('',(2.06522328766534E-16,0.,1.));
#5027=DIRECTION('',(-1.15648231731787E-16,1.,2.38839421349806E-32));
#5028=DIRECTION('',(-1.,-1.15648231731787E-16,0.));
#5029=DIRECTION('',(-1.,-1.15648231731787E-16,2.06522328766534E-16));
#5030=DIRECTION('',(-6.93889390390723E-16,-5.63631388811543E-32,-1.));
#5031=DIRECTION('',(-0.707106781186548,-8.17756488897801E-17,-0.707106781186547));
#5032=DIRECTION('',(-1.15648231731787E-16,1.,2.38839421349806E-32));
#5033=DIRECTION('',(-1.,-1.15648231731787E-16,0.));
#5034=DIRECTION('',(-1.,-1.15648231731787E-16,2.06522328766534E-16));
#5035=DIRECTION('',(2.06522328766534E-16,0.,1.));
#5036=DIRECTION('',(-1.,-1.15648231731787E-16,2.06522328766534E-16));
#5037=DIRECTION('',(2.76213567469482E-48,-2.38839421349806E-32,1.));
#5038=DIRECTION('',(-1.15648231731787E-16,1.,2.38839421349806E-32));
#5039=DIRECTION('',(-1.,-1.15648231731787E-16,0.));
#5040=DIRECTION('',(0.707106781186543,8.17756488897794E-17,-0.707106781186553));
#5041=DIRECTION('',(2.06522328766534E-16,0.,1.));
#5042=DIRECTION('',(2.06522328766534E-16,0.,1.));
#5043=DIRECTION('',(0.707106781186553,8.17756488897805E-17,0.707106781186543));
#5044=DIRECTION('',(-1.15648231731787E-16,1.,2.38839421349806E-32));
#5045=DIRECTION('',(-1.,-1.15648231731787E-16,0.));
#5046=DIRECTION('',(2.76213567469482E-48,-2.38839421349806E-32,1.));
#5047=DIRECTION('',(-1.,-1.15648231731787E-16,2.06522328766534E-16));
#5048=DIRECTION('',(-1.15648231731787E-16,1.,2.38839421349806E-32));
#5049=DIRECTION('',(-1.,-1.15648231731787E-16,0.));
#5050=DIRECTION('',(0.707106781186547,8.17756488897799E-17,-0.707106781186548));
#5051=DIRECTION('',(6.93889390390723E-16,5.63631388811543E-32,1.));
#5052=DIRECTION('',(1.,3.46944695195362E-16,-2.06522328766534E-16));
#5053=DIRECTION('',(-3.46944695195362E-16,1.,0.));
#5054=DIRECTION('',(-3.46944695195362E-16,1.,7.16518264049416E-32));
#5055=DIRECTION('',(2.06522328766534E-16,0.,1.));
#5056=DIRECTION('',(-3.46944695195362E-16,1.,7.16518264049416E-32));
#5057=DIRECTION('',(0.,1.,0.));
#5058=DIRECTION('',(0.,0.,1.));
#5059=DIRECTION('',(6.93889390390723E-16,0.,1.));
#5060=DIRECTION('',(-1.,0.,2.06522328766534E-16));
#5061=DIRECTION('',(-6.93889390390723E-16,0.,-1.));
#5062=DIRECTION('',(-0.707106781186547,0.,0.707106781186548));
#5063=DIRECTION('',(0.,1.,0.));
#5064=DIRECTION('',(0.,0.,1.));
#5065=DIRECTION('',(-1.,0.,2.06522328766534E-16));
#5066=DIRECTION('',(2.76213567469482E-48,-2.38839421349806E-32,1.));
#5067=DIRECTION('',(0.,1.,0.));
#5068=DIRECTION('',(0.,0.,1.));
#5069=DIRECTION('',(-0.707106781186553,0.,-0.707106781186543));
#5070=DIRECTION('',(2.06522328766534E-16,0.,1.));
#5071=DIRECTION('',(2.06522328766534E-16,0.,1.));
#5072=DIRECTION('',(-0.707106781186543,0.,0.707106781186553));
#5073=DIRECTION('',(0.,1.,0.));
#5074=DIRECTION('',(0.,0.,1.));
#5075=DIRECTION('',(2.76213567469482E-48,-2.38839421349806E-32,1.));
#5076=DIRECTION('',(-1.,0.,2.06522328766534E-16));
#5077=DIRECTION('',(-1.,0.,2.06522328766534E-16));
#5078=DIRECTION('',(0.,1.,0.));
#5079=DIRECTION('',(0.,0.,1.));
#5080=DIRECTION('',(0.707106781186548,0.,0.707106781186547));
#5081=DIRECTION('',(-2.06522328766534E-16,0.,-1.));
#5082=DIRECTION('',(1.,0.,-2.06522328766534E-16));
#5083=DIRECTION('',(0.,1.,0.));
#5084=DIRECTION('',(1.,0.,-2.06522328766534E-16));
#5085=DIRECTION('',(-2.06522328766534E-16,0.,-1.));
#5086=DIRECTION('',(4.93256734984134E-48,1.,2.38839421349806E-32));
#5087=DIRECTION('',(-2.06522328766534E-16,0.,-1.));
#5088=DIRECTION('',(1.,0.,-2.06522328766534E-16));
#5089=DIRECTION('',(1.15648231731787E-16,-1.,-2.38839421349806E-32));
#5090=DIRECTION('',(1.,0.,-2.06522328766534E-16));
#5091=DIRECTION('',(-2.06522328766534E-16,0.,-1.));
#5092=DIRECTION('',(-4.93256734984134E-48,-1.,-2.38839421349806E-32));
#5093=DIRECTION('',(-2.06522328766534E-16,0.,-1.));
#5094=DIRECTION('',(1.,0.,-2.06522328766534E-16));
#5095=DIRECTION('',(1.15648231731787E-16,-1.,-2.38839421349806E-32));
#5096=DIRECTION('',(1.,1.15648231731787E-16,0.));
#5097=DIRECTION('',(-1.15648231731787E-16,1.,0.));
#5098=DIRECTION('',(1.15648231731787E-16,-1.,-2.38839421349806E-32));
#5099=DIRECTION('',(1.,1.15648231731787E-16,0.));
#5100=DIRECTION('',(-1.15648231731787E-16,1.,0.));
#5101=DIRECTION('',(1.15648231731787E-16,-1.,-2.38839421349806E-32));
#5102=DIRECTION('',(0.707106781186552,-1.68884974451118E-32,0.707106781186543));
#5103=DIRECTION('',(4.93256734984134E-48,1.,2.38839421349806E-32));
#5104=DIRECTION('',(-4.93256734984134E-48,-1.,-2.38839421349806E-32));
#5105=DIRECTION('',(-0.707106781186543,-1.6888497445112E-32,0.707106781186552));
#5106=DIRECTION('',(4.93256734984134E-48,1.,2.38839421349806E-32));
#5107=DIRECTION('',(4.93256734984134E-48,1.,2.38839421349806E-32));
#5108=DIRECTION('',(1.15648231731787E-16,-1.,-2.38839421349806E-32));
#5109=DIRECTION('',(1.,1.15648231731787E-16,0.));
#5110=DIRECTION('',(1.15648231731787E-16,-1.,-2.38839421349806E-32));
#5111=DIRECTION('',(1.,1.15648231731787E-16,0.));
#5112=DIRECTION('',(0.707106781186547,0.,-0.707106781186548));
#5113=DIRECTION('',(0.,-1.,0.));
#5114=DIRECTION('',(0.,1.,0.));
#5115=DIRECTION('',(0.707106781186547,0.,-0.707106781186548));
#5116=DIRECTION('',(-0.707106781186548,-7.97095154236468E-32,-0.707106781186547));
#5117=DIRECTION('',(0.,-1.,0.));
#5118=DIRECTION('',(0.707106781186547,0.,-0.707106781186548));
#5119=DIRECTION('',(-0.707106781186548,0.,-0.707106781186547));
#5120=DIRECTION('',(0.707106781186548,0.,0.707106781186547));
#5121=DIRECTION('',(0.,1.,0.));
#5122=DIRECTION('',(0.,-1.,0.));
#5123=DIRECTION('',(0.707106781186548,0.,0.707106781186547));
#5124=DIRECTION('',(0.707106781186547,0.,-0.707106781186548));
#5125=DIRECTION('',(0.,1.,0.));
#5126=DIRECTION('',(0.707106781186548,0.,0.707106781186547));
#5127=DIRECTION('',(0.707106781186547,-7.97095154236467E-32,-0.707106781186548));
#5128=DIRECTION('',(-6.93889390390723E-16,0.,-1.));
#5129=DIRECTION('',(-1.,0.,6.93889390390723E-16));
#5130=DIRECTION('',(-0.707106781186548,0.,-0.707106781186547));
#5131=DIRECTION('',(0.707106781186547,0.,-0.707106781186548));
#5132=DIRECTION('',(-4.9065389333868E-16,0.707106781186548,-0.707106781186548));
#5133=DIRECTION('',(4.9065389333868E-16,0.707106781186548,0.707106781186548));
#5134=DIRECTION('',(0.,1.,0.));
#5135=DIRECTION('',(0.,0.,1.));
#5136=DIRECTION('',(4.9065389333868E-16,0.707106781186548,0.707106781186548));
#5137=DIRECTION('',(-4.9065389333868E-16,0.707106781186548,-0.707106781186548));
#5138=DIRECTION('',(-6.93889390390723E-16,-5.63631388811543E-32,-1.));
#5139=DIRECTION('',(-1.,0.,6.93889390390723E-16));
#5140=DIRECTION('',(-0.707106781186548,-8.177564888978E-17,-0.707106781186547));
#5141=DIRECTION('',(0.707106781186547,8.177564888978E-17,-0.707106781186548));
#5142=DIRECTION('',(-6.93889390390723E-16,0.,-1.));
#5143=DIRECTION('',(-1.,0.,6.93889390390723E-16));
#5144=DIRECTION('',(4.9065389333868E-16,-0.707106781186548,0.707106781186548));
#5145=DIRECTION('',(-4.9065389333868E-16,-0.707106781186548,-0.707106781186548));
#5146=DIRECTION('',(0.707106781186547,0.,-0.707106781186548));
#5147=DIRECTION('',(-0.707106781186548,0.,-0.707106781186547));
#5148=DIRECTION('',(0.,-1.,0.));
#5149=DIRECTION('',(0.,0.,-1.));
#5150=DIRECTION('',(-4.9065389333868E-16,-0.707106781186548,-0.707106781186548));
#5151=DIRECTION('',(4.9065389333868E-16,-0.707106781186548,0.707106781186548));
#5152=DIRECTION('',(-6.93889390390723E-16,-5.63631388811543E-32,-1.));
#5153=DIRECTION('',(-1.,0.,6.93889390390723E-16));
#5154=DIRECTION('',(0.707106781186547,8.177564888978E-17,-0.707106781186548));
#5155=DIRECTION('',(-0.707106781186548,-8.177564888978E-17,-0.707106781186547));
#5156=DIRECTION('',(0.,-1.,0.));
#5157=DIRECTION('',(0.,0.,-1.));
#5158=DIRECTION('',(0.,-1.,0.));
#5159=DIRECTION('',(0.,0.,-1.));
#5160=DIRECTION('',(1.,0.,-2.06522328766534E-16));
#5161=DIRECTION('',(-2.06522328766534E-16,0.,-1.));
#5162=DIRECTION('',(-1.,-1.15648231731787E-16,2.06522328766534E-16));
#5163=DIRECTION('',(2.06522328766534E-16,0.,1.));
#5164=DIRECTION('',(0.,0.,1.));
#5165=DIRECTION('',(1.,0.,0.));
#5166=DIRECTION('',(-1.33440267382831E-16,0.,1.));
#5167=DIRECTION('',(1.,0.,1.33440267382831E-16));
#5168=DIRECTION('',(1.,0.,1.33440267382831E-16));
#5169=DIRECTION('',(0.,-1.,0.));
#5170=DIRECTION('',(-1.,0.,-1.33440267382831E-16));
#5171=DIRECTION('',(0.,-1.,0.));
#5172=DIRECTION('',(1.,0.,1.33440267382831E-16));
#5173=DIRECTION('',(0.,1.,0.));
#5174=DIRECTION('',(-1.,0.,0.));
#5175=DIRECTION('',(0.,0.,1.));
#5176=DIRECTION('',(-1.,0.,0.));
#5177=DIRECTION('',(0.,0.,1.));
#5178=DIRECTION('',(0.,0.,1.));
#5179=DIRECTION('',(0.,-1.,0.));
#5180=DIRECTION('',(0.,0.,-1.));
#5181=DIRECTION('',(0.,-1.,0.));
#5182=DIRECTION('',(0.,0.,1.));
#5183=DIRECTION('',(0.,-1.,0.));
#5184=DIRECTION('',(-1.,0.,0.));
#5185=DIRECTION('',(0.,0.,1.));
#5186=DIRECTION('',(0.,-1.,0.));
#5187=DIRECTION('',(0.,0.,1.));
#5188=DIRECTION('',(-1.,0.,0.));
#5189=DIRECTION('',(0.,0.,1.));
#5190=DIRECTION('',(0.,-1.,0.));
#5191=DIRECTION('',(0.,0.,1.));
#5192=DIRECTION('',(0.,-1.,0.));
#5193=DIRECTION('',(0.,0.,-1.));
#5194=DIRECTION('',(-1.33440267382831E-16,0.,-1.));
#5195=DIRECTION('',(-1.,0.,1.33440267382831E-16));
#5196=DIRECTION('',(1.,0.,-1.33440267382831E-16));
#5197=DIRECTION('',(0.,-1.,0.));
#5198=DIRECTION('',(-1.,0.,1.33440267382831E-16));
#5199=DIRECTION('',(0.,-1.,0.));
#5200=DIRECTION('',(-1.,0.,1.33440267382831E-16));
#5201=DIRECTION('',(0.,-1.,0.));
#5202=DIRECTION('',(-1.,0.,0.));
#5203=DIRECTION('',(0.,0.,1.));
#5204=DIRECTION('',(0.,0.,1.));
#5205=DIRECTION('',(0.,-1.,0.));
#5206=DIRECTION('',(0.,0.,-1.));
#5207=DIRECTION('',(0.,-1.,0.));
#5208=DIRECTION('',(1.69241314729444E-16,0.,1.));
#5209=DIRECTION('',(1.,0.,-1.69241314729444E-16));
#5210=DIRECTION('',(-1.,0.,1.69241314729444E-16));
#5211=DIRECTION('',(0.,-1.,0.));
#5212=DIRECTION('',(1.,0.,-1.69241314729444E-16));
#5213=DIRECTION('',(0.,-1.,0.));
#5214=DIRECTION('',(-1.,0.,0.));
#5215=DIRECTION('',(0.,0.,1.));
#5216=DIRECTION('',(0.,0.,-1.));
#5217=DIRECTION('',(0.,-1.,0.));
#5218=DIRECTION('',(0.,0.,1.));
#5219=DIRECTION('',(0.,-1.,0.));
#5220=DIRECTION('',(1.57702134179709E-16,0.,-1.));
#5221=DIRECTION('',(-1.,0.,-1.57702134179709E-16));
#5222=DIRECTION('',(-1.,0.,-1.57702134179709E-16));
#5223=DIRECTION('',(1.,0.,1.57702134179709E-16));
#5224=DIRECTION('',(0.,0.,-1.));
#5225=DIRECTION('',(-1.,0.,0.));
#5226=DIRECTION('',(0.,-1.,0.));
#5227=DIRECTION('',(-1.,0.,0.));
#5228=DIRECTION('',(0.,-1.,0.));
#5229=DIRECTION('',(1.,0.,0.));
#5230=DIRECTION('',(0.,0.,1.));
#5231=DIRECTION('',(1.,0.,0.));
#5232=DIRECTION('',(0.,-1.,0.));
#5233=DIRECTION('',(-1.,0.,0.));
#5234=DIRECTION('',(0.,-1.,0.));
#5235=DIRECTION('',(-1.,0.,0.));
#5236=DIRECTION('',(1.,0.,0.));
#5237=DIRECTION('',(0.,0.,-1.));
#5238=DIRECTION('',(0.,0.,-1.));
#5239=DIRECTION('',(0.,-1.,0.));
#5240=DIRECTION('',(0.,0.,1.));
#5241=DIRECTION('',(-1.,0.,0.));
#5242=DIRECTION('',(0.,0.,1.));
#5243=DIRECTION('',(0.,0.,-1.));
#5244=DIRECTION('',(0.,-1.,0.));
#5245=DIRECTION('',(0.,0.,1.));
#5246=DIRECTION('',(2.16840434497101E-16,0.,-1.));
#5247=DIRECTION('',(-1.,0.,-2.16840434497101E-16));
#5248=DIRECTION('',(-1.,0.,-2.16840434497101E-16));
#5249=DIRECTION('',(0.,-1.,0.));
#5250=DIRECTION('',(1.,0.,2.16840434497101E-16));
#5251=DIRECTION('',(2.16840434497101E-16,0.,-1.));
#5252=DIRECTION('',(-1.,0.,-2.16840434497101E-16));
#5253=DIRECTION('',(0.,0.,1.));
#5254=DIRECTION('',(1.,0.,0.));
#5255=DIRECTION('',(-1.,0.,0.));
#5256=DIRECTION('',(0.,-1.,0.));
#5257=DIRECTION('',(1.,0.,0.));
#5258=DIRECTION('',(0.,0.,1.));
#5259=DIRECTION('',(1.,0.,0.));
#5260=DIRECTION('',(-1.,0.,0.));
#5261=DIRECTION('',(0.,0.,1.));
#5262=DIRECTION('',(0.,0.,1.));
#5263=DIRECTION('',(0.,-1.,0.));
#5264=DIRECTION('',(0.,0.,-1.));
#5265=DIRECTION('',(1.,0.,0.));
#5266=DIRECTION('',(0.,0.,-1.));
#5267=DIRECTION('',(0.,-1.,0.));
#5268=DIRECTION('',(0.,0.,-1.));
#5269=DIRECTION('',(0.,0.,1.));
#5270=DIRECTION('',(0.,-1.,0.));
#5271=DIRECTION('',(1.,0.,0.));
#5272=DIRECTION('',(0.,-1.,0.));
#5273=DIRECTION('',(0.,0.,-1.));
#5274=DIRECTION('',(0.,-1.,0.));
#5275=DIRECTION('',(0.,0.,-1.));
#5276=DIRECTION('',(0.,-1.,0.));
#5277=DIRECTION('',(0.,0.,-1.));
#5278=DIRECTION('',(0.,-1.,0.));
#5279=DIRECTION('',(0.,0.,-1.));
#5280=DIRECTION('',(0.,-1.,0.));
#5281=DIRECTION('',(0.,0.,-1.));
#5282=DIRECTION('',(0.,-1.,0.));
#5283=DIRECTION('',(0.,0.,-1.));
#5284=DIRECTION('',(0.,-1.,0.));
#5285=DIRECTION('',(0.,0.,-1.));
#5286=DIRECTION('',(0.,-1.,0.));
#5287=DIRECTION('',(0.,0.,-1.));
#5288=DIRECTION('',(1.,0.,0.));
#5289=DIRECTION('',(0.,0.,-1.));
#5290=DIRECTION('',(0.,0.,-1.));
#5291=DIRECTION('',(0.,-1.,0.));
#5292=DIRECTION('',(0.,0.,-1.));
#5293=DIRECTION('',(1.,0.,0.));
#5294=DIRECTION('',(0.,0.,-1.));
#5295=DIRECTION('',(0.,-1.,0.));
#5296=DIRECTION('',(0.,0.,-1.));
#5297=DIRECTION('',(-1.,0.,0.));
#5298=DIRECTION('',(0.,0.,1.));
#5299=DIRECTION('',(0.,-1.,0.));
#5300=DIRECTION('',(0.,0.,-1.));
#5301=DIRECTION('',(0.,-1.,0.));
#5302=DIRECTION('',(0.,0.,-1.));
#5303=DIRECTION('',(-1.,0.,1.33440267382831E-16));
#5304=DIRECTION('',(0.,0.,-1.));
#5305=DIRECTION('',(1.,0.,0.));
#5306=DIRECTION('',(1.,-6.93889390390723E-16,0.));
#5307=DIRECTION('',(0.,-1.,0.));
#5308=DIRECTION('',(-1.,0.,0.));
#5309=DIRECTION('',(0.,-1.,0.));
#5310=DIRECTION('',(1.,0.,0.));
#5311=DIRECTION('',(0.,0.,-1.));
#5312=DIRECTION('',(0.,0.,-1.));
#5313=DIRECTION('',(0.,-1.,0.));
#5314=DIRECTION('',(0.,0.,-1.));
#5315=DIRECTION('',(1.,0.,0.));
#5316=DIRECTION('',(0.,0.,-1.));
#5317=DIRECTION('',(0.,0.,-1.));
#5318=DIRECTION('',(1.,0.,0.));
#5319=DIRECTION('',(1.,-6.93889390390723E-16,0.));
#5320=DIRECTION('',(0.,-1.,0.));
#5321=DIRECTION('',(-1.,0.,0.));
#5322=DIRECTION('',(0.,-1.,0.));
#5323=DIRECTION('',(0.,-1.,0.));
#5324=DIRECTION('',(0.,0.,-1.));
#5325=DIRECTION('',(0.,0.,1.));
#5326=DIRECTION('',(-1.,0.,0.));
#5327=DIRECTION('',(1.,0.,1.33440267382831E-16));
#5328=DIRECTION('',(0.,-1.,0.));
#5329=DIRECTION('',(0.,0.,-1.));
#5330=DIRECTION('',(0.,-1.,0.));
#5331=DIRECTION('',(0.,0.,-1.));
#5332=DIRECTION('',(0.,-1.,0.));
#5333=DIRECTION('',(1.,0.,0.));
#5334=DIRECTION('',(0.,-1.,0.));
#5335=DIRECTION('',(0.,0.,-1.));
#5336=DIRECTION('',(0.,-1.,0.));
#5337=DIRECTION('',(0.,0.,-1.));
#5338=DIRECTION('',(0.,-1.,0.));
#5339=DIRECTION('',(0.,0.,-1.));
#5340=DIRECTION('',(0.,-1.,0.));
#5341=DIRECTION('',(0.,0.,-1.));
#5342=DIRECTION('',(0.,-1.,0.));
#5343=DIRECTION('',(0.,0.,-1.));
#5344=DIRECTION('',(0.,-1.,0.));
#5345=DIRECTION('',(0.,0.,-1.));
#5346=DIRECTION('',(0.,-1.,0.));
#5347=DIRECTION('',(0.,0.,-1.));
#5348=DIRECTION('',(0.,-1.,0.));
#5349=DIRECTION('',(0.,0.,-1.));
#5350=DIRECTION('',(0.,1.,0.));
#5351=DIRECTION('',(0.,0.,1.));
#5352=DIRECTION('',(0.,1.,0.));
#5353=DIRECTION('',(0.,0.,1.));
#5354=DIRECTION('',(0.,0.,-1.));
#5355=DIRECTION('',(-1.,0.,0.));
#5356=DIRECTION('',(0.,0.,1.));
#5357=DIRECTION('',(1.,0.,0.));
#5358=DIRECTION('',(-1.,0.,0.));
#5359=DIRECTION('',(0.,0.,1.));
#5360=DIRECTION('',(-1.,0.,0.));
#5361=DIRECTION('',(0.,0.,1.));
#5362=DIRECTION('',(0.,1.,0.));
#5363=DIRECTION('',(0.,0.,1.));
#5364=DIRECTION('',(0.707106781186548,0.707106781186548,0.));
#5365=DIRECTION('',(0.707106781186548,-0.707106781186548,0.));
#5366=DIRECTION('',(1.,0.,0.));
#5367=DIRECTION('',(0.,0.,-1.));
#5368=DIRECTION('',(0.,1.,0.));
#5369=DIRECTION('',(0.,0.,1.));
#5370=DIRECTION('',(0.,-1.,0.));
#5371=DIRECTION('',(0.,0.,-1.));
#5372=DIRECTION('',(0.,-1.,0.));
#5373=DIRECTION('',(0.,0.,-1.));
#5374=DIRECTION('',(-1.,0.,0.));
#5375=DIRECTION('',(0.,0.,1.));
#5376=DIRECTION('',(-1.,0.,-1.33440267382831E-16));
#5377=DIRECTION('',(-1.33440267382831E-16,0.,1.));
#5378=DIRECTION('',(0.,0.,1.));
#5379=DIRECTION('',(1.,0.,0.));
#5380=DIRECTION('',(0.,0.,1.));
#5381=DIRECTION('',(1.,0.,0.));
#5382=DIRECTION('',(0.,-1.,0.));
#5383=DIRECTION('',(0.,0.,-1.));
#5384=DIRECTION('',(0.,1.,0.));
#5385=DIRECTION('',(0.,0.,1.));
#5386=DIRECTION('',(0.,-1.,0.));
#5387=DIRECTION('',(0.,0.,-1.));
#5388=DIRECTION('',(0.707106781186548,-0.707106781186548,0.));
#5389=DIRECTION('',(0.707106781186548,0.707106781186548,0.));
#5390=DIRECTION('',(-1.,0.,0.));
#5391=DIRECTION('',(0.,0.,1.));
#5392=DIRECTION('',(-1.,0.,0.));
#5393=DIRECTION('',(0.,0.,1.));
#5394=DIRECTION('',(1.,0.,0.));
#5395=DIRECTION('',(0.,0.,-1.));
#5396=DIRECTION('',(0.,1.,0.));
#5397=DIRECTION('',(0.,0.,1.));
#5398=DIRECTION('',(0.,-1.,0.));
#5399=DIRECTION('',(0.,0.,-1.));
#5400=DIRECTION('',(0.,-1.,0.));
#5401=DIRECTION('',(0.,0.,-1.));
#5402=DIRECTION('',(1.,0.,0.));
#5403=DIRECTION('',(0.,0.,-1.));
#5404=DIRECTION('',(-1.,0.,1.33440267382831E-16));
#5405=DIRECTION('',(1.33440267382831E-16,0.,1.));
#5406=DIRECTION('',(0.,1.,0.));
#5407=DIRECTION('',(0.,0.,1.));
#5408=DIRECTION('',(0.,1.,0.));
#5409=DIRECTION('',(0.,0.,1.));
#5410=DIRECTION('',(0.,-1.,0.));
#5411=DIRECTION('',(0.,0.,-1.));
#5412=DIRECTION('',(0.,1.,0.));
#5413=DIRECTION('',(0.,0.,1.));
#5414=DIRECTION('',(0.,-1.,0.));
#5415=DIRECTION('',(0.,0.,-1.));
#5416=DIRECTION('',(0.,-1.,0.));
#5417=DIRECTION('',(0.,0.,-1.));
#5418=DIRECTION('',(0.,0.,1.));
#5419=DIRECTION('',(1.,0.,0.));
#5420=CARTESIAN_POINT('',(0.,0.,0.));
#5421=CARTESIAN_POINT('',(-3.36367113024771E-18,0.0145,-0.011));
#5422=CARTESIAN_POINT('',(2.75017136435349E-19,0.0145,0.0105));
#5423=CARTESIAN_POINT('',(-0.0045,0.0145,0.0105));
#5424=CARTESIAN_POINT('',(6.98120423258959E-19,0.0145,0.013));
#5425=CARTESIAN_POINT('',(0.0045,0.0145,0.013));
#5426=CARTESIAN_POINT('',(-3.46944695195361E-18,0.,0.007));
#5427=CARTESIAN_POINT('',(0.012,0.,0.007));
#5428=CARTESIAN_POINT('',(0.012,0.,0.0105));
#5429=CARTESIAN_POINT('',(0.012,0.,0.0015));
#5430=CARTESIAN_POINT('',(0.01,0.,0.0015));
#5431=CARTESIAN_POINT('',(0.01,0.,0.0015));
#5432=CARTESIAN_POINT('',(0.01,0.,0.0005));
#5433=CARTESIAN_POINT('',(0.009,0.,0.0005));
#5434=CARTESIAN_POINT('',(0.009,0.,0.00075));
#5435=CARTESIAN_POINT('',(0.009,0.,2.16840434497101E-19));
#5436=CARTESIAN_POINT('',(0.0115,0.,-8.67361737988404E-19));
#5437=CARTESIAN_POINT('',(0.014,0.,-8.67361737988404E-19));
#5438=CARTESIAN_POINT('',(0.014,0.,0.0015));
#5439=CARTESIAN_POINT('',(0.014,0.,0.002));
#5440=CARTESIAN_POINT('',(0.015,0.,0.002));
#5441=CARTESIAN_POINT('',(0.015,0.,0.003));
#5442=CARTESIAN_POINT('',(0.01725,0.,0.003));
#5443=CARTESIAN_POINT('',(0.0195,0.,0.003));
#5444=CARTESIAN_POINT('',(0.0195,0.,0.004));
#5445=CARTESIAN_POINT('',(0.0205,0.,0.004));
#5446=CARTESIAN_POINT('',(0.0205,0.,0.0085));
#5447=CARTESIAN_POINT('',(0.0205,0.,0.013));
#5448=CARTESIAN_POINT('',(0.0195,0.,0.013));
#5449=CARTESIAN_POINT('',(0.0195,0.,0.014));
#5450=CARTESIAN_POINT('',(-3.46944695195361E-18,0.,0.014));
#5451=CARTESIAN_POINT('',(-0.0195,0.,0.014));
#5452=CARTESIAN_POINT('',(-0.0195,0.,0.013));
#5453=CARTESIAN_POINT('',(-0.0205,0.,0.013));
#5454=CARTESIAN_POINT('',(-0.0205,0.,0.0085));
#5455=CARTESIAN_POINT('',(-0.0205,0.,0.004));
#5456=CARTESIAN_POINT('',(-0.0195,0.,0.004));
#5457=CARTESIAN_POINT('',(-0.0195,0.,0.003));
#5458=CARTESIAN_POINT('',(-0.01725,0.,0.003));
#5459=CARTESIAN_POINT('',(-0.015,0.,0.003));
#5460=CARTESIAN_POINT('',(-0.015,0.,0.002));
#5461=CARTESIAN_POINT('',(-0.014,0.,0.002));
#5462=CARTESIAN_POINT('',(-0.014,0.,0.0015));
#5463=CARTESIAN_POINT('',(-0.014,0.,-8.67361737988404E-19));
#5464=CARTESIAN_POINT('',(-0.0115,0.,-8.67361737988404E-19));
#5465=CARTESIAN_POINT('',(-0.009,0.,2.16840434497101E-19));
#5466=CARTESIAN_POINT('',(-0.009,0.,0.00075));
#5467=CARTESIAN_POINT('',(-0.009,0.,0.0005));
#5468=CARTESIAN_POINT('',(-0.01,0.,0.0005));
#5469=CARTESIAN_POINT('',(-0.01,0.,0.0015));
#5470=CARTESIAN_POINT('',(-0.01,0.,0.0015));
#5471=CARTESIAN_POINT('',(-0.012,0.,0.0015));
#5472=CARTESIAN_POINT('',(-0.012,0.,0.0095));
#5473=CARTESIAN_POINT('',(-0.012,0.,0.0105));
#5474=CARTESIAN_POINT('',(-4.0214044215826E-18,0.,0.0105));
#5475=CARTESIAN_POINT('',(0.01,0.095,0.0015));
#5476=CARTESIAN_POINT('',(0.01,0.03,0.0015));
#5477=CARTESIAN_POINT('',(0.012,0.03,0.0015));
#5478=CARTESIAN_POINT('',(0.01,0.03,0.0015));
#5479=CARTESIAN_POINT('',(0.01,0.095,0.0015));
#5480=CARTESIAN_POINT('',(0.012,0.001,0.0015));
#5481=CARTESIAN_POINT('',(0.011,0.001,0.0015));
#5482=CARTESIAN_POINT('',(0.011,0.095,0.0015));
#5483=CARTESIAN_POINT('',(0.011,0.029,0.0015));
#5484=CARTESIAN_POINT('',(0.012,0.029,0.0015));
#5485=CARTESIAN_POINT('',(0.009,0.095,0.00075));
#5486=CARTESIAN_POINT('',(0.009,0.095,0.0005));
#5487=CARTESIAN_POINT('',(0.009,0.03,0.0005));
#5488=CARTESIAN_POINT('',(0.009,0.03,0.00075));
#5489=CARTESIAN_POINT('',(0.009,0.03,-8.67361737988404E-19));
#5490=CARTESIAN_POINT('',(0.009,0.095,2.16840434497101E-19));
#5491=CARTESIAN_POINT('',(0.0115,0.095,-8.67361737988404E-19));
#5492=CARTESIAN_POINT('',(-0.0165,0.03,-8.67361737988404E-19));
#5493=CARTESIAN_POINT('',(0.014,0.03,-8.67361737988404E-19));
#5494=CARTESIAN_POINT('',(0.014,0.095,-8.67361737988404E-19));
#5495=CARTESIAN_POINT('',(0.014,0.095,0.0015));
#5496=CARTESIAN_POINT('',(0.014,0.03,0.0015));
#5497=CARTESIAN_POINT('',(0.014,0.03,0.000267949192431124));
#5498=CARTESIAN_POINT('',(0.014,0.03,0.000267949192431124));
#5499=CARTESIAN_POINT('',(0.014,0.03,0.000614603298381227));
#5500=CARTESIAN_POINT('',(0.014,0.0297328454292329,0.00126783664217654));
#5501=CARTESIAN_POINT('',(0.014,0.0292412977277103,0.00175870106580832));
#5502=CARTESIAN_POINT('',(0.014,0.029,0.002));
#5503=CARTESIAN_POINT('',(0.014,0.029,0.002));
#5504=CARTESIAN_POINT('',(0.014,0.,0.002));
#5505=CARTESIAN_POINT('',(-0.014,0.095,0.0015));
#5506=CARTESIAN_POINT('',(-0.014,0.03,0.002));
#5507=CARTESIAN_POINT('',(-0.014,0.03,0.002));
#5508=CARTESIAN_POINT('',(-0.014,0.03,0.0015));
#5509=CARTESIAN_POINT('',(-0.014,0.03,-8.67361737988404E-19));
#5510=CARTESIAN_POINT('',(-0.014,0.095,-8.67361737988404E-19));
#5511=CARTESIAN_POINT('',(-0.0115,0.095,-8.67361737988404E-19));
#5512=CARTESIAN_POINT('',(-0.0165,0.03,-8.67361737988404E-19));
#5513=CARTESIAN_POINT('',(-0.009,0.03,-8.67361737988404E-19));
#5514=CARTESIAN_POINT('',(-0.009,0.095,2.16840434497101E-19));
#5515=CARTESIAN_POINT('',(-0.009,0.095,0.00075));
#5516=CARTESIAN_POINT('',(-0.009,0.03,0.00075));
#5517=CARTESIAN_POINT('',(-0.009,0.03,0.0005));
#5518=CARTESIAN_POINT('',(-0.009,0.095,0.0005));
#5519=CARTESIAN_POINT('',(-0.01,0.095,0.0015));
#5520=CARTESIAN_POINT('',(-0.01,0.095,0.0015));
#5521=CARTESIAN_POINT('',(-0.01,0.03,0.0015));
#5522=CARTESIAN_POINT('',(-0.01,0.03,0.0015));
#5523=CARTESIAN_POINT('',(-0.012,0.03,0.0015));
#5524=CARTESIAN_POINT('',(-0.012,0.029,0.0015));
#5525=CARTESIAN_POINT('',(-0.011,0.029,0.0015));
#5526=CARTESIAN_POINT('',(-0.011,0.095,0.0015));
#5527=CARTESIAN_POINT('',(-0.011,0.001,0.0015));
#5528=CARTESIAN_POINT('',(-0.012,0.001,0.0015));
#5529=CARTESIAN_POINT('',(0.,0.095,0.0095));
#5530=CARTESIAN_POINT('',(4.32719270615058E-19,0.0145,0.0095));
#5531=CARTESIAN_POINT('',(-0.0055,0.0145,0.0095));
#5532=CARTESIAN_POINT('',(0.011,0.095,0.0095));
#5533=CARTESIAN_POINT('',(0.011,0.029,0.0095));
#5534=CARTESIAN_POINT('',(0.011,0.001,0.0095));
#5535=CARTESIAN_POINT('',(0.,0.001,0.0095));
#5536=CARTESIAN_POINT('',(-0.011,0.001,0.0095));
#5537=CARTESIAN_POINT('',(-0.011,0.095,0.0095));
#5538=CARTESIAN_POINT('',(-0.011,0.029,0.0095));
#5539=CARTESIAN_POINT('',(-0.012,0.029,0.0095));
#5540=CARTESIAN_POINT('',(-0.012,0.03,0.0095));
#5541=CARTESIAN_POINT('',(0.,0.03,0.0095));
#5542=CARTESIAN_POINT('',(0.012,0.03,0.0095));
#5543=CARTESIAN_POINT('',(0.012,0.029,0.0095));
#5544=CARTESIAN_POINT('',(-0.0205,0.095,0.0085));
#5545=CARTESIAN_POINT('',(-0.0205,0.029,0.0085));
#5546=CARTESIAN_POINT('',(-0.0205,0.029,0.013));
#5547=CARTESIAN_POINT('',(-0.0205,0.029,0.004));
#5548=CARTESIAN_POINT('',(-0.0205,0.,0.004));
#5549=CARTESIAN_POINT('',(-0.0205,0.095,0.013));
#5550=CARTESIAN_POINT('',(-3.46944695195361E-18,0.095,0.014));
#5551=CARTESIAN_POINT('',(8.67361737988404E-19,0.0145,0.014));
#5552=CARTESIAN_POINT('',(0.0055,0.0145,0.014));
#5553=CARTESIAN_POINT('',(0.0195,0.03,0.014));
#5554=CARTESIAN_POINT('',(0.0195,0.03,0.014));
#5555=CARTESIAN_POINT('',(-3.46944695195361E-18,0.03,0.014));
#5556=CARTESIAN_POINT('',(-0.0195,0.03,0.014));
#5557=CARTESIAN_POINT('',(-0.0195,0.095,0.014));
#5558=CARTESIAN_POINT('',(0.0205,0.095,0.0085));
#5559=CARTESIAN_POINT('',(0.0205,0.03,0.004));
#5560=CARTESIAN_POINT('',(0.0205,0.029,0.004));
#5561=CARTESIAN_POINT('',(0.0205,0.029,0.014));
#5562=CARTESIAN_POINT('',(0.0205,0.029,0.013));
#5563=CARTESIAN_POINT('',(0.0205,0.,0.013));
#5564=CARTESIAN_POINT('',(0.01725,0.095,0.003));
#5565=CARTESIAN_POINT('',(0.01725,0.029,0.003));
#5566=CARTESIAN_POINT('',(0.015,0.029,0.003));
#5567=CARTESIAN_POINT('',(0.0195,0.029,0.003));
#5568=CARTESIAN_POINT('',(0.0195,0.,0.003));
#5569=CARTESIAN_POINT('',(0.015,0.03,0.003));
#5570=CARTESIAN_POINT('',(0.011,0.095,0.0055));
#5571=CARTESIAN_POINT('',(0.011,0.001,0.0055));
#5572=CARTESIAN_POINT('',(0.011,0.029,0.0055));
#5573=CARTESIAN_POINT('',(-0.0165,0.03,0.008));
#5574=CARTESIAN_POINT('',(-0.01725,0.03,0.003));
#5575=CARTESIAN_POINT('',(-0.015,0.03,0.003));
#5576=CARTESIAN_POINT('',(-0.0195,0.03,0.003));
#5577=CARTESIAN_POINT('',(-0.0195,0.03,0.008));
#5578=CARTESIAN_POINT('',(0.0195,0.03,0.003));
#5579=CARTESIAN_POINT('',(0.0195,0.03,0.004));
#5580=CARTESIAN_POINT('',(-0.0165,0.03,0.004));
#5581=CARTESIAN_POINT('',(0.015,0.03,0.004));
#5582=CARTESIAN_POINT('',(0.015,0.03,0.002));
#5583=CARTESIAN_POINT('',(0.01,0.03,0.0005));
#5584=CARTESIAN_POINT('',(0.012,0.03,0.008));
#5585=CARTESIAN_POINT('',(-0.012,0.03,0.0015));
#5586=CARTESIAN_POINT('',(-0.01,0.03,0.0005));
#5587=CARTESIAN_POINT('',(-0.015,0.03,0.002));
#5588=CARTESIAN_POINT('',(-0.011,0.095,0.0055));
#5589=CARTESIAN_POINT('',(-0.011,0.001,0.0015));
#5590=CARTESIAN_POINT('',(-0.011,0.029,0.0095));
#5591=CARTESIAN_POINT('',(-0.01725,0.095,0.003));
#5592=CARTESIAN_POINT('',(-0.0195,0.03,0.003));
#5593=CARTESIAN_POINT('',(-0.015,0.,0.003));
#5594=CARTESIAN_POINT('',(-0.012,0.001,0.0055));
#5595=CARTESIAN_POINT('',(-0.012,0.001,0.0105));
#5596=CARTESIAN_POINT('',(0.012,0.001,0.007));
#5597=CARTESIAN_POINT('',(0.012,0.001,0.0105));
#5598=CARTESIAN_POINT('',(-4.0214044215826E-18,0.001,0.0105));
#5599=CARTESIAN_POINT('',(2.75017136435349E-19,0.0145,0.0105));
#5600=CARTESIAN_POINT('',(6.98120423258959E-19,0.0145,0.013));
#5601=CARTESIAN_POINT('',(-0.0195,0.095,0.004));
#5602=CARTESIAN_POINT('',(-0.0195,0.029,0.004));
#5603=CARTESIAN_POINT('',(-0.0195,0.095,0.013));
#5604=CARTESIAN_POINT('',(-0.0195,0.029,0.013));
#5605=CARTESIAN_POINT('',(-0.0195,0.029,0.008));
#5606=CARTESIAN_POINT('',(0.015,0.095,0.002));
#5607=CARTESIAN_POINT('',(0.015,0.029,0.002));
#5608=CARTESIAN_POINT('',(0.015,0.029,0.002));
#5609=CARTESIAN_POINT('',(0.015,0.029,0.004));
#5610=CARTESIAN_POINT('',(0.01725,0.029,0.004));
#5611=CARTESIAN_POINT('',(0.0195,0.029,0.004));
#5612=CARTESIAN_POINT('',(0.0195,0.095,0.004));
#5613=CARTESIAN_POINT('',(0.0195,0.029,0.004));
#5614=CARTESIAN_POINT('',(0.0195,0.029,0.004));
#5615=CARTESIAN_POINT('',(0.0195,0.029,0.004));
#5616=CARTESIAN_POINT('',(0.0195,0.095,0.013));
#5617=CARTESIAN_POINT('',(0.0195,0.029,0.013));
#5618=CARTESIAN_POINT('',(0.0195,0.029,0.0085));
#5619=CARTESIAN_POINT('',(-0.012,0.029,0.008));
#5620=CARTESIAN_POINT('',(0.012,0.029,0.0055));
#5621=CARTESIAN_POINT('',(-0.015,0.095,0.002));
#5622=CARTESIAN_POINT('',(0.01,0.095,0.0005));
#5623=CARTESIAN_POINT('',(-0.01,0.095,0.0005));
#5624=CARTESIAN_POINT('',(-0.00751641115628708,0.,0.0146730148931409));
#5625=CARTESIAN_POINT('',(-8.26089315066139E-19,0.0475,-0.004));
#5626=CARTESIAN_POINT('',(0.04,0.0475,-0.004));
#5627=CARTESIAN_POINT('',(0.04,0.0275,-0.004));
#5628=CARTESIAN_POINT('',(0.04,0.0675,-0.004));
#5629=CARTESIAN_POINT('',(9.5822515407947E-18,0.0275,-0.004));
#5630=CARTESIAN_POINT('',(-0.04,0.0275,-0.004));
#5631=CARTESIAN_POINT('',(-0.04,0.0475,-0.004));
#5632=CARTESIAN_POINT('',(-0.04,0.0675,-0.004));
#5633=CARTESIAN_POINT('',(-7.76498321897337E-18,0.0675,-0.004));
#5634=CARTESIAN_POINT('',(0.0095,0.03,-3.44670175013679E-18));
#5635=CARTESIAN_POINT('',(0.019,0.03,-5.20417042793042E-18));
#5636=CARTESIAN_POINT('',(0.019,0.095,-5.20417042793042E-18));
#5637=CARTESIAN_POINT('',(0.019,0.0695,-5.20417042793042E-18));
#5638=CARTESIAN_POINT('',(-0.021,0.0695,2.85222927724252E-18));
#5639=CARTESIAN_POINT('',(-0.019,0.0695,2.43918461970945E-18));
#5640=CARTESIAN_POINT('',(-0.019,0.03,2.43918461970945E-18));
#5641=CARTESIAN_POINT('',(-0.019,0.095,2.43918461970945E-18));
#5642=CARTESIAN_POINT('',(0.0095,0.095,-3.44670175013679E-18));
#5643=CARTESIAN_POINT('',(6.93889390390723E-18,0.035,0.01));
#5644=CARTESIAN_POINT('',(0.01,0.035,0.01));
#5645=CARTESIAN_POINT('',(0.01,0.035,0.01));
#5646=CARTESIAN_POINT('',(0.01,0.035,0.006));
#5647=CARTESIAN_POINT('',(6.93889390390723E-18,0.035,0.006));
#5648=CARTESIAN_POINT('',(0.0025,0.035,0.006));
#5649=CARTESIAN_POINT('',(0.0025,0.035,0.007));
#5650=CARTESIAN_POINT('',(0.0035,0.035,0.007));
#5651=CARTESIAN_POINT('',(0.0035,0.035,0.01));
#5652=CARTESIAN_POINT('',(0.0035,0.035,0.01));
#5653=CARTESIAN_POINT('',(6.93889390390723E-18,0.035,0.01));
#5654=CARTESIAN_POINT('',(5.20417042793042E-18,0.065,0.01));
#5655=CARTESIAN_POINT('',(-0.01,0.065,0.01));
#5656=CARTESIAN_POINT('',(-0.01,0.065,0.01));
#5657=CARTESIAN_POINT('',(-0.01,0.065,0.006));
#5658=CARTESIAN_POINT('',(0.01,0.065,0.006));
#5659=CARTESIAN_POINT('',(-0.0025,0.065,0.006));
#5660=CARTESIAN_POINT('',(-0.0025,0.065,0.007));
#5661=CARTESIAN_POINT('',(-0.0035,0.065,0.007));
#5662=CARTESIAN_POINT('',(-0.0035,0.065,0.01));
#5663=CARTESIAN_POINT('',(-0.0035,0.065,0.01));
#5664=CARTESIAN_POINT('',(5.20417042793042E-18,0.065,0.01));
#5665=CARTESIAN_POINT('',(-1.7347234759768E-18,0.028,0.01));
#5666=CARTESIAN_POINT('',(-0.00925,0.028,0.01));
#5667=CARTESIAN_POINT('',(-0.00925,0.028,0.01));
#5668=CARTESIAN_POINT('',(-0.00925,0.028,0.006));
#5669=CARTESIAN_POINT('',(-1.7347234759768E-18,0.028,0.006));
#5670=CARTESIAN_POINT('',(-0.0025,0.028,0.006));
#5671=CARTESIAN_POINT('',(-0.0025,0.028,0.007));
#5672=CARTESIAN_POINT('',(-0.0035,0.028,0.007));
#5673=CARTESIAN_POINT('',(-0.0035,0.028,0.0025));
#5674=CARTESIAN_POINT('',(-0.0035,0.028,0.01));
#5675=CARTESIAN_POINT('',(-1.7347234759768E-18,0.028,0.01));
#5676=CARTESIAN_POINT('',(1.04083408558608E-17,0.072,0.01));
#5677=CARTESIAN_POINT('',(0.00925,0.072,0.01));
#5678=CARTESIAN_POINT('',(0.00925,0.072,0.01));
#5679=CARTESIAN_POINT('',(0.00925,0.072,0.006));
#5680=CARTESIAN_POINT('',(-0.00925,0.072,0.006));
#5681=CARTESIAN_POINT('',(0.0025,0.072,0.006));
#5682=CARTESIAN_POINT('',(0.0025,0.072,0.007));
#5683=CARTESIAN_POINT('',(0.0035,0.072,0.007));
#5684=CARTESIAN_POINT('',(0.0035,0.072,0.01));
#5685=CARTESIAN_POINT('',(0.0035,0.072,0.01));
#5686=CARTESIAN_POINT('',(1.04083408558608E-17,0.072,0.01));
#5687=CARTESIAN_POINT('',(-1.7347234759768E-18,0.028,0.01));
#5688=CARTESIAN_POINT('',(0.0025,0.028,0.007));
#5689=CARTESIAN_POINT('',(0.0035,0.028,0.007));
#5690=CARTESIAN_POINT('',(0.0025,0.028,0.006));
#5691=CARTESIAN_POINT('',(-1.7347234759768E-18,0.028,0.006));
#5692=CARTESIAN_POINT('',(0.00925,0.028,0.006));
#5693=CARTESIAN_POINT('',(0.00925,0.028,0.01));
#5694=CARTESIAN_POINT('',(0.00925,0.028,0.01));
#5695=CARTESIAN_POINT('',(-1.7347234759768E-18,0.028,0.01));
#5696=CARTESIAN_POINT('',(0.0035,0.028,0.01));
#5697=CARTESIAN_POINT('',(0.0035,0.028,0.0025));
#5698=CARTESIAN_POINT('',(0.,0.0475,0.01));
#5699=CARTESIAN_POINT('',(0.,0.03,0.01));
#5700=CARTESIAN_POINT('',(0.018,0.03,0.01));
#5701=CARTESIAN_POINT('',(0.011,0.03,0.01));
#5702=CARTESIAN_POINT('',(0.018,0.07,0.01));
#5703=CARTESIAN_POINT('',(0.018,0.07,0.01));
#5704=CARTESIAN_POINT('',(1.7347234759768E-18,0.07,0.01));
#5705=CARTESIAN_POINT('',(0.011,0.07,0.01));
#5706=CARTESIAN_POINT('',(0.011,0.0825,0.01));
#5707=CARTESIAN_POINT('',(0.011,0.095,0.01));
#5708=CARTESIAN_POINT('',(0.,0.095,0.01));
#5709=CARTESIAN_POINT('',(0.005,0.095,0.01));
#5710=CARTESIAN_POINT('',(0.005,0.089,0.01));
#5711=CARTESIAN_POINT('',(0.005,0.093,0.01));
#5712=CARTESIAN_POINT('',(3.46944695195361E-18,0.093,0.01));
#5713=CARTESIAN_POINT('',(0.00925,0.093,0.01));
#5714=CARTESIAN_POINT('',(0.00925,0.0825,0.01));
#5715=CARTESIAN_POINT('',(0.0035,0.107815641868528,0.01));
#5716=CARTESIAN_POINT('',(0.0035,0.065,0.01));
#5717=CARTESIAN_POINT('',(5.20417042793042E-18,0.065,0.01));
#5718=CARTESIAN_POINT('',(0.01,0.065,0.01));
#5719=CARTESIAN_POINT('',(0.01,0.05,0.01));
#5720=CARTESIAN_POINT('',(0.0035,0.107815641868528,0.01));
#5721=CARTESIAN_POINT('',(0.00925,0.015,0.01));
#5722=CARTESIAN_POINT('',(0.00925,0.002,0.01));
#5723=CARTESIAN_POINT('',(5.20417042793042E-18,0.002,0.01));
#5724=CARTESIAN_POINT('',(-0.00925,0.002,0.01));
#5725=CARTESIAN_POINT('',(-0.00925,0.015,0.01));
#5726=CARTESIAN_POINT('',(-0.0035,0.107815641868528,0.01));
#5727=CARTESIAN_POINT('',(-0.0035,0.035,0.01));
#5728=CARTESIAN_POINT('',(6.93889390390723E-18,0.035,0.01));
#5729=CARTESIAN_POINT('',(-0.01,0.035,0.01));
#5730=CARTESIAN_POINT('',(-0.01,0.05,0.01));
#5731=CARTESIAN_POINT('',(-0.0035,0.107815641868528,0.01));
#5732=CARTESIAN_POINT('',(-0.0035,0.072,0.01));
#5733=CARTESIAN_POINT('',(1.04083408558608E-17,0.072,0.01));
#5734=CARTESIAN_POINT('',(-0.00925,0.072,0.01));
#5735=CARTESIAN_POINT('',(-0.00925,0.0825,0.01));
#5736=CARTESIAN_POINT('',(-0.00925,0.093,0.01));
#5737=CARTESIAN_POINT('',(3.46944695195361E-18,0.093,0.01));
#5738=CARTESIAN_POINT('',(-0.005,0.093,0.01));
#5739=CARTESIAN_POINT('',(-0.005,0.089,0.01));
#5740=CARTESIAN_POINT('',(-0.005,0.095,0.01));
#5741=CARTESIAN_POINT('',(0.,0.095,0.01));
#5742=CARTESIAN_POINT('',(-0.011,0.095,0.01));
#5743=CARTESIAN_POINT('',(-0.011,0.0825,0.01));
#5744=CARTESIAN_POINT('',(-0.011,0.07,0.01));
#5745=CARTESIAN_POINT('',(1.7347234759768E-18,0.07,0.01));
#5746=CARTESIAN_POINT('',(-0.018,0.07,0.01));
#5747=CARTESIAN_POINT('',(-0.018,0.0475,0.01));
#5748=CARTESIAN_POINT('',(-0.018,0.03,0.01));
#5749=CARTESIAN_POINT('',(0.,0.03,0.01));
#5750=CARTESIAN_POINT('',(-0.011,0.03,0.01));
#5751=CARTESIAN_POINT('',(-0.011,0.03,0.01));
#5752=CARTESIAN_POINT('',(-0.011,0.,0.01));
#5753=CARTESIAN_POINT('',(0.0055,0.,0.01));
#5754=CARTESIAN_POINT('',(0.011,0.,0.01));
#5755=CARTESIAN_POINT('',(0.011,0.03,0.01));
#5756=CARTESIAN_POINT('',(1.04083408558608E-17,0.072,0.01));
#5757=CARTESIAN_POINT('',(-0.0025,0.072,0.007));
#5758=CARTESIAN_POINT('',(-0.0035,0.072,0.007));
#5759=CARTESIAN_POINT('',(-0.0025,0.072,0.006));
#5760=CARTESIAN_POINT('',(-0.00925,0.072,0.006));
#5761=CARTESIAN_POINT('',(-0.00925,0.072,0.006));
#5762=CARTESIAN_POINT('',(-0.00925,0.072,0.01));
#5763=CARTESIAN_POINT('',(-0.0035,0.072,0.01));
#5764=CARTESIAN_POINT('',(0.,0.095,0.0025));
#5765=CARTESIAN_POINT('',(-0.0165,0.095,0.005));
#5766=CARTESIAN_POINT('',(-0.019,0.095,0.005));
#5767=CARTESIAN_POINT('',(-0.015,0.095,0.005));
#5768=CARTESIAN_POINT('',(-0.015,0.095,0.004));
#5769=CARTESIAN_POINT('',(-0.014,0.095,0.004));
#5770=CARTESIAN_POINT('',(-0.014,0.095,0.0035));
#5771=CARTESIAN_POINT('',(-0.014,0.095,0.002));
#5772=CARTESIAN_POINT('',(-0.0115,0.095,0.002));
#5773=CARTESIAN_POINT('',(-0.009,0.095,0.002));
#5774=CARTESIAN_POINT('',(-0.009,0.095,0.00275));
#5775=CARTESIAN_POINT('',(-0.009,0.095,0.0025));
#5776=CARTESIAN_POINT('',(-0.01,0.095,0.0025));
#5777=CARTESIAN_POINT('',(-0.01,0.095,0.0035));
#5778=CARTESIAN_POINT('',(-0.01,0.095,0.0035));
#5779=CARTESIAN_POINT('',(-0.011,0.095,0.0035));
#5780=CARTESIAN_POINT('',(-0.011,0.095,0.00425));
#5781=CARTESIAN_POINT('',(-0.005,0.095,0.00675));
#5782=CARTESIAN_POINT('',(-0.005,0.095,0.00623205080756888));
#5783=CARTESIAN_POINT('',(-0.004,0.095,0.0045));
#5784=CARTESIAN_POINT('',(-0.004,0.095,0.0025));
#5785=CARTESIAN_POINT('',(1.50463276905253E-34,0.095,0.0025));
#5786=CARTESIAN_POINT('',(0.004,0.095,0.0025));
#5787=CARTESIAN_POINT('',(0.004,0.095,0.0045));
#5788=CARTESIAN_POINT('',(0.005,0.095,0.00623205080756888));
#5789=CARTESIAN_POINT('',(0.005,0.095,0.00675));
#5790=CARTESIAN_POINT('',(0.011,0.095,0.00425));
#5791=CARTESIAN_POINT('',(0.011,0.095,0.0035));
#5792=CARTESIAN_POINT('',(0.01,0.095,0.0035));
#5793=CARTESIAN_POINT('',(0.01,0.095,0.0035));
#5794=CARTESIAN_POINT('',(0.01,0.095,0.0025));
#5795=CARTESIAN_POINT('',(0.009,0.095,0.0025));
#5796=CARTESIAN_POINT('',(0.009,0.095,0.00275));
#5797=CARTESIAN_POINT('',(0.009,0.095,0.002));
#5798=CARTESIAN_POINT('',(0.0115,0.095,0.002));
#5799=CARTESIAN_POINT('',(0.014,0.095,0.002));
#5800=CARTESIAN_POINT('',(0.014,0.095,0.0035));
#5801=CARTESIAN_POINT('',(0.014,0.095,0.004));
#5802=CARTESIAN_POINT('',(0.015,0.095,0.004));
#5803=CARTESIAN_POINT('',(0.015,0.095,0.005));
#5804=CARTESIAN_POINT('',(0.0165,0.095,0.005));
#5805=CARTESIAN_POINT('',(0.019,0.095,0.005));
#5806=CARTESIAN_POINT('',(0.019,0.095,0.0025));
#5807=CARTESIAN_POINT('',(-0.019,0.095,0.0025));
#5808=CARTESIAN_POINT('',(3.46944695195361E-18,0.093,0.01));
#5809=CARTESIAN_POINT('',(3.46944695195361E-18,0.093,0.005));
#5810=CARTESIAN_POINT('',(0.00825,0.093,0.005));
#5811=CARTESIAN_POINT('',(0.005,0.093,0.005));
#5812=CARTESIAN_POINT('',(0.00825,0.093,0.006));
#5813=CARTESIAN_POINT('',(0.00925,0.093,0.006));
#5814=CARTESIAN_POINT('',(0.00925,0.093,0.01));
#5815=CARTESIAN_POINT('',(0.005,0.093,0.01));
#5816=CARTESIAN_POINT('',(0.,0.03,0.0025));
#5817=CARTESIAN_POINT('',(-0.018,0.03,0.009));
#5818=CARTESIAN_POINT('',(-0.019,0.03,0.009));
#5819=CARTESIAN_POINT('',(-0.019,0.03,0.01));
#5820=CARTESIAN_POINT('',(-0.019,0.03,0.005));
#5821=CARTESIAN_POINT('',(0.,0.03,0.005));
#5822=CARTESIAN_POINT('',(-0.015,0.03,0.005));
#5823=CARTESIAN_POINT('',(-0.015,0.03,0.004));
#5824=CARTESIAN_POINT('',(-0.014,0.03,0.004));
#5825=CARTESIAN_POINT('',(-0.014,0.03,0.0035));
#5826=CARTESIAN_POINT('',(-0.014,0.03,0.002));
#5827=CARTESIAN_POINT('',(-0.0115,0.03,0.002));
#5828=CARTESIAN_POINT('',(-0.009,0.03,0.002));
#5829=CARTESIAN_POINT('',(-0.009,0.03,0.00275));
#5830=CARTESIAN_POINT('',(-0.009,0.03,0.0025));
#5831=CARTESIAN_POINT('',(-0.01,0.03,0.0025));
#5832=CARTESIAN_POINT('',(-0.01,0.03,0.0035));
#5833=CARTESIAN_POINT('',(-0.01,0.03,0.0035));
#5834=CARTESIAN_POINT('',(-0.011,0.03,0.0035));
#5835=CARTESIAN_POINT('',(-0.011,0.03,0.00425));
#5836=CARTESIAN_POINT('',(0.,0.07,0.0025));
#5837=CARTESIAN_POINT('',(-0.019,0.07,0.01));
#5838=CARTESIAN_POINT('',(-0.019,0.07,0.009));
#5839=CARTESIAN_POINT('',(-0.019,0.07,0.005));
#5840=CARTESIAN_POINT('',(-0.018,0.07,0.009));
#5841=CARTESIAN_POINT('',(-0.011,0.07,0.00425));
#5842=CARTESIAN_POINT('',(-0.011,0.07,0.0035));
#5843=CARTESIAN_POINT('',(-0.01,0.07,0.0035));
#5844=CARTESIAN_POINT('',(-0.01,0.07,0.0035));
#5845=CARTESIAN_POINT('',(-0.01,0.07,0.0025));
#5846=CARTESIAN_POINT('',(-0.009,0.07,0.0025));
#5847=CARTESIAN_POINT('',(-0.009,0.07,0.00275));
#5848=CARTESIAN_POINT('',(-0.009,0.07,0.002));
#5849=CARTESIAN_POINT('',(-0.0115,0.07,0.002));
#5850=CARTESIAN_POINT('',(-0.014,0.07,0.002));
#5851=CARTESIAN_POINT('',(-0.014,0.07,0.0035));
#5852=CARTESIAN_POINT('',(-0.014,0.07,0.004));
#5853=CARTESIAN_POINT('',(-0.015,0.07,0.004));
#5854=CARTESIAN_POINT('',(-0.015,0.07,0.005));
#5855=CARTESIAN_POINT('',(1.7347234759768E-18,0.07,0.005));
#5856=CARTESIAN_POINT('',(-0.0165,0.03,0.005));
#5857=CARTESIAN_POINT('',(0.,0.03,0.005));
#5858=CARTESIAN_POINT('',(0.019,0.03,0.005));
#5859=CARTESIAN_POINT('',(0.015,0.03,0.005));
#5860=CARTESIAN_POINT('',(0.015,0.,0.005));
#5861=CARTESIAN_POINT('',(0.015,0.,0.005));
#5862=CARTESIAN_POINT('',(0.0165,0.,0.005));
#5863=CARTESIAN_POINT('',(0.019,0.,0.005));
#5864=CARTESIAN_POINT('',(0.019,0.03,0.005));
#5865=CARTESIAN_POINT('',(-0.0165,0.03,0.005));
#5866=CARTESIAN_POINT('',(-0.0165,0.,0.005));
#5867=CARTESIAN_POINT('',(-0.019,0.,0.005));
#5868=CARTESIAN_POINT('',(-0.015,0.,0.005));
#5869=CARTESIAN_POINT('',(-0.015,0.03,0.005));
#5870=CARTESIAN_POINT('',(-0.019,0.03,0.005));
#5871=CARTESIAN_POINT('',(-0.0165,0.03,0.005));
#5872=CARTESIAN_POINT('',(-0.015,0.03,0.005));
#5873=CARTESIAN_POINT('',(-0.019,0.03,0.005));
#5874=CARTESIAN_POINT('',(-0.0165,0.03,0.005));
#5875=CARTESIAN_POINT('',(0.015,0.07,0.005));
#5876=CARTESIAN_POINT('',(0.015,0.07,0.005));
#5877=CARTESIAN_POINT('',(1.7347234759768E-18,0.07,0.005));
#5878=CARTESIAN_POINT('',(0.019,0.07,0.005));
#5879=CARTESIAN_POINT('',(0.019,0.03,0.005));
#5880=CARTESIAN_POINT('',(-0.011,0.03,0.00425));
#5881=CARTESIAN_POINT('',(-0.011,0.,0.00425));
#5882=CARTESIAN_POINT('',(-0.011,0.,0.0035));
#5883=CARTESIAN_POINT('',(-0.011,0.03,0.0035));
#5884=CARTESIAN_POINT('',(-0.01,0.03,0.0035));
#5885=CARTESIAN_POINT('',(-0.01,0.,0.0035));
#5886=CARTESIAN_POINT('',(-0.01,0.,0.0035));
#5887=CARTESIAN_POINT('',(-0.01,0.,0.0035));
#5888=CARTESIAN_POINT('',(-0.009,0.03,0.00275));
#5889=CARTESIAN_POINT('',(-0.009,0.,0.00275));
#5890=CARTESIAN_POINT('',(-0.009,0.,0.0025));
#5891=CARTESIAN_POINT('',(-0.009,0.,0.002));
#5892=CARTESIAN_POINT('',(-0.009,0.03,0.0025));
#5893=CARTESIAN_POINT('',(-0.009,0.03,0.002));
#5894=CARTESIAN_POINT('',(-0.0115,0.03,0.002));
#5895=CARTESIAN_POINT('',(-0.0115,0.,0.002));
#5896=CARTESIAN_POINT('',(-0.014,0.,0.002));
#5897=CARTESIAN_POINT('',(-0.014,0.03,0.002));
#5898=CARTESIAN_POINT('',(-0.014,0.03,0.0035));
#5899=CARTESIAN_POINT('',(-0.014,0.03,0.004));
#5900=CARTESIAN_POINT('',(-0.014,0.,0.004));
#5901=CARTESIAN_POINT('',(-0.014,0.,0.0035));
#5902=CARTESIAN_POINT('',(-0.019,0.03,0.0025));
#5903=CARTESIAN_POINT('',(-0.019,0.03,0.00382842712474619));
#5904=CARTESIAN_POINT('',(-0.019,0.0695,0.00382842712474619));
#5905=CARTESIAN_POINT('',(-0.019,0.0255,0.00382842712474619));
#5906=CARTESIAN_POINT('',(-0.019,0.0255,0.0025));
#5907=CARTESIAN_POINT('',(-0.019,0.0255,2.43918461970945E-18));
#5908=CARTESIAN_POINT('',(-0.019,0.03,2.43918461970945E-18));
#5909=CARTESIAN_POINT('',(-0.019,0.,2.43918461970945E-18));
#5910=CARTESIAN_POINT('',(-0.019,0.,0.0025));
#5911=CARTESIAN_POINT('',(-0.019,0.03,0.009));
#5912=CARTESIAN_POINT('',(-0.019,0.0695,0.003));
#5913=CARTESIAN_POINT('',(0.0095,0.03,-3.44670175013679E-18));
#5914=CARTESIAN_POINT('',(0.0095,0.0255,-3.44670175013679E-18));
#5915=CARTESIAN_POINT('',(0.019,0.0255,-5.20417042793042E-18));
#5916=CARTESIAN_POINT('',(0.019,0.03,-5.20417042793042E-18));
#5917=CARTESIAN_POINT('',(0.019,0.,-5.20417042793042E-18));
#5918=CARTESIAN_POINT('',(0.0095,0.,-3.44670175013679E-18));
#5919=CARTESIAN_POINT('',(0.019,0.03,0.0025));
#5920=CARTESIAN_POINT('',(0.019,0.0255,0.003));
#5921=CARTESIAN_POINT('',(0.019,0.0255,0.00382842712474619));
#5922=CARTESIAN_POINT('',(0.019,0.0675,0.00382842712474619));
#5923=CARTESIAN_POINT('',(0.019,0.0695,0.00382842712474619));
#5924=CARTESIAN_POINT('',(0.019,0.0695,0.0025));
#5925=CARTESIAN_POINT('',(0.019,0.07,0.01));
#5926=CARTESIAN_POINT('',(0.019,0.07,0.009));
#5927=CARTESIAN_POINT('',(0.019,0.03,0.009));
#5928=CARTESIAN_POINT('',(0.019,0.03,0.009));
#5929=CARTESIAN_POINT('',(0.019,0.03,0.01));
#5930=CARTESIAN_POINT('',(0.019,0.,0.0025));
#5931=CARTESIAN_POINT('',(0.014,0.03,0.0035));
#5932=CARTESIAN_POINT('',(0.014,0.,0.0035));
#5933=CARTESIAN_POINT('',(0.014,0.,0.004));
#5934=CARTESIAN_POINT('',(0.014,0.,0.002));
#5935=CARTESIAN_POINT('',(0.014,0.03,0.004));
#5936=CARTESIAN_POINT('',(0.014,0.03,0.004));
#5937=CARTESIAN_POINT('',(0.014,0.03,0.0035));
#5938=CARTESIAN_POINT('',(0.014,0.03,0.002));
#5939=CARTESIAN_POINT('',(0.014,0.03,0.002));
#5940=CARTESIAN_POINT('',(0.0115,0.03,0.002));
#5941=CARTESIAN_POINT('',(0.0115,0.,0.002));
#5942=CARTESIAN_POINT('',(0.009,0.,0.002));
#5943=CARTESIAN_POINT('',(0.0115,0.03,0.002));
#5944=CARTESIAN_POINT('',(0.009,0.03,0.002));
#5945=CARTESIAN_POINT('',(0.009,0.03,0.002));
#5946=CARTESIAN_POINT('',(0.009,0.03,0.00275));
#5947=CARTESIAN_POINT('',(0.009,0.03,0.00275));
#5948=CARTESIAN_POINT('',(0.009,0.03,0.0025));
#5949=CARTESIAN_POINT('',(0.009,0.03,0.0025));
#5950=CARTESIAN_POINT('',(0.009,0.,0.0025));
#5951=CARTESIAN_POINT('',(0.009,0.,0.00275));
#5952=CARTESIAN_POINT('',(0.01,0.03,0.0035));
#5953=CARTESIAN_POINT('',(0.01,0.,0.0035));
#5954=CARTESIAN_POINT('',(0.011,0.,0.0035));
#5955=CARTESIAN_POINT('',(0.01,0.,0.0035));
#5956=CARTESIAN_POINT('',(0.01,0.03,0.0035));
#5957=CARTESIAN_POINT('',(0.01,0.03,0.0035));
#5958=CARTESIAN_POINT('',(0.01,0.03,0.0035));
#5959=CARTESIAN_POINT('',(0.011,0.03,0.0035));
#5960=CARTESIAN_POINT('',(0.011,0.03,0.0035));
#5961=CARTESIAN_POINT('',(0.011,0.03,0.00425));
#5962=CARTESIAN_POINT('',(0.011,0.,0.00425));
#5963=CARTESIAN_POINT('',(0.011,0.03,0.00425));
#5964=CARTESIAN_POINT('',(0.,0.,0.0025));
#5965=CARTESIAN_POINT('',(-0.015,0.,0.004));
#5966=CARTESIAN_POINT('',(0.015,0.,0.004));
#5967=CARTESIAN_POINT('',(0.01,0.,0.0025));
#5968=CARTESIAN_POINT('',(-0.01,0.,0.0025));
#5969=CARTESIAN_POINT('',(0.,0.03,0.0025));
#5970=CARTESIAN_POINT('',(0.018,0.03,0.009));
#5971=CARTESIAN_POINT('',(0.01,0.03,0.0025));
#5972=CARTESIAN_POINT('',(0.015,0.03,0.004));
#5973=CARTESIAN_POINT('',(0.,0.07,0.0025));
#5974=CARTESIAN_POINT('',(0.018,0.07,0.009));
#5975=CARTESIAN_POINT('',(0.015,0.07,0.004));
#5976=CARTESIAN_POINT('',(0.014,0.07,0.004));
#5977=CARTESIAN_POINT('',(0.014,0.07,0.0035));
#5978=CARTESIAN_POINT('',(0.014,0.07,0.002));
#5979=CARTESIAN_POINT('',(0.0115,0.07,0.002));
#5980=CARTESIAN_POINT('',(0.009,0.07,0.002));
#5981=CARTESIAN_POINT('',(0.009,0.07,0.00275));
#5982=CARTESIAN_POINT('',(0.009,0.07,0.0025));
#5983=CARTESIAN_POINT('',(0.01,0.07,0.0025));
#5984=CARTESIAN_POINT('',(0.01,0.07,0.0035));
#5985=CARTESIAN_POINT('',(0.01,0.07,0.0035));
#5986=CARTESIAN_POINT('',(0.011,0.07,0.0035));
#5987=CARTESIAN_POINT('',(0.011,0.07,0.00425));
#5988=CARTESIAN_POINT('',(-0.011,0.095,0.00425));
#5989=CARTESIAN_POINT('',(-0.011,0.095,0.0035));
#5990=CARTESIAN_POINT('',(-0.01,0.095,0.0035));
#5991=CARTESIAN_POINT('',(-0.01,0.07,0.0035));
#5992=CARTESIAN_POINT('',(-0.009,0.095,0.00275));
#5993=CARTESIAN_POINT('',(-0.009,0.095,0.0025));
#5994=CARTESIAN_POINT('',(-0.009,0.095,0.002));
#5995=CARTESIAN_POINT('',(-0.0115,0.095,0.002));
#5996=CARTESIAN_POINT('',(-0.014,0.095,0.002));
#5997=CARTESIAN_POINT('',(-0.014,0.095,0.0035));
#5998=CARTESIAN_POINT('',(-0.014,0.095,0.004));
#5999=CARTESIAN_POINT('',(0.014,0.095,0.0035));
#6000=CARTESIAN_POINT('',(0.014,0.095,0.004));
#6001=CARTESIAN_POINT('',(0.014,0.095,0.002));
#6002=CARTESIAN_POINT('',(0.0115,0.095,0.002));
#6003=CARTESIAN_POINT('',(0.009,0.095,0.002));
#6004=CARTESIAN_POINT('',(0.009,0.095,0.00275));
#6005=CARTESIAN_POINT('',(0.009,0.095,0.0025));
#6006=CARTESIAN_POINT('',(0.01,0.095,0.0035));
#6007=CARTESIAN_POINT('',(0.01,0.095,0.0035));
#6008=CARTESIAN_POINT('',(0.011,0.095,0.0035));
#6009=CARTESIAN_POINT('',(0.011,0.095,0.00425));
#6010=CARTESIAN_POINT('',(0.01,0.05,0.01));
#6011=CARTESIAN_POINT('',(0.01,0.065,0.01));
#6012=CARTESIAN_POINT('',(0.01,0.065,0.006));
#6013=CARTESIAN_POINT('',(0.01,0.05,0.006));
#6014=CARTESIAN_POINT('',(6.93889390390723E-18,0.035,0.01));
#6015=CARTESIAN_POINT('',(-0.0025,0.035,0.007));
#6016=CARTESIAN_POINT('',(-0.0035,0.035,0.007));
#6017=CARTESIAN_POINT('',(-0.0025,0.035,0.006));
#6018=CARTESIAN_POINT('',(6.93889390390723E-18,0.035,0.006));
#6019=CARTESIAN_POINT('',(-0.01,0.035,0.006));
#6020=CARTESIAN_POINT('',(-0.01,0.035,0.01));
#6021=CARTESIAN_POINT('',(-0.0035,0.035,0.01));
#6022=CARTESIAN_POINT('',(-0.01,0.05,0.01));
#6023=CARTESIAN_POINT('',(-0.01,0.05,0.006));
#6024=CARTESIAN_POINT('',(5.20417042793042E-18,0.065,0.01));
#6025=CARTESIAN_POINT('',(0.0025,0.065,0.007));
#6026=CARTESIAN_POINT('',(0.0035,0.065,0.007));
#6027=CARTESIAN_POINT('',(0.0025,0.065,0.006));
#6028=CARTESIAN_POINT('',(0.01,0.065,0.006));
#6029=CARTESIAN_POINT('',(0.0035,0.065,0.01));
#6030=CARTESIAN_POINT('',(-0.0165,0.03,0.005));
#6031=CARTESIAN_POINT('',(-0.0165,0.036,0.005));
#6032=CARTESIAN_POINT('',(-0.009,0.036,0.005));
#6033=CARTESIAN_POINT('',(0.009,0.036,0.005));
#6034=CARTESIAN_POINT('',(0.009,0.03,0.005));
#6035=CARTESIAN_POINT('',(0.009,0.064,0.005));
#6036=CARTESIAN_POINT('',(-0.01,0.064,0.005));
#6037=CARTESIAN_POINT('',(-0.009,0.064,0.005));
#6038=CARTESIAN_POINT('',(-0.009,0.03,0.005));
#6039=CARTESIAN_POINT('',(0.0035,0.107815641868528,0.008));
#6040=CARTESIAN_POINT('',(0.0035,0.107815641868528,0.007));
#6041=CARTESIAN_POINT('',(-0.0035,0.107815641868528,0.008));
#6042=CARTESIAN_POINT('',(-0.0035,0.072,0.007));
#6043=CARTESIAN_POINT('',(8.67361737988404E-19,0.107815641868528,0.006));
#6044=CARTESIAN_POINT('',(5.69980570678094E-18,0.065,0.006));
#6045=CARTESIAN_POINT('',(0.0025,0.107815641868528,0.006));
#6046=CARTESIAN_POINT('',(1.09039761347114E-17,0.072,0.006));
#6047=CARTESIAN_POINT('',(-0.0025,0.065,0.006));
#6048=CARTESIAN_POINT('',(8.67361737988404E-19,0.107815641868528,0.006));
#6049=CARTESIAN_POINT('',(7.43452918275775E-18,0.035,0.006));
#6050=CARTESIAN_POINT('',(-0.0025,0.028,0.006));
#6051=CARTESIAN_POINT('',(-4.33680868994201E-19,0.028,0.006));
#6052=CARTESIAN_POINT('',(0.0025,0.107815641868528,0.006));
#6053=CARTESIAN_POINT('',(0.0035,0.107815641868528,0.008));
#6054=CARTESIAN_POINT('',(0.0035,0.107815641868528,0.007));
#6055=CARTESIAN_POINT('',(-0.0035,0.107815641868528,0.008));
#6056=CARTESIAN_POINT('',(-0.0035,0.035,0.007));
#6057=CARTESIAN_POINT('',(0.00925,0.015,0.01));
#6058=CARTESIAN_POINT('',(0.00925,0.002,0.006));
#6059=CARTESIAN_POINT('',(0.00925,0.002,0.006));
#6060=CARTESIAN_POINT('',(0.00925,0.002,0.01));
#6061=CARTESIAN_POINT('',(5.20417042793042E-18,0.002,0.01));
#6062=CARTESIAN_POINT('',(-0.00925,0.002,0.006));
#6063=CARTESIAN_POINT('',(-0.00925,0.002,0.006));
#6064=CARTESIAN_POINT('',(-0.00925,0.002,0.01));
#6065=CARTESIAN_POINT('',(-0.00925,0.015,0.01));
#6066=CARTESIAN_POINT('',(-0.00925,0.015,0.006));
#6067=CARTESIAN_POINT('',(3.46944695195361E-18,0.093,0.01));
#6068=CARTESIAN_POINT('',(-0.00925,0.093,0.01));
#6069=CARTESIAN_POINT('',(-0.00925,0.093,0.006));
#6070=CARTESIAN_POINT('',(-0.00825,0.093,0.006));
#6071=CARTESIAN_POINT('',(-0.00825,0.093,0.005));
#6072=CARTESIAN_POINT('',(3.46944695195361E-18,0.093,0.005));
#6073=CARTESIAN_POINT('',(-0.005,0.093,0.005));
#6074=CARTESIAN_POINT('',(-0.005,0.093,0.01));
#6075=CARTESIAN_POINT('',(0.00925,0.0825,0.01));
#6076=CARTESIAN_POINT('',(0.00925,0.072,0.006));
#6077=CARTESIAN_POINT('',(-0.00925,0.0825,0.01));
#6078=CARTESIAN_POINT('',(-0.00925,0.0825,0.006));
#6079=CARTESIAN_POINT('',(-0.0165,0.03,0.005));
#6080=CARTESIAN_POINT('',(0.00925,0.073,0.005));
#6081=CARTESIAN_POINT('',(-0.00825,0.073,0.005));
#6082=CARTESIAN_POINT('',(0.00825,0.073,0.005));
#6083=CARTESIAN_POINT('',(0.00825,0.093,0.005));
#6084=CARTESIAN_POINT('',(0.005,0.03,0.005));
#6085=CARTESIAN_POINT('',(0.005,0.089,0.005));
#6086=CARTESIAN_POINT('',(-0.0165,0.089,0.005));
#6087=CARTESIAN_POINT('',(-0.005,0.089,0.005));
#6088=CARTESIAN_POINT('',(-0.005,0.03,0.005));
#6089=CARTESIAN_POINT('',(-0.00825,0.03,0.005));
#6090=CARTESIAN_POINT('',(-0.0165,0.03,0.005));
#6091=CARTESIAN_POINT('',(-0.00825,0.03,0.005));
#6092=CARTESIAN_POINT('',(-0.00825,0.027,0.005));
#6093=CARTESIAN_POINT('',(-0.00825,0.003,0.005));
#6094=CARTESIAN_POINT('',(0.00925,0.003,0.005));
#6095=CARTESIAN_POINT('',(0.00825,0.003,0.005));
#6096=CARTESIAN_POINT('',(0.00825,0.028,0.005));
#6097=CARTESIAN_POINT('',(0.00825,0.027,0.005));
#6098=CARTESIAN_POINT('',(-0.0165,0.027,0.005));
#6099=CARTESIAN_POINT('',(0.,0.089,0.005));
#6100=CARTESIAN_POINT('',(-8.67361737988404E-19,0.089,0.0035));
#6101=CARTESIAN_POINT('',(0.004,0.089,0.0035));
#6102=CARTESIAN_POINT('',(-0.004,0.089,0.0035));
#6103=CARTESIAN_POINT('',(-0.004,0.089,0.0045));
#6104=CARTESIAN_POINT('',(-0.005,0.089,0.0045));
#6105=CARTESIAN_POINT('',(-0.005,0.089,0.00675));
#6106=CARTESIAN_POINT('',(0.005,0.089,0.00675));
#6107=CARTESIAN_POINT('',(0.005,0.089,0.0045));
#6108=CARTESIAN_POINT('',(0.004,0.089,0.0045));
#6109=CARTESIAN_POINT('',(0.005,0.089,0.00675));
#6110=CARTESIAN_POINT('',(0.005,0.095,0.00623205080756888));
#6111=CARTESIAN_POINT('',(0.005,0.095,0.00588539670161877));
#6112=CARTESIAN_POINT('',(0.005,0.0947328454292371,0.00523216335781923));
#6113=CARTESIAN_POINT('',(0.005,0.0942412977277019,0.00474129893420012));
#6114=CARTESIAN_POINT('',(0.005,0.094,0.0045));
#6115=CARTESIAN_POINT('',(0.005,0.094,0.0045));
#6116=CARTESIAN_POINT('',(0.005,0.089,0.0045));
#6117=CARTESIAN_POINT('',(-8.67361737988404E-19,0.089,0.0035));
#6118=CARTESIAN_POINT('',(-8.67361737988404E-19,0.094,0.0035));
#6119=CARTESIAN_POINT('',(0.004,0.094,0.0035));
#6120=CARTESIAN_POINT('',(-0.004,0.094,0.0035));
#6121=CARTESIAN_POINT('',(-0.004,0.089,0.0035));
#6122=CARTESIAN_POINT('',(0.004,0.095,0.0035));
#6123=CARTESIAN_POINT('',(-0.005,0.089,0.00675));
#6124=CARTESIAN_POINT('',(-0.005,0.095,0.0045));
#6125=CARTESIAN_POINT('',(-0.005,0.094,0.0045));
#6126=CARTESIAN_POINT('',(-0.005,0.095,0.00623205080756888));
#6127=CARTESIAN_POINT('',(-0.005,0.095,0.00588539670161878));
#6128=CARTESIAN_POINT('',(-0.005,0.0947328454292367,0.00523216335781963));
#6129=CARTESIAN_POINT('',(-0.005,0.0942412977277027,0.00474129893419933));
#6130=CARTESIAN_POINT('',(-0.005,0.094,0.0045));
#6131=CARTESIAN_POINT('',(0.018,0.03,0.009));
#6132=CARTESIAN_POINT('',(-0.018,0.0475,0.009));
#6133=CARTESIAN_POINT('',(0.01,0.03,0.0025));
#6134=CARTESIAN_POINT('',(-0.01,0.03,0.0025));
#6135=CARTESIAN_POINT('',(-0.015,0.03,0.004));
#6136=CARTESIAN_POINT('',(0.015,0.03,0.004));
#6137=CARTESIAN_POINT('',(-0.015,0.095,0.004));
#6138=CARTESIAN_POINT('',(0.015,0.03,0.004));
#6139=CARTESIAN_POINT('',(0.00825,0.0825,0.006));
#6140=CARTESIAN_POINT('',(0.00825,0.073,0.006));
#6141=CARTESIAN_POINT('',(-0.00825,0.03,0.006));
#6142=CARTESIAN_POINT('',(-0.00825,0.073,0.006));
#6143=CARTESIAN_POINT('',(1.04083408558608E-17,0.073,0.006));
#6144=CARTESIAN_POINT('',(-0.0165,0.027,0.006));
#6145=CARTESIAN_POINT('',(-0.00825,0.027,0.006));
#6146=CARTESIAN_POINT('',(0.00825,0.027,0.006));
#6147=CARTESIAN_POINT('',(0.00825,0.015,0.006));
#6148=CARTESIAN_POINT('',(0.00825,0.003,0.006));
#6149=CARTESIAN_POINT('',(-0.00825,0.03,0.006));
#6150=CARTESIAN_POINT('',(-0.00825,0.003,0.006));
#6151=CARTESIAN_POINT('',(5.06351717312149E-18,0.003,0.006));
#6152=CARTESIAN_POINT('',(-0.0025,0.107815641868528,0.007));
#6153=CARTESIAN_POINT('',(0.0025,0.107815641868528,0.007));
#6154=CARTESIAN_POINT('',(-0.0165,0.036,0.006));
#6155=CARTESIAN_POINT('',(0.009,0.036,0.006));
#6156=CARTESIAN_POINT('',(-0.009,0.036,0.006));
#6157=CARTESIAN_POINT('',(-0.009,0.03,0.006));
#6158=CARTESIAN_POINT('',(-0.009,0.064,0.006));
#6159=CARTESIAN_POINT('',(0.009,0.03,0.006));
#6160=CARTESIAN_POINT('',(0.009,0.064,0.006));
#6161=CARTESIAN_POINT('',(5.20417042793042E-18,0.064,0.006));
#6162=CARTESIAN_POINT('',(0.0025,0.107815641868528,0.007));
#6163=CARTESIAN_POINT('',(-0.0025,0.107815641868528,0.007));
#6164=CARTESIAN_POINT('',(-0.004,0.089,0.0045));
#6165=CARTESIAN_POINT('',(-0.004,0.094,0.0045));
#6166=CARTESIAN_POINT('',(-0.004,0.094,0.0045));
#6167=CARTESIAN_POINT('',(-0.004,0.094,0.0025));
#6168=CARTESIAN_POINT('',(0.004,0.089,0.0045));
#6169=CARTESIAN_POINT('',(0.004,0.094,0.0045));
#6170=CARTESIAN_POINT('',(-9.54097911787244E-19,0.094,0.0025));
#6171=CARTESIAN_POINT('',(0.004,0.094,0.0025));
#6172=CARTESIAN_POINT('',(0.004,0.094,0.0045));
#6173=CARTESIAN_POINT('',(-0.01,0.095,0.0025));
#6174=CARTESIAN_POINT('',(0.01,0.095,0.0025));
#6175=CARTESIAN_POINT('',(-3.0663188534999E-34,0.0475,-1.48473962685471E-18));
#6176=CARTESIAN_POINT('',(-6.93889390390723E-18,0.0675,-1.48473962685471E-18));
#6177=CARTESIAN_POINT('',(0.045,0.0675,-1.07782444213488E-17));
#6178=CARTESIAN_POINT('',(0.0228284271247462,0.0675,-6.19931955873442E-18));
#6179=CARTESIAN_POINT('',(0.0228284271247462,0.0275,-6.19931955873442E-18));
#6180=CARTESIAN_POINT('',(0.0228284271247462,0.0275,-6.19931955873442E-18));
#6181=CARTESIAN_POINT('',(1.04083408558608E-17,0.0275,-1.48473962685471E-18));
#6182=CARTESIAN_POINT('',(0.045,0.0275,-1.07782444213488E-17));
#6183=CARTESIAN_POINT('',(0.045,0.0475,-1.07782444213488E-17));
#6184=CARTESIAN_POINT('',(0.045,0.0475,-0.004));
#6185=CARTESIAN_POINT('',(0.045,0.0275,-0.004));
#6186=CARTESIAN_POINT('',(0.045,0.0275,-0.015));
#6187=CARTESIAN_POINT('',(0.045,0.0475,-0.015));
#6188=CARTESIAN_POINT('',(0.045,0.0675,-0.015));
#6189=CARTESIAN_POINT('',(0.045,0.0675,-0.004));
#6190=CARTESIAN_POINT('',(9.5822515407947E-18,0.0275,-0.004));
#6191=CARTESIAN_POINT('',(9.99529619832777E-18,0.0275,-0.002));
#6192=CARTESIAN_POINT('',(0.021,0.0275,-0.002));
#6193=CARTESIAN_POINT('',(-0.021,0.0275,-0.002));
#6194=CARTESIAN_POINT('',(-0.021,0.0275,-0.004));
#6195=CARTESIAN_POINT('',(-0.021,0.0275,0.001));
#6196=CARTESIAN_POINT('',(-0.013,0.0275,0.009));
#6197=CARTESIAN_POINT('',(-0.0214142135623731,0.0275,0.000585786437626908));
#6198=CARTESIAN_POINT('',(-0.0228284271247462,0.0275,0.002));
#6199=CARTESIAN_POINT('',(-0.0228284271247462,0.0275,3.229840305025E-18));
#6200=CARTESIAN_POINT('',(1.04083408558608E-17,0.0275,-1.48473962685471E-18));
#6201=CARTESIAN_POINT('',(-0.045,0.0275,7.80876516763935E-18));
#6202=CARTESIAN_POINT('',(-0.045,0.0275,-0.004));
#6203=CARTESIAN_POINT('',(-0.045,0.0275,-0.015));
#6204=CARTESIAN_POINT('',(7.31050592436282E-18,0.0275,-0.015));
#6205=CARTESIAN_POINT('',(-0.039,0.0275,-0.015));
#6206=CARTESIAN_POINT('',(-0.039,0.0275,-0.0145));
#6207=CARTESIAN_POINT('',(-0.039,0.0275,-0.0145));
#6208=CARTESIAN_POINT('',(-0.0395,0.0275,-0.0145));
#6209=CARTESIAN_POINT('',(-0.0395,0.0275,-0.014));
#6210=CARTESIAN_POINT('',(-0.0247500000000003,0.0275,-0.02875));
#6211=CARTESIAN_POINT('',(-0.04,0.0275,-0.0135));
#6212=CARTESIAN_POINT('',(-0.04,0.0275,-0.015));
#6213=CARTESIAN_POINT('',(0.04,0.0275,-0.015));
#6214=CARTESIAN_POINT('',(0.04,0.0275,-0.0135));
#6215=CARTESIAN_POINT('',(0.0247499999999998,0.0275,-0.02875));
#6216=CARTESIAN_POINT('',(0.0395,0.0275,-0.014));
#6217=CARTESIAN_POINT('',(0.0395,0.0275,-0.0145));
#6218=CARTESIAN_POINT('',(0.039,0.0275,-0.0145));
#6219=CARTESIAN_POINT('',(0.039,0.0275,-0.0145));
#6220=CARTESIAN_POINT('',(0.039,0.0275,-0.015));
#6221=CARTESIAN_POINT('',(7.31050592436282E-18,0.0275,-0.015));
#6222=CARTESIAN_POINT('',(0.0228284271247462,0.0275,0.002));
#6223=CARTESIAN_POINT('',(0.0214142135623731,0.0275,0.000585786437626903));
#6224=CARTESIAN_POINT('',(0.013,0.0275,0.009));
#6225=CARTESIAN_POINT('',(0.021,0.0275,0.000999999999999989));
#6226=CARTESIAN_POINT('',(0.021,0.0275,-6.50521303491303E-18));
#6227=CARTESIAN_POINT('',(-0.045,0.0475,-0.004));
#6228=CARTESIAN_POINT('',(-0.045,0.0475,7.80876516763935E-18));
#6229=CARTESIAN_POINT('',(-0.045,0.0675,7.80876516763935E-18));
#6230=CARTESIAN_POINT('',(-0.045,0.0675,-0.004));
#6231=CARTESIAN_POINT('',(-0.045,0.0675,-0.015));
#6232=CARTESIAN_POINT('',(-0.045,0.0475,-0.015));
#6233=CARTESIAN_POINT('',(-7.76498321897337E-18,0.0675,-0.004));
#6234=CARTESIAN_POINT('',(-0.021,0.0675,3.90312782094781E-18));
#6235=CARTESIAN_POINT('',(-0.021,0.0675,0.001));
#6236=CARTESIAN_POINT('',(-0.021,0.0675,-0.002));
#6237=CARTESIAN_POINT('',(0.021,0.0675,-0.002));
#6238=CARTESIAN_POINT('',(0.021,0.0675,-0.002));
#6239=CARTESIAN_POINT('',(0.021,0.0675,-0.004));
#6240=CARTESIAN_POINT('',(0.021,0.0675,0.001));
#6241=CARTESIAN_POINT('',(0.022,0.0675,-6.02823085971847E-18));
#6242=CARTESIAN_POINT('',(0.0214142135623731,0.0675,0.000585786437626903));
#6243=CARTESIAN_POINT('',(0.0228284271247462,0.0675,0.002));
#6244=CARTESIAN_POINT('',(-1.00367288354052E-17,0.0675,-0.015));
#6245=CARTESIAN_POINT('',(0.039,0.0675,-0.015));
#6246=CARTESIAN_POINT('',(0.039,0.0675,-0.0145));
#6247=CARTESIAN_POINT('',(0.039,0.0675,-0.0145));
#6248=CARTESIAN_POINT('',(0.0395,0.0675,-0.0145));
#6249=CARTESIAN_POINT('',(0.0395,0.0675,-0.014));
#6250=CARTESIAN_POINT('',(0.04,0.0675,-0.0135));
#6251=CARTESIAN_POINT('',(0.04,0.0675,-0.0135));
#6252=CARTESIAN_POINT('',(0.04,0.0675,-0.015));
#6253=CARTESIAN_POINT('',(-0.04,0.0675,-0.015));
#6254=CARTESIAN_POINT('',(-0.04,0.0675,-0.0135));
#6255=CARTESIAN_POINT('',(-0.0395,0.0675,-0.014));
#6256=CARTESIAN_POINT('',(-0.0395,0.0675,-0.014));
#6257=CARTESIAN_POINT('',(-0.0395,0.0675,-0.0145));
#6258=CARTESIAN_POINT('',(-0.039,0.0675,-0.0145));
#6259=CARTESIAN_POINT('',(-0.039,0.0675,-0.0145));
#6260=CARTESIAN_POINT('',(-0.039,0.0675,-0.015));
#6261=CARTESIAN_POINT('',(-1.00367288354052E-17,0.0675,-0.015));
#6262=CARTESIAN_POINT('',(-6.93889390390723E-18,0.0675,-1.48473962685471E-18));
#6263=CARTESIAN_POINT('',(-0.0228284271247462,0.0675,3.229840305025E-18));
#6264=CARTESIAN_POINT('',(-0.0228284271247462,0.0675,0.002));
#6265=CARTESIAN_POINT('',(-0.0214142135623731,0.0675,0.000585786437626907));
#6266=CARTESIAN_POINT('',(-0.019,0.0675,0.003));
#6267=CARTESIAN_POINT('',(-3.0663188534999E-34,0.0475,-1.48473962685471E-18));
#6268=CARTESIAN_POINT('',(-0.0228284271247462,0.0675,3.229840305025E-18));
#6269=CARTESIAN_POINT('',(-0.04,0.0475,-0.015));
#6270=CARTESIAN_POINT('',(-0.04,0.0675,-0.0135));
#6271=CARTESIAN_POINT('',(-3.09783493149802E-18,0.0475,-0.015));
#6272=CARTESIAN_POINT('',(-0.039,0.0675,-0.015));
#6273=CARTESIAN_POINT('',(0.04,0.0475,-0.015));
#6274=CARTESIAN_POINT('',(0.04,0.0275,-0.0135));
#6275=CARTESIAN_POINT('',(-3.09783493149802E-18,0.0475,-0.015));
#6276=CARTESIAN_POINT('',(0.039,0.0675,-0.015));
#6277=CARTESIAN_POINT('',(0.039,0.0675,-0.0145));
#6278=CARTESIAN_POINT('',(0.039,0.0675,-0.0145));
#6279=CARTESIAN_POINT('',(-0.039,0.0675,-0.0145));
#6280=CARTESIAN_POINT('',(-0.039,0.0675,-0.0145));
#6281=CARTESIAN_POINT('',(-0.0395,0.0675,-0.014));
#6282=CARTESIAN_POINT('',(-0.0395,0.0275,-0.014));
#6283=CARTESIAN_POINT('',(0.04,0.0475,-0.0135));
#6284=CARTESIAN_POINT('',(0.0395,0.0675,-0.014));
#6285=CARTESIAN_POINT('',(-0.0395,0.0675,-0.0145));
#6286=CARTESIAN_POINT('',(0.0395,0.0675,-0.0145));
#6287=CARTESIAN_POINT('',(-0.019,0.03,0.003));
#6288=CARTESIAN_POINT('',(-0.0214142135623731,0.0275,0.000585786437626906));
#6289=CARTESIAN_POINT('',(-0.021,0.0255,0.001));
#6290=CARTESIAN_POINT('',(-0.0195857864376269,0.0269142135623731,0.0024142135623731));
#6291=CARTESIAN_POINT('',(-0.0195857864376269,0.03,0.0024142135623731));
#6292=CARTESIAN_POINT('',(-0.0195857864376269,0.0680857864376269,0.0024142135623731));
#6293=CARTESIAN_POINT('',(-0.021,0.0695,0.001));
#6294=CARTESIAN_POINT('',(0.022,0.0475,-6.02823085971847E-18));
#6295=CARTESIAN_POINT('',(0.0214142135623731,0.0675,0.000585786437626902));
#6296=CARTESIAN_POINT('',(0.021,0.0695,0.001));
#6297=CARTESIAN_POINT('',(0.0195857864376269,0.0680857864376269,0.00241421356237309));
#6298=CARTESIAN_POINT('',(0.0195857864376269,0.0275,0.00241421356237309));
#6299=CARTESIAN_POINT('',(0.0195857864376269,0.0269142135623731,0.00241421356237309));
#6300=CARTESIAN_POINT('',(0.021,0.0255,0.001));
#6301=CARTESIAN_POINT('',(0.021,0.0695,0.0025));
#6302=CARTESIAN_POINT('',(0.021,0.0695,-0.002));
#6303=CARTESIAN_POINT('',(0.021,0.0695,0.00382842712474619));
#6304=CARTESIAN_POINT('',(0.021,0.03,0.00382842712474619));
#6305=CARTESIAN_POINT('',(0.021,0.0255,0.00382842712474619));
#6306=CARTESIAN_POINT('',(0.021,0.0255,0.0025));
#6307=CARTESIAN_POINT('',(0.021,0.0255,-0.002));
#6308=CARTESIAN_POINT('',(-0.021,0.0695,0.0025));
#6309=CARTESIAN_POINT('',(-0.021,0.0695,0.0038284271247462));
#6310=CARTESIAN_POINT('',(-0.021,0.0695,-0.002));
#6311=CARTESIAN_POINT('',(-0.021,0.03,0.0038284271247462));
#6312=CARTESIAN_POINT('',(-0.021,0.0255,0.0038284271247462));
#6313=CARTESIAN_POINT('',(-0.021,0.0255,0.0025));
#6314=CARTESIAN_POINT('',(-0.021,0.0255,-0.002));
#6315=CARTESIAN_POINT('',(0.0228284271247462,0.0475,0.002));
#6316=CARTESIAN_POINT('',(-0.0228284271247462,0.0475,0.002));
#6317=CARTESIAN_POINT('',(0.0095,0.0695,-0.002));
#6318=CARTESIAN_POINT('',(1.02265926617913E-17,0.0255,-0.002));
#6319=CARTESIAN_POINT('',(-0.00751641115628708,0.000501425885413638,0.0126730148931409));
#6320=CARTESIAN_POINT('',(-0.01725,0.095,0.003));
#6321=CARTESIAN_POINT('',(-0.01725,0.03,0.003));
#6322=CARTESIAN_POINT('',(-0.0195,0.03,0.003));
#6323=CARTESIAN_POINT('',(-0.019,0.03,0.003));
#6324=CARTESIAN_POINT('',(-0.0195,0.095,0.003));
#6325=CARTESIAN_POINT('',(-0.0195,0.095,0.003));
#6326=CARTESIAN_POINT('',(-0.01725,0.095,0.003));
#6327=CARTESIAN_POINT('',(-0.015,0.095,0.003));
#6328=CARTESIAN_POINT('',(-0.015,0.07,0.003));
#6329=CARTESIAN_POINT('',(-0.015,0.071,0.003));
#6330=CARTESIAN_POINT('',(-0.019,0.071,0.003));
#6331=CARTESIAN_POINT('',(-0.019,0.071,0.003));
#6332=CARTESIAN_POINT('',(-0.019,0.095,0.003));
#6333=CARTESIAN_POINT('',(-0.011,0.095,0.0055));
#6334=CARTESIAN_POINT('',(-0.011,0.069,0.007));
#6335=CARTESIAN_POINT('',(-0.011,0.071,0.007));
#6336=CARTESIAN_POINT('',(-0.011,0.069,0.009));
#6337=CARTESIAN_POINT('',(-0.011,0.071,0.0015));
#6338=CARTESIAN_POINT('',(-0.011,0.071,0.0015));
#6339=CARTESIAN_POINT('',(-0.011,0.095,0.0015));
#6340=CARTESIAN_POINT('',(-0.011,0.095,0.0015));
#6341=CARTESIAN_POINT('',(-0.011,0.095,0.0055));
#6342=CARTESIAN_POINT('',(-0.011,0.095,0.0095));
#6343=CARTESIAN_POINT('',(-0.011,0.095,0.0095));
#6344=CARTESIAN_POINT('',(-0.011,0.03,0.0095));
#6345=CARTESIAN_POINT('',(-0.011,0.03,0.0055));
#6346=CARTESIAN_POINT('',(-0.011,0.03,0.009));
#6347=CARTESIAN_POINT('',(-0.011,0.07,0.009));
#6348=CARTESIAN_POINT('',(0.011,0.095,0.0055));
#6349=CARTESIAN_POINT('',(0.011,0.095,0.0015));
#6350=CARTESIAN_POINT('',(0.011,0.095,0.0015));
#6351=CARTESIAN_POINT('',(0.011,0.071,0.0015));
#6352=CARTESIAN_POINT('',(0.011,0.071,0.0055));
#6353=CARTESIAN_POINT('',(0.011,0.071,0.007));
#6354=CARTESIAN_POINT('',(0.011,0.069,0.007));
#6355=CARTESIAN_POINT('',(0.011,0.069,0.009));
#6356=CARTESIAN_POINT('',(0.011,0.095,0.009));
#6357=CARTESIAN_POINT('',(0.011,0.03,0.009));
#6358=CARTESIAN_POINT('',(0.011,0.03,0.0055));
#6359=CARTESIAN_POINT('',(0.011,0.03,0.0095));
#6360=CARTESIAN_POINT('',(0.011,0.095,0.0095));
#6361=CARTESIAN_POINT('',(0.011,0.095,0.0095));
#6362=CARTESIAN_POINT('',(0.011,0.095,0.0055));
#6363=CARTESIAN_POINT('',(0.01725,0.095,0.003));
#6364=CARTESIAN_POINT('',(0.01725,0.095,0.003));
#6365=CARTESIAN_POINT('',(0.015,0.095,0.003));
#6366=CARTESIAN_POINT('',(0.0195,0.095,0.003));
#6367=CARTESIAN_POINT('',(0.0195,0.03,0.003));
#6368=CARTESIAN_POINT('',(0.0195,0.03,0.003));
#6369=CARTESIAN_POINT('',(0.01725,0.03,0.003));
#6370=CARTESIAN_POINT('',(0.019,0.03,0.003));
#6371=CARTESIAN_POINT('',(0.019,0.095,0.003));
#6372=CARTESIAN_POINT('',(0.019,0.071,0.003));
#6373=CARTESIAN_POINT('',(0.01725,0.071,0.003));
#6374=CARTESIAN_POINT('',(0.015,0.071,0.003));
#6375=CARTESIAN_POINT('',(0.015,0.095,0.003));
#6376=CARTESIAN_POINT('',(0.0205,0.095,0.0085));
#6377=CARTESIAN_POINT('',(0.0205,0.03,0.0085));
#6378=CARTESIAN_POINT('',(0.0205,0.03,0.004));
#6379=CARTESIAN_POINT('',(0.0205,0.03,0.013));
#6380=CARTESIAN_POINT('',(0.0205,0.095,0.004));
#6381=CARTESIAN_POINT('',(0.0205,0.095,0.004));
#6382=CARTESIAN_POINT('',(0.0205,0.095,0.0085));
#6383=CARTESIAN_POINT('',(0.0205,0.095,0.013));
#6384=CARTESIAN_POINT('',(0.0205,0.03,0.013));
#6385=CARTESIAN_POINT('',(-3.46944695195361E-18,0.095,0.014));
#6386=CARTESIAN_POINT('',(-3.46944695195361E-18,0.095,0.014));
#6387=CARTESIAN_POINT('',(0.0195,0.095,0.014));
#6388=CARTESIAN_POINT('',(-0.0195,0.095,0.014));
#6389=CARTESIAN_POINT('',(-0.0195,0.095,0.014));
#6390=CARTESIAN_POINT('',(-0.0195,0.03,0.014));
#6391=CARTESIAN_POINT('',(-3.46944695195361E-18,0.03,0.014));
#6392=CARTESIAN_POINT('',(0.0195,0.03,0.014));
#6393=CARTESIAN_POINT('',(0.0195,0.095,0.014));
#6394=CARTESIAN_POINT('',(-0.0205,0.095,0.0085));
#6395=CARTESIAN_POINT('',(-0.0205,0.095,0.0085));
#6396=CARTESIAN_POINT('',(-0.0205,0.095,0.013));
#6397=CARTESIAN_POINT('',(-0.0205,0.095,0.004));
#6398=CARTESIAN_POINT('',(-0.0205,0.03,0.004));
#6399=CARTESIAN_POINT('',(-0.0205,0.03,0.004));
#6400=CARTESIAN_POINT('',(-0.0205,0.03,0.0085));
#6401=CARTESIAN_POINT('',(-0.0205,0.03,0.013));
#6402=CARTESIAN_POINT('',(-0.0205,0.095,0.013));
#6403=CARTESIAN_POINT('',(0.,0.095,0.0095));
#6404=CARTESIAN_POINT('',(0.,0.03,0.0095));
#6405=CARTESIAN_POINT('',(0.,0.095,0.0095));
#6406=CARTESIAN_POINT('',(-0.0115,0.095,-8.67361737988404E-19));
#6407=CARTESIAN_POINT('',(-0.009,0.095,2.16840434497101E-19));
#6408=CARTESIAN_POINT('',(-0.009,0.095,2.16840434497101E-19));
#6409=CARTESIAN_POINT('',(-0.009,0.07,-8.67361737988404E-19));
#6410=CARTESIAN_POINT('',(-0.0165,0.07,-8.67361737988404E-19));
#6411=CARTESIAN_POINT('',(-0.014,0.07,-8.67361737988404E-19));
#6412=CARTESIAN_POINT('',(-0.014,0.095,-8.67361737988404E-19));
#6413=CARTESIAN_POINT('',(-0.014,0.095,-8.67361737988404E-19));
#6414=CARTESIAN_POINT('',(-0.0115,0.095,-8.67361737988404E-19));
#6415=CARTESIAN_POINT('',(0.0115,0.095,-8.67361737988404E-19));
#6416=CARTESIAN_POINT('',(0.014,0.095,-8.67361737988404E-19));
#6417=CARTESIAN_POINT('',(0.014,0.095,-8.67361737988404E-19));
#6418=CARTESIAN_POINT('',(0.014,0.07,-8.67361737988404E-19));
#6419=CARTESIAN_POINT('',(-0.0165,0.07,-8.67361737988404E-19));
#6420=CARTESIAN_POINT('',(0.009,0.07,-8.67361737988404E-19));
#6421=CARTESIAN_POINT('',(0.009,0.095,2.16840434497101E-19));
#6422=CARTESIAN_POINT('',(0.009,0.095,2.16840434497101E-19));
#6423=CARTESIAN_POINT('',(0.0115,0.095,-8.67361737988404E-19));
#6424=CARTESIAN_POINT('',(-0.014,0.095,0.0015));
#6425=CARTESIAN_POINT('',(-0.014,0.07,0.0015));
#6426=CARTESIAN_POINT('',(-0.014,0.07,0.000267949192431124));
#6427=CARTESIAN_POINT('',(-0.014,0.07,0.000267949192431124));
#6428=CARTESIAN_POINT('',(-0.014,0.07,0.000614603298381225));
#6429=CARTESIAN_POINT('',(-0.014,0.0702671545707659,0.00126783664217776));
#6430=CARTESIAN_POINT('',(-0.014,0.0707587022722921,0.00175870106580588));
#6431=CARTESIAN_POINT('',(-0.014,0.071,0.002));
#6432=CARTESIAN_POINT('',(-0.014,0.071,0.002));
#6433=CARTESIAN_POINT('',(-0.014,0.095,0.002));
#6434=CARTESIAN_POINT('',(-0.014,0.095,0.002));
#6435=CARTESIAN_POINT('',(-0.014,0.095,0.0015));
#6436=CARTESIAN_POINT('',(-0.009,0.095,0.00075));
#6437=CARTESIAN_POINT('',(-0.009,0.095,0.00075));
#6438=CARTESIAN_POINT('',(-0.009,0.095,0.0005));
#6439=CARTESIAN_POINT('',(-0.009,0.095,0.0005));
#6440=CARTESIAN_POINT('',(-0.009,0.07,0.0005));
#6441=CARTESIAN_POINT('',(-0.009,0.07,0.00075));
#6442=CARTESIAN_POINT('',(-0.01,0.095,0.0015));
#6443=CARTESIAN_POINT('',(-0.01,0.07,0.0015));
#6444=CARTESIAN_POINT('',(-0.01,0.07,0.0015));
#6445=CARTESIAN_POINT('',(-0.012,0.07,0.0015));
#6446=CARTESIAN_POINT('',(-0.01,0.095,0.0015));
#6447=CARTESIAN_POINT('',(-0.01,0.095,0.0015));
#6448=CARTESIAN_POINT('',(-0.01,0.095,0.0015));
#6449=CARTESIAN_POINT('',(-0.012,0.071,0.0015));
#6450=CARTESIAN_POINT('',(0.01,0.095,0.0015));
#6451=CARTESIAN_POINT('',(0.01,0.095,0.0015));
#6452=CARTESIAN_POINT('',(0.01,0.095,0.0015));
#6453=CARTESIAN_POINT('',(0.01,0.095,0.0015));
#6454=CARTESIAN_POINT('',(0.01,0.07,0.0015));
#6455=CARTESIAN_POINT('',(0.01,0.07,0.0015));
#6456=CARTESIAN_POINT('',(0.012,0.07,0.0015));
#6457=CARTESIAN_POINT('',(0.012,0.071,0.0015));
#6458=CARTESIAN_POINT('',(0.009,0.095,0.00075));
#6459=CARTESIAN_POINT('',(0.009,0.07,0.00075));
#6460=CARTESIAN_POINT('',(0.009,0.07,0.0005));
#6461=CARTESIAN_POINT('',(0.009,0.095,0.0005));
#6462=CARTESIAN_POINT('',(0.009,0.095,0.0005));
#6463=CARTESIAN_POINT('',(0.009,0.095,0.00075));
#6464=CARTESIAN_POINT('',(0.014,0.095,0.0015));
#6465=CARTESIAN_POINT('',(0.014,0.07,0.002));
#6466=CARTESIAN_POINT('',(0.014,0.095,0.002));
#6467=CARTESIAN_POINT('',(0.014,0.071,0.002));
#6468=CARTESIAN_POINT('',(0.014,0.07,0.000267949192431124));
#6469=CARTESIAN_POINT('',(0.014,0.07,0.000614603298381225));
#6470=CARTESIAN_POINT('',(0.014,0.0702671545707659,0.00126783664217776));
#6471=CARTESIAN_POINT('',(0.014,0.0707587022722921,0.00175870106580588));
#6472=CARTESIAN_POINT('',(0.014,0.071,0.002));
#6473=CARTESIAN_POINT('',(0.014,0.07,0.000267949192431124));
#6474=CARTESIAN_POINT('',(0.014,0.07,0.0015));
#6475=CARTESIAN_POINT('',(0.014,0.095,0.0015));
#6476=CARTESIAN_POINT('',(-3.46944695195361E-18,0.095,0.007));
#6477=CARTESIAN_POINT('',(0.0195,0.095,0.004));
#6478=CARTESIAN_POINT('',(0.015,0.095,0.002));
#6479=CARTESIAN_POINT('',(0.01,0.095,0.0005));
#6480=CARTESIAN_POINT('',(-0.01,0.095,0.0005));
#6481=CARTESIAN_POINT('',(-0.015,0.095,0.002));
#6482=CARTESIAN_POINT('',(-0.0195,0.095,0.004));
#6483=CARTESIAN_POINT('',(-0.0195,0.095,0.013));
#6484=CARTESIAN_POINT('',(0.0195,0.095,0.013));
#6485=CARTESIAN_POINT('',(0.019,0.05,0.008));
#6486=CARTESIAN_POINT('',(0.019,0.03,0.008));
#6487=CARTESIAN_POINT('',(0.019,0.03,0.007));
#6488=CARTESIAN_POINT('',(0.019,0.05,0.007));
#6489=CARTESIAN_POINT('',(0.019,0.07,0.007));
#6490=CARTESIAN_POINT('',(0.019,0.07,0.008));
#6491=CARTESIAN_POINT('',(0.019,0.07,0.004));
#6492=CARTESIAN_POINT('',(0.019,0.071,0.004));
#6493=CARTESIAN_POINT('',(-0.0165,0.07,0.008));
#6494=CARTESIAN_POINT('',(0.011,0.07,0.007));
#6495=CARTESIAN_POINT('',(0.012,0.07,0.007));
#6496=CARTESIAN_POINT('',(0.012,0.07,0.008));
#6497=CARTESIAN_POINT('',(0.01,0.07,0.0005));
#6498=CARTESIAN_POINT('',(0.015,0.07,0.002));
#6499=CARTESIAN_POINT('',(0.015,0.07,0.004));
#6500=CARTESIAN_POINT('',(-0.0165,0.07,0.004));
#6501=CARTESIAN_POINT('',(0.,0.0475,0.008));
#6502=CARTESIAN_POINT('',(-0.0165,0.03,0.008));
#6503=CARTESIAN_POINT('',(0.012,0.03,0.008));
#6504=CARTESIAN_POINT('',(0.018,0.03,0.008));
#6505=CARTESIAN_POINT('',(0.012,0.0475,0.008));
#6506=CARTESIAN_POINT('',(0.012,0.069,0.008));
#6507=CARTESIAN_POINT('',(0.019,0.069,0.008));
#6508=CARTESIAN_POINT('',(0.018,0.069,0.008));
#6509=CARTESIAN_POINT('',(0.018,0.0475,0.008));
#6510=CARTESIAN_POINT('',(-0.019,0.05,0.008));
#6511=CARTESIAN_POINT('',(-0.019,0.07,0.008));
#6512=CARTESIAN_POINT('',(-0.019,0.07,0.007));
#6513=CARTESIAN_POINT('',(-0.019,0.07,0.004));
#6514=CARTESIAN_POINT('',(-0.019,0.03,0.007));
#6515=CARTESIAN_POINT('',(-0.019,0.03,0.007));
#6516=CARTESIAN_POINT('',(-0.019,0.03,0.008));
#6517=CARTESIAN_POINT('',(-0.019,0.071,0.004));
#6518=CARTESIAN_POINT('',(0.,0.0475,0.008));
#6519=CARTESIAN_POINT('',(-0.0165,0.03,0.008));
#6520=CARTESIAN_POINT('',(-0.018,0.03,0.008));
#6521=CARTESIAN_POINT('',(-0.012,0.03,0.008));
#6522=CARTESIAN_POINT('',(-0.018,0.07,0.008));
#6523=CARTESIAN_POINT('',(-0.018,0.069,0.008));
#6524=CARTESIAN_POINT('',(-0.011,0.069,0.008));
#6525=CARTESIAN_POINT('',(-0.012,0.069,0.008));
#6526=CARTESIAN_POINT('',(-0.012,0.03,0.008));
#6527=CARTESIAN_POINT('',(-0.0165,0.07,0.008));
#6528=CARTESIAN_POINT('',(-0.012,0.07,0.008));
#6529=CARTESIAN_POINT('',(-0.012,0.07,0.007));
#6530=CARTESIAN_POINT('',(-0.019,0.07,0.007));
#6531=CARTESIAN_POINT('',(-0.014,0.07,0.004));
#6532=CARTESIAN_POINT('',(-0.015,0.07,0.004));
#6533=CARTESIAN_POINT('',(-0.015,0.07,0.002));
#6534=CARTESIAN_POINT('',(-0.01,0.07,0.0005));
#6535=CARTESIAN_POINT('',(0.,0.03,0.));
#6536=CARTESIAN_POINT('',(-0.012,0.03,0.009));
#6537=CARTESIAN_POINT('',(0.012,0.03,0.009));
#6538=CARTESIAN_POINT('',(0.018,0.03,0.007));
#6539=CARTESIAN_POINT('',(0.0195,0.03,0.004));
#6540=CARTESIAN_POINT('',(0.0195,0.03,0.013));
#6541=CARTESIAN_POINT('',(-0.0195,0.03,0.013));
#6542=CARTESIAN_POINT('',(-0.0195,0.03,0.004));
#6543=CARTESIAN_POINT('',(-0.018,0.03,0.007));
#6544=CARTESIAN_POINT('',(-0.012,0.0475,0.009));
#6545=CARTESIAN_POINT('',(-0.012,0.069,0.009));
#6546=CARTESIAN_POINT('',(-0.012,0.071,0.008));
#6547=CARTESIAN_POINT('',(-0.012,0.071,0.007));
#6548=CARTESIAN_POINT('',(-0.012,0.069,0.007));
#6549=CARTESIAN_POINT('',(-0.012,0.069,0.007));
#6550=CARTESIAN_POINT('',(-0.018,0.05,0.007));
#6551=CARTESIAN_POINT('',(-0.018,0.069,0.007));
#6552=CARTESIAN_POINT('',(-0.0165,0.069,0.007));
#6553=CARTESIAN_POINT('',(-0.015,0.095,0.002));
#6554=CARTESIAN_POINT('',(-0.015,0.071,0.002));
#6555=CARTESIAN_POINT('',(-0.015,0.071,0.002));
#6556=CARTESIAN_POINT('',(-0.015,0.071,0.004));
#6557=CARTESIAN_POINT('',(-0.0165,0.071,0.004));
#6558=CARTESIAN_POINT('',(0.012,0.071,0.0055));
#6559=CARTESIAN_POINT('',(0.012,0.071,0.007));
#6560=CARTESIAN_POINT('',(0.012,0.095,0.009));
#6561=CARTESIAN_POINT('',(0.012,0.069,0.009));
#6562=CARTESIAN_POINT('',(0.018,0.0475,0.007));
#6563=CARTESIAN_POINT('',(0.018,0.069,0.007));
#6564=CARTESIAN_POINT('',(0.012,0.069,0.007));
#6565=CARTESIAN_POINT('',(0.012,0.069,0.007));
#6566=CARTESIAN_POINT('',(-0.0165,0.069,0.007));
#6567=CARTESIAN_POINT('',(0.015,0.095,0.002));
#6568=CARTESIAN_POINT('',(0.015,0.071,0.002));
#6569=CARTESIAN_POINT('',(0.015,0.071,0.002));
#6570=CARTESIAN_POINT('',(0.015,0.071,0.004));
#6571=CARTESIAN_POINT('',(0.01725,0.071,0.004));
#6572=CARTESIAN_POINT('',(0.0195,0.095,0.004));
#6573=CARTESIAN_POINT('',(-0.0195,0.095,0.004));
#6574=CARTESIAN_POINT('',(-0.0195,0.095,0.013));
#6575=CARTESIAN_POINT('',(0.0195,0.095,0.013));
#6576=CARTESIAN_POINT('',(0.01,0.095,0.0005));
#6577=CARTESIAN_POINT('',(-0.01,0.095,0.0005));
#6578=CARTESIAN_POINT('',(-0.00751641115628708,0.000501425885413631,0.0146730148931409));
#6579=MECHANICAL_DESIGN_GEOMETRIC_PRESENTATION_REPRESENTATION('',(#3912,
#3913,#3914),#6580);
#6580=(
GEOMETRIC_REPRESENTATION_CONTEXT(3)
GLOBAL_UNCERTAINTY_ASSIGNED_CONTEXT((#6584))
GLOBAL_UNIT_ASSIGNED_CONTEXT((#6590,#6589,#6588))
REPRESENTATION_CONTEXT('HACKATHON_ASSEMBLY','TOP_LEVEL_ASSEMBLY_PART')
);
#6581=(
GEOMETRIC_REPRESENTATION_CONTEXT(3)
GLOBAL_UNCERTAINTY_ASSIGNED_CONTEXT((#6585))
GLOBAL_UNIT_ASSIGNED_CONTEXT((#6590,#6589,#6588))
REPRESENTATION_CONTEXT('Part 1','COMPONENT_PART')
);
#6582=(
GEOMETRIC_REPRESENTATION_CONTEXT(3)
GLOBAL_UNCERTAINTY_ASSIGNED_CONTEXT((#6586))
GLOBAL_UNIT_ASSIGNED_CONTEXT((#6590,#6589,#6588))
REPRESENTATION_CONTEXT('Part 1','COMPONENT_PART')
);
#6583=(
GEOMETRIC_REPRESENTATION_CONTEXT(3)
GLOBAL_UNCERTAINTY_ASSIGNED_CONTEXT((#6587))
GLOBAL_UNIT_ASSIGNED_CONTEXT((#6590,#6589,#6588))
REPRESENTATION_CONTEXT('Part 2','COMPONENT_PART')
);
#6584=UNCERTAINTY_MEASURE_WITH_UNIT(LENGTH_MEASURE(1.E-8),#6590,
'DISTANCE_ACCURACY_VALUE','Maximum Tolerance applied to model');
#6585=UNCERTAINTY_MEASURE_WITH_UNIT(LENGTH_MEASURE(2.E-5),#6590,
'DISTANCE_ACCURACY_VALUE','Maximum Tolerance applied to model');
#6586=UNCERTAINTY_MEASURE_WITH_UNIT(LENGTH_MEASURE(2.E-5),#6590,
'DISTANCE_ACCURACY_VALUE','Maximum Tolerance applied to model');
#6587=UNCERTAINTY_MEASURE_WITH_UNIT(LENGTH_MEASURE(2.E-5),#6590,
'DISTANCE_ACCURACY_VALUE','Maximum Tolerance applied to model');
#6588=(
NAMED_UNIT(*)
SI_UNIT($,.STERADIAN.)
SOLID_ANGLE_UNIT()
);
#6589=(
NAMED_UNIT(*)
PLANE_ANGLE_UNIT()
SI_UNIT($,.RADIAN.)
);
#6590=(
LENGTH_UNIT()
NAMED_UNIT(*)
SI_UNIT($,.METRE.)
);
#6591=PRODUCT_DEFINITION_SHAPE('','',#6598);
#6592=PRODUCT_DEFINITION_SHAPE('','',#6599);
#6593=PRODUCT_DEFINITION_SHAPE(' ','NAUO PRDDFN',#13);
#6594=PRODUCT_DEFINITION_SHAPE('','',#6600);
#6595=PRODUCT_DEFINITION_SHAPE(' ','NAUO PRDDFN',#14);
#6596=PRODUCT_DEFINITION_SHAPE('','',#6601);
#6597=PRODUCT_DEFINITION_SHAPE(' ','NAUO PRDDFN',#15);
#6598=PRODUCT_DEFINITION('','',#6606,#6602);
#6599=PRODUCT_DEFINITION('','',#6607,#6603);
#6600=PRODUCT_DEFINITION('','',#6608,#6604);
#6601=PRODUCT_DEFINITION('','',#6609,#6605);
#6602=PRODUCT_DEFINITION_CONTEXT('',#6627,'design');
#6603=PRODUCT_DEFINITION_CONTEXT('',#6627,'design');
#6604=PRODUCT_DEFINITION_CONTEXT('',#6627,'design');
#6605=PRODUCT_DEFINITION_CONTEXT('',#6627,'design');
#6606=PRODUCT_DEFINITION_FORMATION_WITH_SPECIFIED_SOURCE('','',#6614,
 .NOT_KNOWN.);
#6607=PRODUCT_DEFINITION_FORMATION_WITH_SPECIFIED_SOURCE('','',#6615,
 .NOT_KNOWN.);
#6608=PRODUCT_DEFINITION_FORMATION_WITH_SPECIFIED_SOURCE('','',#6616,
 .NOT_KNOWN.);
#6609=PRODUCT_DEFINITION_FORMATION_WITH_SPECIFIED_SOURCE('','',#6617,
 .NOT_KNOWN.);
#6610=PRODUCT_RELATED_PRODUCT_CATEGORY('','',(#6614));
#6611=PRODUCT_RELATED_PRODUCT_CATEGORY('','',(#6615));
#6612=PRODUCT_RELATED_PRODUCT_CATEGORY('','',(#6616));
#6613=PRODUCT_RELATED_PRODUCT_CATEGORY('','',(#6617));
#6614=PRODUCT('HACKATHON_ASSEMBLY','HACKATHON_ASSEMBLY',
'HACKATHON_ASSEMBLY',(#6622));
#6615=PRODUCT('Part 1','Part 1','Part 1',(#6623));
#6616=PRODUCT('Part 1','Part 1','Part 1',(#6624));
#6617=PRODUCT('Part 2','Part 2','Part 2',(#6625));
#6618=PRODUCT_CATEGORY('','');
#6619=PRODUCT_CATEGORY('','');
#6620=PRODUCT_CATEGORY('','');
#6621=PRODUCT_CATEGORY('','');
#6622=PRODUCT_CONTEXT('',#6627,'mechanical');
#6623=PRODUCT_CONTEXT('',#6627,'mechanical');
#6624=PRODUCT_CONTEXT('',#6627,'mechanical');
#6625=PRODUCT_CONTEXT('',#6627,'mechanical');
#6626=APPLICATION_PROTOCOL_DEFINITION('international standard',
'ap242_managed_model_based_3d_engineering',2020,#6627);
#6627=APPLICATION_CONTEXT('managed model based 3d engineering');
ENDSEC;
END-ISO-10303-21;
