ISO-10303-21;
HEADER;
/* Generated by software containing ST-Developer
 * from STEP Tools, Inc. (www.steptools.com) 
 */
/* OPTION: using custom renumber hook */

FILE_DESCRIPTION(
/* description */ ('STEP AP242 Edition 2',
'CAx-IF Rec.Pracs.---Representation and Presentation of Product Manufa
cturing Information (PMI)---4.0---2014-10-13',
'CAx-IF Rec.Pracs.---3D Tessellated Geometry---0.4---2014-09-14','2;1',
'CAx-IF Rec.Pracs.---User Defined Attributes---1.5---2016-08-15'),
/* implementation_level */ '2;1');

FILE_NAME(
/* name */ 'TOP',
/* time_stamp */ '2026-10-02T11:32:51Z',
/* author */ (''),
/* organization */ (''),
/* preprocessor_version */ 'ST-DEVELOPER v20',
/* originating_system */ 'ONSHAPE BY PTC INC, 1.221',
/* authorisation */ '  ');

FILE_SCHEMA (('AP242_MANAGED_MODEL_BASED_3D_ENGINEERING_MIM_LF { 1 0 10303 442 3 1 4 }'));
ENDSEC;

DATA;
#10=SHAPE_REPRESENTATION_RELATIONSHIP('','',#1561,#12);
#11=SHAPE_REPRESENTATION_RELATIONSHIP('','',#1562,#13);
#12=ADVANCED_BREP_SHAPE_REPRESENTATION('',(#1557),#2647);
#13=ADVANCED_BREP_SHAPE_REPRESENTATION('',(#1558),#2648);
#14=SPHERICAL_SURFACE('',#1625,0.001);
#15=TOROIDAL_SURFACE('',#1610,0.0055,0.001);
#16=TOROIDAL_SURFACE('',#1611,0.0055,0.001);
#17=TOROIDAL_SURFACE('',#1619,0.002,0.001);
#18=TOROIDAL_SURFACE('',#1690,0.002,0.001);
#19=TOROIDAL_SURFACE('',#1697,0.002,0.001);
#20=TOROIDAL_SURFACE('',#1706,0.002,0.001);
#21=TOROIDAL_SURFACE('',#1711,0.002,0.001);
#22=ELLIPSE('',#1606,0.00141421356237309,0.001);
#23=ELLIPSE('',#1608,0.00141421356237309,0.001);
#24=ELLIPSE('',#1613,0.00141421356237309,0.001);
#25=ELLIPSE('',#1615,0.00141421356237309,0.001);
#26=ELLIPSE('',#1628,0.00141421356237309,0.001);
#27=ELLIPSE('',#1693,0.00141421356237309,0.001);
#28=ELLIPSE('',#1705,0.00141421356237309,0.001);
#29=B_SPLINE_CURVE_WITH_KNOTS('',3,(#2260,#2261,#2262,#2263,#2264),
 .UNSPECIFIED.,.F.,.F.,(4,1,4),(0.,0.00102374211662993,0.00204748423325986),
 .UNSPECIFIED.);
#30=B_SPLINE_CURVE_WITH_KNOTS('',3,(#2494,#2495,#2496,#2497,#2498),
 .UNSPECIFIED.,.F.,.F.,(4,1,4),(0.,0.00102374211662992,0.00204748423325985),
 .UNSPECIFIED.);
#31=B_SPLINE_CURVE_WITH_KNOTS('',3,(#2535,#2536,#2537,#2538,#2539),
 .UNSPECIFIED.,.F.,.F.,(4,1,4),(0.,0.00102374211662992,0.00204748423325985),
 .UNSPECIFIED.);
#32=LINE('',#2189,#180);
#33=LINE('',#2192,#181);
#34=LINE('',#2196,#182);
#35=LINE('',#2198,#183);
#36=LINE('',#2200,#184);
#37=LINE('',#2204,#185);
#38=LINE('',#2208,#186);
#39=LINE('',#2212,#187);
#40=LINE('',#2216,#188);
#41=LINE('',#2220,#189);
#42=LINE('',#2224,#190);
#43=LINE('',#2226,#191);
#44=LINE('',#2228,#192);
#45=LINE('',#2232,#193);
#46=LINE('',#2234,#194);
#47=LINE('',#2236,#195);
#48=LINE('',#2238,#196);
#49=LINE('',#2241,#197);
#50=LINE('',#2244,#198);
#51=LINE('',#2248,#199);
#52=LINE('',#2250,#200);
#53=LINE('',#2252,#201);
#54=LINE('',#2254,#202);
#55=LINE('',#2256,#203);
#56=LINE('',#2258,#204);
#57=LINE('',#2266,#205);
#58=LINE('',#2268,#206);
#59=LINE('',#2270,#207);
#60=LINE('',#2272,#208);
#61=LINE('',#2274,#209);
#62=LINE('',#2276,#210);
#63=LINE('',#2278,#211);
#64=LINE('',#2280,#212);
#65=LINE('',#2282,#213);
#66=LINE('',#2284,#214);
#67=LINE('',#2288,#215);
#68=LINE('',#2294,#216);
#69=LINE('',#2297,#217);
#70=LINE('',#2299,#218);
#71=LINE('',#2303,#219);
#72=LINE('',#2307,#220);
#73=LINE('',#2310,#221);
#74=LINE('',#2311,#222);
#75=LINE('',#2315,#223);
#76=LINE('',#2317,#224);
#77=LINE('',#2319,#225);
#78=LINE('',#2321,#226);
#79=LINE('',#2323,#227);
#80=LINE('',#2325,#228);
#81=LINE('',#2327,#229);
#82=LINE('',#2330,#230);
#83=LINE('',#2331,#231);
#84=LINE('',#2333,#232);
#85=LINE('',#2334,#233);
#86=LINE('',#2336,#234);
#87=LINE('',#2339,#235);
#88=LINE('',#2340,#236);
#89=LINE('',#2342,#237);
#90=LINE('',#2346,#238);
#91=LINE('',#2347,#239);
#92=LINE('',#2351,#240);
#93=LINE('',#2352,#241);
#94=LINE('',#2354,#242);
#95=LINE('',#2355,#243);
#96=LINE('',#2388,#244);
#97=LINE('',#2391,#245);
#98=LINE('',#2393,#246);
#99=LINE('',#2395,#247);
#100=LINE('',#2397,#248);
#101=LINE('',#2399,#249);
#102=LINE('',#2404,#250);
#103=LINE('',#2406,#251);
#104=LINE('',#2408,#252);
#105=LINE('',#2410,#253);
#106=LINE('',#2412,#254);
#107=LINE('',#2414,#255);
#108=LINE('',#2416,#256);
#109=LINE('',#2419,#257);
#110=LINE('',#2423,#258);
#111=LINE('',#2425,#259);
#112=LINE('',#2427,#260);
#113=LINE('',#2429,#261);
#114=LINE('',#2431,#262);
#115=LINE('',#2434,#263);
#116=LINE('',#2436,#264);
#117=LINE('',#2438,#265);
#118=LINE('',#2440,#266);
#119=LINE('',#2442,#267);
#120=LINE('',#2444,#268);
#121=LINE('',#2447,#269);
#122=LINE('',#2449,#270);
#123=LINE('',#2451,#271);
#124=LINE('',#2453,#272);
#125=LINE('',#2456,#273);
#126=LINE('',#2458,#274);
#127=LINE('',#2460,#275);
#128=LINE('',#2462,#276);
#129=LINE('',#2465,#277);
#130=LINE('',#2467,#278);
#131=LINE('',#2469,#279);
#132=LINE('',#2471,#280);
#133=LINE('',#2472,#281);
#134=LINE('',#2474,#282);
#135=LINE('',#2477,#283);
#136=LINE('',#2479,#284);
#137=LINE('',#2481,#285);
#138=LINE('',#2483,#286);
#139=LINE('',#2486,#287);
#140=LINE('',#2488,#288);
#141=LINE('',#2490,#289);
#142=LINE('',#2492,#290);
#143=LINE('',#2500,#291);
#144=LINE('',#2502,#292);
#145=LINE('',#2504,#293);
#146=LINE('',#2506,#294);
#147=LINE('',#2508,#295);
#148=LINE('',#2510,#296);
#149=LINE('',#2513,#297);
#150=LINE('',#2515,#298);
#151=LINE('',#2518,#299);
#152=LINE('',#2520,#300);
#153=LINE('',#2522,#301);
#154=LINE('',#2526,#302);
#155=LINE('',#2528,#303);
#156=LINE('',#2530,#304);
#157=LINE('',#2532,#305);
#158=LINE('',#2541,#306);
#159=LINE('',#2542,#307);
#160=LINE('',#2553,#308);
#161=LINE('',#2555,#309);
#162=LINE('',#2557,#310);
#163=LINE('',#2561,#311);
#164=LINE('',#2563,#312);
#165=LINE('',#2567,#313);
#166=LINE('',#2569,#314);
#167=LINE('',#2572,#315);
#168=LINE('',#2574,#316);
#169=LINE('',#2576,#317);
#170=LINE('',#2578,#318);
#171=LINE('',#2581,#319);
#172=LINE('',#2583,#320);
#173=LINE('',#2586,#321);
#174=LINE('',#2589,#322);
#175=LINE('',#2591,#323);
#176=LINE('',#2593,#324);
#177=LINE('',#2595,#325);
#178=LINE('',#2597,#326);
#179=LINE('',#2598,#327);
#180=VECTOR('',#1730,1.);
#181=VECTOR('',#1731,1.);
#182=VECTOR('',#1734,1.);
#183=VECTOR('',#1735,1.);
#184=VECTOR('',#1736,1.);
#185=VECTOR('',#1739,1.);
#186=VECTOR('',#1742,1.);
#187=VECTOR('',#1745,1.);
#188=VECTOR('',#1748,1.);
#189=VECTOR('',#1751,1.);
#190=VECTOR('',#1754,1.);
#191=VECTOR('',#1755,1.);
#192=VECTOR('',#1756,1.);
#193=VECTOR('',#1759,1.);
#194=VECTOR('',#1760,1.);
#195=VECTOR('',#1761,1.);
#196=VECTOR('',#1764,1.);
#197=VECTOR('',#1765,1.);
#198=VECTOR('',#1768,1.);
#199=VECTOR('',#1773,1.);
#200=VECTOR('',#1774,1.);
#201=VECTOR('',#1775,1.);
#202=VECTOR('',#1778,1.);
#203=VECTOR('',#1779,1.);
#204=VECTOR('',#1782,1.);
#205=VECTOR('',#1783,1.);
#206=VECTOR('',#1786,1.);
#207=VECTOR('',#1787,1.);
#208=VECTOR('',#1788,1.);
#209=VECTOR('',#1791,1.);
#210=VECTOR('',#1792,1.);
#211=VECTOR('',#1795,1.);
#212=VECTOR('',#1796,1.);
#213=VECTOR('',#1799,1.);
#214=VECTOR('',#1800,1.);
#215=VECTOR('',#1803,1.);
#216=VECTOR('',#1810,1.);
#217=VECTOR('',#1811,1.);
#218=VECTOR('',#1812,1.);
#219=VECTOR('',#1815,1.);
#220=VECTOR('',#1820,1.);
#221=VECTOR('',#1821,1.);
#222=VECTOR('',#1822,1.);
#223=VECTOR('',#1827,1.);
#224=VECTOR('',#1828,1.);
#225=VECTOR('',#1829,1.);
#226=VECTOR('',#1832,1.);
#227=VECTOR('',#1833,1.);
#228=VECTOR('',#1834,1.);
#229=VECTOR('',#1837,1.);
#230=VECTOR('',#1838,1.);
#231=VECTOR('',#1839,1.);
#232=VECTOR('',#1842,1.);
#233=VECTOR('',#1843,1.);
#234=VECTOR('',#1846,1.);
#235=VECTOR('',#1847,1.);
#236=VECTOR('',#1848,1.);
#237=VECTOR('',#1849,1.);
#238=VECTOR('',#1854,1.);
#239=VECTOR('',#1855,1.);
#240=VECTOR('',#1862,1.);
#241=VECTOR('',#1863,1.);
#242=VECTOR('',#1866,1.);
#243=VECTOR('',#1867,1.);
#244=VECTOR('',#1932,1.);
#245=VECTOR('',#1933,1.);
#246=VECTOR('',#1934,1.);
#247=VECTOR('',#1935,1.);
#248=VECTOR('',#1936,1.);
#249=VECTOR('',#1937,1.);
#250=VECTOR('',#1942,1.);
#251=VECTOR('',#1943,1.);
#252=VECTOR('',#1944,1.);
#253=VECTOR('',#1945,1.);
#254=VECTOR('',#1946,1.);
#255=VECTOR('',#1947,1.);
#256=VECTOR('',#1950,1.);
#257=VECTOR('',#1951,1.);
#258=VECTOR('',#1954,1.);
#259=VECTOR('',#1955,1.);
#260=VECTOR('',#1956,1.);
#261=VECTOR('',#1957,1.);
#262=VECTOR('',#1960,1.);
#263=VECTOR('',#1961,1.);
#264=VECTOR('',#1962,1.);
#265=VECTOR('',#1963,1.);
#266=VECTOR('',#1964,1.);
#267=VECTOR('',#1965,1.);
#268=VECTOR('',#1968,1.);
#269=VECTOR('',#1969,1.);
#270=VECTOR('',#1970,1.);
#271=VECTOR('',#1971,1.);
#272=VECTOR('',#1974,1.);
#273=VECTOR('',#1975,1.);
#274=VECTOR('',#1976,1.);
#275=VECTOR('',#1977,1.);
#276=VECTOR('',#1980,1.);
#277=VECTOR('',#1981,1.);
#278=VECTOR('',#1982,1.);
#279=VECTOR('',#1983,1.);
#280=VECTOR('',#1986,1.);
#281=VECTOR('',#1987,1.);
#282=VECTOR('',#1990,1.);
#283=VECTOR('',#1991,1.);
#284=VECTOR('',#1992,1.);
#285=VECTOR('',#1993,1.);
#286=VECTOR('',#1996,1.);
#287=VECTOR('',#1997,1.);
#288=VECTOR('',#1998,1.);
#289=VECTOR('',#1999,1.);
#290=VECTOR('',#2002,1.);
#291=VECTOR('',#2003,1.);
#292=VECTOR('',#2004,1.);
#293=VECTOR('',#2007,1.);
#294=VECTOR('',#2008,1.);
#295=VECTOR('',#2009,1.);
#296=VECTOR('',#2012,1.);
#297=VECTOR('',#2013,1.);
#298=VECTOR('',#2014,1.);
#299=VECTOR('',#2019,1.);
#300=VECTOR('',#2020,1.);
#301=VECTOR('',#2021,1.);
#302=VECTOR('',#2026,1.);
#303=VECTOR('',#2027,1.);
#304=VECTOR('',#2028,1.);
#305=VECTOR('',#2031,1.);
#306=VECTOR('',#2032,1.);
#307=VECTOR('',#2033,1.);
#308=VECTOR('',#2054,1.);
#309=VECTOR('',#2055,1.);
#310=VECTOR('',#2056,1.);
#311=VECTOR('',#2061,1.);
#312=VECTOR('',#2062,1.);
#313=VECTOR('',#2067,1.);
#314=VECTOR('',#2070,1.);
#315=VECTOR('',#2071,1.);
#316=VECTOR('',#2072,1.);
#317=VECTOR('',#2073,1.);
#318=VECTOR('',#2076,1.);
#319=VECTOR('',#2077,1.);
#320=VECTOR('',#2078,1.);
#321=VECTOR('',#2083,1.);
#322=VECTOR('',#2084,1.);
#323=VECTOR('',#2085,1.);
#324=VECTOR('',#2086,1.);
#325=VECTOR('',#2089,1.);
#326=VECTOR('',#2090,1.);
#327=VECTOR('',#2091,1.);
#328=PLANE('',#1567);
#329=PLANE('',#1576);
#330=PLANE('',#1579);
#331=PLANE('',#1580);
#332=PLANE('',#1581);
#333=PLANE('',#1582);
#334=PLANE('',#1583);
#335=PLANE('',#1584);
#336=PLANE('',#1585);
#337=PLANE('',#1588);
#338=PLANE('',#1592);
#339=PLANE('',#1593);
#340=PLANE('',#1595);
#341=PLANE('',#1596);
#342=PLANE('',#1597);
#343=PLANE('',#1598);
#344=PLANE('',#1603);
#345=PLANE('',#1604);
#346=PLANE('',#1636);
#347=PLANE('',#1637);
#348=PLANE('',#1639);
#349=PLANE('',#1641);
#350=PLANE('',#1642);
#351=PLANE('',#1643);
#352=PLANE('',#1644);
#353=PLANE('',#1645);
#354=PLANE('',#1646);
#355=PLANE('',#1647);
#356=PLANE('',#1648);
#357=PLANE('',#1649);
#358=PLANE('',#1650);
#359=PLANE('',#1652);
#360=PLANE('',#1654);
#361=PLANE('',#1655);
#362=PLANE('',#1656);
#363=PLANE('',#1665);
#364=PLANE('',#1667);
#365=PLANE('',#1670);
#366=PLANE('',#1671);
#367=PLANE('',#1673);
#368=PLANE('',#1674);
#369=PLANE('',#1677);
#370=ORIENTED_EDGE('',*,*,#812,.T.);
#371=ORIENTED_EDGE('',*,*,#813,.T.);
#372=ORIENTED_EDGE('',*,*,#814,.T.);
#373=ORIENTED_EDGE('',*,*,#815,.T.);
#374=ORIENTED_EDGE('',*,*,#816,.T.);
#375=ORIENTED_EDGE('',*,*,#817,.T.);
#376=ORIENTED_EDGE('',*,*,#818,.F.);
#377=ORIENTED_EDGE('',*,*,#819,.T.);
#378=ORIENTED_EDGE('',*,*,#820,.T.);
#379=ORIENTED_EDGE('',*,*,#821,.T.);
#380=ORIENTED_EDGE('',*,*,#822,.T.);
#381=ORIENTED_EDGE('',*,*,#823,.F.);
#382=ORIENTED_EDGE('',*,*,#824,.T.);
#383=ORIENTED_EDGE('',*,*,#825,.T.);
#384=ORIENTED_EDGE('',*,*,#826,.T.);
#385=ORIENTED_EDGE('',*,*,#827,.T.);
#386=ORIENTED_EDGE('',*,*,#828,.T.);
#387=ORIENTED_EDGE('',*,*,#829,.F.);
#388=ORIENTED_EDGE('',*,*,#830,.T.);
#389=ORIENTED_EDGE('',*,*,#831,.F.);
#390=ORIENTED_EDGE('',*,*,#832,.T.);
#391=ORIENTED_EDGE('',*,*,#833,.F.);
#392=ORIENTED_EDGE('',*,*,#834,.T.);
#393=ORIENTED_EDGE('',*,*,#835,.F.);
#394=ORIENTED_EDGE('',*,*,#836,.T.);
#395=ORIENTED_EDGE('',*,*,#837,.T.);
#396=ORIENTED_EDGE('',*,*,#838,.T.);
#397=ORIENTED_EDGE('',*,*,#839,.T.);
#398=ORIENTED_EDGE('',*,*,#815,.F.);
#399=ORIENTED_EDGE('',*,*,#840,.T.);
#400=ORIENTED_EDGE('',*,*,#841,.F.);
#401=ORIENTED_EDGE('',*,*,#842,.T.);
#402=ORIENTED_EDGE('',*,*,#817,.F.);
#403=ORIENTED_EDGE('',*,*,#843,.T.);
#404=ORIENTED_EDGE('',*,*,#844,.T.);
#405=ORIENTED_EDGE('',*,*,#845,.T.);
#406=ORIENTED_EDGE('',*,*,#845,.F.);
#407=ORIENTED_EDGE('',*,*,#846,.T.);
#408=ORIENTED_EDGE('',*,*,#847,.T.);
#409=ORIENTED_EDGE('',*,*,#818,.T.);
#410=ORIENTED_EDGE('',*,*,#848,.T.);
#411=ORIENTED_EDGE('',*,*,#849,.T.);
#412=ORIENTED_EDGE('',*,*,#850,.T.);
#413=ORIENTED_EDGE('',*,*,#819,.F.);
#414=ORIENTED_EDGE('',*,*,#847,.F.);
#415=ORIENTED_EDGE('',*,*,#831,.T.);
#416=ORIENTED_EDGE('',*,*,#851,.T.);
#417=ORIENTED_EDGE('',*,*,#852,.F.);
#418=ORIENTED_EDGE('',*,*,#853,.T.);
#419=ORIENTED_EDGE('',*,*,#853,.F.);
#420=ORIENTED_EDGE('',*,*,#854,.T.);
#421=ORIENTED_EDGE('',*,*,#855,.T.);
#422=ORIENTED_EDGE('',*,*,#832,.F.);
#423=ORIENTED_EDGE('',*,*,#856,.F.);
#424=ORIENTED_EDGE('',*,*,#857,.T.);
#425=ORIENTED_EDGE('',*,*,#833,.T.);
#426=ORIENTED_EDGE('',*,*,#855,.F.);
#427=ORIENTED_EDGE('',*,*,#835,.T.);
#428=ORIENTED_EDGE('',*,*,#858,.T.);
#429=ORIENTED_EDGE('',*,*,#859,.F.);
#430=ORIENTED_EDGE('',*,*,#860,.T.);
#431=ORIENTED_EDGE('',*,*,#861,.T.);
#432=ORIENTED_EDGE('',*,*,#862,.T.);
#433=ORIENTED_EDGE('',*,*,#863,.T.);
#434=ORIENTED_EDGE('',*,*,#864,.T.);
#435=ORIENTED_EDGE('',*,*,#865,.T.);
#436=ORIENTED_EDGE('',*,*,#866,.F.);
#437=ORIENTED_EDGE('',*,*,#867,.T.);
#438=ORIENTED_EDGE('',*,*,#868,.F.);
#439=ORIENTED_EDGE('',*,*,#869,.T.);
#440=ORIENTED_EDGE('',*,*,#870,.T.);
#441=ORIENTED_EDGE('',*,*,#871,.T.);
#442=ORIENTED_EDGE('',*,*,#827,.F.);
#443=ORIENTED_EDGE('',*,*,#872,.T.);
#444=ORIENTED_EDGE('',*,*,#873,.T.);
#445=ORIENTED_EDGE('',*,*,#825,.F.);
#446=ORIENTED_EDGE('',*,*,#874,.T.);
#447=ORIENTED_EDGE('',*,*,#875,.F.);
#448=ORIENTED_EDGE('',*,*,#876,.T.);
#449=ORIENTED_EDGE('',*,*,#823,.T.);
#450=ORIENTED_EDGE('',*,*,#877,.T.);
#451=ORIENTED_EDGE('',*,*,#878,.T.);
#452=ORIENTED_EDGE('',*,*,#879,.T.);
#453=ORIENTED_EDGE('',*,*,#880,.T.);
#454=ORIENTED_EDGE('',*,*,#881,.T.);
#455=ORIENTED_EDGE('',*,*,#821,.F.);
#456=ORIENTED_EDGE('',*,*,#882,.T.);
#457=ORIENTED_EDGE('',*,*,#841,.T.);
#458=ORIENTED_EDGE('',*,*,#883,.T.);
#459=ORIENTED_EDGE('',*,*,#864,.F.);
#460=ORIENTED_EDGE('',*,*,#884,.T.);
#461=ORIENTED_EDGE('',*,*,#885,.T.);
#462=ORIENTED_EDGE('',*,*,#886,.T.);
#463=ORIENTED_EDGE('',*,*,#875,.T.);
#464=ORIENTED_EDGE('',*,*,#887,.T.);
#465=ORIENTED_EDGE('',*,*,#888,.T.);
#466=ORIENTED_EDGE('',*,*,#889,.T.);
#467=ORIENTED_EDGE('',*,*,#848,.F.);
#468=ORIENTED_EDGE('',*,*,#846,.F.);
#469=ORIENTED_EDGE('',*,*,#844,.F.);
#470=ORIENTED_EDGE('',*,*,#890,.T.);
#471=ORIENTED_EDGE('',*,*,#838,.F.);
#472=ORIENTED_EDGE('',*,*,#891,.T.);
#473=ORIENTED_EDGE('',*,*,#868,.T.);
#474=ORIENTED_EDGE('',*,*,#892,.T.);
#475=ORIENTED_EDGE('',*,*,#859,.T.);
#476=ORIENTED_EDGE('',*,*,#893,.T.);
#477=ORIENTED_EDGE('',*,*,#856,.T.);
#478=ORIENTED_EDGE('',*,*,#854,.F.);
#479=ORIENTED_EDGE('',*,*,#852,.T.);
#480=ORIENTED_EDGE('',*,*,#894,.T.);
#481=ORIENTED_EDGE('',*,*,#866,.T.);
#482=ORIENTED_EDGE('',*,*,#895,.T.);
#483=ORIENTED_EDGE('',*,*,#861,.F.);
#484=ORIENTED_EDGE('',*,*,#896,.T.);
#485=ORIENTED_EDGE('',*,*,#829,.T.);
#486=ORIENTED_EDGE('',*,*,#897,.T.);
#487=ORIENTED_EDGE('',*,*,#885,.F.);
#488=ORIENTED_EDGE('',*,*,#898,.T.);
#489=ORIENTED_EDGE('',*,*,#862,.F.);
#490=ORIENTED_EDGE('',*,*,#895,.F.);
#491=ORIENTED_EDGE('',*,*,#899,.F.);
#492=ORIENTED_EDGE('',*,*,#836,.F.);
#493=ORIENTED_EDGE('',*,*,#840,.F.);
#494=ORIENTED_EDGE('',*,*,#814,.F.);
#495=ORIENTED_EDGE('',*,*,#900,.F.);
#496=ORIENTED_EDGE('',*,*,#883,.F.);
#497=ORIENTED_EDGE('',*,*,#899,.T.);
#498=ORIENTED_EDGE('',*,*,#865,.F.);
#499=ORIENTED_EDGE('',*,*,#900,.T.);
#500=ORIENTED_EDGE('',*,*,#837,.F.);
#501=ORIENTED_EDGE('',*,*,#863,.F.);
#502=ORIENTED_EDGE('',*,*,#812,.F.);
#503=ORIENTED_EDGE('',*,*,#873,.F.);
#504=ORIENTED_EDGE('',*,*,#813,.F.);
#505=ORIENTED_EDGE('',*,*,#828,.F.);
#506=ORIENTED_EDGE('',*,*,#871,.F.);
#507=ORIENTED_EDGE('',*,*,#901,.F.);
#508=ORIENTED_EDGE('',*,*,#897,.F.);
#509=ORIENTED_EDGE('',*,*,#826,.F.);
#510=ORIENTED_EDGE('',*,*,#876,.F.);
#511=ORIENTED_EDGE('',*,*,#902,.F.);
#512=ORIENTED_EDGE('',*,*,#872,.F.);
#513=ORIENTED_EDGE('',*,*,#901,.T.);
#514=ORIENTED_EDGE('',*,*,#870,.F.);
#515=ORIENTED_EDGE('',*,*,#902,.T.);
#516=ORIENTED_EDGE('',*,*,#886,.F.);
#517=ORIENTED_EDGE('',*,*,#820,.F.);
#518=ORIENTED_EDGE('',*,*,#850,.F.);
#519=ORIENTED_EDGE('',*,*,#903,.F.);
#520=ORIENTED_EDGE('',*,*,#882,.F.);
#521=ORIENTED_EDGE('',*,*,#849,.F.);
#522=ORIENTED_EDGE('',*,*,#889,.F.);
#523=ORIENTED_EDGE('',*,*,#904,.F.);
#524=ORIENTED_EDGE('',*,*,#903,.T.);
#525=ORIENTED_EDGE('',*,*,#904,.T.);
#526=ORIENTED_EDGE('',*,*,#888,.F.);
#527=ORIENTED_EDGE('',*,*,#905,.F.);
#528=ORIENTED_EDGE('',*,*,#880,.F.);
#529=ORIENTED_EDGE('',*,*,#822,.F.);
#530=ORIENTED_EDGE('',*,*,#881,.F.);
#531=ORIENTED_EDGE('',*,*,#906,.F.);
#532=ORIENTED_EDGE('',*,*,#877,.F.);
#533=ORIENTED_EDGE('',*,*,#906,.T.);
#534=ORIENTED_EDGE('',*,*,#905,.T.);
#535=ORIENTED_EDGE('',*,*,#907,.F.);
#536=ORIENTED_EDGE('',*,*,#824,.F.);
#537=ORIENTED_EDGE('',*,*,#879,.F.);
#538=ORIENTED_EDGE('',*,*,#908,.F.);
#539=ORIENTED_EDGE('',*,*,#874,.F.);
#540=ORIENTED_EDGE('',*,*,#907,.T.);
#541=ORIENTED_EDGE('',*,*,#887,.F.);
#542=ORIENTED_EDGE('',*,*,#908,.T.);
#543=ORIENTED_EDGE('',*,*,#878,.F.);
#544=ORIENTED_EDGE('',*,*,#867,.F.);
#545=ORIENTED_EDGE('',*,*,#896,.F.);
#546=ORIENTED_EDGE('',*,*,#860,.F.);
#547=ORIENTED_EDGE('',*,*,#892,.F.);
#548=ORIENTED_EDGE('',*,*,#869,.F.);
#549=ORIENTED_EDGE('',*,*,#891,.F.);
#550=ORIENTED_EDGE('',*,*,#842,.F.);
#551=ORIENTED_EDGE('',*,*,#884,.F.);
#552=ORIENTED_EDGE('',*,*,#894,.F.);
#553=ORIENTED_EDGE('',*,*,#851,.F.);
#554=ORIENTED_EDGE('',*,*,#830,.F.);
#555=ORIENTED_EDGE('',*,*,#898,.F.);
#556=ORIENTED_EDGE('',*,*,#890,.F.);
#557=ORIENTED_EDGE('',*,*,#843,.F.);
#558=ORIENTED_EDGE('',*,*,#816,.F.);
#559=ORIENTED_EDGE('',*,*,#839,.F.);
#560=ORIENTED_EDGE('',*,*,#893,.F.);
#561=ORIENTED_EDGE('',*,*,#858,.F.);
#562=ORIENTED_EDGE('',*,*,#834,.F.);
#563=ORIENTED_EDGE('',*,*,#857,.F.);
#564=ORIENTED_EDGE('',*,*,#909,.F.);
#565=ORIENTED_EDGE('',*,*,#910,.T.);
#566=ORIENTED_EDGE('',*,*,#911,.F.);
#567=ORIENTED_EDGE('',*,*,#912,.T.);
#568=ORIENTED_EDGE('',*,*,#913,.T.);
#569=ORIENTED_EDGE('',*,*,#914,.F.);
#570=ORIENTED_EDGE('',*,*,#915,.F.);
#571=ORIENTED_EDGE('',*,*,#916,.T.);
#572=ORIENTED_EDGE('',*,*,#917,.F.);
#573=ORIENTED_EDGE('',*,*,#918,.F.);
#574=ORIENTED_EDGE('',*,*,#919,.T.);
#575=ORIENTED_EDGE('',*,*,#920,.F.);
#576=ORIENTED_EDGE('',*,*,#921,.T.);
#577=ORIENTED_EDGE('',*,*,#922,.T.);
#578=ORIENTED_EDGE('',*,*,#923,.T.);
#579=ORIENTED_EDGE('',*,*,#924,.F.);
#580=ORIENTED_EDGE('',*,*,#925,.T.);
#581=ORIENTED_EDGE('',*,*,#926,.T.);
#582=ORIENTED_EDGE('',*,*,#927,.F.);
#583=ORIENTED_EDGE('',*,*,#928,.T.);
#584=ORIENTED_EDGE('',*,*,#929,.T.);
#585=ORIENTED_EDGE('',*,*,#930,.T.);
#586=ORIENTED_EDGE('',*,*,#931,.T.);
#587=ORIENTED_EDGE('',*,*,#932,.F.);
#588=ORIENTED_EDGE('',*,*,#933,.T.);
#589=ORIENTED_EDGE('',*,*,#934,.T.);
#590=ORIENTED_EDGE('',*,*,#935,.F.);
#591=ORIENTED_EDGE('',*,*,#936,.T.);
#592=ORIENTED_EDGE('',*,*,#937,.F.);
#593=ORIENTED_EDGE('',*,*,#938,.T.);
#594=ORIENTED_EDGE('',*,*,#939,.T.);
#595=ORIENTED_EDGE('',*,*,#940,.T.);
#596=ORIENTED_EDGE('',*,*,#941,.T.);
#597=ORIENTED_EDGE('',*,*,#942,.T.);
#598=ORIENTED_EDGE('',*,*,#943,.T.);
#599=ORIENTED_EDGE('',*,*,#944,.T.);
#600=ORIENTED_EDGE('',*,*,#945,.T.);
#601=ORIENTED_EDGE('',*,*,#946,.T.);
#602=ORIENTED_EDGE('',*,*,#927,.T.);
#603=ORIENTED_EDGE('',*,*,#947,.T.);
#604=ORIENTED_EDGE('',*,*,#919,.F.);
#605=ORIENTED_EDGE('',*,*,#948,.T.);
#606=ORIENTED_EDGE('',*,*,#949,.T.);
#607=ORIENTED_EDGE('',*,*,#950,.T.);
#608=ORIENTED_EDGE('',*,*,#951,.F.);
#609=ORIENTED_EDGE('',*,*,#952,.T.);
#610=ORIENTED_EDGE('',*,*,#953,.T.);
#611=ORIENTED_EDGE('',*,*,#954,.T.);
#612=ORIENTED_EDGE('',*,*,#955,.F.);
#613=ORIENTED_EDGE('',*,*,#956,.F.);
#614=ORIENTED_EDGE('',*,*,#957,.F.);
#615=ORIENTED_EDGE('',*,*,#958,.T.);
#616=ORIENTED_EDGE('',*,*,#959,.T.);
#617=ORIENTED_EDGE('',*,*,#960,.F.);
#618=ORIENTED_EDGE('',*,*,#951,.T.);
#619=ORIENTED_EDGE('',*,*,#961,.F.);
#620=ORIENTED_EDGE('',*,*,#962,.T.);
#621=ORIENTED_EDGE('',*,*,#963,.F.);
#622=ORIENTED_EDGE('',*,*,#949,.F.);
#623=ORIENTED_EDGE('',*,*,#964,.F.);
#624=ORIENTED_EDGE('',*,*,#965,.T.);
#625=ORIENTED_EDGE('',*,*,#966,.F.);
#626=ORIENTED_EDGE('',*,*,#917,.T.);
#627=ORIENTED_EDGE('',*,*,#967,.T.);
#628=ORIENTED_EDGE('',*,*,#968,.T.);
#629=ORIENTED_EDGE('',*,*,#969,.T.);
#630=ORIENTED_EDGE('',*,*,#970,.T.);
#631=ORIENTED_EDGE('',*,*,#971,.T.);
#632=ORIENTED_EDGE('',*,*,#922,.F.);
#633=ORIENTED_EDGE('',*,*,#972,.T.);
#634=ORIENTED_EDGE('',*,*,#973,.T.);
#635=ORIENTED_EDGE('',*,*,#974,.T.);
#636=ORIENTED_EDGE('',*,*,#955,.T.);
#637=ORIENTED_EDGE('',*,*,#975,.T.);
#638=ORIENTED_EDGE('',*,*,#976,.T.);
#639=ORIENTED_EDGE('',*,*,#977,.T.);
#640=ORIENTED_EDGE('',*,*,#953,.F.);
#641=ORIENTED_EDGE('',*,*,#978,.T.);
#642=ORIENTED_EDGE('',*,*,#937,.T.);
#643=ORIENTED_EDGE('',*,*,#979,.T.);
#644=ORIENTED_EDGE('',*,*,#929,.F.);
#645=ORIENTED_EDGE('',*,*,#980,.T.);
#646=ORIENTED_EDGE('',*,*,#978,.F.);
#647=ORIENTED_EDGE('',*,*,#956,.T.);
#648=ORIENTED_EDGE('',*,*,#974,.F.);
#649=ORIENTED_EDGE('',*,*,#981,.T.);
#650=ORIENTED_EDGE('',*,*,#968,.F.);
#651=ORIENTED_EDGE('',*,*,#928,.F.);
#652=ORIENTED_EDGE('',*,*,#948,.F.);
#653=ORIENTED_EDGE('',*,*,#918,.T.);
#654=ORIENTED_EDGE('',*,*,#966,.T.);
#655=ORIENTED_EDGE('',*,*,#982,.T.);
#656=ORIENTED_EDGE('',*,*,#961,.T.);
#657=ORIENTED_EDGE('',*,*,#952,.F.);
#658=ORIENTED_EDGE('',*,*,#960,.T.);
#659=ORIENTED_EDGE('',*,*,#983,.T.);
#660=ORIENTED_EDGE('',*,*,#911,.T.);
#661=ORIENTED_EDGE('',*,*,#984,.T.);
#662=ORIENTED_EDGE('',*,*,#943,.F.);
#663=ORIENTED_EDGE('',*,*,#985,.T.);
#664=ORIENTED_EDGE('',*,*,#939,.F.);
#665=ORIENTED_EDGE('',*,*,#986,.T.);
#666=ORIENTED_EDGE('',*,*,#987,.F.);
#667=ORIENTED_EDGE('',*,*,#988,.T.);
#668=ORIENTED_EDGE('',*,*,#989,.T.);
#669=ORIENTED_EDGE('',*,*,#990,.T.);
#670=ORIENTED_EDGE('',*,*,#932,.T.);
#671=ORIENTED_EDGE('',*,*,#989,.F.);
#672=ORIENTED_EDGE('',*,*,#991,.T.);
#673=ORIENTED_EDGE('',*,*,#992,.T.);
#674=ORIENTED_EDGE('',*,*,#970,.F.);
#675=ORIENTED_EDGE('',*,*,#993,.T.);
#676=ORIENTED_EDGE('',*,*,#972,.F.);
#677=ORIENTED_EDGE('',*,*,#954,.F.);
#678=ORIENTED_EDGE('',*,*,#977,.F.);
#679=ORIENTED_EDGE('',*,*,#994,.T.);
#680=ORIENTED_EDGE('',*,*,#995,.T.);
#681=ORIENTED_EDGE('',*,*,#996,.F.);
#682=ORIENTED_EDGE('',*,*,#997,.T.);
#683=ORIENTED_EDGE('',*,*,#998,.T.);
#684=ORIENTED_EDGE('',*,*,#999,.T.);
#685=ORIENTED_EDGE('',*,*,#1000,.F.);
#686=ORIENTED_EDGE('',*,*,#1001,.T.);
#687=ORIENTED_EDGE('',*,*,#1002,.T.);
#688=ORIENTED_EDGE('',*,*,#914,.T.);
#689=ORIENTED_EDGE('',*,*,#1003,.T.);
#690=ORIENTED_EDGE('',*,*,#1004,.F.);
#691=ORIENTED_EDGE('',*,*,#1005,.T.);
#692=ORIENTED_EDGE('',*,*,#1006,.T.);
#693=ORIENTED_EDGE('',*,*,#1007,.T.);
#694=ORIENTED_EDGE('',*,*,#1008,.T.);
#695=ORIENTED_EDGE('',*,*,#1009,.T.);
#696=ORIENTED_EDGE('',*,*,#1000,.T.);
#697=ORIENTED_EDGE('',*,*,#1010,.T.);
#698=ORIENTED_EDGE('',*,*,#1011,.T.);
#699=ORIENTED_EDGE('',*,*,#957,.T.);
#700=ORIENTED_EDGE('',*,*,#950,.F.);
#701=ORIENTED_EDGE('',*,*,#963,.T.);
#702=ORIENTED_EDGE('',*,*,#1012,.T.);
#703=ORIENTED_EDGE('',*,*,#964,.T.);
#704=ORIENTED_EDGE('',*,*,#1004,.T.);
#705=ORIENTED_EDGE('',*,*,#1013,.T.);
#706=ORIENTED_EDGE('',*,*,#920,.T.);
#707=ORIENTED_EDGE('',*,*,#947,.F.);
#708=ORIENTED_EDGE('',*,*,#926,.F.);
#709=ORIENTED_EDGE('',*,*,#1014,.T.);
#710=ORIENTED_EDGE('',*,*,#996,.T.);
#711=ORIENTED_EDGE('',*,*,#1015,.T.);
#712=ORIENTED_EDGE('',*,*,#987,.T.);
#713=ORIENTED_EDGE('',*,*,#931,.F.);
#714=ORIENTED_EDGE('',*,*,#1016,.T.);
#715=ORIENTED_EDGE('',*,*,#935,.T.);
#716=ORIENTED_EDGE('',*,*,#1017,.T.);
#717=ORIENTED_EDGE('',*,*,#941,.F.);
#718=ORIENTED_EDGE('',*,*,#1018,.T.);
#719=ORIENTED_EDGE('',*,*,#945,.F.);
#720=ORIENTED_EDGE('',*,*,#1019,.T.);
#721=ORIENTED_EDGE('',*,*,#909,.T.);
#722=ORIENTED_EDGE('',*,*,#1002,.F.);
#723=ORIENTED_EDGE('',*,*,#1020,.T.);
#724=ORIENTED_EDGE('',*,*,#1013,.F.);
#725=ORIENTED_EDGE('',*,*,#1007,.F.);
#726=ORIENTED_EDGE('',*,*,#1021,.F.);
#727=ORIENTED_EDGE('',*,*,#921,.F.);
#728=ORIENTED_EDGE('',*,*,#967,.F.);
#729=ORIENTED_EDGE('',*,*,#916,.F.);
#730=ORIENTED_EDGE('',*,*,#1022,.F.);
#731=ORIENTED_EDGE('',*,*,#1008,.F.);
#732=ORIENTED_EDGE('',*,*,#915,.T.);
#733=ORIENTED_EDGE('',*,*,#1021,.T.);
#734=ORIENTED_EDGE('',*,*,#1023,.F.);
#735=ORIENTED_EDGE('',*,*,#1022,.T.);
#736=ORIENTED_EDGE('',*,*,#1020,.F.);
#737=ORIENTED_EDGE('',*,*,#1001,.F.);
#738=ORIENTED_EDGE('',*,*,#1024,.F.);
#739=ORIENTED_EDGE('',*,*,#1005,.F.);
#740=ORIENTED_EDGE('',*,*,#1023,.T.);
#741=ORIENTED_EDGE('',*,*,#1006,.F.);
#742=ORIENTED_EDGE('',*,*,#1024,.T.);
#743=ORIENTED_EDGE('',*,*,#1009,.F.);
#744=ORIENTED_EDGE('',*,*,#983,.F.);
#745=ORIENTED_EDGE('',*,*,#959,.F.);
#746=ORIENTED_EDGE('',*,*,#1025,.F.);
#747=ORIENTED_EDGE('',*,*,#912,.F.);
#748=ORIENTED_EDGE('',*,*,#958,.F.);
#749=ORIENTED_EDGE('',*,*,#1011,.F.);
#750=ORIENTED_EDGE('',*,*,#1026,.F.);
#751=ORIENTED_EDGE('',*,*,#1025,.T.);
#752=ORIENTED_EDGE('',*,*,#1003,.F.);
#753=ORIENTED_EDGE('',*,*,#913,.F.);
#754=ORIENTED_EDGE('',*,*,#1026,.T.);
#755=ORIENTED_EDGE('',*,*,#1010,.F.);
#756=ORIENTED_EDGE('',*,*,#971,.F.);
#757=ORIENTED_EDGE('',*,*,#992,.F.);
#758=ORIENTED_EDGE('',*,*,#1027,.F.);
#759=ORIENTED_EDGE('',*,*,#923,.F.);
#760=ORIENTED_EDGE('',*,*,#1014,.F.);
#761=ORIENTED_EDGE('',*,*,#925,.F.);
#762=ORIENTED_EDGE('',*,*,#1028,.F.);
#763=ORIENTED_EDGE('',*,*,#997,.F.);
#764=ORIENTED_EDGE('',*,*,#1015,.F.);
#765=ORIENTED_EDGE('',*,*,#999,.F.);
#766=ORIENTED_EDGE('',*,*,#1029,.F.);
#767=ORIENTED_EDGE('',*,*,#988,.F.);
#768=ORIENTED_EDGE('',*,*,#924,.T.);
#769=ORIENTED_EDGE('',*,*,#1027,.T.);
#770=ORIENTED_EDGE('',*,*,#1030,.F.);
#771=ORIENTED_EDGE('',*,*,#1028,.T.);
#772=ORIENTED_EDGE('',*,*,#1029,.T.);
#773=ORIENTED_EDGE('',*,*,#998,.F.);
#774=ORIENTED_EDGE('',*,*,#1030,.T.);
#775=ORIENTED_EDGE('',*,*,#991,.F.);
#776=ORIENTED_EDGE('',*,*,#1031,.F.);
#777=ORIENTED_EDGE('',*,*,#975,.F.);
#778=ORIENTED_EDGE('',*,*,#980,.F.);
#779=ORIENTED_EDGE('',*,*,#934,.F.);
#780=ORIENTED_EDGE('',*,*,#976,.F.);
#781=ORIENTED_EDGE('',*,*,#1031,.T.);
#782=ORIENTED_EDGE('',*,*,#1032,.F.);
#783=ORIENTED_EDGE('',*,*,#994,.F.);
#784=ORIENTED_EDGE('',*,*,#990,.F.);
#785=ORIENTED_EDGE('',*,*,#995,.F.);
#786=ORIENTED_EDGE('',*,*,#1032,.T.);
#787=ORIENTED_EDGE('',*,*,#933,.F.);
#788=ORIENTED_EDGE('',*,*,#979,.F.);
#789=ORIENTED_EDGE('',*,*,#936,.F.);
#790=ORIENTED_EDGE('',*,*,#1016,.F.);
#791=ORIENTED_EDGE('',*,*,#930,.F.);
#792=ORIENTED_EDGE('',*,*,#984,.F.);
#793=ORIENTED_EDGE('',*,*,#910,.F.);
#794=ORIENTED_EDGE('',*,*,#1019,.F.);
#795=ORIENTED_EDGE('',*,*,#944,.F.);
#796=ORIENTED_EDGE('',*,*,#985,.F.);
#797=ORIENTED_EDGE('',*,*,#946,.F.);
#798=ORIENTED_EDGE('',*,*,#1018,.F.);
#799=ORIENTED_EDGE('',*,*,#940,.F.);
#800=ORIENTED_EDGE('',*,*,#986,.F.);
#801=ORIENTED_EDGE('',*,*,#942,.F.);
#802=ORIENTED_EDGE('',*,*,#1017,.F.);
#803=ORIENTED_EDGE('',*,*,#938,.F.);
#804=ORIENTED_EDGE('',*,*,#981,.F.);
#805=ORIENTED_EDGE('',*,*,#973,.F.);
#806=ORIENTED_EDGE('',*,*,#993,.F.);
#807=ORIENTED_EDGE('',*,*,#969,.F.);
#808=ORIENTED_EDGE('',*,*,#982,.F.);
#809=ORIENTED_EDGE('',*,*,#965,.F.);
#810=ORIENTED_EDGE('',*,*,#1012,.F.);
#811=ORIENTED_EDGE('',*,*,#962,.F.);
#812=EDGE_CURVE('',#1033,#1033,#1176,.T.);
#813=EDGE_CURVE('',#1034,#1034,#1177,.T.);
#814=EDGE_CURVE('',#1035,#1036,#32,.T.);
#815=EDGE_CURVE('',#1036,#1037,#33,.T.);
#816=EDGE_CURVE('',#1037,#1038,#1178,.T.);
#817=EDGE_CURVE('',#1038,#1039,#34,.T.);
#818=EDGE_CURVE('',#1040,#1039,#35,.T.);
#819=EDGE_CURVE('',#1040,#1041,#36,.T.);
#820=EDGE_CURVE('',#1041,#1042,#1179,.F.);
#821=EDGE_CURVE('',#1042,#1043,#37,.T.);
#822=EDGE_CURVE('',#1043,#1044,#1180,.T.);
#823=EDGE_CURVE('',#1045,#1044,#38,.T.);
#824=EDGE_CURVE('',#1045,#1046,#1181,.T.);
#825=EDGE_CURVE('',#1046,#1047,#39,.T.);
#826=EDGE_CURVE('',#1047,#1048,#1182,.T.);
#827=EDGE_CURVE('',#1048,#1049,#40,.T.);
#828=EDGE_CURVE('',#1049,#1050,#1183,.T.);
#829=EDGE_CURVE('',#1051,#1050,#41,.T.);
#830=EDGE_CURVE('',#1051,#1052,#1184,.F.);
#831=EDGE_CURVE('',#1053,#1052,#42,.T.);
#832=EDGE_CURVE('',#1053,#1054,#43,.T.);
#833=EDGE_CURVE('',#1055,#1054,#44,.T.);
#834=EDGE_CURVE('',#1055,#1056,#1185,.T.);
#835=EDGE_CURVE('',#1057,#1056,#45,.T.);
#836=EDGE_CURVE('',#1057,#1058,#46,.F.);
#837=EDGE_CURVE('',#1058,#1035,#47,.T.);
#838=EDGE_CURVE('',#1059,#1060,#48,.T.);
#839=EDGE_CURVE('',#1060,#1037,#49,.T.);
#840=EDGE_CURVE('',#1036,#1061,#1186,.F.);
#841=EDGE_CURVE('',#1062,#1061,#50,.T.);
#842=EDGE_CURVE('',#1062,#1059,#1187,.F.);
#843=EDGE_CURVE('',#1038,#1063,#51,.F.);
#844=EDGE_CURVE('',#1063,#1064,#52,.T.);
#845=EDGE_CURVE('',#1064,#1039,#53,.T.);
#846=EDGE_CURVE('',#1064,#1065,#54,.T.);
#847=EDGE_CURVE('',#1065,#1040,#55,.T.);
#848=EDGE_CURVE('',#1065,#1066,#56,.T.);
#849=EDGE_CURVE('',#1066,#1067,#29,.T.);
#850=EDGE_CURVE('',#1067,#1041,#57,.T.);
#851=EDGE_CURVE('',#1052,#1068,#58,.F.);
#852=EDGE_CURVE('',#1069,#1068,#59,.T.);
#853=EDGE_CURVE('',#1069,#1053,#60,.T.);
#854=EDGE_CURVE('',#1069,#1070,#61,.T.);
#855=EDGE_CURVE('',#1070,#1054,#62,.T.);
#856=EDGE_CURVE('',#1071,#1070,#63,.T.);
#857=EDGE_CURVE('',#1071,#1055,#64,.T.);
#858=EDGE_CURVE('',#1056,#1072,#65,.F.);
#859=EDGE_CURVE('',#1073,#1072,#66,.T.);
#860=EDGE_CURVE('',#1073,#1074,#1188,.T.);
#861=EDGE_CURVE('',#1074,#1075,#67,.T.);
#862=EDGE_CURVE('',#1075,#1057,#1189,.T.);
#863=EDGE_CURVE('',#1076,#1076,#1190,.F.);
#864=EDGE_CURVE('',#1077,#1078,#68,.T.);
#865=EDGE_CURVE('',#1078,#1079,#69,.F.);
#866=EDGE_CURVE('',#1080,#1079,#70,.T.);
#867=EDGE_CURVE('',#1080,#1081,#1191,.F.);
#868=EDGE_CURVE('',#1082,#1081,#71,.T.);
#869=EDGE_CURVE('',#1082,#1077,#1192,.F.);
#870=EDGE_CURVE('',#1083,#1084,#72,.F.);
#871=EDGE_CURVE('',#1084,#1049,#73,.T.);
#872=EDGE_CURVE('',#1048,#1083,#74,.F.);
#873=EDGE_CURVE('',#1085,#1085,#1193,.F.);
#874=EDGE_CURVE('',#1046,#1086,#75,.F.);
#875=EDGE_CURVE('',#1087,#1086,#76,.T.);
#876=EDGE_CURVE('',#1087,#1047,#77,.T.);
#877=EDGE_CURVE('',#1044,#1088,#78,.F.);
#878=EDGE_CURVE('',#1088,#1089,#79,.T.);
#879=EDGE_CURVE('',#1089,#1045,#80,.T.);
#880=EDGE_CURVE('',#1090,#1091,#81,.T.);
#881=EDGE_CURVE('',#1091,#1043,#82,.T.);
#882=EDGE_CURVE('',#1042,#1090,#83,.F.);
#883=EDGE_CURVE('',#1061,#1078,#84,.F.);
#884=EDGE_CURVE('',#1077,#1062,#85,.T.);
#885=EDGE_CURVE('',#1092,#1093,#86,.T.);
#886=EDGE_CURVE('',#1093,#1087,#87,.T.);
#887=EDGE_CURVE('',#1086,#1094,#88,.F.);
#888=EDGE_CURVE('',#1094,#1095,#89,.F.);
#889=EDGE_CURVE('',#1095,#1066,#1194,.F.);
#890=EDGE_CURVE('',#1063,#1060,#1195,.T.);
#891=EDGE_CURVE('',#1059,#1082,#90,.F.);
#892=EDGE_CURVE('',#1081,#1073,#91,.T.);
#893=EDGE_CURVE('',#1072,#1071,#1196,.T.);
#894=EDGE_CURVE('',#1068,#1092,#1197,.F.);
#895=EDGE_CURVE('',#1079,#1075,#92,.T.);
#896=EDGE_CURVE('',#1074,#1080,#93,.F.);
#897=EDGE_CURVE('',#1050,#1093,#94,.F.);
#898=EDGE_CURVE('',#1092,#1051,#95,.T.);
#899=EDGE_CURVE('',#1058,#1079,#22,.T.);
#900=EDGE_CURVE('',#1078,#1035,#23,.F.);
#901=EDGE_CURVE('',#1093,#1084,#24,.T.);
#902=EDGE_CURVE('',#1083,#1087,#25,.F.);
#903=EDGE_CURVE('',#1090,#1067,#1198,.F.);
#904=EDGE_CURVE('',#1090,#1095,#1199,.T.);
#905=EDGE_CURVE('',#1091,#1094,#1200,.T.);
#906=EDGE_CURVE('',#1088,#1091,#1201,.T.);
#907=EDGE_CURVE('',#1088,#1094,#1202,.F.);
#908=EDGE_CURVE('',#1086,#1089,#26,.T.);
#909=EDGE_CURVE('',#1096,#1097,#96,.T.);
#910=EDGE_CURVE('',#1096,#1098,#97,.F.);
#911=EDGE_CURVE('',#1099,#1098,#98,.T.);
#912=EDGE_CURVE('',#1099,#1100,#99,.T.);
#913=EDGE_CURVE('',#1100,#1101,#100,.F.);
#914=EDGE_CURVE('',#1097,#1101,#101,.T.);
#915=EDGE_CURVE('',#1102,#1103,#1203,.F.);
#916=EDGE_CURVE('',#1102,#1104,#102,.F.);
#917=EDGE_CURVE('',#1105,#1104,#103,.T.);
#918=EDGE_CURVE('',#1106,#1105,#104,.T.);
#919=EDGE_CURVE('',#1106,#1107,#105,.T.);
#920=EDGE_CURVE('',#1108,#1107,#106,.T.);
#921=EDGE_CURVE('',#1108,#1103,#107,.F.);
#922=EDGE_CURVE('',#1109,#1110,#108,.T.);
#923=EDGE_CURVE('',#1110,#1111,#109,.T.);
#924=EDGE_CURVE('',#1112,#1111,#1204,.T.);
#925=EDGE_CURVE('',#1112,#1113,#110,.T.);
#926=EDGE_CURVE('',#1113,#1114,#111,.T.);
#927=EDGE_CURVE('',#1115,#1114,#112,.T.);
#928=EDGE_CURVE('',#1115,#1109,#113,.T.);
#929=EDGE_CURVE('',#1116,#1117,#114,.T.);
#930=EDGE_CURVE('',#1117,#1118,#115,.T.);
#931=EDGE_CURVE('',#1118,#1119,#116,.T.);
#932=EDGE_CURVE('',#1120,#1119,#117,.T.);
#933=EDGE_CURVE('',#1120,#1121,#118,.T.);
#934=EDGE_CURVE('',#1121,#1116,#119,.F.);
#935=EDGE_CURVE('',#1122,#1123,#120,.T.);
#936=EDGE_CURVE('',#1122,#1124,#121,.F.);
#937=EDGE_CURVE('',#1125,#1124,#122,.T.);
#938=EDGE_CURVE('',#1125,#1123,#123,.T.);
#939=EDGE_CURVE('',#1126,#1127,#124,.T.);
#940=EDGE_CURVE('',#1127,#1128,#125,.T.);
#941=EDGE_CURVE('',#1128,#1129,#126,.T.);
#942=EDGE_CURVE('',#1129,#1126,#127,.F.);
#943=EDGE_CURVE('',#1130,#1131,#128,.T.);
#944=EDGE_CURVE('',#1131,#1132,#129,.T.);
#945=EDGE_CURVE('',#1132,#1133,#130,.T.);
#946=EDGE_CURVE('',#1133,#1130,#131,.F.);
#947=EDGE_CURVE('',#1114,#1107,#132,.T.);
#948=EDGE_CURVE('',#1106,#1115,#133,.T.);
#949=EDGE_CURVE('',#1134,#1135,#134,.T.);
#950=EDGE_CURVE('',#1135,#1136,#135,.T.);
#951=EDGE_CURVE('',#1137,#1136,#136,.T.);
#952=EDGE_CURVE('',#1137,#1134,#137,.T.);
#953=EDGE_CURVE('',#1138,#1139,#138,.T.);
#954=EDGE_CURVE('',#1139,#1140,#139,.T.);
#955=EDGE_CURVE('',#1141,#1140,#140,.T.);
#956=EDGE_CURVE('',#1138,#1141,#141,.T.);
#957=EDGE_CURVE('',#1142,#1136,#142,.T.);
#958=EDGE_CURVE('',#1142,#1143,#30,.T.);
#959=EDGE_CURVE('',#1143,#1144,#143,.F.);
#960=EDGE_CURVE('',#1137,#1144,#144,.T.);
#961=EDGE_CURVE('',#1145,#1134,#145,.T.);
#962=EDGE_CURVE('',#1145,#1146,#146,.T.);
#963=EDGE_CURVE('',#1135,#1146,#147,.T.);
#964=EDGE_CURVE('',#1147,#1148,#148,.T.);
#965=EDGE_CURVE('',#1147,#1149,#149,.F.);
#966=EDGE_CURVE('',#1105,#1149,#150,.T.);
#967=EDGE_CURVE('',#1104,#1148,#1205,.T.);
#968=EDGE_CURVE('',#1109,#1150,#151,.T.);
#969=EDGE_CURVE('',#1150,#1151,#152,.T.);
#970=EDGE_CURVE('',#1151,#1152,#153,.T.);
#971=EDGE_CURVE('',#1152,#1110,#1206,.F.);
#972=EDGE_CURVE('',#1140,#1153,#154,.T.);
#973=EDGE_CURVE('',#1153,#1154,#155,.F.);
#974=EDGE_CURVE('',#1154,#1141,#156,.T.);
#975=EDGE_CURVE('',#1155,#1156,#157,.T.);
#976=EDGE_CURVE('',#1156,#1157,#31,.F.);
#977=EDGE_CURVE('',#1157,#1139,#158,.T.);
#978=EDGE_CURVE('',#1138,#1155,#159,.T.);
#979=EDGE_CURVE('',#1124,#1117,#1207,.F.);
#980=EDGE_CURVE('',#1116,#1155,#1208,.T.);
#981=EDGE_CURVE('',#1154,#1150,#1209,.F.);
#982=EDGE_CURVE('',#1149,#1145,#1210,.F.);
#983=EDGE_CURVE('',#1144,#1099,#1211,.T.);
#984=EDGE_CURVE('',#1098,#1131,#1212,.F.);
#985=EDGE_CURVE('',#1130,#1127,#1213,.F.);
#986=EDGE_CURVE('',#1126,#1125,#1214,.F.);
#987=EDGE_CURVE('',#1158,#1119,#160,.T.);
#988=EDGE_CURVE('',#1158,#1159,#161,.F.);
#989=EDGE_CURVE('',#1159,#1160,#162,.T.);
#990=EDGE_CURVE('',#1160,#1120,#1215,.T.);
#991=EDGE_CURVE('',#1159,#1161,#163,.T.);
#992=EDGE_CURVE('',#1161,#1152,#164,.F.);
#993=EDGE_CURVE('',#1151,#1153,#1216,.T.);
#994=EDGE_CURVE('',#1157,#1162,#1217,.F.);
#995=EDGE_CURVE('',#1162,#1160,#165,.F.);
#996=EDGE_CURVE('',#1163,#1164,#166,.T.);
#997=EDGE_CURVE('',#1163,#1165,#167,.F.);
#998=EDGE_CURVE('',#1165,#1166,#168,.F.);
#999=EDGE_CURVE('',#1166,#1164,#169,.T.);
#1000=EDGE_CURVE('',#1167,#1168,#170,.T.);
#1001=EDGE_CURVE('',#1167,#1169,#171,.T.);
#1002=EDGE_CURVE('',#1169,#1097,#172,.T.);
#1003=EDGE_CURVE('',#1101,#1168,#1218,.F.);
#1004=EDGE_CURVE('',#1170,#1171,#173,.T.);
#1005=EDGE_CURVE('',#1170,#1172,#174,.F.);
#1006=EDGE_CURVE('',#1172,#1173,#175,.F.);
#1007=EDGE_CURVE('',#1173,#1171,#176,.T.);
#1008=EDGE_CURVE('',#1148,#1174,#177,.T.);
#1009=EDGE_CURVE('',#1174,#1167,#178,.T.);
#1010=EDGE_CURVE('',#1168,#1175,#179,.T.);
#1011=EDGE_CURVE('',#1175,#1142,#1219,.F.);
#1012=EDGE_CURVE('',#1146,#1147,#1220,.T.);
#1013=EDGE_CURVE('',#1171,#1108,#1221,.T.);
#1014=EDGE_CURVE('',#1113,#1163,#1222,.T.);
#1015=EDGE_CURVE('',#1164,#1158,#1223,.F.);
#1016=EDGE_CURVE('',#1118,#1122,#1224,.T.);
#1017=EDGE_CURVE('',#1123,#1129,#1225,.T.);
#1018=EDGE_CURVE('',#1128,#1133,#1226,.T.);
#1019=EDGE_CURVE('',#1132,#1096,#1227,.T.);
#1020=EDGE_CURVE('',#1169,#1170,#1228,.F.);
#1021=EDGE_CURVE('',#1103,#1173,#1229,.T.);
#1022=EDGE_CURVE('',#1174,#1102,#1230,.T.);
#1023=EDGE_CURVE('',#1174,#1173,#1231,.F.);
#1024=EDGE_CURVE('',#1172,#1167,#27,.F.);
#1025=EDGE_CURVE('',#1100,#1143,#1232,.F.);
#1026=EDGE_CURVE('',#1100,#1175,#1233,.T.);
#1027=EDGE_CURVE('',#1111,#1161,#1234,.T.);
#1028=EDGE_CURVE('',#1165,#1112,#1235,.T.);
#1029=EDGE_CURVE('',#1159,#1166,#28,.T.);
#1030=EDGE_CURVE('',#1165,#1161,#1236,.T.);
#1031=EDGE_CURVE('',#1156,#1121,#1237,.F.);
#1032=EDGE_CURVE('',#1162,#1121,#1238,.T.);
#1033=VERTEX_POINT('',#2185);
#1034=VERTEX_POINT('',#2187);
#1035=VERTEX_POINT('',#2190);
#1036=VERTEX_POINT('',#2191);
#1037=VERTEX_POINT('',#2193);
#1038=VERTEX_POINT('',#2195);
#1039=VERTEX_POINT('',#2197);
#1040=VERTEX_POINT('',#2199);
#1041=VERTEX_POINT('',#2201);
#1042=VERTEX_POINT('',#2203);
#1043=VERTEX_POINT('',#2205);
#1044=VERTEX_POINT('',#2207);
#1045=VERTEX_POINT('',#2209);
#1046=VERTEX_POINT('',#2211);
#1047=VERTEX_POINT('',#2213);
#1048=VERTEX_POINT('',#2215);
#1049=VERTEX_POINT('',#2217);
#1050=VERTEX_POINT('',#2219);
#1051=VERTEX_POINT('',#2221);
#1052=VERTEX_POINT('',#2223);
#1053=VERTEX_POINT('',#2225);
#1054=VERTEX_POINT('',#2227);
#1055=VERTEX_POINT('',#2229);
#1056=VERTEX_POINT('',#2231);
#1057=VERTEX_POINT('',#2233);
#1058=VERTEX_POINT('',#2235);
#1059=VERTEX_POINT('',#2239);
#1060=VERTEX_POINT('',#2240);
#1061=VERTEX_POINT('',#2243);
#1062=VERTEX_POINT('',#2245);
#1063=VERTEX_POINT('',#2249);
#1064=VERTEX_POINT('',#2251);
#1065=VERTEX_POINT('',#2255);
#1066=VERTEX_POINT('',#2259);
#1067=VERTEX_POINT('',#2265);
#1068=VERTEX_POINT('',#2269);
#1069=VERTEX_POINT('',#2271);
#1070=VERTEX_POINT('',#2275);
#1071=VERTEX_POINT('',#2279);
#1072=VERTEX_POINT('',#2283);
#1073=VERTEX_POINT('',#2285);
#1074=VERTEX_POINT('',#2287);
#1075=VERTEX_POINT('',#2289);
#1076=VERTEX_POINT('',#2293);
#1077=VERTEX_POINT('',#2295);
#1078=VERTEX_POINT('',#2296);
#1079=VERTEX_POINT('',#2298);
#1080=VERTEX_POINT('',#2300);
#1081=VERTEX_POINT('',#2302);
#1082=VERTEX_POINT('',#2304);
#1083=VERTEX_POINT('',#2308);
#1084=VERTEX_POINT('',#2309);
#1085=VERTEX_POINT('',#2314);
#1086=VERTEX_POINT('',#2316);
#1087=VERTEX_POINT('',#2318);
#1088=VERTEX_POINT('',#2322);
#1089=VERTEX_POINT('',#2324);
#1090=VERTEX_POINT('',#2328);
#1091=VERTEX_POINT('',#2329);
#1092=VERTEX_POINT('',#2337);
#1093=VERTEX_POINT('',#2338);
#1094=VERTEX_POINT('',#2341);
#1095=VERTEX_POINT('',#2343);
#1096=VERTEX_POINT('',#2389);
#1097=VERTEX_POINT('',#2390);
#1098=VERTEX_POINT('',#2392);
#1099=VERTEX_POINT('',#2394);
#1100=VERTEX_POINT('',#2396);
#1101=VERTEX_POINT('',#2398);
#1102=VERTEX_POINT('',#2402);
#1103=VERTEX_POINT('',#2403);
#1104=VERTEX_POINT('',#2405);
#1105=VERTEX_POINT('',#2407);
#1106=VERTEX_POINT('',#2409);
#1107=VERTEX_POINT('',#2411);
#1108=VERTEX_POINT('',#2413);
#1109=VERTEX_POINT('',#2417);
#1110=VERTEX_POINT('',#2418);
#1111=VERTEX_POINT('',#2420);
#1112=VERTEX_POINT('',#2422);
#1113=VERTEX_POINT('',#2424);
#1114=VERTEX_POINT('',#2426);
#1115=VERTEX_POINT('',#2428);
#1116=VERTEX_POINT('',#2432);
#1117=VERTEX_POINT('',#2433);
#1118=VERTEX_POINT('',#2435);
#1119=VERTEX_POINT('',#2437);
#1120=VERTEX_POINT('',#2439);
#1121=VERTEX_POINT('',#2441);
#1122=VERTEX_POINT('',#2445);
#1123=VERTEX_POINT('',#2446);
#1124=VERTEX_POINT('',#2448);
#1125=VERTEX_POINT('',#2450);
#1126=VERTEX_POINT('',#2454);
#1127=VERTEX_POINT('',#2455);
#1128=VERTEX_POINT('',#2457);
#1129=VERTEX_POINT('',#2459);
#1130=VERTEX_POINT('',#2463);
#1131=VERTEX_POINT('',#2464);
#1132=VERTEX_POINT('',#2466);
#1133=VERTEX_POINT('',#2468);
#1134=VERTEX_POINT('',#2475);
#1135=VERTEX_POINT('',#2476);
#1136=VERTEX_POINT('',#2478);
#1137=VERTEX_POINT('',#2480);
#1138=VERTEX_POINT('',#2484);
#1139=VERTEX_POINT('',#2485);
#1140=VERTEX_POINT('',#2487);
#1141=VERTEX_POINT('',#2489);
#1142=VERTEX_POINT('',#2493);
#1143=VERTEX_POINT('',#2499);
#1144=VERTEX_POINT('',#2501);
#1145=VERTEX_POINT('',#2505);
#1146=VERTEX_POINT('',#2507);
#1147=VERTEX_POINT('',#2511);
#1148=VERTEX_POINT('',#2512);
#1149=VERTEX_POINT('',#2514);
#1150=VERTEX_POINT('',#2519);
#1151=VERTEX_POINT('',#2521);
#1152=VERTEX_POINT('',#2523);
#1153=VERTEX_POINT('',#2527);
#1154=VERTEX_POINT('',#2529);
#1155=VERTEX_POINT('',#2533);
#1156=VERTEX_POINT('',#2534);
#1157=VERTEX_POINT('',#2540);
#1158=VERTEX_POINT('',#2554);
#1159=VERTEX_POINT('',#2556);
#1160=VERTEX_POINT('',#2558);
#1161=VERTEX_POINT('',#2562);
#1162=VERTEX_POINT('',#2566);
#1163=VERTEX_POINT('',#2570);
#1164=VERTEX_POINT('',#2571);
#1165=VERTEX_POINT('',#2573);
#1166=VERTEX_POINT('',#2575);
#1167=VERTEX_POINT('',#2579);
#1168=VERTEX_POINT('',#2580);
#1169=VERTEX_POINT('',#2582);
#1170=VERTEX_POINT('',#2587);
#1171=VERTEX_POINT('',#2588);
#1172=VERTEX_POINT('',#2590);
#1173=VERTEX_POINT('',#2592);
#1174=VERTEX_POINT('',#2596);
#1175=VERTEX_POINT('',#2599);
#1176=CIRCLE('',#1565,0.0045);
#1177=CIRCLE('',#1566,0.0045);
#1178=CIRCLE('',#1568,0.001);
#1179=CIRCLE('',#1569,0.001);
#1180=CIRCLE('',#1570,0.001);
#1181=CIRCLE('',#1571,0.001);
#1182=CIRCLE('',#1572,0.001);
#1183=CIRCLE('',#1573,0.001);
#1184=CIRCLE('',#1574,0.001);
#1185=CIRCLE('',#1575,0.001);
#1186=CIRCLE('',#1577,0.001);
#1187=CIRCLE('',#1578,0.001);
#1188=CIRCLE('',#1586,0.001);
#1189=CIRCLE('',#1587,0.001);
#1190=CIRCLE('',#1589,0.0055);
#1191=CIRCLE('',#1590,0.001);
#1192=CIRCLE('',#1591,0.001);
#1193=CIRCLE('',#1594,0.0055);
#1194=CIRCLE('',#1599,0.002);
#1195=CIRCLE('',#1600,0.001);
#1196=CIRCLE('',#1601,0.001);
#1197=CIRCLE('',#1602,0.001);
#1198=CIRCLE('',#1618,0.001);
#1199=CIRCLE('',#1620,0.001);
#1200=CIRCLE('',#1622,0.001);
#1201=CIRCLE('',#1624,0.001);
#1202=CIRCLE('',#1626,0.001);
#1203=CIRCLE('',#1638,0.002);
#1204=CIRCLE('',#1640,0.002);
#1205=CIRCLE('',#1651,0.001);
#1206=CIRCLE('',#1653,0.001);
#1207=CIRCLE('',#1657,0.001);
#1208=CIRCLE('',#1658,0.001);
#1209=CIRCLE('',#1659,0.001);
#1210=CIRCLE('',#1660,0.001);
#1211=CIRCLE('',#1661,0.001);
#1212=CIRCLE('',#1662,0.001);
#1213=CIRCLE('',#1663,0.001);
#1214=CIRCLE('',#1664,0.001);
#1215=CIRCLE('',#1666,0.001);
#1216=CIRCLE('',#1668,0.001);
#1217=CIRCLE('',#1669,0.002);
#1218=CIRCLE('',#1672,0.001);
#1219=CIRCLE('',#1675,0.002);
#1220=CIRCLE('',#1676,0.001);
#1221=CIRCLE('',#1678,0.001);
#1222=CIRCLE('',#1679,0.001);
#1223=CIRCLE('',#1680,0.001);
#1224=CIRCLE('',#1681,0.001);
#1225=CIRCLE('',#1682,0.001);
#1226=CIRCLE('',#1683,0.001);
#1227=CIRCLE('',#1684,0.001);
#1228=CIRCLE('',#1685,0.001);
#1229=CIRCLE('',#1687,0.001);
#1230=CIRCLE('',#1689,0.001);
#1231=CIRCLE('',#1691,0.001);
#1232=CIRCLE('',#1696,0.001);
#1233=CIRCLE('',#1698,0.001);
#1234=CIRCLE('',#1701,0.001);
#1235=CIRCLE('',#1703,0.001);
#1236=CIRCLE('',#1707,0.001);
#1237=CIRCLE('',#1710,0.001);
#1238=CIRCLE('',#1712,0.001);
#1239=EDGE_LOOP('',(#370));
#1240=EDGE_LOOP('',(#371));
#1241=EDGE_LOOP('',(#372,#373,#374,#375,#376,#377,#378,#379,#380,#381,#382,
#383,#384,#385,#386,#387,#388,#389,#390,#391,#392,#393,#394,#395));
#1242=EDGE_LOOP('',(#396,#397,#398,#399,#400,#401));
#1243=EDGE_LOOP('',(#402,#403,#404,#405));
#1244=EDGE_LOOP('',(#406,#407,#408,#409));
#1245=EDGE_LOOP('',(#410,#411,#412,#413,#414));
#1246=EDGE_LOOP('',(#415,#416,#417,#418));
#1247=EDGE_LOOP('',(#419,#420,#421,#422));
#1248=EDGE_LOOP('',(#423,#424,#425,#426));
#1249=EDGE_LOOP('',(#427,#428,#429,#430,#431,#432));
#1250=EDGE_LOOP('',(#433));
#1251=EDGE_LOOP('',(#434,#435,#436,#437,#438,#439));
#1252=EDGE_LOOP('',(#440,#441,#442,#443));
#1253=EDGE_LOOP('',(#444));
#1254=EDGE_LOOP('',(#445,#446,#447,#448));
#1255=EDGE_LOOP('',(#449,#450,#451,#452));
#1256=EDGE_LOOP('',(#453,#454,#455,#456));
#1257=EDGE_LOOP('',(#457,#458,#459,#460));
#1258=EDGE_LOOP('',(#461,#462,#463,#464,#465,#466,#467,#468,#469,#470,#471,
#472,#473,#474,#475,#476,#477,#478,#479,#480));
#1259=EDGE_LOOP('',(#481,#482,#483,#484));
#1260=EDGE_LOOP('',(#485,#486,#487,#488));
#1261=EDGE_LOOP('',(#489,#490,#491,#492));
#1262=EDGE_LOOP('',(#493,#494,#495,#496));
#1263=EDGE_LOOP('',(#497,#498,#499,#500));
#1264=EDGE_LOOP('',(#501));
#1265=EDGE_LOOP('',(#502));
#1266=EDGE_LOOP('',(#503));
#1267=EDGE_LOOP('',(#504));
#1268=EDGE_LOOP('',(#505,#506,#507,#508));
#1269=EDGE_LOOP('',(#509,#510,#511,#512));
#1270=EDGE_LOOP('',(#513,#514,#515,#516));
#1271=EDGE_LOOP('',(#517,#518,#519,#520));
#1272=EDGE_LOOP('',(#521,#522,#523,#524));
#1273=EDGE_LOOP('',(#525,#526,#527,#528));
#1274=EDGE_LOOP('',(#529,#530,#531,#532));
#1275=EDGE_LOOP('',(#533,#534,#535));
#1276=EDGE_LOOP('',(#536,#537,#538,#539));
#1277=EDGE_LOOP('',(#540,#541,#542,#543));
#1278=EDGE_LOOP('',(#544,#545,#546,#547));
#1279=EDGE_LOOP('',(#548,#549,#550,#551));
#1280=EDGE_LOOP('',(#552,#553,#554,#555));
#1281=EDGE_LOOP('',(#556,#557,#558,#559));
#1282=EDGE_LOOP('',(#560,#561,#562,#563));
#1283=EDGE_LOOP('',(#564,#565,#566,#567,#568,#569));
#1284=EDGE_LOOP('',(#570,#571,#572,#573,#574,#575,#576));
#1285=EDGE_LOOP('',(#577,#578,#579,#580,#581,#582,#583));
#1286=EDGE_LOOP('',(#584,#585,#586,#587,#588,#589));
#1287=EDGE_LOOP('',(#590,#591,#592,#593));
#1288=EDGE_LOOP('',(#594,#595,#596,#597));
#1289=EDGE_LOOP('',(#598,#599,#600,#601));
#1290=EDGE_LOOP('',(#602,#603,#604,#605));
#1291=EDGE_LOOP('',(#606,#607,#608,#609));
#1292=EDGE_LOOP('',(#610,#611,#612,#613));
#1293=EDGE_LOOP('',(#614,#615,#616,#617,#618));
#1294=EDGE_LOOP('',(#619,#620,#621,#622));
#1295=EDGE_LOOP('',(#623,#624,#625,#626,#627));
#1296=EDGE_LOOP('',(#628,#629,#630,#631,#632));
#1297=EDGE_LOOP('',(#633,#634,#635,#636));
#1298=EDGE_LOOP('',(#637,#638,#639,#640,#641));
#1299=EDGE_LOOP('',(#642,#643,#644,#645,#646,#647,#648,#649,#650,#651,#652,
#653,#654,#655,#656,#657,#658,#659,#660,#661,#662,#663,#664,#665));
#1300=EDGE_LOOP('',(#666,#667,#668,#669,#670));
#1301=EDGE_LOOP('',(#671,#672,#673,#674,#675,#676,#677,#678,#679,#680));
#1302=EDGE_LOOP('',(#681,#682,#683,#684));
#1303=EDGE_LOOP('',(#685,#686,#687,#688,#689));
#1304=EDGE_LOOP('',(#690,#691,#692,#693));
#1305=EDGE_LOOP('',(#694,#695,#696,#697,#698,#699,#700,#701,#702,#703));
#1306=EDGE_LOOP('',(#704,#705,#706,#707,#708,#709,#710,#711,#712,#713,#714,
#715,#716,#717,#718,#719,#720,#721,#722,#723));
#1307=EDGE_LOOP('',(#724,#725,#726,#727));
#1308=EDGE_LOOP('',(#728,#729,#730,#731));
#1309=EDGE_LOOP('',(#732,#733,#734,#735));
#1310=EDGE_LOOP('',(#736,#737,#738,#739));
#1311=EDGE_LOOP('',(#740,#741,#742,#743));
#1312=EDGE_LOOP('',(#744,#745,#746,#747));
#1313=EDGE_LOOP('',(#748,#749,#750,#751));
#1314=EDGE_LOOP('',(#752,#753,#754,#755));
#1315=EDGE_LOOP('',(#756,#757,#758,#759));
#1316=EDGE_LOOP('',(#760,#761,#762,#763));
#1317=EDGE_LOOP('',(#764,#765,#766,#767));
#1318=EDGE_LOOP('',(#768,#769,#770,#771));
#1319=EDGE_LOOP('',(#772,#773,#774,#775));
#1320=EDGE_LOOP('',(#776,#777,#778,#779));
#1321=EDGE_LOOP('',(#780,#781,#782,#783));
#1322=EDGE_LOOP('',(#784,#785,#786,#787));
#1323=EDGE_LOOP('',(#788,#789,#790,#791));
#1324=EDGE_LOOP('',(#792,#793,#794,#795));
#1325=EDGE_LOOP('',(#796,#797,#798,#799));
#1326=EDGE_LOOP('',(#800,#801,#802,#803));
#1327=EDGE_LOOP('',(#804,#805,#806,#807));
#1328=EDGE_LOOP('',(#808,#809,#810,#811));
#1329=FACE_BOUND('',#1239,.T.);
#1330=FACE_BOUND('',#1240,.T.);
#1331=FACE_BOUND('',#1241,.T.);
#1332=FACE_BOUND('',#1242,.T.);
#1333=FACE_BOUND('',#1243,.T.);
#1334=FACE_BOUND('',#1244,.T.);
#1335=FACE_BOUND('',#1245,.T.);
#1336=FACE_BOUND('',#1246,.T.);
#1337=FACE_BOUND('',#1247,.T.);
#1338=FACE_BOUND('',#1248,.T.);
#1339=FACE_BOUND('',#1249,.T.);
#1340=FACE_BOUND('',#1250,.T.);
#1341=FACE_BOUND('',#1251,.T.);
#1342=FACE_BOUND('',#1252,.T.);
#1343=FACE_BOUND('',#1253,.T.);
#1344=FACE_BOUND('',#1254,.T.);
#1345=FACE_BOUND('',#1255,.T.);
#1346=FACE_BOUND('',#1256,.T.);
#1347=FACE_BOUND('',#1257,.T.);
#1348=FACE_BOUND('',#1258,.T.);
#1349=FACE_BOUND('',#1259,.T.);
#1350=FACE_BOUND('',#1260,.T.);
#1351=FACE_BOUND('',#1261,.T.);
#1352=FACE_BOUND('',#1262,.T.);
#1353=FACE_BOUND('',#1263,.T.);
#1354=FACE_BOUND('',#1264,.T.);
#1355=FACE_BOUND('',#1265,.T.);
#1356=FACE_BOUND('',#1266,.T.);
#1357=FACE_BOUND('',#1267,.T.);
#1358=FACE_BOUND('',#1268,.T.);
#1359=FACE_BOUND('',#1269,.T.);
#1360=FACE_BOUND('',#1270,.T.);
#1361=FACE_BOUND('',#1271,.T.);
#1362=FACE_BOUND('',#1272,.T.);
#1363=FACE_BOUND('',#1273,.T.);
#1364=FACE_BOUND('',#1274,.T.);
#1365=FACE_BOUND('',#1275,.T.);
#1366=FACE_BOUND('',#1276,.T.);
#1367=FACE_BOUND('',#1277,.T.);
#1368=FACE_BOUND('',#1278,.T.);
#1369=FACE_BOUND('',#1279,.T.);
#1370=FACE_BOUND('',#1280,.T.);
#1371=FACE_BOUND('',#1281,.T.);
#1372=FACE_BOUND('',#1282,.T.);
#1373=FACE_BOUND('',#1283,.T.);
#1374=FACE_BOUND('',#1284,.T.);
#1375=FACE_BOUND('',#1285,.T.);
#1376=FACE_BOUND('',#1286,.T.);
#1377=FACE_BOUND('',#1287,.T.);
#1378=FACE_BOUND('',#1288,.T.);
#1379=FACE_BOUND('',#1289,.T.);
#1380=FACE_BOUND('',#1290,.T.);
#1381=FACE_BOUND('',#1291,.T.);
#1382=FACE_BOUND('',#1292,.T.);
#1383=FACE_BOUND('',#1293,.T.);
#1384=FACE_BOUND('',#1294,.T.);
#1385=FACE_BOUND('',#1295,.T.);
#1386=FACE_BOUND('',#1296,.T.);
#1387=FACE_BOUND('',#1297,.T.);
#1388=FACE_BOUND('',#1298,.T.);
#1389=FACE_BOUND('',#1299,.T.);
#1390=FACE_BOUND('',#1300,.T.);
#1391=FACE_BOUND('',#1301,.T.);
#1392=FACE_BOUND('',#1302,.T.);
#1393=FACE_BOUND('',#1303,.T.);
#1394=FACE_BOUND('',#1304,.T.);
#1395=FACE_BOUND('',#1305,.T.);
#1396=FACE_BOUND('',#1306,.T.);
#1397=FACE_BOUND('',#1307,.T.);
#1398=FACE_BOUND('',#1308,.T.);
#1399=FACE_BOUND('',#1309,.T.);
#1400=FACE_BOUND('',#1310,.T.);
#1401=FACE_BOUND('',#1311,.T.);
#1402=FACE_BOUND('',#1312,.T.);
#1403=FACE_BOUND('',#1313,.T.);
#1404=FACE_BOUND('',#1314,.T.);
#1405=FACE_BOUND('',#1315,.T.);
#1406=FACE_BOUND('',#1316,.T.);
#1407=FACE_BOUND('',#1317,.T.);
#1408=FACE_BOUND('',#1318,.T.);
#1409=FACE_BOUND('',#1319,.T.);
#1410=FACE_BOUND('',#1320,.T.);
#1411=FACE_BOUND('',#1321,.T.);
#1412=FACE_BOUND('',#1322,.T.);
#1413=FACE_BOUND('',#1323,.T.);
#1414=FACE_BOUND('',#1324,.T.);
#1415=FACE_BOUND('',#1325,.T.);
#1416=FACE_BOUND('',#1326,.T.);
#1417=FACE_BOUND('',#1327,.T.);
#1418=FACE_BOUND('',#1328,.T.);
#1419=CYLINDRICAL_SURFACE('',#1564,0.0045);
#1420=CYLINDRICAL_SURFACE('',#1605,0.001);
#1421=CYLINDRICAL_SURFACE('',#1607,0.001);
#1422=CYLINDRICAL_SURFACE('',#1609,0.001);
#1423=CYLINDRICAL_SURFACE('',#1612,0.001);
#1424=CYLINDRICAL_SURFACE('',#1614,0.001);
#1425=CYLINDRICAL_SURFACE('',#1616,0.001);
#1426=CYLINDRICAL_SURFACE('',#1617,0.001);
#1427=CYLINDRICAL_SURFACE('',#1621,0.001);
#1428=CYLINDRICAL_SURFACE('',#1623,0.001);
#1429=CYLINDRICAL_SURFACE('',#1627,0.001);
#1430=CYLINDRICAL_SURFACE('',#1629,0.001);
#1431=CYLINDRICAL_SURFACE('',#1630,0.001);
#1432=CYLINDRICAL_SURFACE('',#1631,0.001);
#1433=CYLINDRICAL_SURFACE('',#1632,0.001);
#1434=CYLINDRICAL_SURFACE('',#1633,0.001);
#1435=CYLINDRICAL_SURFACE('',#1634,0.001);
#1436=CYLINDRICAL_SURFACE('',#1686,0.001);
#1437=CYLINDRICAL_SURFACE('',#1688,0.001);
#1438=CYLINDRICAL_SURFACE('',#1692,0.001);
#1439=CYLINDRICAL_SURFACE('',#1694,0.001);
#1440=CYLINDRICAL_SURFACE('',#1695,0.001);
#1441=CYLINDRICAL_SURFACE('',#1699,0.001);
#1442=CYLINDRICAL_SURFACE('',#1700,0.001);
#1443=CYLINDRICAL_SURFACE('',#1702,0.001);
#1444=CYLINDRICAL_SURFACE('',#1704,0.001);
#1445=CYLINDRICAL_SURFACE('',#1708,0.001);
#1446=CYLINDRICAL_SURFACE('',#1709,0.001);
#1447=CYLINDRICAL_SURFACE('',#1713,0.001);
#1448=CYLINDRICAL_SURFACE('',#1714,0.001);
#1449=CYLINDRICAL_SURFACE('',#1715,0.001);
#1450=CYLINDRICAL_SURFACE('',#1716,0.001);
#1451=CYLINDRICAL_SURFACE('',#1717,0.001);
#1452=CYLINDRICAL_SURFACE('',#1718,0.001);
#1453=CYLINDRICAL_SURFACE('',#1719,0.001);
#1454=ADVANCED_FACE('',(#1329,#1330),#1419,.F.);
#1455=ADVANCED_FACE('',(#1331),#328,.T.);
#1456=ADVANCED_FACE('',(#1332),#329,.T.);
#1457=ADVANCED_FACE('',(#1333),#330,.T.);
#1458=ADVANCED_FACE('',(#1334),#331,.F.);
#1459=ADVANCED_FACE('',(#1335),#332,.T.);
#1460=ADVANCED_FACE('',(#1336),#333,.F.);
#1461=ADVANCED_FACE('',(#1337),#334,.T.);
#1462=ADVANCED_FACE('',(#1338),#335,.F.);
#1463=ADVANCED_FACE('',(#1339),#336,.F.);
#1464=ADVANCED_FACE('',(#1340,#1341),#337,.T.);
#1465=ADVANCED_FACE('',(#1342),#338,.T.);
#1466=ADVANCED_FACE('',(#1343,#1344),#339,.T.);
#1467=ADVANCED_FACE('',(#1345),#340,.F.);
#1468=ADVANCED_FACE('',(#1346),#341,.T.);
#1469=ADVANCED_FACE('',(#1347),#342,.T.);
#1470=ADVANCED_FACE('',(#1348),#343,.T.);
#1471=ADVANCED_FACE('',(#1349),#344,.F.);
#1472=ADVANCED_FACE('',(#1350),#345,.F.);
#1473=ADVANCED_FACE('',(#1351),#1420,.T.);
#1474=ADVANCED_FACE('',(#1352),#1421,.T.);
#1475=ADVANCED_FACE('',(#1353),#1422,.T.);
#1476=ADVANCED_FACE('',(#1354,#1355),#15,.T.);
#1477=ADVANCED_FACE('',(#1356,#1357),#16,.T.);
#1478=ADVANCED_FACE('',(#1358),#1423,.T.);
#1479=ADVANCED_FACE('',(#1359),#1424,.T.);
#1480=ADVANCED_FACE('',(#1360),#1425,.T.);
#1481=ADVANCED_FACE('',(#1361),#1426,.F.);
#1482=ADVANCED_FACE('',(#1362),#17,.T.);
#1483=ADVANCED_FACE('',(#1363),#1427,.T.);
#1484=ADVANCED_FACE('',(#1364),#1428,.T.);
#1485=ADVANCED_FACE('',(#1365),#14,.T.);
#1486=ADVANCED_FACE('',(#1366),#1429,.T.);
#1487=ADVANCED_FACE('',(#1367),#1430,.T.);
#1488=ADVANCED_FACE('',(#1368),#1431,.T.);
#1489=ADVANCED_FACE('',(#1369),#1432,.T.);
#1490=ADVANCED_FACE('',(#1370),#1433,.F.);
#1491=ADVANCED_FACE('',(#1371),#1434,.T.);
#1492=ADVANCED_FACE('',(#1372),#1435,.T.);
#1493=ADVANCED_FACE('',(#1373),#346,.F.);
#1494=ADVANCED_FACE('',(#1374),#347,.F.);
#1495=ADVANCED_FACE('',(#1375),#348,.T.);
#1496=ADVANCED_FACE('',(#1376),#349,.T.);
#1497=ADVANCED_FACE('',(#1377),#350,.F.);
#1498=ADVANCED_FACE('',(#1378),#351,.T.);
#1499=ADVANCED_FACE('',(#1379),#352,.T.);
#1500=ADVANCED_FACE('',(#1380),#353,.T.);
#1501=ADVANCED_FACE('',(#1381),#354,.T.);
#1502=ADVANCED_FACE('',(#1382),#355,.F.);
#1503=ADVANCED_FACE('',(#1383),#356,.F.);
#1504=ADVANCED_FACE('',(#1384),#357,.F.);
#1505=ADVANCED_FACE('',(#1385),#358,.F.);
#1506=ADVANCED_FACE('',(#1386),#359,.T.);
#1507=ADVANCED_FACE('',(#1387),#360,.T.);
#1508=ADVANCED_FACE('',(#1388),#361,.T.);
#1509=ADVANCED_FACE('',(#1389),#362,.F.);
#1510=ADVANCED_FACE('',(#1390),#363,.F.);
#1511=ADVANCED_FACE('',(#1391),#364,.T.);
#1512=ADVANCED_FACE('',(#1392),#365,.T.);
#1513=ADVANCED_FACE('',(#1393),#366,.T.);
#1514=ADVANCED_FACE('',(#1394),#367,.T.);
#1515=ADVANCED_FACE('',(#1395),#368,.T.);
#1516=ADVANCED_FACE('',(#1396),#369,.T.);
#1517=ADVANCED_FACE('',(#1397),#1436,.T.);
#1518=ADVANCED_FACE('',(#1398),#1437,.T.);
#1519=ADVANCED_FACE('',(#1399),#18,.T.);
#1520=ADVANCED_FACE('',(#1400),#1438,.F.);
#1521=ADVANCED_FACE('',(#1401),#1439,.F.);
#1522=ADVANCED_FACE('',(#1402),#1440,.F.);
#1523=ADVANCED_FACE('',(#1403),#19,.T.);
#1524=ADVANCED_FACE('',(#1404),#1441,.T.);
#1525=ADVANCED_FACE('',(#1405),#1442,.T.);
#1526=ADVANCED_FACE('',(#1406),#1443,.T.);
#1527=ADVANCED_FACE('',(#1407),#1444,.F.);
#1528=ADVANCED_FACE('',(#1408),#20,.T.);
#1529=ADVANCED_FACE('',(#1409),#1445,.F.);
#1530=ADVANCED_FACE('',(#1410),#1446,.F.);
#1531=ADVANCED_FACE('',(#1411),#21,.T.);
#1532=ADVANCED_FACE('',(#1412),#1447,.T.);
#1533=ADVANCED_FACE('',(#1413),#1448,.T.);
#1534=ADVANCED_FACE('',(#1414),#1449,.T.);
#1535=ADVANCED_FACE('',(#1415),#1450,.T.);
#1536=ADVANCED_FACE('',(#1416),#1451,.T.);
#1537=ADVANCED_FACE('',(#1417),#1452,.T.);
#1538=ADVANCED_FACE('',(#1418),#1453,.T.);
#1539=CLOSED_SHELL('',(#1454,#1455,#1456,#1457,#1458,#1459,#1460,#1461,
#1462,#1463,#1464,#1465,#1466,#1467,#1468,#1469,#1470,#1471,#1472,#1473,
#1474,#1475,#1476,#1477,#1478,#1479,#1480,#1481,#1482,#1483,#1484,#1485,
#1486,#1487,#1488,#1489,#1490,#1491,#1492));
#1540=CLOSED_SHELL('',(#1493,#1494,#1495,#1496,#1497,#1498,#1499,#1500,
#1501,#1502,#1503,#1504,#1505,#1506,#1507,#1508,#1509,#1510,#1511,#1512,
#1513,#1514,#1515,#1516,#1517,#1518,#1519,#1520,#1521,#1522,#1523,#1524,
#1525,#1526,#1527,#1528,#1529,#1530,#1531,#1532,#1533,#1534,#1535,#1536,
#1537,#1538));
#1541=STYLED_ITEM('',(#1543),#1557);
#1542=STYLED_ITEM('',(#1544),#1558);
#1543=PRESENTATION_STYLE_ASSIGNMENT((#1545));
#1544=PRESENTATION_STYLE_ASSIGNMENT((#1546));
#1545=SURFACE_STYLE_USAGE(.BOTH.,#1547);
#1546=SURFACE_STYLE_USAGE(.BOTH.,#1548);
#1547=SURFACE_SIDE_STYLE('',(#1549));
#1548=SURFACE_SIDE_STYLE('',(#1550));
#1549=SURFACE_STYLE_FILL_AREA(#1551);
#1550=SURFACE_STYLE_FILL_AREA(#1552);
#1551=FILL_AREA_STYLE('',(#1553));
#1552=FILL_AREA_STYLE('',(#1554));
#1553=FILL_AREA_STYLE_COLOUR('',#1555);
#1554=FILL_AREA_STYLE_COLOUR('',#1556);
#1555=COLOUR_RGB('',0.654901960784314,0.823529411764706,0.576470588235294);
#1556=COLOUR_RGB('',0.231372549019608,0.380392156862745,0.705882352941177);
#1557=MANIFOLD_SOLID_BREP('Part 1',#1539);
#1558=MANIFOLD_SOLID_BREP('Part 2',#1540);
#1559=SHAPE_DEFINITION_REPRESENTATION(#2657,#1561);
#1560=SHAPE_DEFINITION_REPRESENTATION(#2658,#1562);
#1561=SHAPE_REPRESENTATION('Part 1',(#1563),#2647);
#1562=SHAPE_REPRESENTATION('Part 2',(#1635),#2648);
#1563=AXIS2_PLACEMENT_3D('',#2182,#1720,#1721);
#1564=AXIS2_PLACEMENT_3D('',#2183,#1722,#1723);
#1565=AXIS2_PLACEMENT_3D('',#2184,#1724,#1725);
#1566=AXIS2_PLACEMENT_3D('',#2186,#1726,#1727);
#1567=AXIS2_PLACEMENT_3D('',#2188,#1728,#1729);
#1568=AXIS2_PLACEMENT_3D('',#2194,#1732,#1733);
#1569=AXIS2_PLACEMENT_3D('',#2202,#1737,#1738);
#1570=AXIS2_PLACEMENT_3D('',#2206,#1740,#1741);
#1571=AXIS2_PLACEMENT_3D('',#2210,#1743,#1744);
#1572=AXIS2_PLACEMENT_3D('',#2214,#1746,#1747);
#1573=AXIS2_PLACEMENT_3D('',#2218,#1749,#1750);
#1574=AXIS2_PLACEMENT_3D('',#2222,#1752,#1753);
#1575=AXIS2_PLACEMENT_3D('',#2230,#1757,#1758);
#1576=AXIS2_PLACEMENT_3D('',#2237,#1762,#1763);
#1577=AXIS2_PLACEMENT_3D('',#2242,#1766,#1767);
#1578=AXIS2_PLACEMENT_3D('',#2246,#1769,#1770);
#1579=AXIS2_PLACEMENT_3D('',#2247,#1771,#1772);
#1580=AXIS2_PLACEMENT_3D('',#2253,#1776,#1777);
#1581=AXIS2_PLACEMENT_3D('',#2257,#1780,#1781);
#1582=AXIS2_PLACEMENT_3D('',#2267,#1784,#1785);
#1583=AXIS2_PLACEMENT_3D('',#2273,#1789,#1790);
#1584=AXIS2_PLACEMENT_3D('',#2277,#1793,#1794);
#1585=AXIS2_PLACEMENT_3D('',#2281,#1797,#1798);
#1586=AXIS2_PLACEMENT_3D('',#2286,#1801,#1802);
#1587=AXIS2_PLACEMENT_3D('',#2290,#1804,#1805);
#1588=AXIS2_PLACEMENT_3D('',#2291,#1806,#1807);
#1589=AXIS2_PLACEMENT_3D('',#2292,#1808,#1809);
#1590=AXIS2_PLACEMENT_3D('',#2301,#1813,#1814);
#1591=AXIS2_PLACEMENT_3D('',#2305,#1816,#1817);
#1592=AXIS2_PLACEMENT_3D('',#2306,#1818,#1819);
#1593=AXIS2_PLACEMENT_3D('',#2312,#1823,#1824);
#1594=AXIS2_PLACEMENT_3D('',#2313,#1825,#1826);
#1595=AXIS2_PLACEMENT_3D('',#2320,#1830,#1831);
#1596=AXIS2_PLACEMENT_3D('',#2326,#1835,#1836);
#1597=AXIS2_PLACEMENT_3D('',#2332,#1840,#1841);
#1598=AXIS2_PLACEMENT_3D('',#2335,#1844,#1845);
#1599=AXIS2_PLACEMENT_3D('',#2344,#1850,#1851);
#1600=AXIS2_PLACEMENT_3D('',#2345,#1852,#1853);
#1601=AXIS2_PLACEMENT_3D('',#2348,#1856,#1857);
#1602=AXIS2_PLACEMENT_3D('',#2349,#1858,#1859);
#1603=AXIS2_PLACEMENT_3D('',#2350,#1860,#1861);
#1604=AXIS2_PLACEMENT_3D('',#2353,#1864,#1865);
#1605=AXIS2_PLACEMENT_3D('',#2356,#1868,#1869);
#1606=AXIS2_PLACEMENT_3D('',#2357,#1870,#1871);
#1607=AXIS2_PLACEMENT_3D('',#2358,#1872,#1873);
#1608=AXIS2_PLACEMENT_3D('',#2359,#1874,#1875);
#1609=AXIS2_PLACEMENT_3D('',#2360,#1876,#1877);
#1610=AXIS2_PLACEMENT_3D('',#2361,#1878,#1879);
#1611=AXIS2_PLACEMENT_3D('',#2362,#1880,#1881);
#1612=AXIS2_PLACEMENT_3D('',#2363,#1882,#1883);
#1613=AXIS2_PLACEMENT_3D('',#2364,#1884,#1885);
#1614=AXIS2_PLACEMENT_3D('',#2365,#1886,#1887);
#1615=AXIS2_PLACEMENT_3D('',#2366,#1888,#1889);
#1616=AXIS2_PLACEMENT_3D('',#2367,#1890,#1891);
#1617=AXIS2_PLACEMENT_3D('',#2368,#1892,#1893);
#1618=AXIS2_PLACEMENT_3D('',#2369,#1894,#1895);
#1619=AXIS2_PLACEMENT_3D('',#2370,#1896,#1897);
#1620=AXIS2_PLACEMENT_3D('',#2371,#1898,#1899);
#1621=AXIS2_PLACEMENT_3D('',#2372,#1900,#1901);
#1622=AXIS2_PLACEMENT_3D('',#2373,#1902,#1903);
#1623=AXIS2_PLACEMENT_3D('',#2374,#1904,#1905);
#1624=AXIS2_PLACEMENT_3D('',#2375,#1906,#1907);
#1625=AXIS2_PLACEMENT_3D('',#2376,#1908,#1909);
#1626=AXIS2_PLACEMENT_3D('',#2377,#1910,#1911);
#1627=AXIS2_PLACEMENT_3D('',#2378,#1912,#1913);
#1628=AXIS2_PLACEMENT_3D('',#2379,#1914,#1915);
#1629=AXIS2_PLACEMENT_3D('',#2380,#1916,#1917);
#1630=AXIS2_PLACEMENT_3D('',#2381,#1918,#1919);
#1631=AXIS2_PLACEMENT_3D('',#2382,#1920,#1921);
#1632=AXIS2_PLACEMENT_3D('',#2383,#1922,#1923);
#1633=AXIS2_PLACEMENT_3D('',#2384,#1924,#1925);
#1634=AXIS2_PLACEMENT_3D('',#2385,#1926,#1927);
#1635=AXIS2_PLACEMENT_3D('',#2386,#1928,#1929);
#1636=AXIS2_PLACEMENT_3D('',#2387,#1930,#1931);
#1637=AXIS2_PLACEMENT_3D('',#2400,#1938,#1939);
#1638=AXIS2_PLACEMENT_3D('',#2401,#1940,#1941);
#1639=AXIS2_PLACEMENT_3D('',#2415,#1948,#1949);
#1640=AXIS2_PLACEMENT_3D('',#2421,#1952,#1953);
#1641=AXIS2_PLACEMENT_3D('',#2430,#1958,#1959);
#1642=AXIS2_PLACEMENT_3D('',#2443,#1966,#1967);
#1643=AXIS2_PLACEMENT_3D('',#2452,#1972,#1973);
#1644=AXIS2_PLACEMENT_3D('',#2461,#1978,#1979);
#1645=AXIS2_PLACEMENT_3D('',#2470,#1984,#1985);
#1646=AXIS2_PLACEMENT_3D('',#2473,#1988,#1989);
#1647=AXIS2_PLACEMENT_3D('',#2482,#1994,#1995);
#1648=AXIS2_PLACEMENT_3D('',#2491,#2000,#2001);
#1649=AXIS2_PLACEMENT_3D('',#2503,#2005,#2006);
#1650=AXIS2_PLACEMENT_3D('',#2509,#2010,#2011);
#1651=AXIS2_PLACEMENT_3D('',#2516,#2015,#2016);
#1652=AXIS2_PLACEMENT_3D('',#2517,#2017,#2018);
#1653=AXIS2_PLACEMENT_3D('',#2524,#2022,#2023);
#1654=AXIS2_PLACEMENT_3D('',#2525,#2024,#2025);
#1655=AXIS2_PLACEMENT_3D('',#2531,#2029,#2030);
#1656=AXIS2_PLACEMENT_3D('',#2543,#2034,#2035);
#1657=AXIS2_PLACEMENT_3D('',#2544,#2036,#2037);
#1658=AXIS2_PLACEMENT_3D('',#2545,#2038,#2039);
#1659=AXIS2_PLACEMENT_3D('',#2546,#2040,#2041);
#1660=AXIS2_PLACEMENT_3D('',#2547,#2042,#2043);
#1661=AXIS2_PLACEMENT_3D('',#2548,#2044,#2045);
#1662=AXIS2_PLACEMENT_3D('',#2549,#2046,#2047);
#1663=AXIS2_PLACEMENT_3D('',#2550,#2048,#2049);
#1664=AXIS2_PLACEMENT_3D('',#2551,#2050,#2051);
#1665=AXIS2_PLACEMENT_3D('',#2552,#2052,#2053);
#1666=AXIS2_PLACEMENT_3D('',#2559,#2057,#2058);
#1667=AXIS2_PLACEMENT_3D('',#2560,#2059,#2060);
#1668=AXIS2_PLACEMENT_3D('',#2564,#2063,#2064);
#1669=AXIS2_PLACEMENT_3D('',#2565,#2065,#2066);
#1670=AXIS2_PLACEMENT_3D('',#2568,#2068,#2069);
#1671=AXIS2_PLACEMENT_3D('',#2577,#2074,#2075);
#1672=AXIS2_PLACEMENT_3D('',#2584,#2079,#2080);
#1673=AXIS2_PLACEMENT_3D('',#2585,#2081,#2082);
#1674=AXIS2_PLACEMENT_3D('',#2594,#2087,#2088);
#1675=AXIS2_PLACEMENT_3D('',#2600,#2092,#2093);
#1676=AXIS2_PLACEMENT_3D('',#2601,#2094,#2095);
#1677=AXIS2_PLACEMENT_3D('',#2602,#2096,#2097);
#1678=AXIS2_PLACEMENT_3D('',#2603,#2098,#2099);
#1679=AXIS2_PLACEMENT_3D('',#2604,#2100,#2101);
#1680=AXIS2_PLACEMENT_3D('',#2605,#2102,#2103);
#1681=AXIS2_PLACEMENT_3D('',#2606,#2104,#2105);
#1682=AXIS2_PLACEMENT_3D('',#2607,#2106,#2107);
#1683=AXIS2_PLACEMENT_3D('',#2608,#2108,#2109);
#1684=AXIS2_PLACEMENT_3D('',#2609,#2110,#2111);
#1685=AXIS2_PLACEMENT_3D('',#2610,#2112,#2113);
#1686=AXIS2_PLACEMENT_3D('',#2611,#2114,#2115);
#1687=AXIS2_PLACEMENT_3D('',#2612,#2116,#2117);
#1688=AXIS2_PLACEMENT_3D('',#2613,#2118,#2119);
#1689=AXIS2_PLACEMENT_3D('',#2614,#2120,#2121);
#1690=AXIS2_PLACEMENT_3D('',#2615,#2122,#2123);
#1691=AXIS2_PLACEMENT_3D('',#2616,#2124,#2125);
#1692=AXIS2_PLACEMENT_3D('',#2617,#2126,#2127);
#1693=AXIS2_PLACEMENT_3D('',#2618,#2128,#2129);
#1694=AXIS2_PLACEMENT_3D('',#2619,#2130,#2131);
#1695=AXIS2_PLACEMENT_3D('',#2620,#2132,#2133);
#1696=AXIS2_PLACEMENT_3D('',#2621,#2134,#2135);
#1697=AXIS2_PLACEMENT_3D('',#2622,#2136,#2137);
#1698=AXIS2_PLACEMENT_3D('',#2623,#2138,#2139);
#1699=AXIS2_PLACEMENT_3D('',#2624,#2140,#2141);
#1700=AXIS2_PLACEMENT_3D('',#2625,#2142,#2143);
#1701=AXIS2_PLACEMENT_3D('',#2626,#2144,#2145);
#1702=AXIS2_PLACEMENT_3D('',#2627,#2146,#2147);
#1703=AXIS2_PLACEMENT_3D('',#2628,#2148,#2149);
#1704=AXIS2_PLACEMENT_3D('',#2629,#2150,#2151);
#1705=AXIS2_PLACEMENT_3D('',#2630,#2152,#2153);
#1706=AXIS2_PLACEMENT_3D('',#2631,#2154,#2155);
#1707=AXIS2_PLACEMENT_3D('',#2632,#2156,#2157);
#1708=AXIS2_PLACEMENT_3D('',#2633,#2158,#2159);
#1709=AXIS2_PLACEMENT_3D('',#2634,#2160,#2161);
#1710=AXIS2_PLACEMENT_3D('',#2635,#2162,#2163);
#1711=AXIS2_PLACEMENT_3D('',#2636,#2164,#2165);
#1712=AXIS2_PLACEMENT_3D('',#2637,#2166,#2167);
#1713=AXIS2_PLACEMENT_3D('',#2638,#2168,#2169);
#1714=AXIS2_PLACEMENT_3D('',#2639,#2170,#2171);
#1715=AXIS2_PLACEMENT_3D('',#2640,#2172,#2173);
#1716=AXIS2_PLACEMENT_3D('',#2641,#2174,#2175);
#1717=AXIS2_PLACEMENT_3D('',#2642,#2176,#2177);
#1718=AXIS2_PLACEMENT_3D('',#2643,#2178,#2179);
#1719=AXIS2_PLACEMENT_3D('',#2644,#2180,#2181);
#1720=DIRECTION('',(0.,0.,1.));
#1721=DIRECTION('',(1.,0.,0.));
#1722=DIRECTION('',(1.69241314729444E-16,0.,1.));
#1723=DIRECTION('',(1.,0.,-1.69241314729444E-16));
#1724=DIRECTION('',(1.57702134179709E-16,0.,-1.));
#1725=DIRECTION('',(-1.,0.,-1.57702134179709E-16));
#1726=DIRECTION('',(1.69241314729444E-16,0.,1.));
#1727=DIRECTION('',(1.,0.,-1.69241314729444E-16));
#1728=DIRECTION('',(0.,-1.,0.));
#1729=DIRECTION('',(1.,0.,0.));
#1730=DIRECTION('',(0.,0.,-1.));
#1731=DIRECTION('',(-1.,0.,0.));
#1732=DIRECTION('',(0.,-1.,0.));
#1733=DIRECTION('',(0.,0.,-1.));
#1734=DIRECTION('',(0.,0.,-1.));
#1735=DIRECTION('',(-1.,0.,0.));
#1736=DIRECTION('',(0.,0.,1.));
#1737=DIRECTION('',(0.,-1.,0.));
#1738=DIRECTION('',(0.,0.,-1.));
#1739=DIRECTION('',(1.,0.,-1.33440267382831E-16));
#1740=DIRECTION('',(0.,-1.,0.));
#1741=DIRECTION('',(0.,0.,-1.));
#1742=DIRECTION('',(0.,0.,-1.));
#1743=DIRECTION('',(0.,-1.,0.));
#1744=DIRECTION('',(0.,0.,-1.));
#1745=DIRECTION('',(-1.,0.,1.69241314729444E-16));
#1746=DIRECTION('',(0.,-1.,0.));
#1747=DIRECTION('',(0.,0.,-1.));
#1748=DIRECTION('',(0.,0.,-1.));
#1749=DIRECTION('',(0.,-1.,0.));
#1750=DIRECTION('',(0.,0.,-1.));
#1751=DIRECTION('',(-1.,0.,-1.33440267382831E-16));
#1752=DIRECTION('',(0.,-1.,0.));
#1753=DIRECTION('',(0.,0.,-1.));
#1754=DIRECTION('',(0.,0.,1.));
#1755=DIRECTION('',(1.,0.,0.));
#1756=DIRECTION('',(0.,0.,-1.));
#1757=DIRECTION('',(0.,-1.,0.));
#1758=DIRECTION('',(0.,0.,-1.));
#1759=DIRECTION('',(1.,0.,2.16840434497101E-16));
#1760=DIRECTION('',(0.,0.,-1.));
#1761=DIRECTION('',(1.,0.,1.57702134179709E-16));
#1762=DIRECTION('',(0.,0.,1.));
#1763=DIRECTION('',(1.,0.,0.));
#1764=DIRECTION('',(-1.,6.93889390390723E-16,0.));
#1765=DIRECTION('',(0.,-1.,0.));
#1766=DIRECTION('',(0.,0.,1.));
#1767=DIRECTION('',(1.,0.,0.));
#1768=DIRECTION('',(0.,-1.,0.));
#1769=DIRECTION('',(0.,0.,1.));
#1770=DIRECTION('',(1.,0.,0.));
#1771=DIRECTION('',(-1.,0.,0.));
#1772=DIRECTION('',(0.,0.,1.));
#1773=DIRECTION('',(0.,-1.,0.));
#1774=DIRECTION('',(0.,0.,-1.));
#1775=DIRECTION('',(0.,-1.,0.));
#1776=DIRECTION('',(0.,0.,1.));
#1777=DIRECTION('',(1.,0.,0.));
#1778=DIRECTION('',(1.,-6.93889390390723E-16,0.));
#1779=DIRECTION('',(0.,-1.,0.));
#1780=DIRECTION('',(1.,0.,0.));
#1781=DIRECTION('',(0.,0.,-1.));
#1782=DIRECTION('',(0.,0.,1.));
#1783=DIRECTION('',(0.,-1.,0.));
#1784=DIRECTION('',(1.,0.,0.));
#1785=DIRECTION('',(0.,0.,-1.));
#1786=DIRECTION('',(0.,-1.,0.));
#1787=DIRECTION('',(0.,0.,1.));
#1788=DIRECTION('',(0.,-1.,0.));
#1789=DIRECTION('',(0.,0.,-1.));
#1790=DIRECTION('',(-1.,0.,0.));
#1791=DIRECTION('',(1.,-6.93889390390723E-16,0.));
#1792=DIRECTION('',(0.,-1.,0.));
#1793=DIRECTION('',(-1.,0.,0.));
#1794=DIRECTION('',(0.,0.,1.));
#1795=DIRECTION('',(0.,0.,-1.));
#1796=DIRECTION('',(0.,-1.,0.));
#1797=DIRECTION('',(2.16840434497101E-16,0.,-1.));
#1798=DIRECTION('',(-1.,0.,-2.16840434497101E-16));
#1799=DIRECTION('',(0.,-1.,0.));
#1800=DIRECTION('',(1.,-6.93889390390723E-16,2.16840434497101E-16));
#1801=DIRECTION('',(2.16840434497101E-16,0.,-1.));
#1802=DIRECTION('',(-1.,0.,-2.16840434497101E-16));
#1803=DIRECTION('',(0.,-1.,0.));
#1804=DIRECTION('',(2.16840434497101E-16,0.,-1.));
#1805=DIRECTION('',(-1.,0.,-2.16840434497101E-16));
#1806=DIRECTION('',(1.57702134179709E-16,0.,-1.));
#1807=DIRECTION('',(-1.,0.,-1.57702134179709E-16));
#1808=DIRECTION('',(1.57702134179709E-16,0.,-1.));
#1809=DIRECTION('',(-1.,0.,-1.57702134179709E-16));
#1810=DIRECTION('',(0.,-1.,0.));
#1811=DIRECTION('',(1.,0.,1.57702134179709E-16));
#1812=DIRECTION('',(0.,-1.,0.));
#1813=DIRECTION('',(1.57702134179709E-16,0.,-1.));
#1814=DIRECTION('',(-1.,0.,-1.57702134179709E-16));
#1815=DIRECTION('',(-1.,0.,-1.57702134179709E-16));
#1816=DIRECTION('',(1.57702134179709E-16,0.,-1.));
#1817=DIRECTION('',(-1.,0.,-1.57702134179709E-16));
#1818=DIRECTION('',(-1.,0.,0.));
#1819=DIRECTION('',(0.,0.,1.));
#1820=DIRECTION('',(0.,0.,1.));
#1821=DIRECTION('',(0.,-1.,0.));
#1822=DIRECTION('',(0.,-1.,0.));
#1823=DIRECTION('',(1.69241314729444E-16,0.,1.));
#1824=DIRECTION('',(1.,0.,-1.69241314729444E-16));
#1825=DIRECTION('',(1.69241314729444E-16,0.,1.));
#1826=DIRECTION('',(1.,0.,-1.69241314729444E-16));
#1827=DIRECTION('',(0.,-1.,0.));
#1828=DIRECTION('',(1.,0.,-1.69241314729444E-16));
#1829=DIRECTION('',(0.,-1.,0.));
#1830=DIRECTION('',(-1.,0.,0.));
#1831=DIRECTION('',(0.,0.,1.));
#1832=DIRECTION('',(0.,-1.,0.));
#1833=DIRECTION('',(0.,0.,1.));
#1834=DIRECTION('',(0.,-1.,0.));
#1835=DIRECTION('',(-1.33440267382831E-16,0.,-1.));
#1836=DIRECTION('',(-1.,0.,1.33440267382831E-16));
#1837=DIRECTION('',(1.,-6.93889390390723E-16,-1.33440267382831E-16));
#1838=DIRECTION('',(0.,-1.,0.));
#1839=DIRECTION('',(0.,-1.,0.));
#1840=DIRECTION('',(-1.,0.,0.));
#1841=DIRECTION('',(0.,0.,1.));
#1842=DIRECTION('',(0.,0.,-1.));
#1843=DIRECTION('',(0.,0.,-1.));
#1844=DIRECTION('',(6.93889390390723E-16,1.,0.));
#1845=DIRECTION('',(-1.,6.93889390390723E-16,0.));
#1846=DIRECTION('',(-1.,6.93889390390723E-16,-1.33440267382831E-16));
#1847=DIRECTION('',(0.,0.,1.));
#1848=DIRECTION('',(0.,0.,1.));
#1849=DIRECTION('',(1.,-6.93889390390723E-16,-1.33440267382831E-16));
#1850=DIRECTION('',(6.93889390390723E-16,1.,0.));
#1851=DIRECTION('',(-1.,6.93889390390723E-16,0.));
#1852=DIRECTION('',(6.93889390390723E-16,1.,0.));
#1853=DIRECTION('',(-1.,6.93889390390723E-16,0.));
#1854=DIRECTION('',(0.,0.,-1.));
#1855=DIRECTION('',(0.,0.,-1.));
#1856=DIRECTION('',(6.93889390390723E-16,1.,0.));
#1857=DIRECTION('',(-1.,6.93889390390723E-16,0.));
#1858=DIRECTION('',(6.93889390390723E-16,1.,0.));
#1859=DIRECTION('',(-1.,6.93889390390723E-16,0.));
#1860=DIRECTION('',(-1.,0.,0.));
#1861=DIRECTION('',(0.,0.,1.));
#1862=DIRECTION('',(0.,0.,-1.));
#1863=DIRECTION('',(0.,0.,-1.));
#1864=DIRECTION('',(-1.33440267382831E-16,0.,1.));
#1865=DIRECTION('',(1.,0.,1.33440267382831E-16));
#1866=DIRECTION('',(0.,-1.,0.));
#1867=DIRECTION('',(0.,-1.,0.));
#1868=DIRECTION('',(0.,0.,1.));
#1869=DIRECTION('',(1.,0.,0.));
#1870=DIRECTION('',(0.707106781186548,0.,0.707106781186548));
#1871=DIRECTION('',(0.707106781186548,0.,-0.707106781186548));
#1872=DIRECTION('',(0.,0.,-1.));
#1873=DIRECTION('',(-1.,0.,0.));
#1874=DIRECTION('',(0.707106781186548,0.,-0.707106781186548));
#1875=DIRECTION('',(0.707106781186548,0.,0.707106781186548));
#1876=DIRECTION('',(1.,0.,1.57702134179709E-16));
#1877=DIRECTION('',(1.57702134179709E-16,0.,-1.));
#1878=DIRECTION('',(1.57702134179709E-16,0.,-1.));
#1879=DIRECTION('',(-1.,0.,-1.57702134179709E-16));
#1880=DIRECTION('',(1.69241314729444E-16,0.,1.));
#1881=DIRECTION('',(1.,0.,-1.69241314729444E-16));
#1882=DIRECTION('',(0.,1.,0.));
#1883=DIRECTION('',(0.,0.,1.));
#1884=DIRECTION('',(0.,0.707106781186548,0.707106781186548));
#1885=DIRECTION('',(0.,0.707106781186548,-0.707106781186548));
#1886=DIRECTION('',(0.,-1.,0.));
#1887=DIRECTION('',(0.,0.,-1.));
#1888=DIRECTION('',(0.,-0.707106781186548,0.707106781186548));
#1889=DIRECTION('',(0.,-0.707106781186548,-0.707106781186548));
#1890=DIRECTION('',(0.,0.,1.));
#1891=DIRECTION('',(1.,0.,0.));
#1892=DIRECTION('',(0.,1.,0.));
#1893=DIRECTION('',(0.,0.,1.));
#1894=DIRECTION('',(6.93889390390723E-16,1.,0.));
#1895=DIRECTION('',(-1.,6.93889390390723E-16,0.));
#1896=DIRECTION('',(6.93889390390723E-16,1.,0.));
#1897=DIRECTION('',(-1.,6.93889390390723E-16,0.));
#1898=DIRECTION('',(1.,0.,0.));
#1899=DIRECTION('',(0.,0.,-1.));
#1900=DIRECTION('',(1.,-6.93889390390723E-16,-1.33440267382831E-16));
#1901=DIRECTION('',(6.93889390390723E-16,1.,0.));
#1902=DIRECTION('',(1.,0.,0.));
#1903=DIRECTION('',(0.,0.,-1.));
#1904=DIRECTION('',(0.,1.,0.));
#1905=DIRECTION('',(0.,0.,1.));
#1906=DIRECTION('',(0.,1.,-3.46944695195361E-15));
#1907=DIRECTION('',(0.,3.46944695195361E-15,1.));
#1908=DIRECTION('',(0.,-6.93889390390723E-15,-1.));
#1909=DIRECTION('',(0.,1.,-6.93889390390723E-15));
#1910=DIRECTION('',(8.67361737988403E-16,0.,-1.));
#1911=DIRECTION('',(-1.,0.,-8.67361737988403E-16));
#1912=DIRECTION('',(0.,1.,0.));
#1913=DIRECTION('',(0.,0.,1.));
#1914=DIRECTION('',(0.,0.707106781186548,-0.707106781186548));
#1915=DIRECTION('',(0.,0.707106781186548,0.707106781186548));
#1916=DIRECTION('',(0.,0.,-1.));
#1917=DIRECTION('',(-1.,0.,0.));
#1918=DIRECTION('',(0.,0.,1.));
#1919=DIRECTION('',(1.,0.,0.));
#1920=DIRECTION('',(0.,0.,-1.));
#1921=DIRECTION('',(-1.,0.,0.));
#1922=DIRECTION('',(0.,1.,0.));
#1923=DIRECTION('',(0.,0.,1.));
#1924=DIRECTION('',(0.,-1.,0.));
#1925=DIRECTION('',(0.,0.,-1.));
#1926=DIRECTION('',(0.,-1.,0.));
#1927=DIRECTION('',(0.,0.,-1.));
#1928=DIRECTION('',(0.,0.,1.));
#1929=DIRECTION('',(1.,0.,0.));
#1930=DIRECTION('',(-1.33440267382831E-16,0.,1.));
#1931=DIRECTION('',(1.,0.,1.33440267382831E-16));
#1932=DIRECTION('',(1.,0.,1.33440267382831E-16));
#1933=DIRECTION('',(0.,-1.,0.));
#1934=DIRECTION('',(-1.,0.,-1.33440267382831E-16));
#1935=DIRECTION('',(0.,-1.,0.));
#1936=DIRECTION('',(1.,0.,1.33440267382831E-16));
#1937=DIRECTION('',(0.,1.,0.));
#1938=DIRECTION('',(-1.,0.,0.));
#1939=DIRECTION('',(0.,0.,1.));
#1940=DIRECTION('',(-1.,0.,0.));
#1941=DIRECTION('',(0.,0.,1.));
#1942=DIRECTION('',(0.,0.,1.));
#1943=DIRECTION('',(0.,-1.,0.));
#1944=DIRECTION('',(0.,0.,-1.));
#1945=DIRECTION('',(0.,-1.,0.));
#1946=DIRECTION('',(0.,0.,1.));
#1947=DIRECTION('',(0.,-1.,0.));
#1948=DIRECTION('',(-1.,0.,0.));
#1949=DIRECTION('',(0.,0.,1.));
#1950=DIRECTION('',(0.,-1.,0.));
#1951=DIRECTION('',(0.,0.,1.));
#1952=DIRECTION('',(-1.,0.,0.));
#1953=DIRECTION('',(0.,0.,1.));
#1954=DIRECTION('',(0.,-1.,0.));
#1955=DIRECTION('',(0.,0.,1.));
#1956=DIRECTION('',(0.,-1.,0.));
#1957=DIRECTION('',(0.,0.,-1.));
#1958=DIRECTION('',(-1.33440267382831E-16,0.,-1.));
#1959=DIRECTION('',(-1.,0.,1.33440267382831E-16));
#1960=DIRECTION('',(1.,0.,-1.33440267382831E-16));
#1961=DIRECTION('',(0.,-1.,0.));
#1962=DIRECTION('',(-1.,0.,1.33440267382831E-16));
#1963=DIRECTION('',(0.,-1.,0.));
#1964=DIRECTION('',(-1.,0.,1.33440267382831E-16));
#1965=DIRECTION('',(0.,-1.,0.));
#1966=DIRECTION('',(-1.,0.,0.));
#1967=DIRECTION('',(0.,0.,1.));
#1968=DIRECTION('',(0.,0.,1.));
#1969=DIRECTION('',(0.,-1.,0.));
#1970=DIRECTION('',(0.,0.,-1.));
#1971=DIRECTION('',(0.,-1.,0.));
#1972=DIRECTION('',(1.69241314729444E-16,0.,1.));
#1973=DIRECTION('',(1.,0.,-1.69241314729444E-16));
#1974=DIRECTION('',(-1.,0.,1.69241314729444E-16));
#1975=DIRECTION('',(0.,-1.,0.));
#1976=DIRECTION('',(1.,0.,-1.69241314729444E-16));
#1977=DIRECTION('',(0.,-1.,0.));
#1978=DIRECTION('',(-1.,0.,0.));
#1979=DIRECTION('',(0.,0.,1.));
#1980=DIRECTION('',(0.,0.,-1.));
#1981=DIRECTION('',(0.,-1.,0.));
#1982=DIRECTION('',(0.,0.,1.));
#1983=DIRECTION('',(0.,-1.,0.));
#1984=DIRECTION('',(1.57702134179709E-16,0.,-1.));
#1985=DIRECTION('',(-1.,0.,-1.57702134179709E-16));
#1986=DIRECTION('',(-1.,0.,-1.57702134179709E-16));
#1987=DIRECTION('',(1.,0.,1.57702134179709E-16));
#1988=DIRECTION('',(0.,0.,-1.));
#1989=DIRECTION('',(-1.,0.,0.));
#1990=DIRECTION('',(0.,-1.,0.));
#1991=DIRECTION('',(-1.,0.,0.));
#1992=DIRECTION('',(0.,-1.,0.));
#1993=DIRECTION('',(1.,0.,0.));
#1994=DIRECTION('',(0.,0.,1.));
#1995=DIRECTION('',(1.,0.,0.));
#1996=DIRECTION('',(0.,-1.,0.));
#1997=DIRECTION('',(-1.,0.,0.));
#1998=DIRECTION('',(0.,-1.,0.));
#1999=DIRECTION('',(-1.,0.,0.));
#2000=DIRECTION('',(1.,0.,0.));
#2001=DIRECTION('',(0.,0.,-1.));
#2002=DIRECTION('',(0.,0.,-1.));
#2003=DIRECTION('',(0.,-1.,0.));
#2004=DIRECTION('',(0.,0.,1.));
#2005=DIRECTION('',(-1.,0.,0.));
#2006=DIRECTION('',(0.,0.,1.));
#2007=DIRECTION('',(0.,0.,-1.));
#2008=DIRECTION('',(0.,-1.,0.));
#2009=DIRECTION('',(0.,0.,1.));
#2010=DIRECTION('',(2.16840434497101E-16,0.,-1.));
#2011=DIRECTION('',(-1.,0.,-2.16840434497101E-16));
#2012=DIRECTION('',(-1.,0.,-2.16840434497101E-16));
#2013=DIRECTION('',(0.,-1.,0.));
#2014=DIRECTION('',(1.,0.,2.16840434497101E-16));
#2015=DIRECTION('',(2.16840434497101E-16,0.,-1.));
#2016=DIRECTION('',(-1.,0.,-2.16840434497101E-16));
#2017=DIRECTION('',(0.,0.,1.));
#2018=DIRECTION('',(1.,0.,0.));
#2019=DIRECTION('',(-1.,0.,0.));
#2020=DIRECTION('',(0.,-1.,0.));
#2021=DIRECTION('',(1.,0.,0.));
#2022=DIRECTION('',(0.,0.,1.));
#2023=DIRECTION('',(1.,0.,0.));
#2024=DIRECTION('',(-1.,0.,0.));
#2025=DIRECTION('',(0.,0.,1.));
#2026=DIRECTION('',(0.,0.,1.));
#2027=DIRECTION('',(0.,-1.,0.));
#2028=DIRECTION('',(0.,0.,-1.));
#2029=DIRECTION('',(1.,0.,0.));
#2030=DIRECTION('',(0.,0.,-1.));
#2031=DIRECTION('',(0.,-1.,0.));
#2032=DIRECTION('',(0.,0.,-1.));
#2033=DIRECTION('',(0.,0.,1.));
#2034=DIRECTION('',(0.,-1.,0.));
#2035=DIRECTION('',(1.,0.,0.));
#2036=DIRECTION('',(0.,-1.,0.));
#2037=DIRECTION('',(0.,0.,-1.));
#2038=DIRECTION('',(0.,-1.,0.));
#2039=DIRECTION('',(0.,0.,-1.));
#2040=DIRECTION('',(0.,-1.,0.));
#2041=DIRECTION('',(0.,0.,-1.));
#2042=DIRECTION('',(0.,-1.,0.));
#2043=DIRECTION('',(0.,0.,-1.));
#2044=DIRECTION('',(0.,-1.,0.));
#2045=DIRECTION('',(0.,0.,-1.));
#2046=DIRECTION('',(0.,-1.,0.));
#2047=DIRECTION('',(0.,0.,-1.));
#2048=DIRECTION('',(0.,-1.,0.));
#2049=DIRECTION('',(0.,0.,-1.));
#2050=DIRECTION('',(0.,-1.,0.));
#2051=DIRECTION('',(0.,0.,-1.));
#2052=DIRECTION('',(1.,0.,0.));
#2053=DIRECTION('',(0.,0.,-1.));
#2054=DIRECTION('',(0.,0.,-1.));
#2055=DIRECTION('',(0.,-1.,0.));
#2056=DIRECTION('',(0.,0.,-1.));
#2057=DIRECTION('',(1.,0.,0.));
#2058=DIRECTION('',(0.,0.,-1.));
#2059=DIRECTION('',(0.,-1.,0.));
#2060=DIRECTION('',(0.,0.,-1.));
#2061=DIRECTION('',(-1.,0.,0.));
#2062=DIRECTION('',(0.,0.,1.));
#2063=DIRECTION('',(0.,-1.,0.));
#2064=DIRECTION('',(0.,0.,-1.));
#2065=DIRECTION('',(0.,-1.,0.));
#2066=DIRECTION('',(0.,0.,-1.));
#2067=DIRECTION('',(-1.,0.,1.33440267382831E-16));
#2068=DIRECTION('',(0.,0.,-1.));
#2069=DIRECTION('',(1.,0.,0.));
#2070=DIRECTION('',(1.,-6.93889390390723E-16,0.));
#2071=DIRECTION('',(0.,-1.,0.));
#2072=DIRECTION('',(-1.,0.,0.));
#2073=DIRECTION('',(0.,-1.,0.));
#2074=DIRECTION('',(1.,0.,0.));
#2075=DIRECTION('',(0.,0.,-1.));
#2076=DIRECTION('',(0.,0.,-1.));
#2077=DIRECTION('',(0.,-1.,0.));
#2078=DIRECTION('',(0.,0.,-1.));
#2079=DIRECTION('',(1.,0.,0.));
#2080=DIRECTION('',(0.,0.,-1.));
#2081=DIRECTION('',(0.,0.,-1.));
#2082=DIRECTION('',(1.,0.,0.));
#2083=DIRECTION('',(1.,-6.93889390390723E-16,0.));
#2084=DIRECTION('',(0.,-1.,0.));
#2085=DIRECTION('',(-1.,0.,0.));
#2086=DIRECTION('',(0.,-1.,0.));
#2087=DIRECTION('',(0.,-1.,0.));
#2088=DIRECTION('',(0.,0.,-1.));
#2089=DIRECTION('',(0.,0.,1.));
#2090=DIRECTION('',(-1.,0.,0.));
#2091=DIRECTION('',(1.,0.,1.33440267382831E-16));
#2092=DIRECTION('',(0.,-1.,0.));
#2093=DIRECTION('',(0.,0.,-1.));
#2094=DIRECTION('',(0.,-1.,0.));
#2095=DIRECTION('',(0.,0.,-1.));
#2096=DIRECTION('',(0.,-1.,0.));
#2097=DIRECTION('',(1.,0.,0.));
#2098=DIRECTION('',(0.,-1.,0.));
#2099=DIRECTION('',(0.,0.,-1.));
#2100=DIRECTION('',(0.,-1.,0.));
#2101=DIRECTION('',(0.,0.,-1.));
#2102=DIRECTION('',(0.,-1.,0.));
#2103=DIRECTION('',(0.,0.,-1.));
#2104=DIRECTION('',(0.,-1.,0.));
#2105=DIRECTION('',(0.,0.,-1.));
#2106=DIRECTION('',(0.,-1.,0.));
#2107=DIRECTION('',(0.,0.,-1.));
#2108=DIRECTION('',(0.,-1.,0.));
#2109=DIRECTION('',(0.,0.,-1.));
#2110=DIRECTION('',(0.,-1.,0.));
#2111=DIRECTION('',(0.,0.,-1.));
#2112=DIRECTION('',(0.,-1.,0.));
#2113=DIRECTION('',(0.,0.,-1.));
#2114=DIRECTION('',(0.,1.,0.));
#2115=DIRECTION('',(0.,0.,1.));
#2116=DIRECTION('',(0.,1.,0.));
#2117=DIRECTION('',(0.,0.,1.));
#2118=DIRECTION('',(0.,0.,-1.));
#2119=DIRECTION('',(-1.,0.,0.));
#2120=DIRECTION('',(0.,0.,1.));
#2121=DIRECTION('',(1.,0.,0.));
#2122=DIRECTION('',(-1.,0.,0.));
#2123=DIRECTION('',(0.,0.,1.));
#2124=DIRECTION('',(-1.,0.,0.));
#2125=DIRECTION('',(0.,0.,1.));
#2126=DIRECTION('',(0.,1.,0.));
#2127=DIRECTION('',(0.,0.,1.));
#2128=DIRECTION('',(0.707106781186548,0.707106781186548,0.));
#2129=DIRECTION('',(0.707106781186548,-0.707106781186548,0.));
#2130=DIRECTION('',(1.,0.,0.));
#2131=DIRECTION('',(0.,0.,-1.));
#2132=DIRECTION('',(0.,1.,0.));
#2133=DIRECTION('',(0.,0.,1.));
#2134=DIRECTION('',(0.,-1.,0.));
#2135=DIRECTION('',(0.,0.,-1.));
#2136=DIRECTION('',(0.,-1.,0.));
#2137=DIRECTION('',(0.,0.,-1.));
#2138=DIRECTION('',(-1.,0.,0.));
#2139=DIRECTION('',(0.,0.,1.));
#2140=DIRECTION('',(-1.,0.,-1.33440267382831E-16));
#2141=DIRECTION('',(-1.33440267382831E-16,0.,1.));
#2142=DIRECTION('',(0.,0.,1.));
#2143=DIRECTION('',(1.,0.,0.));
#2144=DIRECTION('',(0.,0.,1.));
#2145=DIRECTION('',(1.,0.,0.));
#2146=DIRECTION('',(0.,-1.,0.));
#2147=DIRECTION('',(0.,0.,-1.));
#2148=DIRECTION('',(0.,1.,0.));
#2149=DIRECTION('',(0.,0.,1.));
#2150=DIRECTION('',(0.,-1.,0.));
#2151=DIRECTION('',(0.,0.,-1.));
#2152=DIRECTION('',(0.707106781186548,-0.707106781186548,0.));
#2153=DIRECTION('',(0.707106781186548,0.707106781186548,0.));
#2154=DIRECTION('',(-1.,0.,0.));
#2155=DIRECTION('',(0.,0.,1.));
#2156=DIRECTION('',(-1.,0.,0.));
#2157=DIRECTION('',(0.,0.,1.));
#2158=DIRECTION('',(1.,0.,0.));
#2159=DIRECTION('',(0.,0.,-1.));
#2160=DIRECTION('',(0.,1.,0.));
#2161=DIRECTION('',(0.,0.,1.));
#2162=DIRECTION('',(0.,-1.,0.));
#2163=DIRECTION('',(0.,0.,-1.));
#2164=DIRECTION('',(0.,-1.,0.));
#2165=DIRECTION('',(0.,0.,-1.));
#2166=DIRECTION('',(1.,0.,0.));
#2167=DIRECTION('',(0.,0.,-1.));
#2168=DIRECTION('',(-1.,0.,1.33440267382831E-16));
#2169=DIRECTION('',(1.33440267382831E-16,0.,1.));
#2170=DIRECTION('',(0.,1.,0.));
#2171=DIRECTION('',(0.,0.,1.));
#2172=DIRECTION('',(0.,1.,0.));
#2173=DIRECTION('',(0.,0.,1.));
#2174=DIRECTION('',(0.,-1.,0.));
#2175=DIRECTION('',(0.,0.,-1.));
#2176=DIRECTION('',(0.,1.,0.));
#2177=DIRECTION('',(0.,0.,1.));
#2178=DIRECTION('',(0.,-1.,0.));
#2179=DIRECTION('',(0.,0.,-1.));
#2180=DIRECTION('',(0.,-1.,0.));
#2181=DIRECTION('',(0.,0.,-1.));
#2182=CARTESIAN_POINT('',(0.,0.,0.));
#2183=CARTESIAN_POINT('',(-3.36367113024771E-18,0.0145,-0.011));
#2184=CARTESIAN_POINT('',(2.75017136435349E-19,0.0145,0.0105));
#2185=CARTESIAN_POINT('',(-0.0045,0.0145,0.0105));
#2186=CARTESIAN_POINT('',(6.98120423258959E-19,0.0145,0.013));
#2187=CARTESIAN_POINT('',(0.0045,0.0145,0.013));
#2188=CARTESIAN_POINT('',(-3.46944695195361E-18,0.,0.007));
#2189=CARTESIAN_POINT('',(0.012,0.,0.007));
#2190=CARTESIAN_POINT('',(0.012,0.,0.0105));
#2191=CARTESIAN_POINT('',(0.012,0.,0.0015));
#2192=CARTESIAN_POINT('',(0.01,0.,0.0015));
#2193=CARTESIAN_POINT('',(0.01,0.,0.0015));
#2194=CARTESIAN_POINT('',(0.01,0.,0.0005));
#2195=CARTESIAN_POINT('',(0.009,0.,0.0005));
#2196=CARTESIAN_POINT('',(0.009,0.,0.00075));
#2197=CARTESIAN_POINT('',(0.009,0.,2.16840434497101E-19));
#2198=CARTESIAN_POINT('',(0.0115,0.,-8.67361737988404E-19));
#2199=CARTESIAN_POINT('',(0.014,0.,-8.67361737988404E-19));
#2200=CARTESIAN_POINT('',(0.014,0.,0.0015));
#2201=CARTESIAN_POINT('',(0.014,0.,0.002));
#2202=CARTESIAN_POINT('',(0.015,0.,0.002));
#2203=CARTESIAN_POINT('',(0.015,0.,0.003));
#2204=CARTESIAN_POINT('',(0.01725,0.,0.003));
#2205=CARTESIAN_POINT('',(0.0195,0.,0.003));
#2206=CARTESIAN_POINT('',(0.0195,0.,0.004));
#2207=CARTESIAN_POINT('',(0.0205,0.,0.004));
#2208=CARTESIAN_POINT('',(0.0205,0.,0.0085));
#2209=CARTESIAN_POINT('',(0.0205,0.,0.013));
#2210=CARTESIAN_POINT('',(0.0195,0.,0.013));
#2211=CARTESIAN_POINT('',(0.0195,0.,0.014));
#2212=CARTESIAN_POINT('',(-3.46944695195361E-18,0.,0.014));
#2213=CARTESIAN_POINT('',(-0.0195,0.,0.014));
#2214=CARTESIAN_POINT('',(-0.0195,0.,0.013));
#2215=CARTESIAN_POINT('',(-0.0205,0.,0.013));
#2216=CARTESIAN_POINT('',(-0.0205,0.,0.0085));
#2217=CARTESIAN_POINT('',(-0.0205,0.,0.004));
#2218=CARTESIAN_POINT('',(-0.0195,0.,0.004));
#2219=CARTESIAN_POINT('',(-0.0195,0.,0.003));
#2220=CARTESIAN_POINT('',(-0.01725,0.,0.003));
#2221=CARTESIAN_POINT('',(-0.015,0.,0.003));
#2222=CARTESIAN_POINT('',(-0.015,0.,0.002));
#2223=CARTESIAN_POINT('',(-0.014,0.,0.002));
#2224=CARTESIAN_POINT('',(-0.014,0.,0.0015));
#2225=CARTESIAN_POINT('',(-0.014,0.,-8.67361737988404E-19));
#2226=CARTESIAN_POINT('',(-0.0115,0.,-8.67361737988404E-19));
#2227=CARTESIAN_POINT('',(-0.009,0.,2.16840434497101E-19));
#2228=CARTESIAN_POINT('',(-0.009,0.,0.00075));
#2229=CARTESIAN_POINT('',(-0.009,0.,0.0005));
#2230=CARTESIAN_POINT('',(-0.01,0.,0.0005));
#2231=CARTESIAN_POINT('',(-0.01,0.,0.0015));
#2232=CARTESIAN_POINT('',(-0.01,0.,0.0015));
#2233=CARTESIAN_POINT('',(-0.012,0.,0.0015));
#2234=CARTESIAN_POINT('',(-0.012,0.,0.0095));
#2235=CARTESIAN_POINT('',(-0.012,0.,0.0105));
#2236=CARTESIAN_POINT('',(-4.0214044215826E-18,0.,0.0105));
#2237=CARTESIAN_POINT('',(0.01,0.095,0.0015));
#2238=CARTESIAN_POINT('',(0.01,0.03,0.0015));
#2239=CARTESIAN_POINT('',(0.012,0.03,0.0015));
#2240=CARTESIAN_POINT('',(0.01,0.03,0.0015));
#2241=CARTESIAN_POINT('',(0.01,0.095,0.0015));
#2242=CARTESIAN_POINT('',(0.012,0.001,0.0015));
#2243=CARTESIAN_POINT('',(0.011,0.001,0.0015));
#2244=CARTESIAN_POINT('',(0.011,0.095,0.0015));
#2245=CARTESIAN_POINT('',(0.011,0.029,0.0015));
#2246=CARTESIAN_POINT('',(0.012,0.029,0.0015));
#2247=CARTESIAN_POINT('',(0.009,0.095,0.00075));
#2248=CARTESIAN_POINT('',(0.009,0.095,0.0005));
#2249=CARTESIAN_POINT('',(0.009,0.03,0.0005));
#2250=CARTESIAN_POINT('',(0.009,0.03,0.00075));
#2251=CARTESIAN_POINT('',(0.009,0.03,-8.67361737988404E-19));
#2252=CARTESIAN_POINT('',(0.009,0.095,2.16840434497101E-19));
#2253=CARTESIAN_POINT('',(0.0115,0.095,-8.67361737988404E-19));
#2254=CARTESIAN_POINT('',(-0.0165,0.03,-8.67361737988404E-19));
#2255=CARTESIAN_POINT('',(0.014,0.03,-8.67361737988404E-19));
#2256=CARTESIAN_POINT('',(0.014,0.095,-8.67361737988404E-19));
#2257=CARTESIAN_POINT('',(0.014,0.095,0.0015));
#2258=CARTESIAN_POINT('',(0.014,0.03,0.0015));
#2259=CARTESIAN_POINT('',(0.014,0.03,0.000267949192431124));
#2260=CARTESIAN_POINT('',(0.014,0.03,0.000267949192431124));
#2261=CARTESIAN_POINT('',(0.014,0.03,0.000614603298381227));
#2262=CARTESIAN_POINT('',(0.014,0.0297328454292329,0.00126783664217654));
#2263=CARTESIAN_POINT('',(0.014,0.0292412977277103,0.00175870106580832));
#2264=CARTESIAN_POINT('',(0.014,0.029,0.002));
#2265=CARTESIAN_POINT('',(0.014,0.029,0.002));
#2266=CARTESIAN_POINT('',(0.014,0.,0.002));
#2267=CARTESIAN_POINT('',(-0.014,0.095,0.0015));
#2268=CARTESIAN_POINT('',(-0.014,0.03,0.002));
#2269=CARTESIAN_POINT('',(-0.014,0.03,0.002));
#2270=CARTESIAN_POINT('',(-0.014,0.03,0.0015));
#2271=CARTESIAN_POINT('',(-0.014,0.03,-8.67361737988404E-19));
#2272=CARTESIAN_POINT('',(-0.014,0.095,-8.67361737988404E-19));
#2273=CARTESIAN_POINT('',(-0.0115,0.095,-8.67361737988404E-19));
#2274=CARTESIAN_POINT('',(-0.0165,0.03,-8.67361737988404E-19));
#2275=CARTESIAN_POINT('',(-0.009,0.03,-8.67361737988404E-19));
#2276=CARTESIAN_POINT('',(-0.009,0.095,2.16840434497101E-19));
#2277=CARTESIAN_POINT('',(-0.009,0.095,0.00075));
#2278=CARTESIAN_POINT('',(-0.009,0.03,0.00075));
#2279=CARTESIAN_POINT('',(-0.009,0.03,0.0005));
#2280=CARTESIAN_POINT('',(-0.009,0.095,0.0005));
#2281=CARTESIAN_POINT('',(-0.01,0.095,0.0015));
#2282=CARTESIAN_POINT('',(-0.01,0.095,0.0015));
#2283=CARTESIAN_POINT('',(-0.01,0.03,0.0015));
#2284=CARTESIAN_POINT('',(-0.01,0.03,0.0015));
#2285=CARTESIAN_POINT('',(-0.012,0.03,0.0015));
#2286=CARTESIAN_POINT('',(-0.012,0.029,0.0015));
#2287=CARTESIAN_POINT('',(-0.011,0.029,0.0015));
#2288=CARTESIAN_POINT('',(-0.011,0.095,0.0015));
#2289=CARTESIAN_POINT('',(-0.011,0.001,0.0015));
#2290=CARTESIAN_POINT('',(-0.012,0.001,0.0015));
#2291=CARTESIAN_POINT('',(0.,0.095,0.0095));
#2292=CARTESIAN_POINT('',(4.32719270615058E-19,0.0145,0.0095));
#2293=CARTESIAN_POINT('',(-0.0055,0.0145,0.0095));
#2294=CARTESIAN_POINT('',(0.011,0.095,0.0095));
#2295=CARTESIAN_POINT('',(0.011,0.029,0.0095));
#2296=CARTESIAN_POINT('',(0.011,0.001,0.0095));
#2297=CARTESIAN_POINT('',(0.,0.001,0.0095));
#2298=CARTESIAN_POINT('',(-0.011,0.001,0.0095));
#2299=CARTESIAN_POINT('',(-0.011,0.095,0.0095));
#2300=CARTESIAN_POINT('',(-0.011,0.029,0.0095));
#2301=CARTESIAN_POINT('',(-0.012,0.029,0.0095));
#2302=CARTESIAN_POINT('',(-0.012,0.03,0.0095));
#2303=CARTESIAN_POINT('',(0.,0.03,0.0095));
#2304=CARTESIAN_POINT('',(0.012,0.03,0.0095));
#2305=CARTESIAN_POINT('',(0.012,0.029,0.0095));
#2306=CARTESIAN_POINT('',(-0.0205,0.095,0.0085));
#2307=CARTESIAN_POINT('',(-0.0205,0.029,0.0085));
#2308=CARTESIAN_POINT('',(-0.0205,0.029,0.013));
#2309=CARTESIAN_POINT('',(-0.0205,0.029,0.004));
#2310=CARTESIAN_POINT('',(-0.0205,0.,0.004));
#2311=CARTESIAN_POINT('',(-0.0205,0.095,0.013));
#2312=CARTESIAN_POINT('',(-3.46944695195361E-18,0.095,0.014));
#2313=CARTESIAN_POINT('',(8.67361737988404E-19,0.0145,0.014));
#2314=CARTESIAN_POINT('',(0.0055,0.0145,0.014));
#2315=CARTESIAN_POINT('',(0.0195,0.03,0.014));
#2316=CARTESIAN_POINT('',(0.0195,0.03,0.014));
#2317=CARTESIAN_POINT('',(-3.46944695195361E-18,0.03,0.014));
#2318=CARTESIAN_POINT('',(-0.0195,0.03,0.014));
#2319=CARTESIAN_POINT('',(-0.0195,0.095,0.014));
#2320=CARTESIAN_POINT('',(0.0205,0.095,0.0085));
#2321=CARTESIAN_POINT('',(0.0205,0.03,0.004));
#2322=CARTESIAN_POINT('',(0.0205,0.029,0.004));
#2323=CARTESIAN_POINT('',(0.0205,0.029,0.014));
#2324=CARTESIAN_POINT('',(0.0205,0.029,0.013));
#2325=CARTESIAN_POINT('',(0.0205,0.,0.013));
#2326=CARTESIAN_POINT('',(0.01725,0.095,0.003));
#2327=CARTESIAN_POINT('',(0.01725,0.029,0.003));
#2328=CARTESIAN_POINT('',(0.015,0.029,0.003));
#2329=CARTESIAN_POINT('',(0.0195,0.029,0.003));
#2330=CARTESIAN_POINT('',(0.0195,0.,0.003));
#2331=CARTESIAN_POINT('',(0.015,0.03,0.003));
#2332=CARTESIAN_POINT('',(0.011,0.095,0.0055));
#2333=CARTESIAN_POINT('',(0.011,0.001,0.0055));
#2334=CARTESIAN_POINT('',(0.011,0.029,0.0055));
#2335=CARTESIAN_POINT('',(-0.0165,0.03,0.008));
#2336=CARTESIAN_POINT('',(-0.01725,0.03,0.003));
#2337=CARTESIAN_POINT('',(-0.015,0.03,0.003));
#2338=CARTESIAN_POINT('',(-0.0195,0.03,0.003));
#2339=CARTESIAN_POINT('',(-0.0195,0.03,0.008));
#2340=CARTESIAN_POINT('',(0.0195,0.03,0.003));
#2341=CARTESIAN_POINT('',(0.0195,0.03,0.004));
#2342=CARTESIAN_POINT('',(-0.0165,0.03,0.004));
#2343=CARTESIAN_POINT('',(0.015,0.03,0.004));
#2344=CARTESIAN_POINT('',(0.015,0.03,0.002));
#2345=CARTESIAN_POINT('',(0.01,0.03,0.0005));
#2346=CARTESIAN_POINT('',(0.012,0.03,0.008));
#2347=CARTESIAN_POINT('',(-0.012,0.03,0.0015));
#2348=CARTESIAN_POINT('',(-0.01,0.03,0.0005));
#2349=CARTESIAN_POINT('',(-0.015,0.03,0.002));
#2350=CARTESIAN_POINT('',(-0.011,0.095,0.0055));
#2351=CARTESIAN_POINT('',(-0.011,0.001,0.0015));
#2352=CARTESIAN_POINT('',(-0.011,0.029,0.0095));
#2353=CARTESIAN_POINT('',(-0.01725,0.095,0.003));
#2354=CARTESIAN_POINT('',(-0.0195,0.03,0.003));
#2355=CARTESIAN_POINT('',(-0.015,0.,0.003));
#2356=CARTESIAN_POINT('',(-0.012,0.001,0.0055));
#2357=CARTESIAN_POINT('',(-0.012,0.001,0.0105));
#2358=CARTESIAN_POINT('',(0.012,0.001,0.007));
#2359=CARTESIAN_POINT('',(0.012,0.001,0.0105));
#2360=CARTESIAN_POINT('',(-4.0214044215826E-18,0.001,0.0105));
#2361=CARTESIAN_POINT('',(2.75017136435349E-19,0.0145,0.0105));
#2362=CARTESIAN_POINT('',(6.98120423258959E-19,0.0145,0.013));
#2363=CARTESIAN_POINT('',(-0.0195,0.095,0.004));
#2364=CARTESIAN_POINT('',(-0.0195,0.029,0.004));
#2365=CARTESIAN_POINT('',(-0.0195,0.095,0.013));
#2366=CARTESIAN_POINT('',(-0.0195,0.029,0.013));
#2367=CARTESIAN_POINT('',(-0.0195,0.029,0.008));
#2368=CARTESIAN_POINT('',(0.015,0.095,0.002));
#2369=CARTESIAN_POINT('',(0.015,0.029,0.002));
#2370=CARTESIAN_POINT('',(0.015,0.029,0.002));
#2371=CARTESIAN_POINT('',(0.015,0.029,0.004));
#2372=CARTESIAN_POINT('',(0.01725,0.029,0.004));
#2373=CARTESIAN_POINT('',(0.0195,0.029,0.004));
#2374=CARTESIAN_POINT('',(0.0195,0.095,0.004));
#2375=CARTESIAN_POINT('',(0.0195,0.029,0.004));
#2376=CARTESIAN_POINT('',(0.0195,0.029,0.004));
#2377=CARTESIAN_POINT('',(0.0195,0.029,0.004));
#2378=CARTESIAN_POINT('',(0.0195,0.095,0.013));
#2379=CARTESIAN_POINT('',(0.0195,0.029,0.013));
#2380=CARTESIAN_POINT('',(0.0195,0.029,0.0085));
#2381=CARTESIAN_POINT('',(-0.012,0.029,0.008));
#2382=CARTESIAN_POINT('',(0.012,0.029,0.0055));
#2383=CARTESIAN_POINT('',(-0.015,0.095,0.002));
#2384=CARTESIAN_POINT('',(0.01,0.095,0.0005));
#2385=CARTESIAN_POINT('',(-0.01,0.095,0.0005));
#2386=CARTESIAN_POINT('',(0.,0.,0.));
#2387=CARTESIAN_POINT('',(-0.01725,0.095,0.003));
#2388=CARTESIAN_POINT('',(-0.01725,0.03,0.003));
#2389=CARTESIAN_POINT('',(-0.0195,0.03,0.003));
#2390=CARTESIAN_POINT('',(-0.019,0.03,0.003));
#2391=CARTESIAN_POINT('',(-0.0195,0.095,0.003));
#2392=CARTESIAN_POINT('',(-0.0195,0.095,0.003));
#2393=CARTESIAN_POINT('',(-0.01725,0.095,0.003));
#2394=CARTESIAN_POINT('',(-0.015,0.095,0.003));
#2395=CARTESIAN_POINT('',(-0.015,0.07,0.003));
#2396=CARTESIAN_POINT('',(-0.015,0.071,0.003));
#2397=CARTESIAN_POINT('',(-0.019,0.071,0.003));
#2398=CARTESIAN_POINT('',(-0.019,0.071,0.003));
#2399=CARTESIAN_POINT('',(-0.019,0.095,0.003));
#2400=CARTESIAN_POINT('',(-0.011,0.095,0.0055));
#2401=CARTESIAN_POINT('',(-0.011,0.069,0.007));
#2402=CARTESIAN_POINT('',(-0.011,0.071,0.007));
#2403=CARTESIAN_POINT('',(-0.011,0.069,0.009));
#2404=CARTESIAN_POINT('',(-0.011,0.071,0.0015));
#2405=CARTESIAN_POINT('',(-0.011,0.071,0.0015));
#2406=CARTESIAN_POINT('',(-0.011,0.095,0.0015));
#2407=CARTESIAN_POINT('',(-0.011,0.095,0.0015));
#2408=CARTESIAN_POINT('',(-0.011,0.095,0.0055));
#2409=CARTESIAN_POINT('',(-0.011,0.095,0.0095));
#2410=CARTESIAN_POINT('',(-0.011,0.095,0.0095));
#2411=CARTESIAN_POINT('',(-0.011,0.03,0.0095));
#2412=CARTESIAN_POINT('',(-0.011,0.03,0.0055));
#2413=CARTESIAN_POINT('',(-0.011,0.03,0.009));
#2414=CARTESIAN_POINT('',(-0.011,0.07,0.009));
#2415=CARTESIAN_POINT('',(0.011,0.095,0.0055));
#2416=CARTESIAN_POINT('',(0.011,0.095,0.0015));
#2417=CARTESIAN_POINT('',(0.011,0.095,0.0015));
#2418=CARTESIAN_POINT('',(0.011,0.071,0.0015));
#2419=CARTESIAN_POINT('',(0.011,0.071,0.0055));
#2420=CARTESIAN_POINT('',(0.011,0.071,0.007));
#2421=CARTESIAN_POINT('',(0.011,0.069,0.007));
#2422=CARTESIAN_POINT('',(0.011,0.069,0.009));
#2423=CARTESIAN_POINT('',(0.011,0.095,0.009));
#2424=CARTESIAN_POINT('',(0.011,0.03,0.009));
#2425=CARTESIAN_POINT('',(0.011,0.03,0.0055));
#2426=CARTESIAN_POINT('',(0.011,0.03,0.0095));
#2427=CARTESIAN_POINT('',(0.011,0.095,0.0095));
#2428=CARTESIAN_POINT('',(0.011,0.095,0.0095));
#2429=CARTESIAN_POINT('',(0.011,0.095,0.0055));
#2430=CARTESIAN_POINT('',(0.01725,0.095,0.003));
#2431=CARTESIAN_POINT('',(0.01725,0.095,0.003));
#2432=CARTESIAN_POINT('',(0.015,0.095,0.003));
#2433=CARTESIAN_POINT('',(0.0195,0.095,0.003));
#2434=CARTESIAN_POINT('',(0.0195,0.03,0.003));
#2435=CARTESIAN_POINT('',(0.0195,0.03,0.003));
#2436=CARTESIAN_POINT('',(0.01725,0.03,0.003));
#2437=CARTESIAN_POINT('',(0.019,0.03,0.003));
#2438=CARTESIAN_POINT('',(0.019,0.095,0.003));
#2439=CARTESIAN_POINT('',(0.019,0.071,0.003));
#2440=CARTESIAN_POINT('',(0.01725,0.071,0.003));
#2441=CARTESIAN_POINT('',(0.015,0.071,0.003));
#2442=CARTESIAN_POINT('',(0.015,0.095,0.003));
#2443=CARTESIAN_POINT('',(0.0205,0.095,0.0085));
#2444=CARTESIAN_POINT('',(0.0205,0.03,0.0085));
#2445=CARTESIAN_POINT('',(0.0205,0.03,0.004));
#2446=CARTESIAN_POINT('',(0.0205,0.03,0.013));
#2447=CARTESIAN_POINT('',(0.0205,0.095,0.004));
#2448=CARTESIAN_POINT('',(0.0205,0.095,0.004));
#2449=CARTESIAN_POINT('',(0.0205,0.095,0.0085));
#2450=CARTESIAN_POINT('',(0.0205,0.095,0.013));
#2451=CARTESIAN_POINT('',(0.0205,0.03,0.013));
#2452=CARTESIAN_POINT('',(-3.46944695195361E-18,0.095,0.014));
#2453=CARTESIAN_POINT('',(-3.46944695195361E-18,0.095,0.014));
#2454=CARTESIAN_POINT('',(0.0195,0.095,0.014));
#2455=CARTESIAN_POINT('',(-0.0195,0.095,0.014));
#2456=CARTESIAN_POINT('',(-0.0195,0.095,0.014));
#2457=CARTESIAN_POINT('',(-0.0195,0.03,0.014));
#2458=CARTESIAN_POINT('',(-3.46944695195361E-18,0.03,0.014));
#2459=CARTESIAN_POINT('',(0.0195,0.03,0.014));
#2460=CARTESIAN_POINT('',(0.0195,0.095,0.014));
#2461=CARTESIAN_POINT('',(-0.0205,0.095,0.0085));
#2462=CARTESIAN_POINT('',(-0.0205,0.095,0.0085));
#2463=CARTESIAN_POINT('',(-0.0205,0.095,0.013));
#2464=CARTESIAN_POINT('',(-0.0205,0.095,0.004));
#2465=CARTESIAN_POINT('',(-0.0205,0.03,0.004));
#2466=CARTESIAN_POINT('',(-0.0205,0.03,0.004));
#2467=CARTESIAN_POINT('',(-0.0205,0.03,0.0085));
#2468=CARTESIAN_POINT('',(-0.0205,0.03,0.013));
#2469=CARTESIAN_POINT('',(-0.0205,0.095,0.013));
#2470=CARTESIAN_POINT('',(0.,0.095,0.0095));
#2471=CARTESIAN_POINT('',(0.,0.03,0.0095));
#2472=CARTESIAN_POINT('',(0.,0.095,0.0095));
#2473=CARTESIAN_POINT('',(-0.0115,0.095,-8.67361737988404E-19));
#2474=CARTESIAN_POINT('',(-0.009,0.095,2.16840434497101E-19));
#2475=CARTESIAN_POINT('',(-0.009,0.095,2.16840434497101E-19));
#2476=CARTESIAN_POINT('',(-0.009,0.07,-8.67361737988404E-19));
#2477=CARTESIAN_POINT('',(-0.0165,0.07,-8.67361737988404E-19));
#2478=CARTESIAN_POINT('',(-0.014,0.07,-8.67361737988404E-19));
#2479=CARTESIAN_POINT('',(-0.014,0.095,-8.67361737988404E-19));
#2480=CARTESIAN_POINT('',(-0.014,0.095,-8.67361737988404E-19));
#2481=CARTESIAN_POINT('',(-0.0115,0.095,-8.67361737988404E-19));
#2482=CARTESIAN_POINT('',(0.0115,0.095,-8.67361737988404E-19));
#2483=CARTESIAN_POINT('',(0.014,0.095,-8.67361737988404E-19));
#2484=CARTESIAN_POINT('',(0.014,0.095,-8.67361737988404E-19));
#2485=CARTESIAN_POINT('',(0.014,0.07,-8.67361737988404E-19));
#2486=CARTESIAN_POINT('',(-0.0165,0.07,-8.67361737988404E-19));
#2487=CARTESIAN_POINT('',(0.009,0.07,-8.67361737988404E-19));
#2488=CARTESIAN_POINT('',(0.009,0.095,2.16840434497101E-19));
#2489=CARTESIAN_POINT('',(0.009,0.095,2.16840434497101E-19));
#2490=CARTESIAN_POINT('',(0.0115,0.095,-8.67361737988404E-19));
#2491=CARTESIAN_POINT('',(-0.014,0.095,0.0015));
#2492=CARTESIAN_POINT('',(-0.014,0.07,0.0015));
#2493=CARTESIAN_POINT('',(-0.014,0.07,0.000267949192431124));
#2494=CARTESIAN_POINT('',(-0.014,0.07,0.000267949192431124));
#2495=CARTESIAN_POINT('',(-0.014,0.07,0.000614603298381225));
#2496=CARTESIAN_POINT('',(-0.014,0.0702671545707659,0.00126783664217776));
#2497=CARTESIAN_POINT('',(-0.014,0.0707587022722921,0.00175870106580588));
#2498=CARTESIAN_POINT('',(-0.014,0.071,0.002));
#2499=CARTESIAN_POINT('',(-0.014,0.071,0.002));
#2500=CARTESIAN_POINT('',(-0.014,0.095,0.002));
#2501=CARTESIAN_POINT('',(-0.014,0.095,0.002));
#2502=CARTESIAN_POINT('',(-0.014,0.095,0.0015));
#2503=CARTESIAN_POINT('',(-0.009,0.095,0.00075));
#2504=CARTESIAN_POINT('',(-0.009,0.095,0.00075));
#2505=CARTESIAN_POINT('',(-0.009,0.095,0.0005));
#2506=CARTESIAN_POINT('',(-0.009,0.095,0.0005));
#2507=CARTESIAN_POINT('',(-0.009,0.07,0.0005));
#2508=CARTESIAN_POINT('',(-0.009,0.07,0.00075));
#2509=CARTESIAN_POINT('',(-0.01,0.095,0.0015));
#2510=CARTESIAN_POINT('',(-0.01,0.07,0.0015));
#2511=CARTESIAN_POINT('',(-0.01,0.07,0.0015));
#2512=CARTESIAN_POINT('',(-0.012,0.07,0.0015));
#2513=CARTESIAN_POINT('',(-0.01,0.095,0.0015));
#2514=CARTESIAN_POINT('',(-0.01,0.095,0.0015));
#2515=CARTESIAN_POINT('',(-0.01,0.095,0.0015));
#2516=CARTESIAN_POINT('',(-0.012,0.071,0.0015));
#2517=CARTESIAN_POINT('',(0.01,0.095,0.0015));
#2518=CARTESIAN_POINT('',(0.01,0.095,0.0015));
#2519=CARTESIAN_POINT('',(0.01,0.095,0.0015));
#2520=CARTESIAN_POINT('',(0.01,0.095,0.0015));
#2521=CARTESIAN_POINT('',(0.01,0.07,0.0015));
#2522=CARTESIAN_POINT('',(0.01,0.07,0.0015));
#2523=CARTESIAN_POINT('',(0.012,0.07,0.0015));
#2524=CARTESIAN_POINT('',(0.012,0.071,0.0015));
#2525=CARTESIAN_POINT('',(0.009,0.095,0.00075));
#2526=CARTESIAN_POINT('',(0.009,0.07,0.00075));
#2527=CARTESIAN_POINT('',(0.009,0.07,0.0005));
#2528=CARTESIAN_POINT('',(0.009,0.095,0.0005));
#2529=CARTESIAN_POINT('',(0.009,0.095,0.0005));
#2530=CARTESIAN_POINT('',(0.009,0.095,0.00075));
#2531=CARTESIAN_POINT('',(0.014,0.095,0.0015));
#2532=CARTESIAN_POINT('',(0.014,0.07,0.002));
#2533=CARTESIAN_POINT('',(0.014,0.095,0.002));
#2534=CARTESIAN_POINT('',(0.014,0.071,0.002));
#2535=CARTESIAN_POINT('',(0.014,0.07,0.000267949192431124));
#2536=CARTESIAN_POINT('',(0.014,0.07,0.000614603298381225));
#2537=CARTESIAN_POINT('',(0.014,0.0702671545707659,0.00126783664217776));
#2538=CARTESIAN_POINT('',(0.014,0.0707587022722921,0.00175870106580588));
#2539=CARTESIAN_POINT('',(0.014,0.071,0.002));
#2540=CARTESIAN_POINT('',(0.014,0.07,0.000267949192431124));
#2541=CARTESIAN_POINT('',(0.014,0.07,0.0015));
#2542=CARTESIAN_POINT('',(0.014,0.095,0.0015));
#2543=CARTESIAN_POINT('',(-3.46944695195361E-18,0.095,0.007));
#2544=CARTESIAN_POINT('',(0.0195,0.095,0.004));
#2545=CARTESIAN_POINT('',(0.015,0.095,0.002));
#2546=CARTESIAN_POINT('',(0.01,0.095,0.0005));
#2547=CARTESIAN_POINT('',(-0.01,0.095,0.0005));
#2548=CARTESIAN_POINT('',(-0.015,0.095,0.002));
#2549=CARTESIAN_POINT('',(-0.0195,0.095,0.004));
#2550=CARTESIAN_POINT('',(-0.0195,0.095,0.013));
#2551=CARTESIAN_POINT('',(0.0195,0.095,0.013));
#2552=CARTESIAN_POINT('',(0.019,0.05,0.008));
#2553=CARTESIAN_POINT('',(0.019,0.03,0.008));
#2554=CARTESIAN_POINT('',(0.019,0.03,0.007));
#2555=CARTESIAN_POINT('',(0.019,0.05,0.007));
#2556=CARTESIAN_POINT('',(0.019,0.07,0.007));
#2557=CARTESIAN_POINT('',(0.019,0.07,0.008));
#2558=CARTESIAN_POINT('',(0.019,0.07,0.004));
#2559=CARTESIAN_POINT('',(0.019,0.071,0.004));
#2560=CARTESIAN_POINT('',(-0.0165,0.07,0.008));
#2561=CARTESIAN_POINT('',(0.011,0.07,0.007));
#2562=CARTESIAN_POINT('',(0.012,0.07,0.007));
#2563=CARTESIAN_POINT('',(0.012,0.07,0.008));
#2564=CARTESIAN_POINT('',(0.01,0.07,0.0005));
#2565=CARTESIAN_POINT('',(0.015,0.07,0.002));
#2566=CARTESIAN_POINT('',(0.015,0.07,0.004));
#2567=CARTESIAN_POINT('',(-0.0165,0.07,0.004));
#2568=CARTESIAN_POINT('',(0.,0.0475,0.008));
#2569=CARTESIAN_POINT('',(-0.0165,0.03,0.008));
#2570=CARTESIAN_POINT('',(0.012,0.03,0.008));
#2571=CARTESIAN_POINT('',(0.018,0.03,0.008));
#2572=CARTESIAN_POINT('',(0.012,0.0475,0.008));
#2573=CARTESIAN_POINT('',(0.012,0.069,0.008));
#2574=CARTESIAN_POINT('',(0.019,0.069,0.008));
#2575=CARTESIAN_POINT('',(0.018,0.069,0.008));
#2576=CARTESIAN_POINT('',(0.018,0.0475,0.008));
#2577=CARTESIAN_POINT('',(-0.019,0.05,0.008));
#2578=CARTESIAN_POINT('',(-0.019,0.07,0.008));
#2579=CARTESIAN_POINT('',(-0.019,0.07,0.007));
#2580=CARTESIAN_POINT('',(-0.019,0.07,0.004));
#2581=CARTESIAN_POINT('',(-0.019,0.03,0.007));
#2582=CARTESIAN_POINT('',(-0.019,0.03,0.007));
#2583=CARTESIAN_POINT('',(-0.019,0.03,0.008));
#2584=CARTESIAN_POINT('',(-0.019,0.071,0.004));
#2585=CARTESIAN_POINT('',(0.,0.0475,0.008));
#2586=CARTESIAN_POINT('',(-0.0165,0.03,0.008));
#2587=CARTESIAN_POINT('',(-0.018,0.03,0.008));
#2588=CARTESIAN_POINT('',(-0.012,0.03,0.008));
#2589=CARTESIAN_POINT('',(-0.018,0.07,0.008));
#2590=CARTESIAN_POINT('',(-0.018,0.069,0.008));
#2591=CARTESIAN_POINT('',(-0.011,0.069,0.008));
#2592=CARTESIAN_POINT('',(-0.012,0.069,0.008));
#2593=CARTESIAN_POINT('',(-0.012,0.03,0.008));
#2594=CARTESIAN_POINT('',(-0.0165,0.07,0.008));
#2595=CARTESIAN_POINT('',(-0.012,0.07,0.008));
#2596=CARTESIAN_POINT('',(-0.012,0.07,0.007));
#2597=CARTESIAN_POINT('',(-0.019,0.07,0.007));
#2598=CARTESIAN_POINT('',(-0.014,0.07,0.004));
#2599=CARTESIAN_POINT('',(-0.015,0.07,0.004));
#2600=CARTESIAN_POINT('',(-0.015,0.07,0.002));
#2601=CARTESIAN_POINT('',(-0.01,0.07,0.0005));
#2602=CARTESIAN_POINT('',(0.,0.03,0.));
#2603=CARTESIAN_POINT('',(-0.012,0.03,0.009));
#2604=CARTESIAN_POINT('',(0.012,0.03,0.009));
#2605=CARTESIAN_POINT('',(0.018,0.03,0.007));
#2606=CARTESIAN_POINT('',(0.0195,0.03,0.004));
#2607=CARTESIAN_POINT('',(0.0195,0.03,0.013));
#2608=CARTESIAN_POINT('',(-0.0195,0.03,0.013));
#2609=CARTESIAN_POINT('',(-0.0195,0.03,0.004));
#2610=CARTESIAN_POINT('',(-0.018,0.03,0.007));
#2611=CARTESIAN_POINT('',(-0.012,0.0475,0.009));
#2612=CARTESIAN_POINT('',(-0.012,0.069,0.009));
#2613=CARTESIAN_POINT('',(-0.012,0.071,0.008));
#2614=CARTESIAN_POINT('',(-0.012,0.071,0.007));
#2615=CARTESIAN_POINT('',(-0.012,0.069,0.007));
#2616=CARTESIAN_POINT('',(-0.012,0.069,0.007));
#2617=CARTESIAN_POINT('',(-0.018,0.05,0.007));
#2618=CARTESIAN_POINT('',(-0.018,0.069,0.007));
#2619=CARTESIAN_POINT('',(-0.0165,0.069,0.007));
#2620=CARTESIAN_POINT('',(-0.015,0.095,0.002));
#2621=CARTESIAN_POINT('',(-0.015,0.071,0.002));
#2622=CARTESIAN_POINT('',(-0.015,0.071,0.002));
#2623=CARTESIAN_POINT('',(-0.015,0.071,0.004));
#2624=CARTESIAN_POINT('',(-0.0165,0.071,0.004));
#2625=CARTESIAN_POINT('',(0.012,0.071,0.0055));
#2626=CARTESIAN_POINT('',(0.012,0.071,0.007));
#2627=CARTESIAN_POINT('',(0.012,0.095,0.009));
#2628=CARTESIAN_POINT('',(0.012,0.069,0.009));
#2629=CARTESIAN_POINT('',(0.018,0.0475,0.007));
#2630=CARTESIAN_POINT('',(0.018,0.069,0.007));
#2631=CARTESIAN_POINT('',(0.012,0.069,0.007));
#2632=CARTESIAN_POINT('',(0.012,0.069,0.007));
#2633=CARTESIAN_POINT('',(-0.0165,0.069,0.007));
#2634=CARTESIAN_POINT('',(0.015,0.095,0.002));
#2635=CARTESIAN_POINT('',(0.015,0.071,0.002));
#2636=CARTESIAN_POINT('',(0.015,0.071,0.002));
#2637=CARTESIAN_POINT('',(0.015,0.071,0.004));
#2638=CARTESIAN_POINT('',(0.01725,0.071,0.004));
#2639=CARTESIAN_POINT('',(0.0195,0.095,0.004));
#2640=CARTESIAN_POINT('',(-0.0195,0.095,0.004));
#2641=CARTESIAN_POINT('',(-0.0195,0.095,0.013));
#2642=CARTESIAN_POINT('',(0.0195,0.095,0.013));
#2643=CARTESIAN_POINT('',(0.01,0.095,0.0005));
#2644=CARTESIAN_POINT('',(-0.01,0.095,0.0005));
#2645=MECHANICAL_DESIGN_GEOMETRIC_PRESENTATION_REPRESENTATION('',(#1541),
#2647);
#2646=MECHANICAL_DESIGN_GEOMETRIC_PRESENTATION_REPRESENTATION('',(#1542),
#2648);
#2647=(
GEOMETRIC_REPRESENTATION_CONTEXT(3)
GLOBAL_UNCERTAINTY_ASSIGNED_CONTEXT((#2649))
GLOBAL_UNIT_ASSIGNED_CONTEXT((#2655,#2653,#2651))
REPRESENTATION_CONTEXT('Part 1','TOP_LEVEL_ASSEMBLY_PART')
);
#2648=(
GEOMETRIC_REPRESENTATION_CONTEXT(3)
GLOBAL_UNCERTAINTY_ASSIGNED_CONTEXT((#2650))
GLOBAL_UNIT_ASSIGNED_CONTEXT((#2656,#2654,#2652))
REPRESENTATION_CONTEXT('Part 2','TOP_LEVEL_ASSEMBLY_PART')
);
#2649=UNCERTAINTY_MEASURE_WITH_UNIT(LENGTH_MEASURE(2.E-5),#2655,
'DISTANCE_ACCURACY_VALUE','Maximum Tolerance applied to model');
#2650=UNCERTAINTY_MEASURE_WITH_UNIT(LENGTH_MEASURE(2.E-5),#2656,
'DISTANCE_ACCURACY_VALUE','Maximum Tolerance applied to model');
#2651=(
NAMED_UNIT(*)
SI_UNIT($,.STERADIAN.)
SOLID_ANGLE_UNIT()
);
#2652=(
NAMED_UNIT(*)
SI_UNIT($,.STERADIAN.)
SOLID_ANGLE_UNIT()
);
#2653=(
NAMED_UNIT(*)
PLANE_ANGLE_UNIT()
SI_UNIT($,.RADIAN.)
);
#2654=(
NAMED_UNIT(*)
PLANE_ANGLE_UNIT()
SI_UNIT($,.RADIAN.)
);
#2655=(
LENGTH_UNIT()
NAMED_UNIT(*)
SI_UNIT($,.METRE.)
);
#2656=(
LENGTH_UNIT()
NAMED_UNIT(*)
SI_UNIT($,.METRE.)
);
#2657=PRODUCT_DEFINITION_SHAPE('','',#2659);
#2658=PRODUCT_DEFINITION_SHAPE('','',#2660);
#2659=PRODUCT_DEFINITION('','',#2663,#2661);
#2660=PRODUCT_DEFINITION('','',#2664,#2662);
#2661=PRODUCT_DEFINITION_CONTEXT('',#2675,'design');
#2662=PRODUCT_DEFINITION_CONTEXT('',#2676,'design');
#2663=PRODUCT_DEFINITION_FORMATION_WITH_SPECIFIED_SOURCE('','',#2667,
 .NOT_KNOWN.);
#2664=PRODUCT_DEFINITION_FORMATION_WITH_SPECIFIED_SOURCE('','',#2668,
 .NOT_KNOWN.);
#2665=PRODUCT_RELATED_PRODUCT_CATEGORY('','',(#2667));
#2666=PRODUCT_RELATED_PRODUCT_CATEGORY('','',(#2668));
#2667=PRODUCT('Part 1','Part 1','Part 1',(#2671));
#2668=PRODUCT('Part 2','Part 2','Part 2',(#2672));
#2669=PRODUCT_CATEGORY('','');
#2670=PRODUCT_CATEGORY('','');
#2671=PRODUCT_CONTEXT('',#2675,'mechanical');
#2672=PRODUCT_CONTEXT('',#2676,'mechanical');
#2673=APPLICATION_PROTOCOL_DEFINITION('international standard',
'ap242_managed_model_based_3d_engineering',2020,#2675);
#2674=APPLICATION_PROTOCOL_DEFINITION('international standard',
'ap242_managed_model_based_3d_engineering',2020,#2676);
#2675=APPLICATION_CONTEXT('managed model based 3d engineering');
#2676=APPLICATION_CONTEXT('managed model based 3d engineering');
ENDSEC;
END-ISO-10303-21;
