ISO-10303-21;
HEADER;
FILE_DESCRIPTION((''),'2;1');
FILE_NAME('MLX90640-FOV60_BF1_ASM','2018-03-16T',('jre'),(''),
'PRO/ENGINEER BY PARAMETRIC TECHNOLOGY CORPORATION, 2010280',
'PRO/ENGINEER BY PARAMETRIC TECHNOLOGY CORPORATION, 2010280','');
FILE_SCHEMA(('CONFIG_CONTROL_DESIGN'));
ENDSEC;
DATA;
#2=CARTESIAN_POINT('',(0.E0,9.999999999999E-2,0.E0));
#3=DIRECTION('',(0.E0,-1.E0,0.E0));
#4=DIRECTION('',(0.E0,0.E0,-1.E0));
#5=AXIS2_PLACEMENT_3D('',#2,#3,#4);
#7=CARTESIAN_POINT('',(0.E0,9.999999999999E-2,0.E0));
#8=DIRECTION('',(0.E0,-1.E0,0.E0));
#9=DIRECTION('',(0.E0,0.E0,1.E0));
#10=AXIS2_PLACEMENT_3D('',#7,#8,#9);
#12=CARTESIAN_POINT('',(0.E0,1.E-1,0.E0));
#13=DIRECTION('',(0.E0,1.E0,0.E0));
#14=DIRECTION('',(0.E0,0.E0,1.E0));
#15=AXIS2_PLACEMENT_3D('',#12,#13,#14);
#17=CARTESIAN_POINT('',(0.E0,1.E-1,0.E0));
#18=DIRECTION('',(0.E0,1.E0,0.E0));
#19=DIRECTION('',(0.E0,0.E0,-1.E0));
#20=AXIS2_PLACEMENT_3D('',#17,#18,#19);
#22=DIRECTION('',(0.E0,-1.E0,0.E0));
#23=VECTOR('',#22,1.52E0);
#24=CARTESIAN_POINT('',(0.E0,1.62E0,5.6E-1));
#25=LINE('',#24,#23);
#26=DIRECTION('',(0.E0,-1.E0,0.E0));
#27=VECTOR('',#26,1.52E0);
#28=CARTESIAN_POINT('',(0.E0,1.62E0,-5.6E-1));
#29=LINE('',#28,#27);
#30=CARTESIAN_POINT('',(0.E0,1.62E0,0.E0));
#31=DIRECTION('',(0.E0,-1.E0,0.E0));
#32=DIRECTION('',(0.E0,0.E0,1.E0));
#33=AXIS2_PLACEMENT_3D('',#30,#31,#32);
#35=CARTESIAN_POINT('',(0.E0,1.7875E0,3.925E-1));
#36=DIRECTION('',(1.E0,0.E0,0.E0));
#37=DIRECTION('',(0.E0,-7.071067811866E-1,7.071067811865E-1));
#38=AXIS2_PLACEMENT_3D('',#35,#36,#37);
#40=CARTESIAN_POINT('',(0.E0,1.62E0,0.E0));
#41=DIRECTION('',(0.E0,1.E0,0.E0));
#42=DIRECTION('',(0.E0,0.E0,-1.E0));
#43=AXIS2_PLACEMENT_3D('',#40,#41,#42);
#45=DIRECTION('',(0.E0,-1.E0,0.E0));
#46=VECTOR('',#45,1.62E0);
#47=CARTESIAN_POINT('',(0.E0,1.62E0,2.25E-1));
#48=LINE('',#47,#46);
#49=CARTESIAN_POINT('',(0.E0,-1.03125E-1,4.E-1));
#50=DIRECTION('',(1.E0,0.E0,0.E0));
#51=DIRECTION('',(0.E0,5.076923076923E-1,-8.615384615385E-1));
#52=AXIS2_PLACEMENT_3D('',#49,#50,#51);
#54=CARTESIAN_POINT('',(0.E0,0.E0,0.E0));
#55=DIRECTION('',(0.E0,1.E0,0.E0));
#56=DIRECTION('',(0.E0,0.E0,-1.E0));
#57=AXIS2_PLACEMENT_3D('',#54,#55,#56);
#59=CARTESIAN_POINT('',(0.E0,-1.03125E-1,-4.E-1));
#60=DIRECTION('',(-1.E0,0.E0,0.E0));
#61=DIRECTION('',(0.E0,5.076923076923E-1,8.615384615385E-1));
#62=AXIS2_PLACEMENT_3D('',#59,#60,#61);
#64=CARTESIAN_POINT('',(0.E0,0.E0,0.E0));
#65=DIRECTION('',(0.E0,1.E0,0.E0));
#66=DIRECTION('',(0.E0,0.E0,1.E0));
#67=AXIS2_PLACEMENT_3D('',#64,#65,#66);
#69=DIRECTION('',(0.E0,-1.E0,0.E0));
#70=VECTOR('',#69,1.62E0);
#71=CARTESIAN_POINT('',(0.E0,1.62E0,-2.25E-1));
#72=LINE('',#71,#70);
#73=CARTESIAN_POINT('',(0.E0,1.7875E0,-3.925E-1));
#74=DIRECTION('',(-1.E0,0.E0,0.E0));
#75=DIRECTION('',(0.E0,-7.071067811866E-1,-7.071067811865E-1));
#76=AXIS2_PLACEMENT_3D('',#73,#74,#75);
#78=CARTESIAN_POINT('',(0.E0,1.62E0,0.E0));
#79=DIRECTION('',(0.E0,1.E0,0.E0));
#80=DIRECTION('',(0.E0,0.E0,1.E0));
#81=AXIS2_PLACEMENT_3D('',#78,#79,#80);
#83=CARTESIAN_POINT('',(0.E0,1.62E0,0.E0));
#84=DIRECTION('',(0.E0,-1.E0,0.E0));
#85=DIRECTION('',(0.E0,0.E0,-1.E0));
#86=AXIS2_PLACEMENT_3D('',#83,#84,#85);
#88=CARTESIAN_POINT('',(0.E0,0.E0,-2.25E-1));
#89=CARTESIAN_POINT('',(0.E0,1.E-1,-4.E-1));
#90=VERTEX_POINT('',#88);
#91=VERTEX_POINT('',#89);
#92=CARTESIAN_POINT('',(0.E0,0.E0,2.25E-1));
#93=VERTEX_POINT('',#92);
#94=CARTESIAN_POINT('',(0.E0,1.62E0,-5.6E-1));
#95=CARTESIAN_POINT('',(0.E0,1.62E0,-2.25E-1));
#96=VERTEX_POINT('',#94);
#97=VERTEX_POINT('',#95);
#98=CARTESIAN_POINT('',(0.E0,1.62E0,5.6E-1));
#99=CARTESIAN_POINT('',(0.E0,1.62E0,2.25E-1));
#100=VERTEX_POINT('',#98);
#101=VERTEX_POINT('',#99);
#102=CARTESIAN_POINT('',(0.E0,9.999999999999E-2,-5.6E-1));
#103=CARTESIAN_POINT('',(0.E0,9.999999999999E-2,5.6E-1));
#104=VERTEX_POINT('',#102);
#105=VERTEX_POINT('',#103);
#106=CARTESIAN_POINT('',(0.E0,1.E-1,4.E-1));
#107=VERTEX_POINT('',#106);
#108=CARTESIAN_POINT('',(-5.6E-1,1.E-1,0.E0));
#109=DIRECTION('',(0.E0,-1.E0,0.E0));
#110=DIRECTION('',(0.E0,0.E0,-1.E0));
#111=AXIS2_PLACEMENT_3D('',#108,#109,#110);
#112=PLANE('',#111);
#114=ORIENTED_EDGE('',*,*,#113,.F.);
#116=ORIENTED_EDGE('',*,*,#115,.F.);
#117=EDGE_LOOP('',(#114,#116));
#118=FACE_OUTER_BOUND('',#117,.F.);
#120=ORIENTED_EDGE('',*,*,#119,.F.);
#122=ORIENTED_EDGE('',*,*,#121,.F.);
#123=EDGE_LOOP('',(#120,#122));
#124=FACE_BOUND('',#123,.F.);
#126=CARTESIAN_POINT('',(0.E0,2.717046610169E1,0.E0));
#127=DIRECTION('',(0.E0,1.E0,0.E0));
#128=DIRECTION('',(0.E0,0.E0,1.E0));
#129=AXIS2_PLACEMENT_3D('',#126,#127,#128);
#130=CYLINDRICAL_SURFACE('',#129,5.6E-1);
#131=ORIENTED_EDGE('',*,*,#113,.T.);
#133=ORIENTED_EDGE('',*,*,#132,.F.);
#135=ORIENTED_EDGE('',*,*,#134,.T.);
#137=ORIENTED_EDGE('',*,*,#136,.T.);
#138=EDGE_LOOP('',(#131,#133,#135,#137));
#139=FACE_OUTER_BOUND('',#138,.F.);
#141=CARTESIAN_POINT('',(0.E0,2.717046610169E1,0.E0));
#142=DIRECTION('',(0.E0,1.E0,0.E0));
#143=DIRECTION('',(0.E0,0.E0,1.E0));
#144=AXIS2_PLACEMENT_3D('',#141,#142,#143);
#145=CYLINDRICAL_SURFACE('',#144,5.6E-1);
#146=ORIENTED_EDGE('',*,*,#136,.F.);
#148=ORIENTED_EDGE('',*,*,#147,.T.);
#149=ORIENTED_EDGE('',*,*,#132,.T.);
#150=ORIENTED_EDGE('',*,*,#115,.T.);
#151=EDGE_LOOP('',(#146,#148,#149,#150));
#152=FACE_OUTER_BOUND('',#151,.F.);
#154=CARTESIAN_POINT('',(0.E0,1.7875E0,0.E0));
#155=DIRECTION('',(0.E0,1.E0,0.E0));
#156=DIRECTION('',(0.E0,0.E0,1.E0));
#157=AXIS2_PLACEMENT_3D('',#154,#155,#156);
#158=TOROIDAL_SURFACE('',#157,3.925E-1,2.368807716975E-1);
#160=ORIENTED_EDGE('',*,*,#159,.F.);
#162=ORIENTED_EDGE('',*,*,#161,.F.);
#163=ORIENTED_EDGE('',*,*,#147,.F.);
#165=ORIENTED_EDGE('',*,*,#164,.T.);
#166=EDGE_LOOP('',(#160,#162,#163,#165));
#167=FACE_OUTER_BOUND('',#166,.F.);
#169=CARTESIAN_POINT('',(0.E0,2.717046610169E1,0.E0));
#170=DIRECTION('',(0.E0,1.E0,0.E0));
#171=DIRECTION('',(0.E0,0.E0,1.E0));
#172=AXIS2_PLACEMENT_3D('',#169,#170,#171);
#173=CYLINDRICAL_SURFACE('',#172,2.25E-1);
#175=ORIENTED_EDGE('',*,*,#174,.T.);
#177=ORIENTED_EDGE('',*,*,#176,.F.);
#178=ORIENTED_EDGE('',*,*,#159,.T.);
#180=ORIENTED_EDGE('',*,*,#179,.T.);
#181=EDGE_LOOP('',(#175,#177,#178,#180));
#182=FACE_OUTER_BOUND('',#181,.F.);
#184=CARTESIAN_POINT('',(0.E0,-1.03125E-1,0.E0));
#185=DIRECTION('',(0.E0,1.E0,0.E0));
#186=DIRECTION('',(0.E0,0.E0,1.E0));
#187=AXIS2_PLACEMENT_3D('',#184,#185,#186);
#188=TOROIDAL_SURFACE('',#187,4.E-1,2.03125E-1);
#189=ORIENTED_EDGE('',*,*,#121,.T.);
#191=ORIENTED_EDGE('',*,*,#190,.F.);
#192=ORIENTED_EDGE('',*,*,#174,.F.);
#194=ORIENTED_EDGE('',*,*,#193,.T.);
#195=EDGE_LOOP('',(#189,#191,#192,#194));
#196=FACE_OUTER_BOUND('',#195,.F.);
#198=CARTESIAN_POINT('',(0.E0,-1.03125E-1,0.E0));
#199=DIRECTION('',(0.E0,1.E0,0.E0));
#200=DIRECTION('',(0.E0,0.E0,1.E0));
#201=AXIS2_PLACEMENT_3D('',#198,#199,#200);
#202=TOROIDAL_SURFACE('',#201,4.E-1,2.03125E-1);
#203=ORIENTED_EDGE('',*,*,#193,.F.);
#205=ORIENTED_EDGE('',*,*,#204,.F.);
#206=ORIENTED_EDGE('',*,*,#190,.T.);
#207=ORIENTED_EDGE('',*,*,#119,.T.);
#208=EDGE_LOOP('',(#203,#205,#206,#207));
#209=FACE_OUTER_BOUND('',#208,.F.);
#211=CARTESIAN_POINT('',(0.E0,2.717046610169E1,0.E0));
#212=DIRECTION('',(0.E0,1.E0,0.E0));
#213=DIRECTION('',(0.E0,0.E0,1.E0));
#214=AXIS2_PLACEMENT_3D('',#211,#212,#213);
#215=CYLINDRICAL_SURFACE('',#214,2.25E-1);
#216=ORIENTED_EDGE('',*,*,#179,.F.);
#218=ORIENTED_EDGE('',*,*,#217,.T.);
#219=ORIENTED_EDGE('',*,*,#176,.T.);
#220=ORIENTED_EDGE('',*,*,#204,.T.);
#221=EDGE_LOOP('',(#216,#218,#219,#220));
#222=FACE_OUTER_BOUND('',#221,.F.);
#224=CARTESIAN_POINT('',(0.E0,1.7875E0,0.E0));
#225=DIRECTION('',(0.E0,1.E0,0.E0));
#226=DIRECTION('',(0.E0,0.E0,1.E0));
#227=AXIS2_PLACEMENT_3D('',#224,#225,#226);
#228=TOROIDAL_SURFACE('',#227,3.925E-1,2.368807716975E-1);
#229=ORIENTED_EDGE('',*,*,#164,.F.);
#230=ORIENTED_EDGE('',*,*,#134,.F.);
#231=ORIENTED_EDGE('',*,*,#161,.T.);
#232=ORIENTED_EDGE('',*,*,#217,.F.);
#233=EDGE_LOOP('',(#229,#230,#231,#232));
#234=FACE_OUTER_BOUND('',#233,.F.);
#236=CLOSED_SHELL('',(#125,#140,#153,#168,#183,#197,#210,#223,#235));
#237=MANIFOLD_SOLID_BREP('',#236);
#239=DIMENSIONAL_EXPONENTS(0.E0,0.E0,0.E0,0.E0,0.E0,0.E0,0.E0);
#241=PLANE_ANGLE_MEASURE_WITH_UNIT(PLANE_ANGLE_MEASURE(1.745329251994E-2),#240);
#242=(CONVERSION_BASED_UNIT('DEGREE',#241)NAMED_UNIT(*)PLANE_ANGLE_UNIT());
#244=UNCERTAINTY_MEASURE_WITH_UNIT(LENGTH_MEASURE(2.266015478378E-4),#238,
'closure',
'Maximum model space distance between geometric entities at asserted connectivities');
#246=CARTESIAN_POINT('',(0.E0,0.E0,0.E0));
#247=DIRECTION('',(0.E0,0.E0,1.E0));
#248=DIRECTION('',(1.E0,0.E0,0.E0));
#251=APPLICATION_CONTEXT(
'CONFIGURATION CONTROLLED 3D DESIGNS OF MECHANICAL PARTS AND ASSEMBLIES');
#252=APPLICATION_PROTOCOL_DEFINITION('international standard',
'config_control_design',1994,#251);
#253=DESIGN_CONTEXT('',#251,'design');
#254=MECHANICAL_CONTEXT('',#251,'mechanical');
#255=PRODUCT('90640-GLASS_ANY','90640-GLASS_ANY','NOT SPECIFIED',(#254));
#256=PRODUCT_DEFINITION_FORMATION_WITH_SPECIFIED_SOURCE('','LAST_VERSION',#255,
.MADE.);
#265=CARTESIAN_POINT('',(2.354226198810E0,-3.164283933559E0,1.129394582712E1));
#266=DIRECTION('',(0.E0,0.E0,1.E0));
#267=DIRECTION('',(1.E0,0.E0,0.E0));
#268=AXIS2_PLACEMENT_3D('',#265,#266,#267);
#269=ITEM_DEFINED_TRANSFORMATION('','',#249,#268);
#270=CARTESIAN_POINT('',(0.E0,0.E0,0.E0));
#271=DIRECTION('',(0.E0,0.E0,1.E0));
#272=DIRECTION('',(1.E0,0.E0,0.E0));
#274=(REPRESENTATION_RELATIONSHIP('','',#250,#262)REPRESENTATION_RELATIONSHIP_WITH_TRANSFORMATION(#269)SHAPE_REPRESENTATION_RELATIONSHIP());
#275=CONTEXT_DEPENDENT_SHAPE_REPRESENTATION(#274,#264);
#277=CARTESIAN_POINT('',(0.E0,0.E0,0.E0));
#278=DIRECTION('',(0.E0,-1.E0,0.E0));
#279=DIRECTION('',(0.E0,0.E0,1.E0));
#280=AXIS2_PLACEMENT_3D('',#277,#278,#279);
#282=CARTESIAN_POINT('',(0.E0,0.E0,0.E0));
#283=DIRECTION('',(0.E0,-1.E0,0.E0));
#284=DIRECTION('',(0.E0,0.E0,-1.E0));
#285=AXIS2_PLACEMENT_3D('',#282,#283,#284);
#287=DIRECTION('',(0.E0,1.E0,0.E0));
#288=VECTOR('',#287,7.92E0);
#289=CARTESIAN_POINT('',(0.E0,0.E0,2.25E-1));
#290=LINE('',#289,#288);
#291=DIRECTION('',(0.E0,1.E0,0.E0));
#292=VECTOR('',#291,7.92E0);
#293=CARTESIAN_POINT('',(0.E0,0.E0,-2.25E-1));
#294=LINE('',#293,#292);
#295=CARTESIAN_POINT('',(0.E0,7.92E0,0.E0));
#296=DIRECTION('',(0.E0,1.E0,0.E0));
#297=DIRECTION('',(0.E0,0.E0,-1.E0));
#298=AXIS2_PLACEMENT_3D('',#295,#296,#297);
#300=CARTESIAN_POINT('',(0.E0,7.92E0,0.E0));
#301=DIRECTION('',(0.E0,1.E0,0.E0));
#302=DIRECTION('',(0.E0,0.E0,1.E0));
#303=AXIS2_PLACEMENT_3D('',#300,#301,#302);
#305=CARTESIAN_POINT('',(0.E0,0.E0,2.25E-1));
#306=CARTESIAN_POINT('',(0.E0,7.92E0,2.25E-1));
#307=VERTEX_POINT('',#305);
#308=VERTEX_POINT('',#306);
#309=CARTESIAN_POINT('',(0.E0,0.E0,-2.25E-1));
#310=CARTESIAN_POINT('',(0.E0,7.92E0,-2.25E-1));
#311=VERTEX_POINT('',#309);
#312=VERTEX_POINT('',#310);
#313=CARTESIAN_POINT('',(0.E0,0.E0,0.E0));
#314=DIRECTION('',(0.E0,1.E0,0.E0));
#315=DIRECTION('',(0.E0,0.E0,1.E0));
#316=AXIS2_PLACEMENT_3D('',#313,#314,#315);
#317=PLANE('',#316);
#319=ORIENTED_EDGE('',*,*,#318,.F.);
#321=ORIENTED_EDGE('',*,*,#320,.F.);
#322=EDGE_LOOP('',(#319,#321));
#323=FACE_OUTER_BOUND('',#322,.F.);
#325=CARTESIAN_POINT('',(0.E0,7.92E0,0.E0));
#326=DIRECTION('',(0.E0,-1.E0,0.E0));
#327=DIRECTION('',(0.E0,0.E0,-1.E0));
#328=AXIS2_PLACEMENT_3D('',#325,#326,#327);
#329=CYLINDRICAL_SURFACE('',#328,2.25E-1);
#331=ORIENTED_EDGE('',*,*,#330,.F.);
#332=ORIENTED_EDGE('',*,*,#318,.T.);
#334=ORIENTED_EDGE('',*,*,#333,.T.);
#336=ORIENTED_EDGE('',*,*,#335,.T.);
#337=EDGE_LOOP('',(#331,#332,#334,#336));
#338=FACE_OUTER_BOUND('',#337,.F.);
#340=CARTESIAN_POINT('',(0.E0,7.92E0,0.E0));
#341=DIRECTION('',(0.E0,-1.E0,0.E0));
#342=DIRECTION('',(0.E0,0.E0,-1.E0));
#343=AXIS2_PLACEMENT_3D('',#340,#341,#342);
#344=CYLINDRICAL_SURFACE('',#343,2.25E-1);
#346=ORIENTED_EDGE('',*,*,#345,.T.);
#347=ORIENTED_EDGE('',*,*,#333,.F.);
#348=ORIENTED_EDGE('',*,*,#320,.T.);
#349=ORIENTED_EDGE('',*,*,#330,.T.);
#350=EDGE_LOOP('',(#346,#347,#348,#349));
#351=FACE_OUTER_BOUND('',#350,.F.);
#353=CARTESIAN_POINT('',(0.E0,7.92E0,0.E0));
#354=DIRECTION('',(0.E0,1.E0,0.E0));
#355=DIRECTION('',(0.E0,0.E0,1.E0));
#356=AXIS2_PLACEMENT_3D('',#353,#354,#355);
#357=PLANE('',#356);
#358=ORIENTED_EDGE('',*,*,#335,.F.);
#359=ORIENTED_EDGE('',*,*,#345,.F.);
#360=EDGE_LOOP('',(#358,#359));
#361=FACE_OUTER_BOUND('',#360,.F.);
#363=CLOSED_SHELL('',(#324,#339,#352,#362));
#364=MANIFOLD_SOLID_BREP('',#363);
#366=DIMENSIONAL_EXPONENTS(0.E0,0.E0,0.E0,0.E0,0.E0,0.E0,0.E0);
#368=PLANE_ANGLE_MEASURE_WITH_UNIT(PLANE_ANGLE_MEASURE(1.745329251994E-2),#367);
#369=(CONVERSION_BASED_UNIT('DEGREE',#368)NAMED_UNIT(*)PLANE_ANGLE_UNIT());
#371=UNCERTAINTY_MEASURE_WITH_UNIT(LENGTH_MEASURE(7.945258513823E-4),#365,
'closure',
'Maximum model space distance between geometric entities at asserted connectivities');
#373=CARTESIAN_POINT('',(0.E0,0.E0,0.E0));
#374=DIRECTION('',(0.E0,0.E0,1.E0));
#375=DIRECTION('',(1.E0,0.E0,0.E0));
#378=MECHANICAL_CONTEXT('',#251,'mechanical');
#379=PRODUCT('90640PIN_ANY','90640PIN_ANY','NOT SPECIFIED',(#378));
#380=PRODUCT_DEFINITION_FORMATION_WITH_SPECIFIED_SOURCE('','LAST_VERSION',#379,
.MADE.);
#386=CARTESIAN_POINT('',(-2.630525602255E0,-9.064283933559E0,9.229194026057E0));
#387=DIRECTION('',(0.E0,0.E0,1.E0));
#388=DIRECTION('',(1.E0,0.E0,0.E0));
#389=AXIS2_PLACEMENT_3D('',#386,#387,#388);
#390=ITEM_DEFINED_TRANSFORMATION('','',#376,#389);
#391=CARTESIAN_POINT('',(0.E0,0.E0,0.E0));
#392=DIRECTION('',(0.E0,0.E0,1.E0));
#393=DIRECTION('',(1.E0,0.E0,0.E0));
#395=(REPRESENTATION_RELATIONSHIP('','',#377,#262)REPRESENTATION_RELATIONSHIP_WITH_TRANSFORMATION(#390)SHAPE_REPRESENTATION_RELATIONSHIP());
#396=CONTEXT_DEPENDENT_SHAPE_REPRESENTATION(#395,#385);
#399=CARTESIAN_POINT('',(-1.775277403320E0,-9.064283933559E0,7.164442224993E0));
#400=DIRECTION('',(0.E0,0.E0,1.E0));
#401=DIRECTION('',(1.E0,0.E0,0.E0));
#402=AXIS2_PLACEMENT_3D('',#399,#400,#401);
#403=ITEM_DEFINED_TRANSFORMATION('','',#376,#402);
#404=CARTESIAN_POINT('',(0.E0,0.E0,0.E0));
#405=DIRECTION('',(0.E0,0.E0,1.E0));
#406=DIRECTION('',(1.E0,0.E0,0.E0));
#408=(REPRESENTATION_RELATIONSHIP('','',#377,#262)REPRESENTATION_RELATIONSHIP_WITH_TRANSFORMATION(#403)SHAPE_REPRESENTATION_RELATIONSHIP());
#409=CONTEXT_DEPENDENT_SHAPE_REPRESENTATION(#408,#398);
#412=CARTESIAN_POINT('',(2.354226198810E0,-9.064283933559E0,1.129394582712E1));
#413=DIRECTION('',(0.E0,0.E0,1.E0));
#414=DIRECTION('',(1.E0,0.E0,0.E0));
#415=AXIS2_PLACEMENT_3D('',#412,#413,#414);
#416=ITEM_DEFINED_TRANSFORMATION('','',#376,#415);
#417=CARTESIAN_POINT('',(0.E0,0.E0,0.E0));
#418=DIRECTION('',(0.E0,0.E0,1.E0));
#419=DIRECTION('',(1.E0,0.E0,0.E0));
#421=(REPRESENTATION_RELATIONSHIP('','',#377,#262)REPRESENTATION_RELATIONSHIP_WITH_TRANSFORMATION(#416)SHAPE_REPRESENTATION_RELATIONSHIP());
#422=CONTEXT_DEPENDENT_SHAPE_REPRESENTATION(#421,#411);
#425=CARTESIAN_POINT('',(-2.630525602255E0,-3.164283933559E0,9.229194026057E0));
#426=DIRECTION('',(0.E0,0.E0,1.E0));
#427=DIRECTION('',(1.E0,0.E0,0.E0));
#428=AXIS2_PLACEMENT_3D('',#425,#426,#427);
#429=ITEM_DEFINED_TRANSFORMATION('','',#249,#428);
#430=CARTESIAN_POINT('',(0.E0,0.E0,0.E0));
#431=DIRECTION('',(0.E0,0.E0,1.E0));
#432=DIRECTION('',(1.E0,0.E0,0.E0));
#434=(REPRESENTATION_RELATIONSHIP('','',#250,#262)REPRESENTATION_RELATIONSHIP_WITH_TRANSFORMATION(#429)SHAPE_REPRESENTATION_RELATIONSHIP());
#435=CONTEXT_DEPENDENT_SHAPE_REPRESENTATION(#434,#424);
#437=DIRECTION('',(0.E0,-1.E0,0.E0));
#438=VECTOR('',#437,7.2E-1);
#439=CARTESIAN_POINT('',(0.E0,1.32E0,-4.01E0));
#440=LINE('',#439,#438);
#441=DIRECTION('',(0.E0,-1.E0,0.E0));
#442=VECTOR('',#441,7.2E-1);
#443=CARTESIAN_POINT('',(0.E0,1.32E0,4.01E0));
#444=LINE('',#443,#442);
#445=CARTESIAN_POINT('',(0.E0,6.E-1,-4.21E0));
#446=DIRECTION('',(-1.E0,0.E0,0.E0));
#447=DIRECTION('',(0.E0,-1.E0,0.E0));
#448=AXIS2_PLACEMENT_3D('',#445,#446,#447);
#450=CARTESIAN_POINT('',(0.E0,6.E-1,0.E0));
#451=DIRECTION('',(0.E0,-1.E0,0.E0));
#452=DIRECTION('',(0.E0,0.E0,-1.E0));
#453=AXIS2_PLACEMENT_3D('',#450,#451,#452);
#455=CARTESIAN_POINT('',(0.E0,6.E-1,0.E0));
#456=DIRECTION('',(0.E0,-1.E0,0.E0));
#457=DIRECTION('',(0.E0,0.E0,1.E0));
#458=AXIS2_PLACEMENT_3D('',#455,#456,#457);
#460=CARTESIAN_POINT('',(0.E0,6.E-1,4.21E0));
#461=DIRECTION('',(1.E0,0.E0,0.E0));
#462=DIRECTION('',(0.E0,-1.E0,0.E0));
#463=AXIS2_PLACEMENT_3D('',#460,#461,#462);
#465=CARTESIAN_POINT('',(0.E0,4.E-1,0.E0));
#466=DIRECTION('',(0.E0,1.E0,0.E0));
#467=DIRECTION('',(-9.611306058693E-1,0.E0,-2.760941116021E-1));
#468=AXIS2_PLACEMENT_3D('',#465,#466,#467);
#470=CARTESIAN_POINT('',(-4.592317814796E0,4.E-1,-1.257320732905E0));
#471=DIRECTION('',(0.E0,-1.E0,0.E0));
#472=DIRECTION('',(3.762512197364E-1,0.E0,-9.265176844761E-1));
#473=AXIS2_PLACEMENT_3D('',#470,#471,#472);
#475=DIRECTION('',(9.265176844761E-1,0.E0,3.762512197364E-1));
#476=VECTOR('',#475,4.033246307992E-1);
#477=CARTESIAN_POINT('',(-4.890754973869E0,4.E-1,-1.594375654088E0));
#478=LINE('',#477,#476);
#479=CARTESIAN_POINT('',(-4.815504729921E0,4.E-1,-1.779679190984E0));
#480=DIRECTION('',(0.E0,1.E0,0.E0));
#481=DIRECTION('',(-9.238795325113E-1,0.E0,-3.826834323651E-1));
#482=AXIS2_PLACEMENT_3D('',#479,#480,#481);
#484=DIRECTION('',(-3.826834323651E-1,0.E0,9.238795325113E-1));
#485=VECTOR('',#484,3.986578623903E-1);
#486=CARTESIAN_POINT('',(-4.847720877305E0,4.E-1,-2.224527716994E0));
#487=LINE('',#486,#485);
#488=CARTESIAN_POINT('',(-4.662944970803E0,4.E-1,-2.147991030521E0));
#489=DIRECTION('',(0.E0,1.E0,0.E0));
#490=DIRECTION('',(0.E0,0.E0,-1.E0));
#491=AXIS2_PLACEMENT_3D('',#488,#489,#490);
#493=CARTESIAN_POINT('',(-4.662944970803E0,4.E-1,-2.147991030521E0));
#494=DIRECTION('',(0.E0,1.E0,0.E0));
#495=DIRECTION('',(3.824378062756E-1,0.E0,-9.239812359194E-1));
#496=AXIS2_PLACEMENT_3D('',#493,#494,#495);
#498=DIRECTION('',(-9.239812359194E-1,0.E0,-3.824378062756E-1));
#499=VECTOR('',#498,4.060505252149E-1);
#500=CARTESIAN_POINT('',(-4.211274343414E0,4.E-1,-2.177498205604E0));
#501=LINE('',#500,#499);
#502=CARTESIAN_POINT('',(-4.134786782159E0,4.E-1,-2.362294452788E0));
#503=DIRECTION('',(0.E0,-1.E0,0.E0));
#504=DIRECTION('',(0.E0,0.E0,1.E0));
#505=AXIS2_PLACEMENT_3D('',#502,#503,#504);
#507=CARTESIAN_POINT('',(-4.134786782159E0,4.E-1,-2.362294452788E0));
#508=DIRECTION('',(0.E0,-1.E0,0.E0));
#509=DIRECTION('',(6.992455562255E-1,0.E0,7.148815650853E-1));
#510=AXIS2_PLACEMENT_3D('',#507,#508,#509);
#512=CARTESIAN_POINT('',(0.E0,4.E-1,0.E0));
#513=DIRECTION('',(0.E0,1.E0,0.E0));
#514=DIRECTION('',(0.E0,0.E0,-1.E0));
#515=AXIS2_PLACEMENT_3D('',#512,#513,#514);
#517=CARTESIAN_POINT('',(0.E0,4.E-1,0.E0));
#518=DIRECTION('',(0.E0,1.E0,0.E0));
#519=DIRECTION('',(0.E0,0.E0,1.E0));
#520=AXIS2_PLACEMENT_3D('',#517,#518,#519);
#522=CARTESIAN_POINT('',(0.E0,4.E-1,0.E0));
#523=DIRECTION('',(0.E0,-1.E0,0.E0));
#524=DIRECTION('',(0.E0,0.E0,-1.E0));
#525=AXIS2_PLACEMENT_3D('',#522,#523,#524);
#527=CARTESIAN_POINT('',(0.E0,4.E-1,0.E0));
#528=DIRECTION('',(0.E0,-1.E0,0.E0));
#529=DIRECTION('',(0.E0,0.E0,1.E0));
#530=AXIS2_PLACEMENT_3D('',#527,#528,#529);
#532=CARTESIAN_POINT('',(0.E0,-1.065814103640E-14,0.E0));
#533=DIRECTION('',(0.E0,-1.E0,0.E0));
#534=DIRECTION('',(0.E0,0.E0,1.E0));
#535=AXIS2_PLACEMENT_3D('',#532,#533,#534);
#537=CARTESIAN_POINT('',(0.E0,-1.065814103640E-14,0.E0));
#538=DIRECTION('',(0.E0,-1.E0,0.E0));
#539=DIRECTION('',(0.E0,0.E0,-1.E0));
#540=AXIS2_PLACEMENT_3D('',#537,#538,#539);
#542=CARTESIAN_POINT('',(0.E0,-1.065814103640E-14,0.E0));
#543=DIRECTION('',(0.E0,-1.E0,0.E0));
#544=DIRECTION('',(-8.741657923224E-1,0.E0,-4.856276017004E-1));
#545=AXIS2_PLACEMENT_3D('',#542,#543,#544);
#547=CARTESIAN_POINT('',(-4.134786782159E0,0.E0,-2.362294452788E0));
#548=DIRECTION('',(0.E0,1.E0,0.E0));
#549=DIRECTION('',(0.E0,0.E0,1.E0));
#550=AXIS2_PLACEMENT_3D('',#547,#548,#549);
#552=CARTESIAN_POINT('',(-4.134786782159E0,0.E0,-2.362294452788E0));
#553=DIRECTION('',(0.E0,1.E0,0.E0));
#554=DIRECTION('',(-3.824378062756E-1,0.E0,9.239812359194E-1));
#555=AXIS2_PLACEMENT_3D('',#552,#553,#554);
#557=DIRECTION('',(9.239812359194E-1,0.E0,3.824378062756E-1));
#558=VECTOR('',#557,4.060505252149E-1);
#559=CARTESIAN_POINT('',(-4.586457409547E0,0.E0,-2.332787277704E0));
#560=LINE('',#559,#558);
#561=CARTESIAN_POINT('',(-4.662944970803E0,0.E0,-2.147991030521E0));
#562=DIRECTION('',(0.E0,-1.E0,0.E0));
#563=DIRECTION('',(0.E0,0.E0,-1.E0));
#564=AXIS2_PLACEMENT_3D('',#561,#562,#563);
#566=CARTESIAN_POINT('',(-4.662944970803E0,0.E0,-2.147991030521E0));
#567=DIRECTION('',(0.E0,-1.E0,0.E0));
#568=DIRECTION('',(-9.238795325113E-1,0.E0,-3.826834323651E-1));
#569=AXIS2_PLACEMENT_3D('',#566,#567,#568);
#571=DIRECTION('',(3.826834323651E-1,0.E0,-9.238795325113E-1));
#572=VECTOR('',#571,3.986578623903E-1);
#573=CARTESIAN_POINT('',(-5.000280636424E0,0.E0,-1.856215877457E0));
#574=LINE('',#573,#572);
#575=CARTESIAN_POINT('',(-4.815504729921E0,0.E0,-1.779679190984E0));
#576=DIRECTION('',(0.E0,-1.E0,0.E0));
#577=DIRECTION('',(-3.762512197364E-1,0.E0,9.265176844761E-1));
#578=AXIS2_PLACEMENT_3D('',#575,#576,#577);
#580=DIRECTION('',(-9.265176844761E-1,0.E0,-3.762512197364E-1));
#581=VECTOR('',#580,4.033246307992E-1);
#582=CARTESIAN_POINT('',(-4.517067570848E0,0.E0,-1.442624269800E0));
#583=LINE('',#582,#581);
#584=CARTESIAN_POINT('',(-4.592317814796E0,0.E0,-1.257320732905E0));
#585=DIRECTION('',(0.E0,1.E0,0.E0));
#586=DIRECTION('',(9.997547298655E-1,0.E0,-2.214678558107E-2));
#587=AXIS2_PLACEMENT_3D('',#584,#585,#586);
#589=CARTESIAN_POINT('',(2.064751801065E0,0.E0,2.064751801065E0));
#590=DIRECTION('',(0.E0,1.E0,0.E0));
#591=DIRECTION('',(0.E0,0.E0,1.E0));
#592=AXIS2_PLACEMENT_3D('',#589,#590,#591);
#594=CARTESIAN_POINT('',(2.064751801065E0,0.E0,2.064751801065E0));
#595=DIRECTION('',(0.E0,1.E0,0.E0));
#596=DIRECTION('',(0.E0,0.E0,-1.E0));
#597=AXIS2_PLACEMENT_3D('',#594,#595,#596);
#599=CARTESIAN_POINT('',(-2.064751801065E0,0.E0,-2.064751801065E0));
#600=DIRECTION('',(0.E0,1.E0,0.E0));
#601=DIRECTION('',(0.E0,0.E0,1.E0));
#602=AXIS2_PLACEMENT_3D('',#599,#600,#601);
#604=CARTESIAN_POINT('',(-2.064751801065E0,0.E0,-2.064751801065E0));
#605=DIRECTION('',(0.E0,1.E0,0.E0));
#606=DIRECTION('',(0.E0,0.E0,-1.E0));
#607=AXIS2_PLACEMENT_3D('',#604,#605,#606);
#609=CARTESIAN_POINT('',(2.92E0,0.E0,0.E0));
#610=DIRECTION('',(0.E0,1.E0,0.E0));
#611=DIRECTION('',(0.E0,0.E0,1.E0));
#612=AXIS2_PLACEMENT_3D('',#609,#610,#611);
#614=CARTESIAN_POINT('',(2.92E0,0.E0,0.E0));
#615=DIRECTION('',(0.E0,1.E0,0.E0));
#616=DIRECTION('',(0.E0,0.E0,-1.E0));
#617=AXIS2_PLACEMENT_3D('',#614,#615,#616);
#619=CARTESIAN_POINT('',(-2.92E0,0.E0,0.E0));
#620=DIRECTION('',(0.E0,1.E0,0.E0));
#621=DIRECTION('',(0.E0,0.E0,1.E0));
#622=AXIS2_PLACEMENT_3D('',#619,#620,#621);
#624=CARTESIAN_POINT('',(-2.92E0,0.E0,0.E0));
#625=DIRECTION('',(0.E0,1.E0,0.E0));
#626=DIRECTION('',(0.E0,0.E0,-1.E0));
#627=AXIS2_PLACEMENT_3D('',#624,#625,#626);
#629=DIRECTION('',(0.E0,-1.E0,0.E0));
#630=VECTOR('',#629,4.E-1);
#631=CARTESIAN_POINT('',(0.E0,4.E-1,4.57E0));
#632=LINE('',#631,#630);
#633=DIRECTION('',(0.E0,-1.E0,0.E0));
#634=VECTOR('',#633,4.E-1);
#635=CARTESIAN_POINT('',(0.E0,4.E-1,-4.57E0));
#636=LINE('',#635,#634);
#637=DIRECTION('',(0.E0,1.E0,0.E0));
#638=VECTOR('',#637,4.E-1);
#639=CARTESIAN_POINT('',(-3.994937670913E0,0.E0,-2.219318139771E0));
#640=LINE('',#639,#638);
#641=DIRECTION('',(0.E0,1.E0,0.E0));
#642=VECTOR('',#641,4.E-1);
#643=CARTESIAN_POINT('',(-4.211274343414E0,0.E0,-2.177498205604E0));
#644=LINE('',#643,#642);
#645=DIRECTION('',(0.E0,1.E0,0.E0));
#646=VECTOR('',#645,4.E-1);
#647=CARTESIAN_POINT('',(-4.662944970803E0,0.E0,-2.347991030521E0));
#648=LINE('',#647,#646);
#649=DIRECTION('',(0.E0,-1.E0,0.E0));
#650=VECTOR('',#649,4.E-1);
#651=CARTESIAN_POINT('',(-4.586457409547E0,4.E-1,-2.332787277704E0));
#652=LINE('',#651,#650);
#653=DIRECTION('',(0.E0,1.E0,0.E0));
#654=VECTOR('',#653,4.E-1);
#655=CARTESIAN_POINT('',(-4.847720877305E0,0.E0,-2.224527716994E0));
#656=LINE('',#655,#654);
#657=DIRECTION('',(0.E0,-1.E0,0.E0));
#658=VECTOR('',#657,4.E-1);
#659=CARTESIAN_POINT('',(-5.000280636424E0,4.E-1,-1.856215877457E0));
#660=LINE('',#659,#658);
#661=DIRECTION('',(0.E0,1.E0,0.E0));
#662=VECTOR('',#661,4.E-1);
#663=CARTESIAN_POINT('',(-4.890754973869E0,0.E0,-1.594375654088E0));
#664=LINE('',#663,#662);
#665=DIRECTION('',(0.E0,-1.E0,0.E0));
#666=VECTOR('',#665,4.E-1);
#667=CARTESIAN_POINT('',(-4.517067570848E0,4.E-1,-1.442624269800E0));
#668=LINE('',#667,#666);
#669=DIRECTION('',(0.E0,1.E0,0.E0));
#670=VECTOR('',#669,4.E-1);
#671=CARTESIAN_POINT('',(-4.392366868823E0,0.E0,-1.261750090021E0));
#672=LINE('',#671,#670);
#673=DIRECTION('',(0.E0,-1.E0,0.E0));
#674=VECTOR('',#673,1.52E0);
#675=CARTESIAN_POINT('',(2.064751801065E0,1.52E0,1.504751801065E0));
#676=LINE('',#675,#674);
#677=DIRECTION('',(0.E0,-1.E0,0.E0));
#678=VECTOR('',#677,1.52E0);
#679=CARTESIAN_POINT('',(2.064751801065E0,1.52E0,2.624751801065E0));
#680=LINE('',#679,#678);
#681=CARTESIAN_POINT('',(0.E0,1.52E0,0.E0));
#682=DIRECTION('',(0.E0,1.E0,0.E0));
#683=DIRECTION('',(0.E0,0.E0,1.E0));
#684=AXIS2_PLACEMENT_3D('',#681,#682,#683);
#686=CARTESIAN_POINT('',(0.E0,1.52E0,0.E0));
#687=DIRECTION('',(0.E0,1.E0,0.E0));
#688=DIRECTION('',(0.E0,0.E0,-1.E0));
#689=AXIS2_PLACEMENT_3D('',#686,#687,#688);
#691=CARTESIAN_POINT('',(2.064751801065E0,1.52E0,2.064751801065E0));
#692=DIRECTION('',(0.E0,-1.E0,0.E0));
#693=DIRECTION('',(0.E0,0.E0,-1.E0));
#694=AXIS2_PLACEMENT_3D('',#691,#692,#693);
#696=CARTESIAN_POINT('',(2.064751801065E0,1.52E0,2.064751801065E0));
#697=DIRECTION('',(0.E0,-1.E0,0.E0));
#698=DIRECTION('',(0.E0,0.E0,1.E0));
#699=AXIS2_PLACEMENT_3D('',#696,#697,#698);
#701=CARTESIAN_POINT('',(-2.064751801065E0,1.52E0,-2.064751801065E0));
#702=DIRECTION('',(0.E0,-1.E0,0.E0));
#703=DIRECTION('',(0.E0,0.E0,-1.E0));
#704=AXIS2_PLACEMENT_3D('',#701,#702,#703);
#706=CARTESIAN_POINT('',(-2.064751801065E0,1.52E0,-2.064751801065E0));
#707=DIRECTION('',(0.E0,-1.E0,0.E0));
#708=DIRECTION('',(0.E0,0.E0,1.E0));
#709=AXIS2_PLACEMENT_3D('',#706,#707,#708);
#711=CARTESIAN_POINT('',(-2.92E0,1.52E0,0.E0));
#712=DIRECTION('',(0.E0,-1.E0,0.E0));
#713=DIRECTION('',(0.E0,0.E0,-1.E0));
#714=AXIS2_PLACEMENT_3D('',#711,#712,#713);
#716=CARTESIAN_POINT('',(-2.92E0,1.52E0,0.E0));
#717=DIRECTION('',(0.E0,-1.E0,0.E0));
#718=DIRECTION('',(0.E0,0.E0,1.E0));
#719=AXIS2_PLACEMENT_3D('',#716,#717,#718);
#721=CARTESIAN_POINT('',(0.E0,1.32E0,0.E0));
#722=DIRECTION('',(0.E0,1.E0,0.E0));
#723=DIRECTION('',(0.E0,0.E0,1.E0));
#724=AXIS2_PLACEMENT_3D('',#721,#722,#723);
#726=CARTESIAN_POINT('',(0.E0,1.32E0,3.81E0));
#727=DIRECTION('',(1.E0,0.E0,0.E0));
#728=DIRECTION('',(0.E0,1.E0,0.E0));
#729=AXIS2_PLACEMENT_3D('',#726,#727,#728);
#731=CARTESIAN_POINT('',(0.E0,1.32E0,-3.81E0));
#732=DIRECTION('',(-1.E0,0.E0,0.E0));
#733=DIRECTION('',(0.E0,1.E0,0.E0));
#734=AXIS2_PLACEMENT_3D('',#731,#732,#733);
#736=CARTESIAN_POINT('',(0.E0,1.32E0,0.E0));
#737=DIRECTION('',(0.E0,1.E0,0.E0));
#738=DIRECTION('',(0.E0,0.E0,-1.E0));
#739=AXIS2_PLACEMENT_3D('',#736,#737,#738);
#741=DIRECTION('',(0.E0,1.E0,0.E0));
#742=VECTOR('',#741,1.52E0);
#743=CARTESIAN_POINT('',(-2.064751801065E0,0.E0,-1.504751801065E0));
#744=LINE('',#743,#742);
#745=DIRECTION('',(0.E0,1.E0,0.E0));
#746=VECTOR('',#745,1.52E0);
#747=CARTESIAN_POINT('',(-2.064751801065E0,0.E0,-2.624751801065E0));
#748=LINE('',#747,#746);
#749=DIRECTION('',(0.E0,-1.E0,0.E0));
#750=VECTOR('',#749,1.52E0);
#751=CARTESIAN_POINT('',(-2.92E0,1.52E0,-5.6E-1));
#752=LINE('',#751,#750);
#753=DIRECTION('',(0.E0,-1.E0,0.E0));
#754=VECTOR('',#753,1.52E0);
#755=CARTESIAN_POINT('',(-2.92E0,1.52E0,5.6E-1));
#756=LINE('',#755,#754);
#757=DIRECTION('',(0.E0,1.E0,0.E0));
#758=VECTOR('',#757,1.5E-1);
#759=CARTESIAN_POINT('',(2.92E0,0.E0,3.5E-1));
#760=LINE('',#759,#758);
#761=DIRECTION('',(0.E0,1.E0,0.E0));
#762=VECTOR('',#761,1.5E-1);
#763=CARTESIAN_POINT('',(2.92E0,0.E0,-3.5E-1));
#764=LINE('',#763,#762);
#765=CARTESIAN_POINT('',(2.92E0,1.5E-1,0.E0));
#766=DIRECTION('',(0.E0,-1.E0,0.E0));
#767=DIRECTION('',(0.E0,0.E0,-1.E0));
#768=AXIS2_PLACEMENT_3D('',#765,#766,#767);
#770=CARTESIAN_POINT('',(2.92E0,1.5E-1,0.E0));
#771=DIRECTION('',(0.E0,-1.E0,0.E0));
#772=DIRECTION('',(0.E0,0.E0,1.E0));
#773=AXIS2_PLACEMENT_3D('',#770,#771,#772);
#775=CARTESIAN_POINT('',(0.E0,1.32E0,-4.01E0));
#776=CARTESIAN_POINT('',(0.E0,6.E-1,-4.01E0));
#777=VERTEX_POINT('',#775);
#778=VERTEX_POINT('',#776);
#779=CARTESIAN_POINT('',(0.E0,4.E-1,-4.21E0));
#780=CARTESIAN_POINT('',(0.E0,4.E-1,4.21E0));
#781=VERTEX_POINT('',#779);
#782=VERTEX_POINT('',#780);
#783=CARTESIAN_POINT('',(-2.064751801065E0,0.E0,-1.504751801065E0));
#784=CARTESIAN_POINT('',(-2.064751801065E0,1.52E0,-1.504751801065E0));
#785=VERTEX_POINT('',#783);
#786=VERTEX_POINT('',#784);
#787=CARTESIAN_POINT('',(-4.392366868823E0,0.E0,-1.261750090021E0));
#788=CARTESIAN_POINT('',(-4.392366868823E0,4.E-1,-1.261750090021E0));
#789=VERTEX_POINT('',#787);
#790=VERTEX_POINT('',#788);
#791=CARTESIAN_POINT('',(0.E0,1.52E0,3.81E0));
#792=CARTESIAN_POINT('',(0.E0,1.52E0,-3.81E0));
#793=VERTEX_POINT('',#791);
#794=VERTEX_POINT('',#792);
#795=CARTESIAN_POINT('',(-3.994937670913E0,-1.065814103640E-14,
-2.219318139771E0));
#796=CARTESIAN_POINT('',(0.E0,-1.065814103640E-14,-4.57E0));
#797=VERTEX_POINT('',#795);
#798=VERTEX_POINT('',#796);
#799=CARTESIAN_POINT('',(-4.662944970803E0,4.E-1,-2.347991030521E0));
#800=CARTESIAN_POINT('',(-4.847720877305E0,4.E-1,-2.224527716994E0));
#801=VERTEX_POINT('',#799);
#802=VERTEX_POINT('',#800);
#803=CARTESIAN_POINT('',(0.E0,4.E-1,4.57E0));
#804=CARTESIAN_POINT('',(0.E0,4.E-1,-4.57E0));
#805=VERTEX_POINT('',#803);
#806=VERTEX_POINT('',#804);
#807=CARTESIAN_POINT('',(-4.211274343414E0,0.E0,-2.177498205604E0));
#808=CARTESIAN_POINT('',(-4.134786782159E0,0.E0,-2.162294452788E0));
#809=VERTEX_POINT('',#807);
#810=VERTEX_POINT('',#808);
#811=CARTESIAN_POINT('',(0.E0,6.E-1,4.01E0));
#812=VERTEX_POINT('',#811);
#813=CARTESIAN_POINT('',(-2.92E0,0.E0,-5.6E-1));
#814=CARTESIAN_POINT('',(-2.92E0,0.E0,5.6E-1));
#815=VERTEX_POINT('',#813);
#816=VERTEX_POINT('',#814);
#817=CARTESIAN_POINT('',(-2.92E0,1.52E0,-5.6E-1));
#818=CARTESIAN_POINT('',(-2.92E0,1.52E0,5.6E-1));
#819=VERTEX_POINT('',#817);
#820=VERTEX_POINT('',#818);
#821=CARTESIAN_POINT('',(-5.000280636424E0,0.E0,-1.856215877457E0));
#822=CARTESIAN_POINT('',(-4.847720877305E0,0.E0,-2.224527716994E0));
#823=VERTEX_POINT('',#821);
#824=VERTEX_POINT('',#822);
#825=CARTESIAN_POINT('',(2.064751801065E0,1.52E0,2.624751801065E0));
#826=CARTESIAN_POINT('',(2.064751801065E0,1.52E0,1.504751801065E0));
#827=VERTEX_POINT('',#825);
#828=VERTEX_POINT('',#826);
#829=CARTESIAN_POINT('',(-5.000280636424E0,4.E-1,-1.856215877457E0));
#830=VERTEX_POINT('',#829);
#831=CARTESIAN_POINT('',(2.92E0,0.E0,-3.5E-1));
#832=CARTESIAN_POINT('',(2.92E0,0.E0,3.5E-1));
#833=VERTEX_POINT('',#831);
#834=VERTEX_POINT('',#832);
#835=CARTESIAN_POINT('',(-4.517067570848E0,4.E-1,-1.442624269800E0));
#836=CARTESIAN_POINT('',(-4.517067570848E0,0.E0,-1.442624269800E0));
#837=VERTEX_POINT('',#835);
#838=VERTEX_POINT('',#836);
#839=CARTESIAN_POINT('',(-3.994937670913E0,4.E-1,-2.219318139771E0));
#840=VERTEX_POINT('',#839);
#841=CARTESIAN_POINT('',(-2.064751801065E0,1.52E0,-2.624751801065E0));
#842=VERTEX_POINT('',#841);
#843=CARTESIAN_POINT('',(-2.064751801065E0,0.E0,-2.624751801065E0));
#844=VERTEX_POINT('',#843);
#845=CARTESIAN_POINT('',(-4.211274343414E0,4.E-1,-2.177498205604E0));
#846=CARTESIAN_POINT('',(-4.586457409547E0,4.E-1,-2.332787277704E0));
#847=VERTEX_POINT('',#845);
#848=VERTEX_POINT('',#846);
#849=CARTESIAN_POINT('',(0.E0,1.32E0,4.01E0));
#850=VERTEX_POINT('',#849);
#851=CARTESIAN_POINT('',(-4.586457409547E0,0.E0,-2.332787277704E0));
#852=VERTEX_POINT('',#851);
#853=CARTESIAN_POINT('',(0.E0,0.E0,4.57E0));
#854=VERTEX_POINT('',#853);
#855=CARTESIAN_POINT('',(2.064751801065E0,0.E0,1.504751801065E0));
#856=VERTEX_POINT('',#855);
#857=CARTESIAN_POINT('',(-4.662944970803E0,0.E0,-2.347991030521E0));
#858=VERTEX_POINT('',#857);
#859=CARTESIAN_POINT('',(-4.890754973869E0,0.E0,-1.594375654088E0));
#860=VERTEX_POINT('',#859);
#861=CARTESIAN_POINT('',(2.92E0,1.5E-1,3.5E-1));
#862=VERTEX_POINT('',#861);
#863=CARTESIAN_POINT('',(2.92E0,1.5E-1,-3.5E-1));
#864=VERTEX_POINT('',#863);
#865=CARTESIAN_POINT('',(-4.890754973869E0,4.E-1,-1.594375654088E0));
#866=VERTEX_POINT('',#865);
#867=CARTESIAN_POINT('',(2.064751801065E0,0.E0,2.624751801065E0));
#868=VERTEX_POINT('',#867);
#869=CARTESIAN_POINT('',(-4.134786782159E0,4.E-1,-2.162294452788E0));
#870=VERTEX_POINT('',#869);
#871=CARTESIAN_POINT('',(0.E0,2.841036291267E1,0.E0));
#872=DIRECTION('',(0.E0,1.E0,0.E0));
#873=DIRECTION('',(0.E0,0.E0,1.E0));
#874=AXIS2_PLACEMENT_3D('',#871,#872,#873);
#875=CYLINDRICAL_SURFACE('',#874,4.01E0);
#877=ORIENTED_EDGE('',*,*,#876,.F.);
#879=ORIENTED_EDGE('',*,*,#878,.T.);
#881=ORIENTED_EDGE('',*,*,#880,.T.);
#883=ORIENTED_EDGE('',*,*,#882,.T.);
#884=EDGE_LOOP('',(#877,#879,#881,#883));
#885=FACE_OUTER_BOUND('',#884,.F.);
#887=CARTESIAN_POINT('',(0.E0,2.841036291267E1,0.E0));
#888=DIRECTION('',(0.E0,1.E0,0.E0));
#889=DIRECTION('',(0.E0,0.E0,1.E0));
#890=AXIS2_PLACEMENT_3D('',#887,#888,#889);
#891=CYLINDRICAL_SURFACE('',#890,4.01E0);
#893=ORIENTED_EDGE('',*,*,#892,.T.);
#894=ORIENTED_EDGE('',*,*,#880,.F.);
#896=ORIENTED_EDGE('',*,*,#895,.T.);
#897=ORIENTED_EDGE('',*,*,#876,.T.);
#898=EDGE_LOOP('',(#893,#894,#896,#897));
#899=FACE_OUTER_BOUND('',#898,.F.);
#901=CARTESIAN_POINT('',(0.E0,6.E-1,0.E0));
#902=DIRECTION('',(0.E0,1.E0,0.E0));
#903=DIRECTION('',(0.E0,0.E0,1.E0));
#904=AXIS2_PLACEMENT_3D('',#901,#902,#903);
#905=TOROIDAL_SURFACE('',#904,4.21E0,2.E-1);
#907=ORIENTED_EDGE('',*,*,#906,.F.);
#909=ORIENTED_EDGE('',*,*,#908,.T.);
#911=ORIENTED_EDGE('',*,*,#910,.T.);
#912=ORIENTED_EDGE('',*,*,#892,.F.);
#913=EDGE_LOOP('',(#907,#909,#911,#912));
#914=FACE_OUTER_BOUND('',#913,.F.);
#916=CARTESIAN_POINT('',(0.E0,6.E-1,0.E0));
#917=DIRECTION('',(0.E0,1.E0,0.E0));
#918=DIRECTION('',(0.E0,0.E0,1.E0));
#919=AXIS2_PLACEMENT_3D('',#916,#917,#918);
#920=TOROIDAL_SURFACE('',#919,4.21E0,2.E-1);
#921=ORIENTED_EDGE('',*,*,#882,.F.);
#922=ORIENTED_EDGE('',*,*,#910,.F.);
#924=ORIENTED_EDGE('',*,*,#923,.T.);
#925=ORIENTED_EDGE('',*,*,#906,.T.);
#926=EDGE_LOOP('',(#921,#922,#924,#925));
#927=FACE_OUTER_BOUND('',#926,.F.);
#929=CARTESIAN_POINT('',(-4.21E0,4.E-1,0.E0));
#930=DIRECTION('',(0.E0,1.E0,0.E0));
#931=DIRECTION('',(0.E0,0.E0,1.E0));
#932=AXIS2_PLACEMENT_3D('',#929,#930,#931);
#933=PLANE('',#932);
#935=ORIENTED_EDGE('',*,*,#934,.F.);
#937=ORIENTED_EDGE('',*,*,#936,.F.);
#939=ORIENTED_EDGE('',*,*,#938,.F.);
#941=ORIENTED_EDGE('',*,*,#940,.F.);
#943=ORIENTED_EDGE('',*,*,#942,.F.);
#945=ORIENTED_EDGE('',*,*,#944,.F.);
#947=ORIENTED_EDGE('',*,*,#946,.F.);
#949=ORIENTED_EDGE('',*,*,#948,.F.);
#951=ORIENTED_EDGE('',*,*,#950,.F.);
#953=ORIENTED_EDGE('',*,*,#952,.F.);
#955=ORIENTED_EDGE('',*,*,#954,.F.);
#957=ORIENTED_EDGE('',*,*,#956,.F.);
#958=EDGE_LOOP('',(#935,#937,#939,#941,#943,#945,#947,#949,#951,#953,#955,
#957));
#959=FACE_OUTER_BOUND('',#958,.F.);
#960=ORIENTED_EDGE('',*,*,#908,.F.);
#961=ORIENTED_EDGE('',*,*,#923,.F.);
#962=EDGE_LOOP('',(#960,#961));
#963=FACE_BOUND('',#962,.F.);
#965=CARTESIAN_POINT('',(0.E0,2.841036291267E1,0.E0));
#966=DIRECTION('',(0.E0,1.E0,0.E0));
#967=DIRECTION('',(0.E0,0.E0,1.E0));
#968=AXIS2_PLACEMENT_3D('',#965,#966,#967);
#969=CYLINDRICAL_SURFACE('',#968,4.57E0);
#971=ORIENTED_EDGE('',*,*,#970,.T.);
#973=ORIENTED_EDGE('',*,*,#972,.T.);
#974=ORIENTED_EDGE('',*,*,#934,.T.);
#976=ORIENTED_EDGE('',*,*,#975,.T.);
#977=EDGE_LOOP('',(#971,#973,#974,#976));
#978=FACE_OUTER_BOUND('',#977,.F.);
#980=CARTESIAN_POINT('',(0.E0,0.E0,0.E0));
#981=DIRECTION('',(0.E0,-1.E0,0.E0));
#982=DIRECTION('',(0.E0,0.E0,-1.E0));
#983=AXIS2_PLACEMENT_3D('',#980,#981,#982);
#984=PLANE('',#983);
#985=ORIENTED_EDGE('',*,*,#970,.F.);
#987=ORIENTED_EDGE('',*,*,#986,.F.);
#989=ORIENTED_EDGE('',*,*,#988,.F.);
#991=ORIENTED_EDGE('',*,*,#990,.F.);
#993=ORIENTED_EDGE('',*,*,#992,.F.);
#995=ORIENTED_EDGE('',*,*,#994,.F.);
#997=ORIENTED_EDGE('',*,*,#996,.F.);
#999=ORIENTED_EDGE('',*,*,#998,.F.);
#1001=ORIENTED_EDGE('',*,*,#1000,.F.);
#1003=ORIENTED_EDGE('',*,*,#1002,.F.);
#1005=ORIENTED_EDGE('',*,*,#1004,.F.);
#1007=ORIENTED_EDGE('',*,*,#1006,.F.);
#1008=EDGE_LOOP('',(#985,#987,#989,#991,#993,#995,#997,#999,#1001,#1003,#1005,
#1007));
#1009=FACE_OUTER_BOUND('',#1008,.F.);
#1011=ORIENTED_EDGE('',*,*,#1010,.F.);
#1013=ORIENTED_EDGE('',*,*,#1012,.F.);
#1014=EDGE_LOOP('',(#1011,#1013));
#1015=FACE_BOUND('',#1014,.F.);
#1017=ORIENTED_EDGE('',*,*,#1016,.F.);
#1019=ORIENTED_EDGE('',*,*,#1018,.F.);
#1020=EDGE_LOOP('',(#1017,#1019));
#1021=FACE_BOUND('',#1020,.F.);
#1023=ORIENTED_EDGE('',*,*,#1022,.F.);
#1025=ORIENTED_EDGE('',*,*,#1024,.F.);
#1026=EDGE_LOOP('',(#1023,#1025));
#1027=FACE_BOUND('',#1026,.F.);
#1029=ORIENTED_EDGE('',*,*,#1028,.F.);
#1031=ORIENTED_EDGE('',*,*,#1030,.F.);
#1032=EDGE_LOOP('',(#1029,#1031));
#1033=FACE_BOUND('',#1032,.F.);
#1035=CARTESIAN_POINT('',(0.E0,2.841036291267E1,0.E0));
#1036=DIRECTION('',(0.E0,1.E0,0.E0));
#1037=DIRECTION('',(0.E0,0.E0,1.E0));
#1038=AXIS2_PLACEMENT_3D('',#1035,#1036,#1037);
#1039=CYLINDRICAL_SURFACE('',#1038,4.57E0);
#1040=ORIENTED_EDGE('',*,*,#986,.T.);
#1041=ORIENTED_EDGE('',*,*,#975,.F.);
#1042=ORIENTED_EDGE('',*,*,#956,.T.);
#1044=ORIENTED_EDGE('',*,*,#1043,.T.);
#1045=EDGE_LOOP('',(#1040,#1041,#1042,#1044));
#1046=FACE_OUTER_BOUND('',#1045,.F.);
#1048=CARTESIAN_POINT('',(0.E0,2.841036291267E1,0.E0));
#1049=DIRECTION('',(0.E0,1.E0,0.E0));
#1050=DIRECTION('',(0.E0,0.E0,1.E0));
#1051=AXIS2_PLACEMENT_3D('',#1048,#1049,#1050);
#1052=CYLINDRICAL_SURFACE('',#1051,4.57E0);
#1053=ORIENTED_EDGE('',*,*,#1043,.F.);
#1054=ORIENTED_EDGE('',*,*,#954,.T.);
#1056=ORIENTED_EDGE('',*,*,#1055,.F.);
#1057=ORIENTED_EDGE('',*,*,#988,.T.);
#1058=EDGE_LOOP('',(#1053,#1054,#1056,#1057));
#1059=FACE_OUTER_BOUND('',#1058,.F.);
#1061=CARTESIAN_POINT('',(-4.134786782159E0,4.E-1,-2.362294452788E0));
#1062=DIRECTION('',(0.E0,-1.E0,0.E0));
#1063=DIRECTION('',(0.E0,0.E0,-1.E0));
#1064=AXIS2_PLACEMENT_3D('',#1061,#1062,#1063);
#1065=CYLINDRICAL_SURFACE('',#1064,2.E-1);
#1066=ORIENTED_EDGE('',*,*,#990,.T.);
#1067=ORIENTED_EDGE('',*,*,#1055,.T.);
#1068=ORIENTED_EDGE('',*,*,#952,.T.);
#1069=ORIENTED_EDGE('',*,*,#950,.T.);
#1071=ORIENTED_EDGE('',*,*,#1070,.F.);
#1072=ORIENTED_EDGE('',*,*,#992,.T.);
#1073=EDGE_LOOP('',(#1066,#1067,#1068,#1069,#1071,#1072));
#1074=FACE_OUTER_BOUND('',#1073,.F.);
#1076=CARTESIAN_POINT('',(1.535170222370E-1,4.E-1,-3.709017403969E-1));
#1077=DIRECTION('',(3.824378062756E-1,0.E0,-9.239812359194E-1));
#1078=DIRECTION('',(-9.239812359194E-1,0.E0,-3.824378062756E-1));
#1079=AXIS2_PLACEMENT_3D('',#1076,#1077,#1078);
#1080=PLANE('',#1079);
#1081=ORIENTED_EDGE('',*,*,#994,.T.);
#1082=ORIENTED_EDGE('',*,*,#1070,.T.);
#1083=ORIENTED_EDGE('',*,*,#948,.T.);
#1085=ORIENTED_EDGE('',*,*,#1084,.T.);
#1086=EDGE_LOOP('',(#1081,#1082,#1083,#1085));
#1087=FACE_OUTER_BOUND('',#1086,.F.);
#1089=CARTESIAN_POINT('',(-4.662944970803E0,4.E-1,-2.147991030521E0));
#1090=DIRECTION('',(0.E0,-1.E0,0.E0));
#1091=DIRECTION('',(0.E0,0.E0,-1.E0));
#1092=AXIS2_PLACEMENT_3D('',#1089,#1090,#1091);
#1093=CYLINDRICAL_SURFACE('',#1092,2.E-1);
#1095=ORIENTED_EDGE('',*,*,#1094,.F.);
#1096=ORIENTED_EDGE('',*,*,#996,.T.);
#1097=ORIENTED_EDGE('',*,*,#1084,.F.);
#1098=ORIENTED_EDGE('',*,*,#946,.T.);
#1099=EDGE_LOOP('',(#1095,#1096,#1097,#1098));
#1100=FACE_OUTER_BOUND('',#1099,.F.);
#1102=CARTESIAN_POINT('',(-4.662944970803E0,4.E-1,-2.147991030521E0));
#1103=DIRECTION('',(0.E0,-1.E0,0.E0));
#1104=DIRECTION('',(0.E0,0.E0,-1.E0));
#1105=AXIS2_PLACEMENT_3D('',#1102,#1103,#1104);
#1106=CYLINDRICAL_SURFACE('',#1105,2.E-1);
#1107=ORIENTED_EDGE('',*,*,#944,.T.);
#1109=ORIENTED_EDGE('',*,*,#1108,.F.);
#1110=ORIENTED_EDGE('',*,*,#998,.T.);
#1111=ORIENTED_EDGE('',*,*,#1094,.T.);
#1112=EDGE_LOOP('',(#1107,#1109,#1110,#1111));
#1113=FACE_OUTER_BOUND('',#1112,.F.);
#1115=CARTESIAN_POINT('',(-4.924277908285E0,4.E-1,-2.039702694506E0));
#1116=DIRECTION('',(-9.238795325113E-1,0.E0,-3.826834323651E-1));
#1117=DIRECTION('',(-3.826834323651E-1,0.E0,9.238795325113E-1));
#1118=AXIS2_PLACEMENT_3D('',#1115,#1116,#1117);
#1119=PLANE('',#1118);
#1120=ORIENTED_EDGE('',*,*,#1000,.T.);
#1121=ORIENTED_EDGE('',*,*,#1108,.T.);
#1122=ORIENTED_EDGE('',*,*,#942,.T.);
#1124=ORIENTED_EDGE('',*,*,#1123,.T.);
#1125=EDGE_LOOP('',(#1120,#1121,#1122,#1124));
#1126=FACE_OUTER_BOUND('',#1125,.F.);
#1128=CARTESIAN_POINT('',(-4.815504729921E0,4.E-1,-1.779679190984E0));
#1129=DIRECTION('',(0.E0,-1.E0,0.E0));
#1130=DIRECTION('',(0.E0,0.E0,-1.E0));
#1131=AXIS2_PLACEMENT_3D('',#1128,#1129,#1130);
#1132=CYLINDRICAL_SURFACE('',#1131,2.E-1);
#1133=ORIENTED_EDGE('',*,*,#1002,.T.);
#1134=ORIENTED_EDGE('',*,*,#1123,.F.);
#1135=ORIENTED_EDGE('',*,*,#940,.T.);
#1137=ORIENTED_EDGE('',*,*,#1136,.F.);
#1138=EDGE_LOOP('',(#1133,#1134,#1135,#1137));
#1139=FACE_OUTER_BOUND('',#1138,.F.);
#1141=CARTESIAN_POINT('',(-1.365548437189E-1,4.E-1,3.362659600016E-1));
#1142=DIRECTION('',(3.762512197364E-1,0.E0,-9.265176844761E-1));
#1143=DIRECTION('',(-9.265176844761E-1,0.E0,-3.762512197364E-1));
#1144=AXIS2_PLACEMENT_3D('',#1141,#1142,#1143);
#1145=PLANE('',#1144);
#1146=ORIENTED_EDGE('',*,*,#1004,.T.);
#1147=ORIENTED_EDGE('',*,*,#1136,.T.);
#1148=ORIENTED_EDGE('',*,*,#938,.T.);
#1150=ORIENTED_EDGE('',*,*,#1149,.T.);
#1151=EDGE_LOOP('',(#1146,#1147,#1148,#1150));
#1152=FACE_OUTER_BOUND('',#1151,.F.);
#1154=CARTESIAN_POINT('',(-4.592317814796E0,4.E-1,-1.257320732905E0));
#1155=DIRECTION('',(0.E0,-1.E0,0.E0));
#1156=DIRECTION('',(0.E0,0.E0,-1.E0));
#1157=AXIS2_PLACEMENT_3D('',#1154,#1155,#1156);
#1158=CYLINDRICAL_SURFACE('',#1157,2.E-1);
#1159=ORIENTED_EDGE('',*,*,#1006,.T.);
#1160=ORIENTED_EDGE('',*,*,#1149,.F.);
#1161=ORIENTED_EDGE('',*,*,#936,.T.);
#1162=ORIENTED_EDGE('',*,*,#972,.F.);
#1163=EDGE_LOOP('',(#1159,#1160,#1161,#1162));
#1164=FACE_OUTER_BOUND('',#1163,.F.);
#1166=CARTESIAN_POINT('',(2.064751801065E0,0.E0,2.064751801065E0));
#1167=DIRECTION('',(0.E0,1.E0,0.E0));
#1168=DIRECTION('',(0.E0,0.E0,1.E0));
#1169=AXIS2_PLACEMENT_3D('',#1166,#1167,#1168);
#1170=CYLINDRICAL_SURFACE('',#1169,5.6E-1);
#1172=ORIENTED_EDGE('',*,*,#1171,.F.);
#1174=ORIENTED_EDGE('',*,*,#1173,.T.);
#1176=ORIENTED_EDGE('',*,*,#1175,.T.);
#1177=ORIENTED_EDGE('',*,*,#1010,.T.);
#1178=EDGE_LOOP('',(#1172,#1174,#1176,#1177));
#1179=FACE_OUTER_BOUND('',#1178,.F.);
#1181=CARTESIAN_POINT('',(2.064751801065E0,0.E0,2.064751801065E0));
#1182=DIRECTION('',(0.E0,1.E0,0.E0));
#1183=DIRECTION('',(0.E0,0.E0,1.E0));
#1184=AXIS2_PLACEMENT_3D('',#1181,#1182,#1183);
#1185=CYLINDRICAL_SURFACE('',#1184,5.6E-1);
#1186=ORIENTED_EDGE('',*,*,#1012,.T.);
#1187=ORIENTED_EDGE('',*,*,#1175,.F.);
#1189=ORIENTED_EDGE('',*,*,#1188,.T.);
#1190=ORIENTED_EDGE('',*,*,#1171,.T.);
#1191=EDGE_LOOP('',(#1186,#1187,#1189,#1190));
#1192=FACE_OUTER_BOUND('',#1191,.F.);
#1194=CARTESIAN_POINT('',(0.E0,1.52E0,0.E0));
#1195=DIRECTION('',(0.E0,1.E0,0.E0));
#1196=DIRECTION('',(0.E0,0.E0,1.E0));
#1197=AXIS2_PLACEMENT_3D('',#1194,#1195,#1196);
#1198=PLANE('',#1197);
#1200=ORIENTED_EDGE('',*,*,#1199,.F.);
#1202=ORIENTED_EDGE('',*,*,#1201,.F.);
#1203=EDGE_LOOP('',(#1200,#1202));
#1204=FACE_OUTER_BOUND('',#1203,.F.);
#1205=ORIENTED_EDGE('',*,*,#1173,.F.);
#1206=ORIENTED_EDGE('',*,*,#1188,.F.);
#1207=EDGE_LOOP('',(#1205,#1206));
#1208=FACE_BOUND('',#1207,.F.);
#1210=ORIENTED_EDGE('',*,*,#1209,.F.);
#1212=ORIENTED_EDGE('',*,*,#1211,.F.);
#1213=EDGE_LOOP('',(#1210,#1212));
#1214=FACE_BOUND('',#1213,.F.);
#1216=ORIENTED_EDGE('',*,*,#1215,.F.);
#1218=ORIENTED_EDGE('',*,*,#1217,.F.);
#1219=EDGE_LOOP('',(#1216,#1218));
#1220=FACE_BOUND('',#1219,.F.);
#1222=CARTESIAN_POINT('',(0.E0,1.32E0,0.E0));
#1223=DIRECTION('',(0.E0,1.E0,0.E0));
#1224=DIRECTION('',(0.E0,0.E0,1.E0));
#1225=AXIS2_PLACEMENT_3D('',#1222,#1223,#1224);
#1226=TOROIDAL_SURFACE('',#1225,3.81E0,2.E-1);
#1227=ORIENTED_EDGE('',*,*,#895,.F.);
#1229=ORIENTED_EDGE('',*,*,#1228,.F.);
#1230=ORIENTED_EDGE('',*,*,#1199,.T.);
#1232=ORIENTED_EDGE('',*,*,#1231,.T.);
#1233=EDGE_LOOP('',(#1227,#1229,#1230,#1232));
#1234=FACE_OUTER_BOUND('',#1233,.F.);
#1236=CARTESIAN_POINT('',(0.E0,1.32E0,0.E0));
#1237=DIRECTION('',(0.E0,1.E0,0.E0));
#1238=DIRECTION('',(0.E0,0.E0,1.E0));
#1239=AXIS2_PLACEMENT_3D('',#1236,#1237,#1238);
#1240=TOROIDAL_SURFACE('',#1239,3.81E0,2.E-1);
#1241=ORIENTED_EDGE('',*,*,#1231,.F.);
#1242=ORIENTED_EDGE('',*,*,#1201,.T.);
#1243=ORIENTED_EDGE('',*,*,#1228,.T.);
#1244=ORIENTED_EDGE('',*,*,#878,.F.);
#1245=EDGE_LOOP('',(#1241,#1242,#1243,#1244));
#1246=FACE_OUTER_BOUND('',#1245,.F.);
#1248=CARTESIAN_POINT('',(-2.064751801065E0,1.52E0,-2.064751801065E0));
#1249=DIRECTION('',(0.E0,-1.E0,0.E0));
#1250=DIRECTION('',(0.E0,0.E0,-1.E0));
#1251=AXIS2_PLACEMENT_3D('',#1248,#1249,#1250);
#1252=CYLINDRICAL_SURFACE('',#1251,5.6E-1);
#1254=ORIENTED_EDGE('',*,*,#1253,.F.);
#1255=ORIENTED_EDGE('',*,*,#1016,.T.);
#1257=ORIENTED_EDGE('',*,*,#1256,.T.);
#1258=ORIENTED_EDGE('',*,*,#1209,.T.);
#1259=EDGE_LOOP('',(#1254,#1255,#1257,#1258));
#1260=FACE_OUTER_BOUND('',#1259,.F.);
#1262=CARTESIAN_POINT('',(-2.064751801065E0,1.52E0,-2.064751801065E0));
#1263=DIRECTION('',(0.E0,-1.E0,0.E0));
#1264=DIRECTION('',(0.E0,0.E0,-1.E0));
#1265=AXIS2_PLACEMENT_3D('',#1262,#1263,#1264);
#1266=CYLINDRICAL_SURFACE('',#1265,5.6E-1);
#1267=ORIENTED_EDGE('',*,*,#1211,.T.);
#1268=ORIENTED_EDGE('',*,*,#1256,.F.);
#1269=ORIENTED_EDGE('',*,*,#1018,.T.);
#1270=ORIENTED_EDGE('',*,*,#1253,.T.);
#1271=EDGE_LOOP('',(#1267,#1268,#1269,#1270));
#1272=FACE_OUTER_BOUND('',#1271,.F.);
#1274=CARTESIAN_POINT('',(-2.92E0,0.E0,0.E0));
#1275=DIRECTION('',(0.E0,1.E0,0.E0));
#1276=DIRECTION('',(0.E0,0.E0,1.E0));
#1277=AXIS2_PLACEMENT_3D('',#1274,#1275,#1276);
#1278=CYLINDRICAL_SURFACE('',#1277,5.6E-1);
#1280=ORIENTED_EDGE('',*,*,#1279,.F.);
#1281=ORIENTED_EDGE('',*,*,#1215,.T.);
#1283=ORIENTED_EDGE('',*,*,#1282,.T.);
#1284=ORIENTED_EDGE('',*,*,#1028,.T.);
#1285=EDGE_LOOP('',(#1280,#1281,#1283,#1284));
#1286=FACE_OUTER_BOUND('',#1285,.F.);
#1288=CARTESIAN_POINT('',(-2.92E0,0.E0,0.E0));
#1289=DIRECTION('',(0.E0,1.E0,0.E0));
#1290=DIRECTION('',(0.E0,0.E0,1.E0));
#1291=AXIS2_PLACEMENT_3D('',#1288,#1289,#1290);
#1292=CYLINDRICAL_SURFACE('',#1291,5.6E-1);
#1293=ORIENTED_EDGE('',*,*,#1030,.T.);
#1294=ORIENTED_EDGE('',*,*,#1282,.F.);
#1295=ORIENTED_EDGE('',*,*,#1217,.T.);
#1296=ORIENTED_EDGE('',*,*,#1279,.T.);
#1297=EDGE_LOOP('',(#1293,#1294,#1295,#1296));
#1298=FACE_OUTER_BOUND('',#1297,.F.);
#1300=CARTESIAN_POINT('',(2.92E0,1.5E-1,0.E0));
#1301=DIRECTION('',(0.E0,-1.E0,0.E0));
#1302=DIRECTION('',(0.E0,0.E0,-1.E0));
#1303=AXIS2_PLACEMENT_3D('',#1300,#1301,#1302);
#1304=CYLINDRICAL_SURFACE('',#1303,3.5E-1);
#1306=ORIENTED_EDGE('',*,*,#1305,.F.);
#1307=ORIENTED_EDGE('',*,*,#1022,.T.);
#1309=ORIENTED_EDGE('',*,*,#1308,.T.);
#1311=ORIENTED_EDGE('',*,*,#1310,.T.);
#1312=EDGE_LOOP('',(#1306,#1307,#1309,#1311));
#1313=FACE_OUTER_BOUND('',#1312,.F.);
#1315=CARTESIAN_POINT('',(2.92E0,1.5E-1,0.E0));
#1316=DIRECTION('',(0.E0,-1.E0,0.E0));
#1317=DIRECTION('',(0.E0,0.E0,-1.E0));
#1318=AXIS2_PLACEMENT_3D('',#1315,#1316,#1317);
#1319=CYLINDRICAL_SURFACE('',#1318,3.5E-1);
#1321=ORIENTED_EDGE('',*,*,#1320,.T.);
#1322=ORIENTED_EDGE('',*,*,#1308,.F.);
#1323=ORIENTED_EDGE('',*,*,#1024,.T.);
#1324=ORIENTED_EDGE('',*,*,#1305,.T.);
#1325=EDGE_LOOP('',(#1321,#1322,#1323,#1324));
#1326=FACE_OUTER_BOUND('',#1325,.F.);
#1328=CARTESIAN_POINT('',(2.92E0,1.5E-1,0.E0));
#1329=DIRECTION('',(0.E0,-1.E0,0.E0));
#1330=DIRECTION('',(0.E0,0.E0,-1.E0));
#1331=AXIS2_PLACEMENT_3D('',#1328,#1329,#1330);
#1332=PLANE('',#1331);
#1333=ORIENTED_EDGE('',*,*,#1310,.F.);
#1334=ORIENTED_EDGE('',*,*,#1320,.F.);
#1335=EDGE_LOOP('',(#1333,#1334));
#1336=FACE_OUTER_BOUND('',#1335,.F.);
#1338=CLOSED_SHELL('',(#886,#900,#915,#928,#964,#979,#1034,#1047,#1060,#1075,
#1088,#1101,#1114,#1127,#1140,#1153,#1165,#1180,#1193,#1221,#1235,#1247,#1261,
#1273,#1287,#1299,#1314,#1327,#1337));
#1339=MANIFOLD_SOLID_BREP('',#1338);
#1341=DIMENSIONAL_EXPONENTS(0.E0,0.E0,0.E0,0.E0,0.E0,0.E0,0.E0);
#1343=PLANE_ANGLE_MEASURE_WITH_UNIT(PLANE_ANGLE_MEASURE(1.745329251994E-2),
#1342);
#1344=(CONVERSION_BASED_UNIT('DEGREE',#1343)NAMED_UNIT(*)PLANE_ANGLE_UNIT());
#1346=UNCERTAINTY_MEASURE_WITH_UNIT(LENGTH_MEASURE(1.333366743928E-3),#1340,
'closure',
'Maximum model space distance between geometric entities at asserted connectivities');
#1348=CARTESIAN_POINT('',(0.E0,0.E0,0.E0));
#1349=DIRECTION('',(0.E0,0.E0,1.E0));
#1350=DIRECTION('',(1.E0,0.E0,0.E0));
#1353=DESIGN_CONTEXT('',#251,'design');
#1354=MECHANICAL_CONTEXT('',#251,'mechanical');
#1355=PRODUCT('90640-BASE_ANY','90640-BASE_ANY','NOT SPECIFIED',(#1354));
#1356=PRODUCT_DEFINITION_FORMATION_WITH_SPECIFIED_SOURCE('','LAST_VERSION',
#1355,.MADE.);
#1362=CARTESIAN_POINT('',(2.894743977451E-1,-3.064283933559E0,
9.229194026057E0));
#1363=DIRECTION('',(0.E0,0.E0,1.E0));
#1364=DIRECTION('',(1.E0,0.E0,0.E0));
#1365=AXIS2_PLACEMENT_3D('',#1362,#1363,#1364);
#1366=ITEM_DEFINED_TRANSFORMATION('','',#1351,#1365);
#1367=CARTESIAN_POINT('',(0.E0,0.E0,0.E0));
#1368=DIRECTION('',(0.E0,0.E0,1.E0));
#1369=DIRECTION('',(1.E0,0.E0,0.E0));
#1371=(REPRESENTATION_RELATIONSHIP('','',#1352,#262)REPRESENTATION_RELATIONSHIP_WITH_TRANSFORMATION(#1366)SHAPE_REPRESENTATION_RELATIONSHIP());
#1372=CONTEXT_DEPENDENT_SHAPE_REPRESENTATION(#1371,#1361);
#1375=CARTESIAN_POINT('',(-1.775277403320E0,-3.164283933559E0,
7.164442224993E0));
#1376=DIRECTION('',(0.E0,0.E0,1.E0));
#1377=DIRECTION('',(1.E0,0.E0,0.E0));
#1378=AXIS2_PLACEMENT_3D('',#1375,#1376,#1377);
#1379=ITEM_DEFINED_TRANSFORMATION('','',#249,#1378);
#1380=CARTESIAN_POINT('',(0.E0,0.E0,0.E0));
#1381=DIRECTION('',(0.E0,0.E0,1.E0));
#1382=DIRECTION('',(1.E0,0.E0,0.E0));
#1384=(REPRESENTATION_RELATIONSHIP('','',#250,#262)REPRESENTATION_RELATIONSHIP_WITH_TRANSFORMATION(#1379)SHAPE_REPRESENTATION_RELATIONSHIP());
#1385=CONTEXT_DEPENDENT_SHAPE_REPRESENTATION(#1384,#1374);
#1387=CARTESIAN_POINT('',(0.E0,0.E0,0.E0));
#1388=DIRECTION('',(0.E0,-1.E0,0.E0));
#1389=DIRECTION('',(0.E0,0.E0,-1.E0));
#1390=AXIS2_PLACEMENT_3D('',#1387,#1388,#1389);
#1392=CARTESIAN_POINT('',(0.E0,0.E0,0.E0));
#1393=DIRECTION('',(0.E0,-1.E0,0.E0));
#1394=DIRECTION('',(0.E0,0.E0,1.E0));
#1395=AXIS2_PLACEMENT_3D('',#1392,#1393,#1394);
#1397=DIRECTION('',(0.E0,-1.E0,0.E0));
#1398=VECTOR('',#1397,5.9E0);
#1399=CARTESIAN_POINT('',(0.E0,5.9E0,2.25E-1));
#1400=LINE('',#1399,#1398);
#1401=DIRECTION('',(0.E0,-1.E0,0.E0));
#1402=VECTOR('',#1401,5.9E0);
#1403=CARTESIAN_POINT('',(0.E0,5.9E0,-2.25E-1));
#1404=LINE('',#1403,#1402);
#1405=CARTESIAN_POINT('',(0.E0,5.9E0,0.E0));
#1406=DIRECTION('',(0.E0,-1.E0,0.E0));
#1407=DIRECTION('',(0.E0,0.E0,-1.E0));
#1408=AXIS2_PLACEMENT_3D('',#1405,#1406,#1407);
#1410=CARTESIAN_POINT('',(0.E0,5.9E0,0.E0));
#1411=DIRECTION('',(0.E0,-1.E0,0.E0));
#1412=DIRECTION('',(0.E0,0.E0,1.E0));
#1413=AXIS2_PLACEMENT_3D('',#1410,#1411,#1412);
#1415=CARTESIAN_POINT('',(0.E0,5.9E0,0.E0));
#1416=DIRECTION('',(0.E0,1.E0,0.E0));
#1417=DIRECTION('',(0.E0,0.E0,1.E0));
#1418=AXIS2_PLACEMENT_3D('',#1415,#1416,#1417);
#1420=CARTESIAN_POINT('',(0.E0,5.9E0,0.E0));
#1421=DIRECTION('',(0.E0,1.E0,0.E0));
#1422=DIRECTION('',(0.E0,0.E0,-1.E0));
#1423=AXIS2_PLACEMENT_3D('',#1420,#1421,#1422);
#1425=DIRECTION('',(0.E0,-1.E0,0.E0));
#1426=VECTOR('',#1425,2.5E-1);
#1427=CARTESIAN_POINT('',(0.E0,6.15E0,3.5E-1));
#1428=LINE('',#1427,#1426);
#1429=DIRECTION('',(0.E0,-1.E0,0.E0));
#1430=VECTOR('',#1429,2.5E-1);
#1431=CARTESIAN_POINT('',(0.E0,6.15E0,-3.5E-1));
#1432=LINE('',#1431,#1430);
#1433=CARTESIAN_POINT('',(0.E0,6.15E0,0.E0));
#1434=DIRECTION('',(0.E0,1.E0,0.E0));
#1435=DIRECTION('',(0.E0,0.E0,1.E0));
#1436=AXIS2_PLACEMENT_3D('',#1433,#1434,#1435);
#1438=CARTESIAN_POINT('',(0.E0,6.15E0,0.E0));
#1439=DIRECTION('',(0.E0,1.E0,0.E0));
#1440=DIRECTION('',(0.E0,0.E0,-1.E0));
#1441=AXIS2_PLACEMENT_3D('',#1438,#1439,#1440);
#1443=CARTESIAN_POINT('',(0.E0,5.9E0,2.25E-1));
#1444=CARTESIAN_POINT('',(0.E0,5.9E0,-2.25E-1));
#1445=VERTEX_POINT('',#1443);
#1446=VERTEX_POINT('',#1444);
#1447=CARTESIAN_POINT('',(0.E0,5.9E0,-3.5E-1));
#1448=CARTESIAN_POINT('',(0.E0,5.9E0,3.5E-1));
#1449=VERTEX_POINT('',#1447);
#1450=VERTEX_POINT('',#1448);
#1451=CARTESIAN_POINT('',(0.E0,6.15E0,3.5E-1));
#1452=VERTEX_POINT('',#1451);
#1453=CARTESIAN_POINT('',(0.E0,0.E0,2.25E-1));
#1454=CARTESIAN_POINT('',(0.E0,0.E0,-2.25E-1));
#1455=VERTEX_POINT('',#1453);
#1456=VERTEX_POINT('',#1454);
#1457=CARTESIAN_POINT('',(0.E0,6.15E0,-3.5E-1));
#1458=VERTEX_POINT('',#1457);
#1459=CARTESIAN_POINT('',(0.E0,0.E0,0.E0));
#1460=DIRECTION('',(0.E0,-1.E0,0.E0));
#1461=DIRECTION('',(0.E0,0.E0,-1.E0));
#1462=AXIS2_PLACEMENT_3D('',#1459,#1460,#1461);
#1463=PLANE('',#1462);
#1465=ORIENTED_EDGE('',*,*,#1464,.F.);
#1467=ORIENTED_EDGE('',*,*,#1466,.F.);
#1468=EDGE_LOOP('',(#1465,#1467));
#1469=FACE_OUTER_BOUND('',#1468,.F.);
#1471=CARTESIAN_POINT('',(0.E0,6.15E0,0.E0));
#1472=DIRECTION('',(0.E0,1.E0,0.E0));
#1473=DIRECTION('',(0.E0,0.E0,1.E0));
#1474=AXIS2_PLACEMENT_3D('',#1471,#1472,#1473);
#1475=CYLINDRICAL_SURFACE('',#1474,2.25E-1);
#1476=ORIENTED_EDGE('',*,*,#1464,.T.);
#1478=ORIENTED_EDGE('',*,*,#1477,.F.);
#1480=ORIENTED_EDGE('',*,*,#1479,.T.);
#1482=ORIENTED_EDGE('',*,*,#1481,.T.);
#1483=EDGE_LOOP('',(#1476,#1478,#1480,#1482));
#1484=FACE_OUTER_BOUND('',#1483,.F.);
#1486=CARTESIAN_POINT('',(0.E0,6.15E0,0.E0));
#1487=DIRECTION('',(0.E0,1.E0,0.E0));
#1488=DIRECTION('',(0.E0,0.E0,1.E0));
#1489=AXIS2_PLACEMENT_3D('',#1486,#1487,#1488);
#1490=CYLINDRICAL_SURFACE('',#1489,2.25E-1);
#1491=ORIENTED_EDGE('',*,*,#1481,.F.);
#1493=ORIENTED_EDGE('',*,*,#1492,.T.);
#1494=ORIENTED_EDGE('',*,*,#1477,.T.);
#1495=ORIENTED_EDGE('',*,*,#1466,.T.);
#1496=EDGE_LOOP('',(#1491,#1493,#1494,#1495));
#1497=FACE_OUTER_BOUND('',#1496,.F.);
#1499=CARTESIAN_POINT('',(-2.25E-1,5.9E0,0.E0));
#1500=DIRECTION('',(0.E0,-1.E0,0.E0));
#1501=DIRECTION('',(0.E0,0.E0,-1.E0));
#1502=AXIS2_PLACEMENT_3D('',#1499,#1500,#1501);
#1503=PLANE('',#1502);
#1505=ORIENTED_EDGE('',*,*,#1504,.F.);
#1507=ORIENTED_EDGE('',*,*,#1506,.F.);
#1508=EDGE_LOOP('',(#1505,#1507));
#1509=FACE_OUTER_BOUND('',#1508,.F.);
#1510=ORIENTED_EDGE('',*,*,#1479,.F.);
#1511=ORIENTED_EDGE('',*,*,#1492,.F.);
#1512=EDGE_LOOP('',(#1510,#1511));
#1513=FACE_BOUND('',#1512,.F.);
#1515=CARTESIAN_POINT('',(0.E0,6.15E0,0.E0));
#1516=DIRECTION('',(0.E0,1.E0,0.E0));
#1517=DIRECTION('',(0.E0,0.E0,1.E0));
#1518=AXIS2_PLACEMENT_3D('',#1515,#1516,#1517);
#1519=CYLINDRICAL_SURFACE('',#1518,3.5E-1);
#1520=ORIENTED_EDGE('',*,*,#1504,.T.);
#1522=ORIENTED_EDGE('',*,*,#1521,.F.);
#1524=ORIENTED_EDGE('',*,*,#1523,.T.);
#1526=ORIENTED_EDGE('',*,*,#1525,.T.);
#1527=EDGE_LOOP('',(#1520,#1522,#1524,#1526));
#1528=FACE_OUTER_BOUND('',#1527,.F.);
#1530=CARTESIAN_POINT('',(0.E0,6.15E0,0.E0));
#1531=DIRECTION('',(0.E0,1.E0,0.E0));
#1532=DIRECTION('',(0.E0,0.E0,1.E0));
#1533=AXIS2_PLACEMENT_3D('',#1530,#1531,#1532);
#1534=CYLINDRICAL_SURFACE('',#1533,3.5E-1);
#1535=ORIENTED_EDGE('',*,*,#1525,.F.);
#1537=ORIENTED_EDGE('',*,*,#1536,.T.);
#1538=ORIENTED_EDGE('',*,*,#1521,.T.);
#1539=ORIENTED_EDGE('',*,*,#1506,.T.);
#1540=EDGE_LOOP('',(#1535,#1537,#1538,#1539));
#1541=FACE_OUTER_BOUND('',#1540,.F.);
#1543=CARTESIAN_POINT('',(-3.5E-1,6.15E0,0.E0));
#1544=DIRECTION('',(0.E0,1.E0,0.E0));
#1545=DIRECTION('',(0.E0,0.E0,1.E0));
#1546=AXIS2_PLACEMENT_3D('',#1543,#1544,#1545);
#1547=PLANE('',#1546);
#1548=ORIENTED_EDGE('',*,*,#1523,.F.);
#1549=ORIENTED_EDGE('',*,*,#1536,.F.);
#1550=EDGE_LOOP('',(#1548,#1549));
#1551=FACE_OUTER_BOUND('',#1550,.F.);
#1553=CLOSED_SHELL('',(#1470,#1485,#1498,#1514,#1529,#1542,#1552));
#1554=MANIFOLD_SOLID_BREP('',#1553);
#1556=DIMENSIONAL_EXPONENTS(0.E0,0.E0,0.E0,0.E0,0.E0,0.E0,0.E0);
#1558=PLANE_ANGLE_MEASURE_WITH_UNIT(PLANE_ANGLE_MEASURE(1.745329251994E-2),
#1557);
#1559=(CONVERSION_BASED_UNIT('DEGREE',#1558)NAMED_UNIT(*)PLANE_ANGLE_UNIT());
#1561=UNCERTAINTY_MEASURE_WITH_UNIT(LENGTH_MEASURE(6.229037786822E-4),#1555,
'closure',
'Maximum model space distance between geometric entities at asserted connectivities');
#1563=CARTESIAN_POINT('',(0.E0,0.E0,0.E0));
#1564=DIRECTION('',(0.E0,0.E0,1.E0));
#1565=DIRECTION('',(1.E0,0.E0,0.E0));
#1568=MECHANICAL_CONTEXT('',#251,'mechanical');
#1569=PRODUCT('90640-BRAZED-PIN_ANY','90640-BRAZED-PIN_ANY','NOT SPECIFIED',(
#1568));
#1570=PRODUCT_DEFINITION_FORMATION_WITH_SPECIFIED_SOURCE('','LAST_VERSION',
#1569,.MADE.);
#1576=CARTESIAN_POINT('',(3.209474397745E0,-9.064283933559E0,9.229194026057E0));
#1577=DIRECTION('',(0.E0,0.E0,1.E0));
#1578=DIRECTION('',(1.E0,0.E0,0.E0));
#1579=AXIS2_PLACEMENT_3D('',#1576,#1577,#1578);
#1580=ITEM_DEFINED_TRANSFORMATION('','',#1566,#1579);
#1581=CARTESIAN_POINT('',(0.E0,0.E0,0.E0));
#1582=DIRECTION('',(0.E0,0.E0,1.E0));
#1583=DIRECTION('',(1.E0,0.E0,0.E0));
#1585=(REPRESENTATION_RELATIONSHIP('','',#1567,#262)REPRESENTATION_RELATIONSHIP_WITH_TRANSFORMATION(#1580)SHAPE_REPRESENTATION_RELATIONSHIP());
#1586=CONTEXT_DEPENDENT_SHAPE_REPRESENTATION(#1585,#1575);
#1588=DIMENSIONAL_EXPONENTS(0.E0,0.E0,0.E0,0.E0,0.E0,0.E0,0.E0);
#1590=PLANE_ANGLE_MEASURE_WITH_UNIT(PLANE_ANGLE_MEASURE(1.745329251994E-2),
#1589);
#1591=(CONVERSION_BASED_UNIT('DEGREE',#1590)NAMED_UNIT(*)PLANE_ANGLE_UNIT());
#1593=UNCERTAINTY_MEASURE_WITH_UNIT(LENGTH_MEASURE(1.543365977978E-3),#1587,
'closure',
'Maximum model space distance between geometric entities at asserted connectivities');
#1595=CARTESIAN_POINT('',(0.E0,0.E0,0.E0));
#1596=DIRECTION('',(0.E0,0.E0,1.E0));
#1597=DIRECTION('',(1.E0,0.E0,0.E0));
#1599=DESIGN_CONTEXT('',#251,'design');
#1600=MECHANICAL_CONTEXT('',#251,'mechanical');
#1601=PRODUCT('MLX9064X_HEADER_ASSY_ANY_ASM','MLX9064X_HEADER_ASSY_ANY_ASM',
'NOT SPECIFIED',(#1600));
#1602=PRODUCT_DEFINITION_FORMATION_WITH_SPECIFIED_SOURCE('','LAST_VERSION',
#1601,.MADE.);
#1609=CARTESIAN_POINT('',(-1.296563251288E0,9.089705021432E0,
-1.797634309917E1));
#1610=DIRECTION('',(0.E0,0.E0,1.E0));
#1611=DIRECTION('',(1.E0,0.E0,0.E0));
#1612=AXIS2_PLACEMENT_3D('',#1609,#1610,#1611);
#1613=ITEM_DEFINED_TRANSFORMATION('','',#273,#1612);
#1614=CARTESIAN_POINT('',(0.E0,0.E0,0.E0));
#1615=DIRECTION('',(0.E0,0.E0,1.E0));
#1616=DIRECTION('',(1.E0,0.E0,0.E0));
#1618=(REPRESENTATION_RELATIONSHIP('','',#262,#1606)REPRESENTATION_RELATIONSHIP_WITH_TRANSFORMATION(#1613)SHAPE_REPRESENTATION_RELATIONSHIP());
#1619=CONTEXT_DEPENDENT_SHAPE_REPRESENTATION(#1618,#1608);
#1621=CARTESIAN_POINT('',(0.E0,1.01E1,0.E0));
#1622=DIRECTION('',(0.E0,-1.E0,0.E0));
#1623=DIRECTION('',(0.E0,0.E0,1.E0));
#1624=AXIS2_PLACEMENT_3D('',#1621,#1622,#1623);
#1626=DIRECTION('',(0.E0,-7.071067811865E-1,-7.071067811865E-1));
#1627=VECTOR('',#1626,5.656854249492E-1);
#1628=CARTESIAN_POINT('',(0.E0,1.05E1,3.397507567207E0));
#1629=LINE('',#1628,#1627);
#1630=CARTESIAN_POINT('',(0.E0,9.600125019537E0,0.E0));
#1631=DIRECTION('',(0.E0,-1.E0,0.E0));
#1632=DIRECTION('',(0.E0,0.E0,1.E0));
#1633=AXIS2_PLACEMENT_3D('',#1630,#1631,#1632);
#1635=DIRECTION('',(0.E0,-7.087831916288E-1,-7.054263868501E-1));
#1636=VECTOR('',#1635,7.052579496332E-1);
#1637=CARTESIAN_POINT('',(0.E0,1.01E1,2.997507567207E0));
#1638=LINE('',#1637,#1636);
#1639=DIRECTION('',(0.E0,7.808688094430E-1,6.246950475544E-1));
#1640=VECTOR('',#1639,6.403124237433E-1);
#1641=CARTESIAN_POINT('',(0.E0,9.100125019537E0,-2.9E0));
#1642=LINE('',#1641,#1640);
#1643=CARTESIAN_POINT('',(0.E0,9.100125019537E0,0.E0));
#1644=DIRECTION('',(0.E0,-1.E0,0.E0));
#1645=DIRECTION('',(0.E0,0.E0,1.E0));
#1646=AXIS2_PLACEMENT_3D('',#1643,#1644,#1645);
#1648=DIRECTION('',(0.E0,7.808688094430E-1,-6.246950475544E-1));
#1649=VECTOR('',#1648,6.403124237433E-1);
#1650=CARTESIAN_POINT('',(0.E0,9.100125019537E0,2.9E0));
#1651=LINE('',#1650,#1649);
#1652=CARTESIAN_POINT('',(0.E0,9.100125019537E0,0.E0));
#1653=DIRECTION('',(0.E0,-1.E0,0.E0));
#1654=DIRECTION('',(0.E0,0.E0,-1.E0));
#1655=AXIS2_PLACEMENT_3D('',#1652,#1653,#1654);
#1657=DIRECTION('',(0.E0,-7.808688094430E-1,6.246950475544E-1));
#1658=VECTOR('',#1657,6.403124237433E-1);
#1659=CARTESIAN_POINT('',(0.E0,9.100125019537E0,-2.9E0));
#1660=LINE('',#1659,#1658);
#1661=CARTESIAN_POINT('',(0.E0,8.600125019537E0,0.E0));
#1662=DIRECTION('',(0.E0,-1.E0,0.E0));
#1663=DIRECTION('',(0.E0,0.E0,-1.E0));
#1664=AXIS2_PLACEMENT_3D('',#1661,#1662,#1663);
#1666=CARTESIAN_POINT('',(0.E0,8.600125019537E0,0.E0));
#1667=DIRECTION('',(0.E0,-1.E0,0.E0));
#1668=DIRECTION('',(0.E0,0.E0,1.E0));
#1669=AXIS2_PLACEMENT_3D('',#1666,#1667,#1668);
#1671=DIRECTION('',(0.E0,-7.808688094430E-1,-6.246950475544E-1));
#1672=VECTOR('',#1671,6.403124237433E-1);
#1673=CARTESIAN_POINT('',(0.E0,9.100125019537E0,2.9E0));
#1674=LINE('',#1673,#1672);
#1675=DIRECTION('',(0.E0,7.808688094430E-1,6.246950475544E-1));
#1676=VECTOR('',#1675,6.403124237433E-1);
#1677=CARTESIAN_POINT('',(0.E0,8.100125019537E0,-2.9E0));
#1678=LINE('',#1677,#1676);
#1679=CARTESIAN_POINT('',(0.E0,8.100125019537E0,0.E0));
#1680=DIRECTION('',(0.E0,-1.E0,0.E0));
#1681=DIRECTION('',(0.E0,0.E0,1.E0));
#1682=AXIS2_PLACEMENT_3D('',#1679,#1680,#1681);
#1684=DIRECTION('',(0.E0,7.808688094430E-1,-6.246950475544E-1));
#1685=VECTOR('',#1684,6.403124237433E-1);
#1686=CARTESIAN_POINT('',(0.E0,8.100125019537E0,2.9E0));
#1687=LINE('',#1686,#1685);
#1688=CARTESIAN_POINT('',(0.E0,8.100125019537E0,0.E0));
#1689=DIRECTION('',(0.E0,-1.E0,0.E0));
#1690=DIRECTION('',(0.E0,0.E0,-1.E0));
#1691=AXIS2_PLACEMENT_3D('',#1688,#1689,#1690);
#1693=DIRECTION('',(0.E0,-7.808688094430E-1,6.246950475544E-1));
#1694=VECTOR('',#1693,6.403124237433E-1);
#1695=CARTESIAN_POINT('',(0.E0,8.100125019537E0,-2.9E0));
#1696=LINE('',#1695,#1694);
#1697=CARTESIAN_POINT('',(0.E0,7.600125019537E0,0.E0));
#1698=DIRECTION('',(0.E0,-1.E0,0.E0));
#1699=DIRECTION('',(0.E0,0.E0,-1.E0));
#1700=AXIS2_PLACEMENT_3D('',#1697,#1698,#1699);
#1702=CARTESIAN_POINT('',(0.E0,7.600125019537E0,0.E0));
#1703=DIRECTION('',(0.E0,-1.E0,0.E0));
#1704=DIRECTION('',(0.E0,0.E0,1.E0));
#1705=AXIS2_PLACEMENT_3D('',#1702,#1703,#1704);
#1707=DIRECTION('',(0.E0,-7.808688094430E-1,-6.246950475544E-1));
#1708=VECTOR('',#1707,6.403124237433E-1);
#1709=CARTESIAN_POINT('',(0.E0,8.100125019537E0,2.9E0));
#1710=LINE('',#1709,#1708);
#1711=DIRECTION('',(0.E0,7.808688094430E-1,6.246950475544E-1));
#1712=VECTOR('',#1711,6.403124237433E-1);
#1713=CARTESIAN_POINT('',(0.E0,7.100125019537E0,-2.9E0));
#1714=LINE('',#1713,#1712);
#1715=CARTESIAN_POINT('',(0.E0,7.100125019537E0,0.E0));
#1716=DIRECTION('',(0.E0,-1.E0,0.E0));
#1717=DIRECTION('',(0.E0,0.E0,1.E0));
#1718=AXIS2_PLACEMENT_3D('',#1715,#1716,#1717);
#1720=DIRECTION('',(0.E0,7.808688094430E-1,-6.246950475544E-1));
#1721=VECTOR('',#1720,6.403124237433E-1);
#1722=CARTESIAN_POINT('',(0.E0,7.100125019537E0,2.9E0));
#1723=LINE('',#1722,#1721);
#1724=CARTESIAN_POINT('',(0.E0,7.100125019537E0,0.E0));
#1725=DIRECTION('',(0.E0,-1.E0,0.E0));
#1726=DIRECTION('',(0.E0,0.E0,-1.E0));
#1727=AXIS2_PLACEMENT_3D('',#1724,#1725,#1726);
#1729=DIRECTION('',(0.E0,-7.808688094430E-1,6.246950475544E-1));
#1730=VECTOR('',#1729,6.403124237433E-1);
#1731=CARTESIAN_POINT('',(0.E0,7.100125019537E0,-2.9E0));
#1732=LINE('',#1731,#1730);
#1733=CARTESIAN_POINT('',(0.E0,6.600125019537E0,0.E0));
#1734=DIRECTION('',(0.E0,-1.E0,0.E0));
#1735=DIRECTION('',(0.E0,0.E0,-1.E0));
#1736=AXIS2_PLACEMENT_3D('',#1733,#1734,#1735);
#1738=CARTESIAN_POINT('',(0.E0,6.600125019537E0,0.E0));
#1739=DIRECTION('',(0.E0,-1.E0,0.E0));
#1740=DIRECTION('',(0.E0,0.E0,1.E0));
#1741=AXIS2_PLACEMENT_3D('',#1738,#1739,#1740);
#1743=DIRECTION('',(0.E0,-7.808688094430E-1,-6.246950475544E-1));
#1744=VECTOR('',#1743,6.403124237433E-1);
#1745=CARTESIAN_POINT('',(0.E0,7.100125019537E0,2.9E0));
#1746=LINE('',#1745,#1744);
#1747=DIRECTION('',(0.E0,7.808688094430E-1,6.246950475544E-1));
#1748=VECTOR('',#1747,5.380225390703E-1);
#1749=CARTESIAN_POINT('',(0.E0,6.18E0,-2.836100015630E0));
#1750=LINE('',#1749,#1748);
#1751=DIRECTION('',(0.E0,7.808688094430E-1,-6.246950475544E-1));
#1752=VECTOR('',#1751,5.380225390703E-1);
#1753=CARTESIAN_POINT('',(0.E0,6.18E0,2.836100015630E0));
#1754=LINE('',#1753,#1752);
#1755=CARTESIAN_POINT('',(0.E0,6.18E0,0.E0));
#1756=DIRECTION('',(0.E0,-1.E0,0.E0));
#1757=DIRECTION('',(0.E0,0.E0,-1.E0));
#1758=AXIS2_PLACEMENT_3D('',#1755,#1756,#1757);
#1760=CARTESIAN_POINT('',(0.E0,6.18E0,0.E0));
#1761=DIRECTION('',(0.E0,-1.E0,0.E0));
#1762=DIRECTION('',(0.E0,0.E0,1.E0));
#1763=AXIS2_PLACEMENT_3D('',#1760,#1761,#1762);
#1765=CARTESIAN_POINT('',(0.E0,6.18E0,0.E0));
#1766=DIRECTION('',(0.E0,1.E0,0.E0));
#1767=DIRECTION('',(0.E0,0.E0,-1.E0));
#1768=AXIS2_PLACEMENT_3D('',#1765,#1766,#1767);
#1770=CARTESIAN_POINT('',(0.E0,6.18E0,0.E0));
#1771=DIRECTION('',(0.E0,1.E0,0.E0));
#1772=DIRECTION('',(0.E0,0.E0,1.E0));
#1773=AXIS2_PLACEMENT_3D('',#1770,#1771,#1772);
#1775=DIRECTION('',(0.E0,-1.E0,0.E0));
#1776=VECTOR('',#1775,6.18E0);
#1777=CARTESIAN_POINT('',(0.E0,6.18E0,-4.145E0));
#1778=LINE('',#1777,#1776);
#1779=DIRECTION('',(0.E0,-1.E0,0.E0));
#1780=VECTOR('',#1779,6.18E0);
#1781=CARTESIAN_POINT('',(0.E0,6.18E0,4.145E0));
#1782=LINE('',#1781,#1780);
#1783=CARTESIAN_POINT('',(0.E0,4.547473508865E-13,0.E0));
#1784=DIRECTION('',(0.E0,-1.E0,0.E0));
#1785=DIRECTION('',(0.E0,0.E0,1.E0));
#1786=AXIS2_PLACEMENT_3D('',#1783,#1784,#1785);
#1788=CARTESIAN_POINT('',(0.E0,4.547473508865E-13,0.E0));
#1789=DIRECTION('',(0.E0,-1.E0,0.E0));
#1790=DIRECTION('',(0.E0,0.E0,-1.E0));
#1791=AXIS2_PLACEMENT_3D('',#1788,#1789,#1790);
#1793=CARTESIAN_POINT('',(0.E0,0.E0,0.E0));
#1794=DIRECTION('',(0.E0,1.E0,0.E0));
#1795=DIRECTION('',(0.E0,0.E0,1.E0));
#1796=AXIS2_PLACEMENT_3D('',#1793,#1794,#1795);
#1798=CARTESIAN_POINT('',(0.E0,0.E0,0.E0));
#1799=DIRECTION('',(0.E0,1.E0,0.E0));
#1800=DIRECTION('',(0.E0,0.E0,-1.E0));
#1801=AXIS2_PLACEMENT_3D('',#1798,#1799,#1800);
#1803=DIRECTION('',(0.E0,9.999931303870E-1,-3.706639834196E-3));
#1804=VECTOR('',#1803,8.206328422207E0);
#1805=CARTESIAN_POINT('',(0.E0,7.579122514774E-13,4.65E0));
#1806=LINE('',#1805,#1804);
#1807=DIRECTION('',(0.E0,9.999931303870E-1,3.706639834196E-3));
#1808=VECTOR('',#1807,8.206328422207E0);
#1809=CARTESIAN_POINT('',(0.E0,7.579122514774E-13,-4.65E0));
#1810=LINE('',#1809,#1808);
#1811=CARTESIAN_POINT('',(0.E0,8.92E0,0.E0));
#1812=DIRECTION('',(0.E0,-1.E0,0.E0));
#1813=DIRECTION('',(0.E0,0.E0,-1.E0));
#1814=AXIS2_PLACEMENT_3D('',#1811,#1812,#1813);
#1816=CARTESIAN_POINT('',(0.E0,8.92E0,-4.84E0));
#1817=DIRECTION('',(-1.E0,0.E0,0.E0));
#1818=DIRECTION('',(0.E0,-9.554739670376E-1,2.950754112316E-1));
#1819=AXIS2_PLACEMENT_3D('',#1816,#1817,#1818);
#1821=CARTESIAN_POINT('',(0.E0,8.206272047907E0,0.E0));
#1822=DIRECTION('',(0.E0,1.E0,0.E0));
#1823=DIRECTION('',(0.E0,0.E0,1.E0));
#1824=AXIS2_PLACEMENT_3D('',#1821,#1822,#1823);
#1826=CARTESIAN_POINT('',(0.E0,9.640181184554E0,0.E0));
#1827=DIRECTION('',(0.E0,-1.E0,0.E0));
#1828=DIRECTION('',(0.E0,0.E0,-1.E0));
#1829=AXIS2_PLACEMENT_3D('',#1826,#1827,#1828);
#1831=CARTESIAN_POINT('',(0.E0,8.92E0,-4.84E0));
#1832=DIRECTION('',(-1.E0,0.E0,0.E0));
#1833=DIRECTION('',(0.E0,0.E0,1.E0));
#1834=AXIS2_PLACEMENT_3D('',#1831,#1832,#1833);
#1836=CARTESIAN_POINT('',(0.E0,9.640181184554E0,0.E0));
#1837=DIRECTION('',(0.E0,-1.E0,0.E0));
#1838=DIRECTION('',(0.E0,0.E0,1.E0));
#1839=AXIS2_PLACEMENT_3D('',#1836,#1837,#1838);
#1841=CARTESIAN_POINT('',(0.E0,8.92E0,4.84E0));
#1842=DIRECTION('',(1.E0,0.E0,0.E0));
#1843=DIRECTION('',(0.E0,0.E0,-1.E0));
#1844=AXIS2_PLACEMENT_3D('',#1841,#1842,#1843);
#1846=DIRECTION('',(0.E0,9.999980904606E-1,-1.954245404827E-3));
#1847=VECTOR('',#1846,3.598204573081E-1);
#1848=CARTESIAN_POINT('',(0.E0,9.640181184553E0,4.641680300178E0));
#1849=LINE('',#1848,#1847);
#1850=CARTESIAN_POINT('',(0.E0,1.000000095477E1,0.E0));
#1851=DIRECTION('',(0.E0,-1.E0,0.E0));
#1852=DIRECTION('',(0.E0,0.E0,1.E0));
#1853=AXIS2_PLACEMENT_3D('',#1850,#1851,#1852);
#1855=CARTESIAN_POINT('',(0.E0,1.000000095477E1,0.E0));
#1856=DIRECTION('',(0.E0,-1.E0,0.E0));
#1857=DIRECTION('',(0.E0,0.E0,-1.E0));
#1858=AXIS2_PLACEMENT_3D('',#1855,#1856,#1857);
#1860=DIRECTION('',(0.E0,9.999980904606E-1,1.954245404827E-3));
#1861=VECTOR('',#1860,3.598204573081E-1);
#1862=CARTESIAN_POINT('',(0.E0,9.640181184553E0,-4.641680300178E0));
#1863=LINE('',#1862,#1861);
#1864=DIRECTION('',(0.E0,7.064155132054E-1,7.077973740434E-1));
#1865=VECTOR('',#1864,7.077973740430E-1);
#1866=CARTESIAN_POINT('',(0.E0,1.000000095477E1,-4.640977122702E0));
#1867=LINE('',#1866,#1865);
#1868=CARTESIAN_POINT('',(0.E0,1.05E1,0.E0));
#1869=DIRECTION('',(0.E0,1.E0,0.E0));
#1870=DIRECTION('',(0.E0,0.E0,-1.E0));
#1871=AXIS2_PLACEMENT_3D('',#1868,#1869,#1870);
#1873=CARTESIAN_POINT('',(0.E0,1.05E1,0.E0));
#1874=DIRECTION('',(0.E0,1.E0,0.E0));
#1875=DIRECTION('',(0.E0,0.E0,1.E0));
#1876=AXIS2_PLACEMENT_3D('',#1873,#1874,#1875);
#1878=CARTESIAN_POINT('',(0.E0,1.05E1,0.E0));
#1879=DIRECTION('',(0.E0,-1.E0,0.E0));
#1880=DIRECTION('',(0.E0,0.E0,-1.E0));
#1881=AXIS2_PLACEMENT_3D('',#1878,#1879,#1880);
#1883=CARTESIAN_POINT('',(0.E0,1.05E1,0.E0));
#1884=DIRECTION('',(0.E0,-1.E0,0.E0));
#1885=DIRECTION('',(0.E0,0.E0,1.E0));
#1886=AXIS2_PLACEMENT_3D('',#1883,#1884,#1885);
#1888=DIRECTION('',(0.E0,7.064155132054E-1,-7.077973740434E-1));
#1889=VECTOR('',#1888,7.077973740430E-1);
#1890=CARTESIAN_POINT('',(0.E0,1.000000095477E1,4.640977122702E0));
#1891=LINE('',#1890,#1889);
#1892=DIRECTION('',(0.E0,-7.071067811865E-1,7.071067811865E-1));
#1893=VECTOR('',#1892,5.656854249492E-1);
#1894=CARTESIAN_POINT('',(0.E0,1.05E1,-3.397507567207E0));
#1895=LINE('',#1894,#1893);
#1896=CARTESIAN_POINT('',(0.E0,1.01E1,0.E0));
#1897=DIRECTION('',(0.E0,-1.E0,0.E0));
#1898=DIRECTION('',(0.E0,0.E0,-1.E0));
#1899=AXIS2_PLACEMENT_3D('',#1896,#1897,#1898);
#1901=DIRECTION('',(0.E0,-7.087831916288E-1,7.054263868501E-1));
#1902=VECTOR('',#1901,7.052579496332E-1);
#1903=CARTESIAN_POINT('',(0.E0,1.01E1,-2.997507567207E0));
#1904=LINE('',#1903,#1902);
#1905=CARTESIAN_POINT('',(0.E0,9.600125019537E0,0.E0));
#1906=DIRECTION('',(0.E0,-1.E0,0.E0));
#1907=DIRECTION('',(0.E0,0.E0,-1.E0));
#1908=AXIS2_PLACEMENT_3D('',#1905,#1906,#1907);
#1910=CARTESIAN_POINT('',(0.E0,8.92E0,0.E0));
#1911=DIRECTION('',(0.E0,-1.E0,0.E0));
#1912=DIRECTION('',(0.E0,0.E0,1.E0));
#1913=AXIS2_PLACEMENT_3D('',#1910,#1911,#1912);
#1915=CARTESIAN_POINT('',(0.E0,8.92E0,4.84E0));
#1916=DIRECTION('',(1.E0,0.E0,0.E0));
#1917=DIRECTION('',(0.E0,-9.554739670376E-1,-2.950754112316E-1));
#1918=AXIS2_PLACEMENT_3D('',#1915,#1916,#1917);
#1920=CARTESIAN_POINT('',(0.E0,8.206272047907E0,0.E0));
#1921=DIRECTION('',(0.E0,1.E0,0.E0));
#1922=DIRECTION('',(0.E0,0.E0,-1.E0));
#1923=AXIS2_PLACEMENT_3D('',#1920,#1921,#1922);
#1925=CARTESIAN_POINT('',(0.E0,7.579122514774E-13,4.65E0));
#1926=CARTESIAN_POINT('',(0.E0,8.206272047907E0,4.619582096178E0));
#1927=VERTEX_POINT('',#1925);
#1928=VERTEX_POINT('',#1926);
#1929=CARTESIAN_POINT('',(0.E0,8.100125019537E0,-2.9E0));
#1930=CARTESIAN_POINT('',(0.E0,8.100125019537E0,2.9E0));
#1931=VERTEX_POINT('',#1929);
#1932=VERTEX_POINT('',#1930);
#1933=CARTESIAN_POINT('',(0.E0,9.640181184553E0,4.641680300178E0));
#1934=CARTESIAN_POINT('',(0.E0,1.000000095477E1,4.640977122702E0));
#1935=VERTEX_POINT('',#1933);
#1936=VERTEX_POINT('',#1934);
#1937=CARTESIAN_POINT('',(0.E0,9.100125019537E0,-2.9E0));
#1938=CARTESIAN_POINT('',(0.E0,9.600125019537E0,-2.5E0));
#1939=VERTEX_POINT('',#1937);
#1940=VERTEX_POINT('',#1938);
#1941=CARTESIAN_POINT('',(0.E0,8.92E0,-4.093011618615E0));
#1942=CARTESIAN_POINT('',(0.E0,8.92E0,4.093011618615E0));
#1943=VERTEX_POINT('',#1941);
#1944=VERTEX_POINT('',#1942);
#1945=CARTESIAN_POINT('',(0.E0,1.01E1,2.997507567207E0));
#1946=CARTESIAN_POINT('',(0.E0,1.01E1,-2.997507567207E0));
#1947=VERTEX_POINT('',#1945);
#1948=VERTEX_POINT('',#1946);
#1949=CARTESIAN_POINT('',(0.E0,7.100125019537E0,-2.9E0));
#1950=CARTESIAN_POINT('',(0.E0,6.600125019537E0,-2.5E0));
#1951=VERTEX_POINT('',#1949);
#1952=VERTEX_POINT('',#1950);
#1953=CARTESIAN_POINT('',(0.E0,8.600125019537E0,2.5E0));
#1954=CARTESIAN_POINT('',(0.E0,8.600125019537E0,-2.5E0));
#1955=VERTEX_POINT('',#1953);
#1956=VERTEX_POINT('',#1954);
#1957=CARTESIAN_POINT('',(0.E0,9.100125019537E0,2.9E0));
#1958=VERTEX_POINT('',#1957);
#1959=CARTESIAN_POINT('',(0.E0,6.600125019537E0,2.5E0));
#1960=VERTEX_POINT('',#1959);
#1961=CARTESIAN_POINT('',(0.E0,8.206272047907E0,-4.619582096178E0));
#1962=VERTEX_POINT('',#1961);
#1963=CARTESIAN_POINT('',(0.E0,7.600125019537E0,-2.5E0));
#1964=CARTESIAN_POINT('',(0.E0,7.600125019537E0,2.5E0));
#1965=VERTEX_POINT('',#1963);
#1966=VERTEX_POINT('',#1964);
#1967=CARTESIAN_POINT('',(0.E0,6.18E0,-2.836100015630E0));
#1968=VERTEX_POINT('',#1967);
#1969=CARTESIAN_POINT('',(0.E0,9.600125019537E0,2.5E0));
#1970=VERTEX_POINT('',#1969);
#1971=CARTESIAN_POINT('',(0.E0,1.05E1,4.14E0));
#1972=CARTESIAN_POINT('',(0.E0,1.05E1,-4.14E0));
#1973=VERTEX_POINT('',#1971);
#1974=VERTEX_POINT('',#1972);
#1975=CARTESIAN_POINT('',(0.E0,9.640181184554E0,-4.641680300178E0));
#1976=VERTEX_POINT('',#1975);
#1977=CARTESIAN_POINT('',(0.E0,1.05E1,3.397507567207E0));
#1978=CARTESIAN_POINT('',(0.E0,1.05E1,-3.397507567207E0));
#1979=VERTEX_POINT('',#1977);
#1980=VERTEX_POINT('',#1978);
#1981=CARTESIAN_POINT('',(0.E0,1.000000095477E1,-4.640977122702E0));
#1982=VERTEX_POINT('',#1981);
#1983=CARTESIAN_POINT('',(0.E0,6.18E0,4.145E0));
#1984=CARTESIAN_POINT('',(0.E0,6.18E0,-4.145E0));
#1985=VERTEX_POINT('',#1983);
#1986=VERTEX_POINT('',#1984);
#1987=CARTESIAN_POINT('',(0.E0,0.E0,-4.145E0));
#1988=VERTEX_POINT('',#1987);
#1989=CARTESIAN_POINT('',(0.E0,7.579122514774E-13,-4.65E0));
#1990=VERTEX_POINT('',#1989);
#1991=CARTESIAN_POINT('',(0.E0,6.18E0,2.836100015630E0));
#1992=VERTEX_POINT('',#1991);
#1993=CARTESIAN_POINT('',(0.E0,7.100125019537E0,2.9E0));
#1994=VERTEX_POINT('',#1993);
#1995=CARTESIAN_POINT('',(0.E0,0.E0,4.145E0));
#1996=VERTEX_POINT('',#1995);
#1997=CARTESIAN_POINT('',(0.E0,1.03E1,0.E0));
#1998=DIRECTION('',(0.E0,1.E0,0.E0));
#1999=DIRECTION('',(0.E0,0.E0,1.E0));
#2000=AXIS2_PLACEMENT_3D('',#1997,#1998,#1999);
#2001=CONICAL_SURFACE('',#2000,3.197507567207E0,4.5E1);
#2003=ORIENTED_EDGE('',*,*,#2002,.F.);
#2005=ORIENTED_EDGE('',*,*,#2004,.F.);
#2007=ORIENTED_EDGE('',*,*,#2006,.T.);
#2009=ORIENTED_EDGE('',*,*,#2008,.T.);
#2010=EDGE_LOOP('',(#2003,#2005,#2007,#2009));
#2011=FACE_OUTER_BOUND('',#2010,.F.);
#2013=CARTESIAN_POINT('',(0.E0,9.850062509769E0,0.E0));
#2014=DIRECTION('',(0.E0,1.E0,0.E0));
#2015=DIRECTION('',(0.E0,0.E0,1.E0));
#2016=AXIS2_PLACEMENT_3D('',#2013,#2014,#2015);
#2017=CONICAL_SURFACE('',#2016,2.748753783604E0,4.486400149724E1);
#2019=ORIENTED_EDGE('',*,*,#2018,.F.);
#2021=ORIENTED_EDGE('',*,*,#2020,.F.);
#2022=ORIENTED_EDGE('',*,*,#2002,.T.);
#2024=ORIENTED_EDGE('',*,*,#2023,.T.);
#2025=EDGE_LOOP('',(#2019,#2021,#2022,#2024));
#2026=FACE_OUTER_BOUND('',#2025,.F.);
#2028=CARTESIAN_POINT('',(0.E0,9.350125019537E0,0.E0));
#2029=DIRECTION('',(0.E0,-1.E0,0.E0));
#2030=DIRECTION('',(0.E0,0.E0,-1.E0));
#2031=AXIS2_PLACEMENT_3D('',#2028,#2029,#2030);
#2032=CONICAL_SURFACE('',#2031,2.7E0,3.865980825409E1);
#2033=ORIENTED_EDGE('',*,*,#2018,.T.);
#2035=ORIENTED_EDGE('',*,*,#2034,.F.);
#2037=ORIENTED_EDGE('',*,*,#2036,.F.);
#2039=ORIENTED_EDGE('',*,*,#2038,.T.);
#2040=EDGE_LOOP('',(#2033,#2035,#2037,#2039));
#2041=FACE_OUTER_BOUND('',#2040,.F.);
#2043=CARTESIAN_POINT('',(0.E0,9.350125019537E0,0.E0));
#2044=DIRECTION('',(0.E0,-1.E0,0.E0));
#2045=DIRECTION('',(0.E0,0.E0,-1.E0));
#2046=AXIS2_PLACEMENT_3D('',#2043,#2044,#2045);
#2047=CONICAL_SURFACE('',#2046,2.7E0,3.865980825409E1);
#2048=ORIENTED_EDGE('',*,*,#2038,.F.);
#2050=ORIENTED_EDGE('',*,*,#2049,.F.);
#2051=ORIENTED_EDGE('',*,*,#2034,.T.);
#2053=ORIENTED_EDGE('',*,*,#2052,.T.);
#2054=EDGE_LOOP('',(#2048,#2050,#2051,#2053));
#2055=FACE_OUTER_BOUND('',#2054,.F.);
#2057=CARTESIAN_POINT('',(0.E0,8.850125019537E0,0.E0));
#2058=DIRECTION('',(0.E0,1.E0,0.E0));
#2059=DIRECTION('',(0.E0,0.E0,1.E0));
#2060=AXIS2_PLACEMENT_3D('',#2057,#2058,#2059);
#2061=CONICAL_SURFACE('',#2060,2.7E0,3.865980825409E1);
#2063=ORIENTED_EDGE('',*,*,#2062,.F.);
#2064=ORIENTED_EDGE('',*,*,#2049,.T.);
#2066=ORIENTED_EDGE('',*,*,#2065,.T.);
#2068=ORIENTED_EDGE('',*,*,#2067,.F.);
#2069=EDGE_LOOP('',(#2063,#2064,#2066,#2068));
#2070=FACE_OUTER_BOUND('',#2069,.F.);
#2072=CARTESIAN_POINT('',(0.E0,8.850125019537E0,0.E0));
#2073=DIRECTION('',(0.E0,1.E0,0.E0));
#2074=DIRECTION('',(0.E0,0.E0,1.E0));
#2075=AXIS2_PLACEMENT_3D('',#2072,#2073,#2074);
#2076=CONICAL_SURFACE('',#2075,2.7E0,3.865980825409E1);
#2078=ORIENTED_EDGE('',*,*,#2077,.F.);
#2079=ORIENTED_EDGE('',*,*,#2065,.F.);
#2080=ORIENTED_EDGE('',*,*,#2036,.T.);
#2081=ORIENTED_EDGE('',*,*,#2062,.T.);
#2082=EDGE_LOOP('',(#2078,#2079,#2080,#2081));
#2083=FACE_OUTER_BOUND('',#2082,.F.);
#2085=CARTESIAN_POINT('',(0.E0,8.350125019537E0,0.E0));
#2086=DIRECTION('',(0.E0,-1.E0,0.E0));
#2087=DIRECTION('',(0.E0,0.E0,-1.E0));
#2088=AXIS2_PLACEMENT_3D('',#2085,#2086,#2087);
#2089=CONICAL_SURFACE('',#2088,2.7E0,3.865980825409E1);
#2090=ORIENTED_EDGE('',*,*,#2077,.T.);
#2092=ORIENTED_EDGE('',*,*,#2091,.F.);
#2094=ORIENTED_EDGE('',*,*,#2093,.F.);
#2096=ORIENTED_EDGE('',*,*,#2095,.T.);
#2097=EDGE_LOOP('',(#2090,#2092,#2094,#2096));
#2098=FACE_OUTER_BOUND('',#2097,.F.);
#2100=CARTESIAN_POINT('',(0.E0,8.350125019537E0,0.E0));
#2101=DIRECTION('',(0.E0,-1.E0,0.E0));
#2102=DIRECTION('',(0.E0,0.E0,-1.E0));
#2103=AXIS2_PLACEMENT_3D('',#2100,#2101,#2102);
#2104=CONICAL_SURFACE('',#2103,2.7E0,3.865980825409E1);
#2105=ORIENTED_EDGE('',*,*,#2095,.F.);
#2107=ORIENTED_EDGE('',*,*,#2106,.F.);
#2108=ORIENTED_EDGE('',*,*,#2091,.T.);
#2109=ORIENTED_EDGE('',*,*,#2067,.T.);
#2110=EDGE_LOOP('',(#2105,#2107,#2108,#2109));
#2111=FACE_OUTER_BOUND('',#2110,.F.);
#2113=CARTESIAN_POINT('',(0.E0,7.850125019537E0,0.E0));
#2114=DIRECTION('',(0.E0,1.E0,0.E0));
#2115=DIRECTION('',(0.E0,0.E0,1.E0));
#2116=AXIS2_PLACEMENT_3D('',#2113,#2114,#2115);
#2117=CONICAL_SURFACE('',#2116,2.7E0,3.865980825409E1);
#2119=ORIENTED_EDGE('',*,*,#2118,.F.);
#2120=ORIENTED_EDGE('',*,*,#2106,.T.);
#2122=ORIENTED_EDGE('',*,*,#2121,.T.);
#2124=ORIENTED_EDGE('',*,*,#2123,.F.);
#2125=EDGE_LOOP('',(#2119,#2120,#2122,#2124));
#2126=FACE_OUTER_BOUND('',#2125,.F.);
#2128=CARTESIAN_POINT('',(0.E0,7.850125019537E0,0.E0));
#2129=DIRECTION('',(0.E0,1.E0,0.E0));
#2130=DIRECTION('',(0.E0,0.E0,1.E0));
#2131=AXIS2_PLACEMENT_3D('',#2128,#2129,#2130);
#2132=CONICAL_SURFACE('',#2131,2.7E0,3.865980825409E1);
#2134=ORIENTED_EDGE('',*,*,#2133,.F.);
#2135=ORIENTED_EDGE('',*,*,#2121,.F.);
#2136=ORIENTED_EDGE('',*,*,#2093,.T.);
#2137=ORIENTED_EDGE('',*,*,#2118,.T.);
#2138=EDGE_LOOP('',(#2134,#2135,#2136,#2137));
#2139=FACE_OUTER_BOUND('',#2138,.F.);
#2141=CARTESIAN_POINT('',(0.E0,7.350125019537E0,0.E0));
#2142=DIRECTION('',(0.E0,-1.E0,0.E0));
#2143=DIRECTION('',(0.E0,0.E0,-1.E0));
#2144=AXIS2_PLACEMENT_3D('',#2141,#2142,#2143);
#2145=CONICAL_SURFACE('',#2144,2.7E0,3.865980825409E1);
#2146=ORIENTED_EDGE('',*,*,#2133,.T.);
#2148=ORIENTED_EDGE('',*,*,#2147,.F.);
#2150=ORIENTED_EDGE('',*,*,#2149,.F.);
#2152=ORIENTED_EDGE('',*,*,#2151,.T.);
#2153=EDGE_LOOP('',(#2146,#2148,#2150,#2152));
#2154=FACE_OUTER_BOUND('',#2153,.F.);
#2156=CARTESIAN_POINT('',(0.E0,7.350125019537E0,0.E0));
#2157=DIRECTION('',(0.E0,-1.E0,0.E0));
#2158=DIRECTION('',(0.E0,0.E0,-1.E0));
#2159=AXIS2_PLACEMENT_3D('',#2156,#2157,#2158);
#2160=CONICAL_SURFACE('',#2159,2.7E0,3.865980825409E1);
#2161=ORIENTED_EDGE('',*,*,#2151,.F.);
#2163=ORIENTED_EDGE('',*,*,#2162,.F.);
#2164=ORIENTED_EDGE('',*,*,#2147,.T.);
#2165=ORIENTED_EDGE('',*,*,#2123,.T.);
#2166=EDGE_LOOP('',(#2161,#2163,#2164,#2165));
#2167=FACE_OUTER_BOUND('',#2166,.F.);
#2169=CARTESIAN_POINT('',(0.E0,6.850125019537E0,0.E0));
#2170=DIRECTION('',(0.E0,1.E0,0.E0));
#2171=DIRECTION('',(0.E0,0.E0,1.E0));
#2172=AXIS2_PLACEMENT_3D('',#2169,#2170,#2171);
#2173=CONICAL_SURFACE('',#2172,2.7E0,3.865980825409E1);
#2175=ORIENTED_EDGE('',*,*,#2174,.F.);
#2176=ORIENTED_EDGE('',*,*,#2162,.T.);
#2178=ORIENTED_EDGE('',*,*,#2177,.T.);
#2180=ORIENTED_EDGE('',*,*,#2179,.F.);
#2181=EDGE_LOOP('',(#2175,#2176,#2178,#2180));
#2182=FACE_OUTER_BOUND('',#2181,.F.);
#2184=CARTESIAN_POINT('',(0.E0,6.850125019537E0,0.E0));
#2185=DIRECTION('',(0.E0,1.E0,0.E0));
#2186=DIRECTION('',(0.E0,0.E0,1.E0));
#2187=AXIS2_PLACEMENT_3D('',#2184,#2185,#2186);
#2188=CONICAL_SURFACE('',#2187,2.7E0,3.865980825409E1);
#2190=ORIENTED_EDGE('',*,*,#2189,.F.);
#2191=ORIENTED_EDGE('',*,*,#2177,.F.);
#2192=ORIENTED_EDGE('',*,*,#2149,.T.);
#2193=ORIENTED_EDGE('',*,*,#2174,.T.);
#2194=EDGE_LOOP('',(#2190,#2191,#2192,#2193));
#2195=FACE_OUTER_BOUND('',#2194,.F.);
#2197=CARTESIAN_POINT('',(0.E0,6.390062509769E0,0.E0));
#2198=DIRECTION('',(0.E0,-1.E0,0.E0));
#2199=DIRECTION('',(0.E0,0.E0,-1.E0));
#2200=AXIS2_PLACEMENT_3D('',#2197,#2198,#2199);
#2201=CONICAL_SURFACE('',#2200,2.668050007815E0,3.865980825409E1);
#2202=ORIENTED_EDGE('',*,*,#2189,.T.);
#2204=ORIENTED_EDGE('',*,*,#2203,.F.);
#2206=ORIENTED_EDGE('',*,*,#2205,.T.);
#2208=ORIENTED_EDGE('',*,*,#2207,.T.);
#2209=EDGE_LOOP('',(#2202,#2204,#2206,#2208));
#2210=FACE_OUTER_BOUND('',#2209,.F.);
#2212=CARTESIAN_POINT('',(0.E0,6.390062509769E0,0.E0));
#2213=DIRECTION('',(0.E0,-1.E0,0.E0));
#2214=DIRECTION('',(0.E0,0.E0,-1.E0));
#2215=AXIS2_PLACEMENT_3D('',#2212,#2213,#2214);
#2216=CONICAL_SURFACE('',#2215,2.668050007815E0,3.865980825409E1);
#2217=ORIENTED_EDGE('',*,*,#2207,.F.);
#2219=ORIENTED_EDGE('',*,*,#2218,.T.);
#2220=ORIENTED_EDGE('',*,*,#2203,.T.);
#2221=ORIENTED_EDGE('',*,*,#2179,.T.);
#2222=EDGE_LOOP('',(#2217,#2219,#2220,#2221));
#2223=FACE_OUTER_BOUND('',#2222,.F.);
#2225=CARTESIAN_POINT('',(-4.145E0,6.18E0,0.E0));
#2226=DIRECTION('',(0.E0,-1.E0,0.E0));
#2227=DIRECTION('',(0.E0,0.E0,-1.E0));
#2228=AXIS2_PLACEMENT_3D('',#2225,#2226,#2227);
#2229=PLANE('',#2228);
#2231=ORIENTED_EDGE('',*,*,#2230,.F.);
#2233=ORIENTED_EDGE('',*,*,#2232,.F.);
#2234=EDGE_LOOP('',(#2231,#2233));
#2235=FACE_OUTER_BOUND('',#2234,.F.);
#2236=ORIENTED_EDGE('',*,*,#2205,.F.);
#2237=ORIENTED_EDGE('',*,*,#2218,.F.);
#2238=EDGE_LOOP('',(#2236,#2237));
#2239=FACE_BOUND('',#2238,.F.);
#2241=CARTESIAN_POINT('',(0.E0,2.598118644068E1,0.E0));
#2242=DIRECTION('',(0.E0,1.E0,0.E0));
#2243=DIRECTION('',(0.E0,0.E0,1.E0));
#2244=AXIS2_PLACEMENT_3D('',#2241,#2242,#2243);
#2245=CYLINDRICAL_SURFACE('',#2244,4.145E0);
#2247=ORIENTED_EDGE('',*,*,#2246,.F.);
#2248=ORIENTED_EDGE('',*,*,#2230,.T.);
#2250=ORIENTED_EDGE('',*,*,#2249,.T.);
#2252=ORIENTED_EDGE('',*,*,#2251,.T.);
#2253=EDGE_LOOP('',(#2247,#2248,#2250,#2252));
#2254=FACE_OUTER_BOUND('',#2253,.F.);
#2256=CARTESIAN_POINT('',(0.E0,2.598118644068E1,0.E0));
#2257=DIRECTION('',(0.E0,1.E0,0.E0));
#2258=DIRECTION('',(0.E0,0.E0,1.E0));
#2259=AXIS2_PLACEMENT_3D('',#2256,#2257,#2258);
#2260=CYLINDRICAL_SURFACE('',#2259,4.145E0);
#2262=ORIENTED_EDGE('',*,*,#2261,.T.);
#2263=ORIENTED_EDGE('',*,*,#2249,.F.);
#2264=ORIENTED_EDGE('',*,*,#2232,.T.);
#2265=ORIENTED_EDGE('',*,*,#2246,.T.);
#2266=EDGE_LOOP('',(#2262,#2263,#2264,#2265));
#2267=FACE_OUTER_BOUND('',#2266,.F.);
#2269=CARTESIAN_POINT('',(-4.145E0,0.E0,0.E0));
#2270=DIRECTION('',(0.E0,-1.E0,0.E0));
#2271=DIRECTION('',(0.E0,0.E0,-1.E0));
#2272=AXIS2_PLACEMENT_3D('',#2269,#2270,#2271);
#2273=PLANE('',#2272);
#2275=ORIENTED_EDGE('',*,*,#2274,.F.);
#2277=ORIENTED_EDGE('',*,*,#2276,.F.);
#2278=EDGE_LOOP('',(#2275,#2277));
#2279=FACE_OUTER_BOUND('',#2278,.F.);
#2280=ORIENTED_EDGE('',*,*,#2251,.F.);
#2281=ORIENTED_EDGE('',*,*,#2261,.F.);
#2282=EDGE_LOOP('',(#2280,#2281));
#2283=FACE_BOUND('',#2282,.F.);
#2285=CARTESIAN_POINT('',(0.E0,4.103136023954E0,0.E0));
#2286=DIRECTION('',(0.E0,-1.E0,0.E0));
#2287=DIRECTION('',(0.E0,0.E0,-1.E0));
#2288=AXIS2_PLACEMENT_3D('',#2285,#2286,#2287);
#2289=CONICAL_SURFACE('',#2288,4.634791048089E0,2.123753049868E-1);
#2291=ORIENTED_EDGE('',*,*,#2290,.F.);
#2292=ORIENTED_EDGE('',*,*,#2274,.T.);
#2294=ORIENTED_EDGE('',*,*,#2293,.T.);
#2296=ORIENTED_EDGE('',*,*,#2295,.T.);
#2297=EDGE_LOOP('',(#2291,#2292,#2294,#2296));
#2298=FACE_OUTER_BOUND('',#2297,.F.);
#2300=CARTESIAN_POINT('',(0.E0,4.103136023954E0,0.E0));
#2301=DIRECTION('',(0.E0,-1.E0,0.E0));
#2302=DIRECTION('',(0.E0,0.E0,-1.E0));
#2303=AXIS2_PLACEMENT_3D('',#2300,#2301,#2302);
#2304=CONICAL_SURFACE('',#2303,4.634791048089E0,2.123753049868E-1);
#2306=ORIENTED_EDGE('',*,*,#2305,.T.);
#2307=ORIENTED_EDGE('',*,*,#2293,.F.);
#2308=ORIENTED_EDGE('',*,*,#2276,.T.);
#2309=ORIENTED_EDGE('',*,*,#2290,.T.);
#2310=EDGE_LOOP('',(#2306,#2307,#2308,#2309));
#2311=FACE_OUTER_BOUND('',#2310,.F.);
#2313=CARTESIAN_POINT('',(0.E0,8.92E0,0.E0));
#2314=DIRECTION('',(0.E0,1.E0,0.E0));
#2315=DIRECTION('',(0.E0,0.E0,1.E0));
#2316=AXIS2_PLACEMENT_3D('',#2313,#2314,#2315);
#2317=TOROIDAL_SURFACE('',#2316,4.84E0,7.469883813846E-1);
#2319=ORIENTED_EDGE('',*,*,#2318,.F.);
#2321=ORIENTED_EDGE('',*,*,#2320,.F.);
#2322=ORIENTED_EDGE('',*,*,#2305,.F.);
#2324=ORIENTED_EDGE('',*,*,#2323,.T.);
#2325=EDGE_LOOP('',(#2319,#2321,#2322,#2324));
#2326=FACE_OUTER_BOUND('',#2325,.F.);
#2328=CARTESIAN_POINT('',(0.E0,8.92E0,0.E0));
#2329=DIRECTION('',(0.E0,1.E0,0.E0));
#2330=DIRECTION('',(0.E0,0.E0,1.E0));
#2331=AXIS2_PLACEMENT_3D('',#2328,#2329,#2330);
#2332=TOROIDAL_SURFACE('',#2331,4.84E0,7.469883813846E-1);
#2334=ORIENTED_EDGE('',*,*,#2333,.T.);
#2336=ORIENTED_EDGE('',*,*,#2335,.F.);
#2338=ORIENTED_EDGE('',*,*,#2337,.F.);
#2339=ORIENTED_EDGE('',*,*,#2318,.T.);
#2340=EDGE_LOOP('',(#2334,#2336,#2338,#2339));
#2341=FACE_OUTER_BOUND('',#2340,.F.);
#2343=CARTESIAN_POINT('',(0.E0,8.92E0,0.E0));
#2344=DIRECTION('',(0.E0,1.E0,0.E0));
#2345=DIRECTION('',(0.E0,0.E0,1.E0));
#2346=AXIS2_PLACEMENT_3D('',#2343,#2344,#2345);
#2347=TOROIDAL_SURFACE('',#2346,4.84E0,7.469883813846E-1);
#2348=ORIENTED_EDGE('',*,*,#2337,.T.);
#2350=ORIENTED_EDGE('',*,*,#2349,.F.);
#2351=ORIENTED_EDGE('',*,*,#2333,.F.);
#2353=ORIENTED_EDGE('',*,*,#2352,.T.);
#2354=EDGE_LOOP('',(#2348,#2350,#2351,#2353));
#2355=FACE_OUTER_BOUND('',#2354,.F.);
#2357=CARTESIAN_POINT('',(0.E0,9.820091069661E0,0.E0));
#2358=DIRECTION('',(0.E0,-1.E0,0.E0));
#2359=DIRECTION('',(0.E0,0.E0,-1.E0));
#2360=AXIS2_PLACEMENT_3D('',#2357,#2358,#2359);
#2361=CONICAL_SURFACE('',#2360,4.641328711440E0,1.119700850997E-1);
#2363=ORIENTED_EDGE('',*,*,#2362,.F.);
#2364=ORIENTED_EDGE('',*,*,#2349,.T.);
#2366=ORIENTED_EDGE('',*,*,#2365,.T.);
#2368=ORIENTED_EDGE('',*,*,#2367,.F.);
#2369=EDGE_LOOP('',(#2363,#2364,#2366,#2368));
#2370=FACE_OUTER_BOUND('',#2369,.F.);
#2372=CARTESIAN_POINT('',(0.E0,9.820091069661E0,0.E0));
#2373=DIRECTION('',(0.E0,-1.E0,0.E0));
#2374=DIRECTION('',(0.E0,0.E0,-1.E0));
#2375=AXIS2_PLACEMENT_3D('',#2372,#2373,#2374);
#2376=CONICAL_SURFACE('',#2375,4.641328711440E0,1.119700850997E-1);
#2378=ORIENTED_EDGE('',*,*,#2377,.F.);
#2379=ORIENTED_EDGE('',*,*,#2365,.F.);
#2380=ORIENTED_EDGE('',*,*,#2335,.T.);
#2381=ORIENTED_EDGE('',*,*,#2362,.T.);
#2382=EDGE_LOOP('',(#2378,#2379,#2380,#2381));
#2383=FACE_OUTER_BOUND('',#2382,.F.);
#2385=CARTESIAN_POINT('',(0.E0,1.025000047738E1,0.E0));
#2386=DIRECTION('',(0.E0,-1.E0,0.E0));
#2387=DIRECTION('',(0.E0,0.E0,-1.E0));
#2388=AXIS2_PLACEMENT_3D('',#2385,#2386,#2387);
#2389=CONICAL_SURFACE('',#2388,4.390488561351E0,4.505598504255E1);
#2391=ORIENTED_EDGE('',*,*,#2390,.T.);
#2393=ORIENTED_EDGE('',*,*,#2392,.F.);
#2394=ORIENTED_EDGE('',*,*,#2377,.T.);
#2396=ORIENTED_EDGE('',*,*,#2395,.T.);
#2397=EDGE_LOOP('',(#2391,#2393,#2394,#2396));
#2398=FACE_OUTER_BOUND('',#2397,.F.);
#2400=CARTESIAN_POINT('',(-4.14E0,1.05E1,0.E0));
#2401=DIRECTION('',(0.E0,1.E0,0.E0));
#2402=DIRECTION('',(0.E0,0.E0,1.E0));
#2403=AXIS2_PLACEMENT_3D('',#2400,#2401,#2402);
#2404=PLANE('',#2403);
#2406=ORIENTED_EDGE('',*,*,#2405,.F.);
#2407=ORIENTED_EDGE('',*,*,#2390,.F.);
#2408=EDGE_LOOP('',(#2406,#2407));
#2409=FACE_OUTER_BOUND('',#2408,.F.);
#2411=ORIENTED_EDGE('',*,*,#2410,.F.);
#2412=ORIENTED_EDGE('',*,*,#2006,.F.);
#2413=EDGE_LOOP('',(#2411,#2412));
#2414=FACE_BOUND('',#2413,.F.);
#2416=CARTESIAN_POINT('',(0.E0,1.025000047738E1,0.E0));
#2417=DIRECTION('',(0.E0,-1.E0,0.E0));
#2418=DIRECTION('',(0.E0,0.E0,-1.E0));
#2419=AXIS2_PLACEMENT_3D('',#2416,#2417,#2418);
#2420=CONICAL_SURFACE('',#2419,4.390488561351E0,4.505598504255E1);
#2421=ORIENTED_EDGE('',*,*,#2395,.F.);
#2422=ORIENTED_EDGE('',*,*,#2367,.T.);
#2423=ORIENTED_EDGE('',*,*,#2392,.T.);
#2424=ORIENTED_EDGE('',*,*,#2405,.T.);
#2425=EDGE_LOOP('',(#2421,#2422,#2423,#2424));
#2426=FACE_OUTER_BOUND('',#2425,.F.);
#2428=CARTESIAN_POINT('',(0.E0,1.03E1,0.E0));
#2429=DIRECTION('',(0.E0,1.E0,0.E0));
#2430=DIRECTION('',(0.E0,0.E0,1.E0));
#2431=AXIS2_PLACEMENT_3D('',#2428,#2429,#2430);
#2432=CONICAL_SURFACE('',#2431,3.197507567207E0,4.5E1);
#2433=ORIENTED_EDGE('',*,*,#2008,.F.);
#2434=ORIENTED_EDGE('',*,*,#2410,.T.);
#2435=ORIENTED_EDGE('',*,*,#2004,.T.);
#2437=ORIENTED_EDGE('',*,*,#2436,.F.);
#2438=EDGE_LOOP('',(#2433,#2434,#2435,#2437));
#2439=FACE_OUTER_BOUND('',#2438,.F.);
#2441=CARTESIAN_POINT('',(0.E0,9.850062509769E0,0.E0));
#2442=DIRECTION('',(0.E0,1.E0,0.E0));
#2443=DIRECTION('',(0.E0,0.E0,1.E0));
#2444=AXIS2_PLACEMENT_3D('',#2441,#2442,#2443);
#2445=CONICAL_SURFACE('',#2444,2.748753783604E0,4.486400149724E1);
#2446=ORIENTED_EDGE('',*,*,#2023,.F.);
#2447=ORIENTED_EDGE('',*,*,#2436,.T.);
#2448=ORIENTED_EDGE('',*,*,#2020,.T.);
#2449=ORIENTED_EDGE('',*,*,#2052,.F.);
#2450=EDGE_LOOP('',(#2446,#2447,#2448,#2449));
#2451=FACE_OUTER_BOUND('',#2450,.F.);
#2453=CARTESIAN_POINT('',(0.E0,8.92E0,0.E0));
#2454=DIRECTION('',(0.E0,1.E0,0.E0));
#2455=DIRECTION('',(0.E0,0.E0,1.E0));
#2456=AXIS2_PLACEMENT_3D('',#2453,#2454,#2455);
#2457=TOROIDAL_SURFACE('',#2456,4.84E0,7.469883813846E-1);
#2458=ORIENTED_EDGE('',*,*,#2352,.F.);
#2459=ORIENTED_EDGE('',*,*,#2323,.F.);
#2460=ORIENTED_EDGE('',*,*,#2295,.F.);
#2461=ORIENTED_EDGE('',*,*,#2320,.T.);
#2462=EDGE_LOOP('',(#2458,#2459,#2460,#2461));
#2463=FACE_OUTER_BOUND('',#2462,.F.);
#2465=CLOSED_SHELL('',(#2012,#2027,#2042,#2056,#2071,#2084,#2099,#2112,#2127,
#2140,#2155,#2168,#2183,#2196,#2211,#2224,#2240,#2255,#2268,#2284,#2299,#2312,
#2327,#2342,#2356,#2371,#2384,#2399,#2415,#2427,#2440,#2452,#2464));
#2466=MANIFOLD_SOLID_BREP('',#2465);
#2468=DIMENSIONAL_EXPONENTS(0.E0,0.E0,0.E0,0.E0,0.E0,0.E0,0.E0);
#2470=PLANE_ANGLE_MEASURE_WITH_UNIT(PLANE_ANGLE_MEASURE(1.745329251994E-2),
#2469);
#2471=(CONVERSION_BASED_UNIT('DEGREE',#2470)NAMED_UNIT(*)PLANE_ANGLE_UNIT());
#2473=UNCERTAINTY_MEASURE_WITH_UNIT(LENGTH_MEASURE(1.682876531577E-3),#2467,
'closure',
'Maximum model space distance between geometric entities at asserted connectivities');
#2475=CARTESIAN_POINT('',(0.E0,0.E0,0.E0));
#2476=DIRECTION('',(0.E0,0.E0,1.E0));
#2477=DIRECTION('',(1.E0,0.E0,0.E0));
#2480=MECHANICAL_CONTEXT('',#251,'mechanical');
#2481=PRODUCT('90640-60X15-APPERTURE_ANY','90640-60X15-APPERTURE_ANY',
'NOT SPECIFIED',(#2480));
#2482=PRODUCT_DEFINITION_FORMATION_WITH_SPECIFIED_SOURCE('','LAST_VERSION',
#2481,.MADE.);
#2488=CARTESIAN_POINT('',(-1.007088853543E0,6.775421087873E0,
-8.747149073110E0));
#2489=DIRECTION('',(-1.778780125637E-1,0.E0,9.840525456734E-1));
#2490=DIRECTION('',(9.840525456734E-1,0.E0,1.778780125637E-1));
#2491=AXIS2_PLACEMENT_3D('',#2488,#2489,#2490);
#2492=ITEM_DEFINED_TRANSFORMATION('','',#2478,#2491);
#2493=CARTESIAN_POINT('',(0.E0,0.E0,0.E0));
#2494=DIRECTION('',(0.E0,0.E0,1.E0));
#2495=DIRECTION('',(1.E0,0.E0,0.E0));
#2497=(REPRESENTATION_RELATIONSHIP('','',#2479,#1606)REPRESENTATION_RELATIONSHIP_WITH_TRANSFORMATION(#2492)SHAPE_REPRESENTATION_RELATIONSHIP());
#2498=CONTEXT_DEPENDENT_SHAPE_REPRESENTATION(#2497,#2487);
#2500=DIRECTION('',(0.E0,-1.E0,0.E0));
#2501=VECTOR('',#2500,1.2E0);
#2502=CARTESIAN_POINT('',(0.E0,1.2E0,-3.325E0));
#2503=LINE('',#2502,#2501);
#2504=DIRECTION('',(0.E0,-1.E0,0.E0));
#2505=VECTOR('',#2504,1.2E0);
#2506=CARTESIAN_POINT('',(0.E0,1.2E0,3.325E0));
#2507=LINE('',#2506,#2505);
#2508=CARTESIAN_POINT('',(0.E0,0.E0,0.E0));
#2509=DIRECTION('',(0.E0,-1.E0,0.E0));
#2510=DIRECTION('',(0.E0,0.E0,-1.E0));
#2511=AXIS2_PLACEMENT_3D('',#2508,#2509,#2510);
#2513=CARTESIAN_POINT('',(0.E0,0.E0,0.E0));
#2514=DIRECTION('',(0.E0,-1.E0,0.E0));
#2515=DIRECTION('',(0.E0,0.E0,1.E0));
#2516=AXIS2_PLACEMENT_3D('',#2513,#2514,#2515);
#2518=CARTESIAN_POINT('',(0.E0,1.2E0,0.E0));
#2519=DIRECTION('',(0.E0,1.E0,0.E0));
#2520=DIRECTION('',(-1.E0,0.E0,0.E0));
#2521=AXIS2_PLACEMENT_3D('',#2518,#2519,#2520);
#2523=CARTESIAN_POINT('',(0.E0,-1.707604166667E1,0.E0));
#2524=DIRECTION('',(0.E0,0.E0,1.E0));
#2525=DIRECTION('',(0.E0,1.E0,0.E0));
#2526=AXIS2_PLACEMENT_3D('',#2523,#2524,#2525);
#2528=CARTESIAN_POINT('',(0.E0,1.2E0,0.E0));
#2529=DIRECTION('',(0.E0,1.E0,0.E0));
#2530=DIRECTION('',(0.E0,0.E0,1.E0));
#2531=AXIS2_PLACEMENT_3D('',#2528,#2529,#2530);
#2533=CARTESIAN_POINT('',(0.E0,-1.707604166667E1,0.E0));
#2534=DIRECTION('',(0.E0,0.E0,-1.E0));
#2535=DIRECTION('',(0.E0,1.E0,0.E0));
#2536=AXIS2_PLACEMENT_3D('',#2533,#2534,#2535);
#2538=CARTESIAN_POINT('',(0.E0,1.2E0,0.E0));
#2539=DIRECTION('',(0.E0,1.E0,0.E0));
#2540=DIRECTION('',(0.E0,0.E0,-1.E0));
#2541=AXIS2_PLACEMENT_3D('',#2538,#2539,#2540);
#2543=CARTESIAN_POINT('',(0.E0,1.2E0,0.E0));
#2544=DIRECTION('',(0.E0,1.E0,0.E0));
#2545=DIRECTION('',(1.E0,0.E0,0.E0));
#2546=AXIS2_PLACEMENT_3D('',#2543,#2544,#2545);
#2548=CARTESIAN_POINT('',(0.E0,1.2E0,3.325E0));
#2549=CARTESIAN_POINT('',(0.E0,0.E0,3.325E0));
#2550=VERTEX_POINT('',#2548);
#2551=VERTEX_POINT('',#2549);
#2552=CARTESIAN_POINT('',(0.E0,0.E0,-3.325E0));
#2553=VERTEX_POINT('',#2552);
#2554=CARTESIAN_POINT('',(0.E0,1.5E0,0.E0));
#2555=CARTESIAN_POINT('',(3.325E0,1.2E0,0.E0));
#2556=VERTEX_POINT('',#2554);
#2557=VERTEX_POINT('',#2555);
#2558=CARTESIAN_POINT('',(0.E0,1.2E0,-3.325E0));
#2559=CARTESIAN_POINT('',(-3.325E0,1.2E0,0.E0));
#2560=VERTEX_POINT('',#2558);
#2561=VERTEX_POINT('',#2559);
#2562=CARTESIAN_POINT('',(0.E0,2.451745762712E1,0.E0));
#2563=DIRECTION('',(0.E0,1.E0,0.E0));
#2564=DIRECTION('',(0.E0,0.E0,1.E0));
#2565=AXIS2_PLACEMENT_3D('',#2562,#2563,#2564);
#2566=CYLINDRICAL_SURFACE('',#2565,3.325E0);
#2568=ORIENTED_EDGE('',*,*,#2567,.F.);
#2570=ORIENTED_EDGE('',*,*,#2569,.T.);
#2572=ORIENTED_EDGE('',*,*,#2571,.T.);
#2574=ORIENTED_EDGE('',*,*,#2573,.T.);
#2576=ORIENTED_EDGE('',*,*,#2575,.T.);
#2577=EDGE_LOOP('',(#2568,#2570,#2572,#2574,#2576));
#2578=FACE_OUTER_BOUND('',#2577,.F.);
#2580=CARTESIAN_POINT('',(0.E0,2.451745762712E1,0.E0));
#2581=DIRECTION('',(0.E0,1.E0,0.E0));
#2582=DIRECTION('',(0.E0,0.E0,1.E0));
#2583=AXIS2_PLACEMENT_3D('',#2580,#2581,#2582);
#2584=CYLINDRICAL_SURFACE('',#2583,3.325E0);
#2586=ORIENTED_EDGE('',*,*,#2585,.T.);
#2587=ORIENTED_EDGE('',*,*,#2573,.F.);
#2589=ORIENTED_EDGE('',*,*,#2588,.T.);
#2591=ORIENTED_EDGE('',*,*,#2590,.T.);
#2592=ORIENTED_EDGE('',*,*,#2567,.T.);
#2593=EDGE_LOOP('',(#2586,#2587,#2589,#2591,#2592));
#2594=FACE_OUTER_BOUND('',#2593,.F.);
#2596=CARTESIAN_POINT('',(0.E0,0.E0,0.E0));
#2597=DIRECTION('',(0.E0,-1.E0,0.E0));
#2598=DIRECTION('',(0.E0,0.E0,-1.E0));
#2599=AXIS2_PLACEMENT_3D('',#2596,#2597,#2598);
#2600=PLANE('',#2599);
#2601=ORIENTED_EDGE('',*,*,#2585,.F.);
#2602=ORIENTED_EDGE('',*,*,#2575,.F.);
#2603=EDGE_LOOP('',(#2601,#2602));
#2604=FACE_OUTER_BOUND('',#2603,.F.);
#2606=CARTESIAN_POINT('',(0.E0,-1.707604166667E1,0.E0));
#2607=DIRECTION('',(0.E0,0.E0,1.E0));
#2608=DIRECTION('',(-1.E0,0.E0,0.E0));
#2609=AXIS2_PLACEMENT_3D('',#2606,#2607,#2608);
#2610=SPHERICAL_SURFACE('',#2609,1.857604166667E1);
#2611=ORIENTED_EDGE('',*,*,#2571,.F.);
#2613=ORIENTED_EDGE('',*,*,#2612,.F.);
#2615=ORIENTED_EDGE('',*,*,#2614,.T.);
#2616=ORIENTED_EDGE('',*,*,#2588,.F.);
#2617=EDGE_LOOP('',(#2611,#2613,#2615,#2616));
#2618=FACE_OUTER_BOUND('',#2617,.F.);
#2620=CARTESIAN_POINT('',(0.E0,-1.707604166667E1,0.E0));
#2621=DIRECTION('',(0.E0,0.E0,1.E0));
#2622=DIRECTION('',(-1.E0,0.E0,0.E0));
#2623=AXIS2_PLACEMENT_3D('',#2620,#2621,#2622);
#2624=SPHERICAL_SURFACE('',#2623,1.857604166667E1);
#2625=ORIENTED_EDGE('',*,*,#2614,.F.);
#2626=ORIENTED_EDGE('',*,*,#2612,.T.);
#2627=ORIENTED_EDGE('',*,*,#2569,.F.);
#2628=ORIENTED_EDGE('',*,*,#2590,.F.);
#2629=EDGE_LOOP('',(#2625,#2626,#2627,#2628));
#2630=FACE_OUTER_BOUND('',#2629,.F.);
#2632=CLOSED_SHELL('',(#2579,#2595,#2605,#2619,#2631));
#2633=MANIFOLD_SOLID_BREP('',#2632);
#2635=DIMENSIONAL_EXPONENTS(0.E0,0.E0,0.E0,0.E0,0.E0,0.E0,0.E0);
#2637=PLANE_ANGLE_MEASURE_WITH_UNIT(PLANE_ANGLE_MEASURE(1.745329251994E-2),
#2636);
#2638=(CONVERSION_BASED_UNIT('DEGREE',#2637)NAMED_UNIT(*)PLANE_ANGLE_UNIT());
#2640=UNCERTAINTY_MEASURE_WITH_UNIT(LENGTH_MEASURE(9.526184968614E-4),#2634,
'closure',
'Maximum model space distance between geometric entities at asserted connectivities');
#2642=CARTESIAN_POINT('',(0.E0,0.E0,0.E0));
#2643=DIRECTION('',(0.E0,0.E0,1.E0));
#2644=DIRECTION('',(1.E0,0.E0,0.E0));
#2647=DESIGN_CONTEXT('',#251,'design');
#2648=MECHANICAL_CONTEXT('',#251,'mechanical');
#2649=PRODUCT('90640-LENSE_ANY','90640-LENSE_ANY','NOT SPECIFIED',(#2648));
#2650=PRODUCT_DEFINITION_FORMATION_WITH_SPECIFIED_SOURCE('','LAST_VERSION',
#2649,.MADE.);
#2656=CARTESIAN_POINT('',(-1.007088853543E0,1.087542108787E1,
-8.747149073110E0));
#2657=DIRECTION('',(0.E0,0.E0,1.E0));
#2658=DIRECTION('',(1.E0,0.E0,0.E0));
#2659=AXIS2_PLACEMENT_3D('',#2656,#2657,#2658);
#2660=ITEM_DEFINED_TRANSFORMATION('','',#2645,#2659);
#2661=CARTESIAN_POINT('',(0.E0,0.E0,0.E0));
#2662=DIRECTION('',(0.E0,0.E0,1.E0));
#2663=DIRECTION('',(1.E0,0.E0,0.E0));
#2665=(REPRESENTATION_RELATIONSHIP('','',#2646,#1606)REPRESENTATION_RELATIONSHIP_WITH_TRANSFORMATION(#2660)SHAPE_REPRESENTATION_RELATIONSHIP());
#2666=CONTEXT_DEPENDENT_SHAPE_REPRESENTATION(#2665,#2655);
#2668=CARTESIAN_POINT('',(0.E0,4.E-1,0.E0));
#2669=DIRECTION('',(0.E0,1.E0,0.E0));
#2670=DIRECTION('',(0.E0,0.E0,1.E0));
#2671=AXIS2_PLACEMENT_3D('',#2668,#2669,#2670);
#2673=CARTESIAN_POINT('',(0.E0,4.E-1,4.25E0));
#2674=DIRECTION('',(1.E0,0.E0,0.E0));
#2675=DIRECTION('',(0.E0,-1.E0,0.E0));
#2676=AXIS2_PLACEMENT_3D('',#2673,#2674,#2675);
#2678=DIRECTION('',(0.E0,-1.E0,0.E0));
#2679=VECTOR('',#2678,5.35E0);
#2680=CARTESIAN_POINT('',(0.E0,5.75E0,-3.85E0));
#2681=LINE('',#2680,#2679);
#2682=DIRECTION('',(0.E0,-1.E0,0.E0));
#2683=VECTOR('',#2682,5.35E0);
#2684=CARTESIAN_POINT('',(0.E0,5.75E0,3.85E0));
#2685=LINE('',#2684,#2683);
#2686=CARTESIAN_POINT('',(0.E0,4.E-1,-4.25E0));
#2687=DIRECTION('',(-1.E0,0.E0,0.E0));
#2688=DIRECTION('',(0.E0,-1.E0,0.E0));
#2689=AXIS2_PLACEMENT_3D('',#2686,#2687,#2688);
#2691=CARTESIAN_POINT('',(0.E0,4.E-1,0.E0));
#2692=DIRECTION('',(0.E0,1.E0,0.E0));
#2693=DIRECTION('',(0.E0,0.E0,-1.E0));
#2694=AXIS2_PLACEMENT_3D('',#2691,#2692,#2693);
#2696=CARTESIAN_POINT('',(0.E0,0.E0,0.E0));
#2697=DIRECTION('',(0.E0,-1.E0,0.E0));
#2698=DIRECTION('',(0.E0,0.E0,-1.E0));
#2699=AXIS2_PLACEMENT_3D('',#2696,#2697,#2698);
#2701=CARTESIAN_POINT('',(0.E0,0.E0,0.E0));
#2702=DIRECTION('',(0.E0,-1.E0,0.E0));
#2703=DIRECTION('',(0.E0,0.E0,1.E0));
#2704=AXIS2_PLACEMENT_3D('',#2701,#2702,#2703);
#2706=CARTESIAN_POINT('',(0.E0,0.E0,0.E0));
#2707=DIRECTION('',(0.E0,1.E0,0.E0));
#2708=DIRECTION('',(0.E0,0.E0,1.E0));
#2709=AXIS2_PLACEMENT_3D('',#2706,#2707,#2708);
#2711=CARTESIAN_POINT('',(0.E0,0.E0,0.E0));
#2712=DIRECTION('',(0.E0,1.E0,0.E0));
#2713=DIRECTION('',(0.E0,0.E0,-1.E0));
#2714=AXIS2_PLACEMENT_3D('',#2711,#2712,#2713);
#2716=DIRECTION('',(0.E0,-1.E0,0.E0));
#2717=VECTOR('',#2716,2.5E-1);
#2718=CARTESIAN_POINT('',(0.E0,2.5E-1,4.57E0));
#2719=LINE('',#2718,#2717);
#2720=DIRECTION('',(0.E0,-1.E0,0.E0));
#2721=VECTOR('',#2720,2.5E-1);
#2722=CARTESIAN_POINT('',(0.E0,2.5E-1,-4.57E0));
#2723=LINE('',#2722,#2721);
#2724=CARTESIAN_POINT('',(0.E0,2.5E-1,0.E0));
#2725=DIRECTION('',(0.E0,1.E0,0.E0));
#2726=DIRECTION('',(0.E0,0.E0,1.E0));
#2727=AXIS2_PLACEMENT_3D('',#2724,#2725,#2726);
#2729=CARTESIAN_POINT('',(0.E0,2.5E-1,0.E0));
#2730=DIRECTION('',(0.E0,1.E0,0.E0));
#2731=DIRECTION('',(0.E0,0.E0,-1.E0));
#2732=AXIS2_PLACEMENT_3D('',#2729,#2730,#2731);
#2734=CARTESIAN_POINT('',(0.E0,2.5E-1,0.E0));
#2735=DIRECTION('',(0.E0,-1.E0,0.E0));
#2736=DIRECTION('',(0.E0,0.E0,-1.E0));
#2737=AXIS2_PLACEMENT_3D('',#2734,#2735,#2736);
#2739=CARTESIAN_POINT('',(0.E0,2.5E-1,0.E0));
#2740=DIRECTION('',(0.E0,-1.E0,0.E0));
#2741=DIRECTION('',(0.E0,0.E0,1.E0));
#2742=AXIS2_PLACEMENT_3D('',#2739,#2740,#2741);
#2744=CARTESIAN_POINT('',(0.E0,4.5E-1,-4.3E0));
#2745=DIRECTION('',(-1.E0,0.E0,0.E0));
#2746=DIRECTION('',(0.E0,-1.E0,0.E0));
#2747=AXIS2_PLACEMENT_3D('',#2744,#2745,#2746);
#2749=CARTESIAN_POINT('',(0.E0,4.5E-1,0.E0));
#2750=DIRECTION('',(0.E0,-1.E0,0.E0));
#2751=DIRECTION('',(0.E0,0.E0,-1.E0));
#2752=AXIS2_PLACEMENT_3D('',#2749,#2750,#2751);
#2754=CARTESIAN_POINT('',(0.E0,4.5E-1,0.E0));
#2755=DIRECTION('',(0.E0,-1.E0,0.E0));
#2756=DIRECTION('',(0.E0,0.E0,1.E0));
#2757=AXIS2_PLACEMENT_3D('',#2754,#2755,#2756);
#2759=CARTESIAN_POINT('',(0.E0,4.5E-1,4.3E0));
#2760=DIRECTION('',(1.E0,0.E0,0.E0));
#2761=DIRECTION('',(0.E0,-1.E0,0.E0));
#2762=AXIS2_PLACEMENT_3D('',#2759,#2760,#2761);
#2764=DIRECTION('',(0.E0,-1.E0,0.E0));
#2765=VECTOR('',#2764,5.35E0);
#2766=CARTESIAN_POINT('',(0.E0,5.8E0,-4.1E0));
#2767=LINE('',#2766,#2765);
#2768=DIRECTION('',(0.E0,-1.E0,0.E0));
#2769=VECTOR('',#2768,5.35E0);
#2770=CARTESIAN_POINT('',(0.E0,5.8E0,4.1E0));
#2771=LINE('',#2770,#2769);
#2772=CARTESIAN_POINT('',(0.E0,5.8E0,0.E0));
#2773=DIRECTION('',(0.E0,1.E0,0.E0));
#2774=DIRECTION('',(0.E0,0.E0,1.E0));
#2775=AXIS2_PLACEMENT_3D('',#2772,#2773,#2774);
#2777=CARTESIAN_POINT('',(0.E0,5.8E0,3.7E0));
#2778=DIRECTION('',(1.E0,0.E0,0.E0));
#2779=DIRECTION('',(0.E0,1.E0,0.E0));
#2780=AXIS2_PLACEMENT_3D('',#2777,#2778,#2779);
#2782=CARTESIAN_POINT('',(0.E0,5.8E0,-3.7E0));
#2783=DIRECTION('',(-1.E0,0.E0,0.E0));
#2784=DIRECTION('',(0.E0,1.E0,0.E0));
#2785=AXIS2_PLACEMENT_3D('',#2782,#2783,#2784);
#2787=CARTESIAN_POINT('',(0.E0,5.8E0,0.E0));
#2788=DIRECTION('',(0.E0,1.E0,0.E0));
#2789=DIRECTION('',(0.E0,0.E0,-1.E0));
#2790=AXIS2_PLACEMENT_3D('',#2787,#2788,#2789);
#2792=CARTESIAN_POINT('',(0.E0,6.2E0,0.E0));
#2793=DIRECTION('',(0.E0,1.E0,0.E0));
#2794=DIRECTION('',(0.E0,0.E0,1.E0));
#2795=AXIS2_PLACEMENT_3D('',#2792,#2793,#2794);
#2797=CARTESIAN_POINT('',(0.E0,6.2E0,0.E0));
#2798=DIRECTION('',(0.E0,1.E0,0.E0));
#2799=DIRECTION('',(0.E0,0.E0,-1.E0));
#2800=AXIS2_PLACEMENT_3D('',#2797,#2798,#2799);
#2802=CARTESIAN_POINT('',(0.E0,6.2E0,0.E0));
#2803=DIRECTION('',(0.E0,-1.E0,0.E0));
#2804=DIRECTION('',(0.E0,0.E0,-1.E0));
#2805=AXIS2_PLACEMENT_3D('',#2802,#2803,#2804);
#2807=CARTESIAN_POINT('',(0.E0,6.2E0,0.E0));
#2808=DIRECTION('',(0.E0,-1.E0,0.E0));
#2809=DIRECTION('',(0.E0,0.E0,1.E0));
#2810=AXIS2_PLACEMENT_3D('',#2807,#2808,#2809);
#2812=DIRECTION('',(0.E0,-1.E0,0.E0));
#2813=VECTOR('',#2812,2.5E-1);
#2814=CARTESIAN_POINT('',(0.E0,6.2E0,-1.95E0));
#2815=LINE('',#2814,#2813);
#2816=DIRECTION('',(0.E0,-1.E0,0.E0));
#2817=VECTOR('',#2816,2.5E-1);
#2818=CARTESIAN_POINT('',(0.E0,6.2E0,1.95E0));
#2819=LINE('',#2818,#2817);
#2820=CARTESIAN_POINT('',(0.E0,5.95E0,0.E0));
#2821=DIRECTION('',(0.E0,-1.E0,0.E0));
#2822=DIRECTION('',(0.E0,0.E0,-1.E0));
#2823=AXIS2_PLACEMENT_3D('',#2820,#2821,#2822);
#2825=CARTESIAN_POINT('',(0.E0,5.95E0,0.E0));
#2826=DIRECTION('',(0.E0,-1.E0,0.E0));
#2827=DIRECTION('',(0.E0,0.E0,1.E0));
#2828=AXIS2_PLACEMENT_3D('',#2825,#2826,#2827);
#2830=CARTESIAN_POINT('',(0.E0,5.95E0,0.E0));
#2831=DIRECTION('',(0.E0,1.E0,0.E0));
#2832=DIRECTION('',(0.E0,0.E0,1.E0));
#2833=AXIS2_PLACEMENT_3D('',#2830,#2831,#2832);
#2835=CARTESIAN_POINT('',(0.E0,5.95E0,0.E0));
#2836=DIRECTION('',(0.E0,1.E0,0.E0));
#2837=DIRECTION('',(0.E0,0.E0,-1.E0));
#2838=AXIS2_PLACEMENT_3D('',#2835,#2836,#2837);
#2840=CARTESIAN_POINT('',(0.E0,5.75E0,-3.65E0));
#2841=DIRECTION('',(-1.E0,0.E0,0.E0));
#2842=DIRECTION('',(0.E0,1.E0,0.E0));
#2843=AXIS2_PLACEMENT_3D('',#2840,#2841,#2842);
#2845=CARTESIAN_POINT('',(0.E0,5.75E0,0.E0));
#2846=DIRECTION('',(0.E0,-1.E0,0.E0));
#2847=DIRECTION('',(0.E0,0.E0,-1.E0));
#2848=AXIS2_PLACEMENT_3D('',#2845,#2846,#2847);
#2850=CARTESIAN_POINT('',(0.E0,5.75E0,0.E0));
#2851=DIRECTION('',(0.E0,-1.E0,0.E0));
#2852=DIRECTION('',(0.E0,0.E0,1.E0));
#2853=AXIS2_PLACEMENT_3D('',#2850,#2851,#2852);
#2855=CARTESIAN_POINT('',(0.E0,5.75E0,3.65E0));
#2856=DIRECTION('',(1.E0,0.E0,0.E0));
#2857=DIRECTION('',(0.E0,1.E0,0.E0));
#2858=AXIS2_PLACEMENT_3D('',#2855,#2856,#2857);
#2860=CARTESIAN_POINT('',(0.E0,5.75E0,-3.85E0));
#2861=CARTESIAN_POINT('',(0.E0,4.E-1,-3.85E0));
#2862=VERTEX_POINT('',#2860);
#2863=VERTEX_POINT('',#2861);
#2864=CARTESIAN_POINT('',(0.E0,5.95E0,1.95E0));
#2865=CARTESIAN_POINT('',(0.E0,5.95E0,-1.95E0));
#2866=VERTEX_POINT('',#2864);
#2867=VERTEX_POINT('',#2865);
#2868=CARTESIAN_POINT('',(0.E0,5.8E0,-4.1E0));
#2869=CARTESIAN_POINT('',(0.E0,5.8E0,4.1E0));
#2870=VERTEX_POINT('',#2868);
#2871=VERTEX_POINT('',#2869);
#2872=CARTESIAN_POINT('',(0.E0,6.2E0,1.95E0));
#2873=VERTEX_POINT('',#2872);
#2874=CARTESIAN_POINT('',(0.E0,2.5E-1,4.3E0));
#2875=CARTESIAN_POINT('',(0.E0,4.5E-1,4.1E0));
#2876=VERTEX_POINT('',#2874);
#2877=VERTEX_POINT('',#2875);
#2878=CARTESIAN_POINT('',(0.E0,5.95E0,3.65E0));
#2879=CARTESIAN_POINT('',(0.E0,5.95E0,-3.65E0));
#2880=VERTEX_POINT('',#2878);
#2881=VERTEX_POINT('',#2879);
#2882=CARTESIAN_POINT('',(0.E0,4.5E-1,-4.1E0));
#2883=VERTEX_POINT('',#2882);
#2884=CARTESIAN_POINT('',(0.E0,2.5E-1,-4.57E0));
#2885=CARTESIAN_POINT('',(0.E0,0.E0,-4.57E0));
#2886=VERTEX_POINT('',#2884);
#2887=VERTEX_POINT('',#2885);
#2888=CARTESIAN_POINT('',(0.E0,2.5E-1,4.57E0));
#2889=CARTESIAN_POINT('',(0.E0,0.E0,4.57E0));
#2890=VERTEX_POINT('',#2888);
#2891=VERTEX_POINT('',#2889);
#2892=CARTESIAN_POINT('',(0.E0,0.E0,-4.25E0));
#2893=CARTESIAN_POINT('',(0.E0,0.E0,4.25E0));
#2894=VERTEX_POINT('',#2892);
#2895=VERTEX_POINT('',#2893);
#2896=CARTESIAN_POINT('',(0.E0,4.E-1,3.85E0));
#2897=VERTEX_POINT('',#2896);
#2898=CARTESIAN_POINT('',(0.E0,6.2E0,-3.7E0));
#2899=VERTEX_POINT('',#2898);
#2900=CARTESIAN_POINT('',(0.E0,6.2E0,3.7E0));
#2901=VERTEX_POINT('',#2900);
#2902=CARTESIAN_POINT('',(0.E0,5.75E0,3.85E0));
#2903=VERTEX_POINT('',#2902);
#2904=CARTESIAN_POINT('',(0.E0,6.2E0,-1.95E0));
#2905=VERTEX_POINT('',#2904);
#2906=CARTESIAN_POINT('',(0.E0,2.5E-1,-4.3E0));
#2907=VERTEX_POINT('',#2906);
#2908=CARTESIAN_POINT('',(0.E0,4.E-1,0.E0));
#2909=DIRECTION('',(0.E0,1.E0,0.E0));
#2910=DIRECTION('',(0.E0,0.E0,1.E0));
#2911=AXIS2_PLACEMENT_3D('',#2908,#2909,#2910);
#2912=TOROIDAL_SURFACE('',#2911,4.25E0,4.E-1);
#2914=ORIENTED_EDGE('',*,*,#2913,.F.);
#2916=ORIENTED_EDGE('',*,*,#2915,.F.);
#2918=ORIENTED_EDGE('',*,*,#2917,.T.);
#2920=ORIENTED_EDGE('',*,*,#2919,.T.);
#2921=EDGE_LOOP('',(#2914,#2916,#2918,#2920));
#2922=FACE_OUTER_BOUND('',#2921,.F.);
#2924=CARTESIAN_POINT('',(0.E0,3.305587570621E1,0.E0));
#2925=DIRECTION('',(0.E0,1.E0,0.E0));
#2926=DIRECTION('',(0.E0,0.E0,1.E0));
#2927=AXIS2_PLACEMENT_3D('',#2924,#2925,#2926);
#2928=CYLINDRICAL_SURFACE('',#2927,3.85E0);
#2930=ORIENTED_EDGE('',*,*,#2929,.F.);
#2932=ORIENTED_EDGE('',*,*,#2931,.T.);
#2934=ORIENTED_EDGE('',*,*,#2933,.T.);
#2935=ORIENTED_EDGE('',*,*,#2913,.T.);
#2936=EDGE_LOOP('',(#2930,#2932,#2934,#2935));
#2937=FACE_OUTER_BOUND('',#2936,.F.);
#2939=CARTESIAN_POINT('',(0.E0,3.305587570621E1,0.E0));
#2940=DIRECTION('',(0.E0,1.E0,0.E0));
#2941=DIRECTION('',(0.E0,0.E0,1.E0));
#2942=AXIS2_PLACEMENT_3D('',#2939,#2940,#2941);
#2943=CYLINDRICAL_SURFACE('',#2942,3.85E0);
#2945=ORIENTED_EDGE('',*,*,#2944,.T.);
#2946=ORIENTED_EDGE('',*,*,#2933,.F.);
#2948=ORIENTED_EDGE('',*,*,#2947,.T.);
#2949=ORIENTED_EDGE('',*,*,#2929,.T.);
#2950=EDGE_LOOP('',(#2945,#2946,#2948,#2949));
#2951=FACE_OUTER_BOUND('',#2950,.F.);
#2953=CARTESIAN_POINT('',(0.E0,4.E-1,0.E0));
#2954=DIRECTION('',(0.E0,1.E0,0.E0));
#2955=DIRECTION('',(0.E0,0.E0,1.E0));
#2956=AXIS2_PLACEMENT_3D('',#2953,#2954,#2955);
#2957=TOROIDAL_SURFACE('',#2956,4.25E0,4.E-1);
#2958=ORIENTED_EDGE('',*,*,#2919,.F.);
#2960=ORIENTED_EDGE('',*,*,#2959,.T.);
#2961=ORIENTED_EDGE('',*,*,#2915,.T.);
#2962=ORIENTED_EDGE('',*,*,#2944,.F.);
#2963=EDGE_LOOP('',(#2958,#2960,#2961,#2962));
#2964=FACE_OUTER_BOUND('',#2963,.F.);
#2966=CARTESIAN_POINT('',(-4.57E0,0.E0,0.E0));
#2967=DIRECTION('',(0.E0,-1.E0,0.E0));
#2968=DIRECTION('',(0.E0,0.E0,-1.E0));
#2969=AXIS2_PLACEMENT_3D('',#2966,#2967,#2968);
#2970=PLANE('',#2969);
#2972=ORIENTED_EDGE('',*,*,#2971,.F.);
#2974=ORIENTED_EDGE('',*,*,#2973,.F.);
#2975=EDGE_LOOP('',(#2972,#2974));
#2976=FACE_OUTER_BOUND('',#2975,.F.);
#2977=ORIENTED_EDGE('',*,*,#2917,.F.);
#2978=ORIENTED_EDGE('',*,*,#2959,.F.);
#2979=EDGE_LOOP('',(#2977,#2978));
#2980=FACE_BOUND('',#2979,.F.);
#2982=CARTESIAN_POINT('',(0.E0,3.305587570621E1,0.E0));
#2983=DIRECTION('',(0.E0,1.E0,0.E0));
#2984=DIRECTION('',(0.E0,0.E0,1.E0));
#2985=AXIS2_PLACEMENT_3D('',#2982,#2983,#2984);
#2986=CYLINDRICAL_SURFACE('',#2985,4.57E0);
#2987=ORIENTED_EDGE('',*,*,#2971,.T.);
#2989=ORIENTED_EDGE('',*,*,#2988,.F.);
#2991=ORIENTED_EDGE('',*,*,#2990,.T.);
#2993=ORIENTED_EDGE('',*,*,#2992,.T.);
#2994=EDGE_LOOP('',(#2987,#2989,#2991,#2993));
#2995=FACE_OUTER_BOUND('',#2994,.F.);
#2997=CARTESIAN_POINT('',(0.E0,3.305587570621E1,0.E0));
#2998=DIRECTION('',(0.E0,1.E0,0.E0));
#2999=DIRECTION('',(0.E0,0.E0,1.E0));
#3000=AXIS2_PLACEMENT_3D('',#2997,#2998,#2999);
#3001=CYLINDRICAL_SURFACE('',#3000,4.57E0);
#3002=ORIENTED_EDGE('',*,*,#2992,.F.);
#3004=ORIENTED_EDGE('',*,*,#3003,.T.);
#3005=ORIENTED_EDGE('',*,*,#2988,.T.);
#3006=ORIENTED_EDGE('',*,*,#2973,.T.);
#3007=EDGE_LOOP('',(#3002,#3004,#3005,#3006));
#3008=FACE_OUTER_BOUND('',#3007,.F.);
#3010=CARTESIAN_POINT('',(-4.57E0,2.5E-1,0.E0));
#3011=DIRECTION('',(0.E0,1.E0,0.E0));
#3012=DIRECTION('',(0.E0,0.E0,1.E0));
#3013=AXIS2_PLACEMENT_3D('',#3010,#3011,#3012);
#3014=PLANE('',#3013);
#3015=ORIENTED_EDGE('',*,*,#2990,.F.);
#3016=ORIENTED_EDGE('',*,*,#3003,.F.);
#3017=EDGE_LOOP('',(#3015,#3016));
#3018=FACE_OUTER_BOUND('',#3017,.F.);
#3020=ORIENTED_EDGE('',*,*,#3019,.F.);
#3022=ORIENTED_EDGE('',*,*,#3021,.F.);
#3023=EDGE_LOOP('',(#3020,#3022));
#3024=FACE_BOUND('',#3023,.F.);
#3026=CARTESIAN_POINT('',(0.E0,4.5E-1,0.E0));
#3027=DIRECTION('',(0.E0,1.E0,0.E0));
#3028=DIRECTION('',(0.E0,0.E0,1.E0));
#3029=AXIS2_PLACEMENT_3D('',#3026,#3027,#3028);
#3030=TOROIDAL_SURFACE('',#3029,4.3E0,2.E-1);
#3032=ORIENTED_EDGE('',*,*,#3031,.F.);
#3033=ORIENTED_EDGE('',*,*,#3019,.T.);
#3035=ORIENTED_EDGE('',*,*,#3034,.T.);
#3037=ORIENTED_EDGE('',*,*,#3036,.F.);
#3038=EDGE_LOOP('',(#3032,#3033,#3035,#3037));
#3039=FACE_OUTER_BOUND('',#3038,.F.);
#3041=CARTESIAN_POINT('',(0.E0,4.5E-1,0.E0));
#3042=DIRECTION('',(0.E0,1.E0,0.E0));
#3043=DIRECTION('',(0.E0,0.E0,1.E0));
#3044=AXIS2_PLACEMENT_3D('',#3041,#3042,#3043);
#3045=TOROIDAL_SURFACE('',#3044,4.3E0,2.E-1);
#3047=ORIENTED_EDGE('',*,*,#3046,.F.);
#3048=ORIENTED_EDGE('',*,*,#3034,.F.);
#3049=ORIENTED_EDGE('',*,*,#3021,.T.);
#3050=ORIENTED_EDGE('',*,*,#3031,.T.);
#3051=EDGE_LOOP('',(#3047,#3048,#3049,#3050));
#3052=FACE_OUTER_BOUND('',#3051,.F.);
#3054=CARTESIAN_POINT('',(0.E0,3.305587570621E1,0.E0));
#3055=DIRECTION('',(0.E0,1.E0,0.E0));
#3056=DIRECTION('',(0.E0,0.E0,1.E0));
#3057=AXIS2_PLACEMENT_3D('',#3054,#3055,#3056);
#3058=CYLINDRICAL_SURFACE('',#3057,4.1E0);
#3060=ORIENTED_EDGE('',*,*,#3059,.F.);
#3062=ORIENTED_EDGE('',*,*,#3061,.T.);
#3064=ORIENTED_EDGE('',*,*,#3063,.T.);
#3065=ORIENTED_EDGE('',*,*,#3046,.T.);
#3066=EDGE_LOOP('',(#3060,#3062,#3064,#3065));
#3067=FACE_OUTER_BOUND('',#3066,.F.);
#3069=CARTESIAN_POINT('',(0.E0,3.305587570621E1,0.E0));
#3070=DIRECTION('',(0.E0,1.E0,0.E0));
#3071=DIRECTION('',(0.E0,0.E0,1.E0));
#3072=AXIS2_PLACEMENT_3D('',#3069,#3070,#3071);
#3073=CYLINDRICAL_SURFACE('',#3072,4.1E0);
#3074=ORIENTED_EDGE('',*,*,#3036,.T.);
#3075=ORIENTED_EDGE('',*,*,#3063,.F.);
#3077=ORIENTED_EDGE('',*,*,#3076,.T.);
#3078=ORIENTED_EDGE('',*,*,#3059,.T.);
#3079=EDGE_LOOP('',(#3074,#3075,#3077,#3078));
#3080=FACE_OUTER_BOUND('',#3079,.F.);
#3082=CARTESIAN_POINT('',(0.E0,5.8E0,0.E0));
#3083=DIRECTION('',(0.E0,1.E0,0.E0));
#3084=DIRECTION('',(0.E0,0.E0,1.E0));
#3085=AXIS2_PLACEMENT_3D('',#3082,#3083,#3084);
#3086=TOROIDAL_SURFACE('',#3085,3.7E0,4.E-1);
#3087=ORIENTED_EDGE('',*,*,#3076,.F.);
#3089=ORIENTED_EDGE('',*,*,#3088,.F.);
#3091=ORIENTED_EDGE('',*,*,#3090,.T.);
#3093=ORIENTED_EDGE('',*,*,#3092,.T.);
#3094=EDGE_LOOP('',(#3087,#3089,#3091,#3093));
#3095=FACE_OUTER_BOUND('',#3094,.F.);
#3097=CARTESIAN_POINT('',(0.E0,5.8E0,0.E0));
#3098=DIRECTION('',(0.E0,1.E0,0.E0));
#3099=DIRECTION('',(0.E0,0.E0,1.E0));
#3100=AXIS2_PLACEMENT_3D('',#3097,#3098,#3099);
#3101=TOROIDAL_SURFACE('',#3100,3.7E0,4.E-1);
#3102=ORIENTED_EDGE('',*,*,#3092,.F.);
#3104=ORIENTED_EDGE('',*,*,#3103,.T.);
#3105=ORIENTED_EDGE('',*,*,#3088,.T.);
#3106=ORIENTED_EDGE('',*,*,#3061,.F.);
#3107=EDGE_LOOP('',(#3102,#3104,#3105,#3106));
#3108=FACE_OUTER_BOUND('',#3107,.F.);
#3110=CARTESIAN_POINT('',(-3.7E0,6.2E0,0.E0));
#3111=DIRECTION('',(0.E0,1.E0,0.E0));
#3112=DIRECTION('',(0.E0,0.E0,1.E0));
#3113=AXIS2_PLACEMENT_3D('',#3110,#3111,#3112);
#3114=PLANE('',#3113);
#3115=ORIENTED_EDGE('',*,*,#3090,.F.);
#3116=ORIENTED_EDGE('',*,*,#3103,.F.);
#3117=EDGE_LOOP('',(#3115,#3116));
#3118=FACE_OUTER_BOUND('',#3117,.F.);
#3120=ORIENTED_EDGE('',*,*,#3119,.F.);
#3122=ORIENTED_EDGE('',*,*,#3121,.F.);
#3123=EDGE_LOOP('',(#3120,#3122));
#3124=FACE_BOUND('',#3123,.F.);
#3126=CARTESIAN_POINT('',(0.E0,3.305587570621E1,0.E0));
#3127=DIRECTION('',(0.E0,1.E0,0.E0));
#3128=DIRECTION('',(0.E0,0.E0,1.E0));
#3129=AXIS2_PLACEMENT_3D('',#3126,#3127,#3128);
#3130=CYLINDRICAL_SURFACE('',#3129,1.95E0);
#3132=ORIENTED_EDGE('',*,*,#3131,.F.);
#3133=ORIENTED_EDGE('',*,*,#3119,.T.);
#3135=ORIENTED_EDGE('',*,*,#3134,.T.);
#3137=ORIENTED_EDGE('',*,*,#3136,.T.);
#3138=EDGE_LOOP('',(#3132,#3133,#3135,#3137));
#3139=FACE_OUTER_BOUND('',#3138,.F.);
#3141=CARTESIAN_POINT('',(0.E0,3.305587570621E1,0.E0));
#3142=DIRECTION('',(0.E0,1.E0,0.E0));
#3143=DIRECTION('',(0.E0,0.E0,1.E0));
#3144=AXIS2_PLACEMENT_3D('',#3141,#3142,#3143);
#3145=CYLINDRICAL_SURFACE('',#3144,1.95E0);
#3147=ORIENTED_EDGE('',*,*,#3146,.T.);
#3148=ORIENTED_EDGE('',*,*,#3134,.F.);
#3149=ORIENTED_EDGE('',*,*,#3121,.T.);
#3150=ORIENTED_EDGE('',*,*,#3131,.T.);
#3151=EDGE_LOOP('',(#3147,#3148,#3149,#3150));
#3152=FACE_OUTER_BOUND('',#3151,.F.);
#3154=CARTESIAN_POINT('',(-1.95E0,5.95E0,0.E0));
#3155=DIRECTION('',(0.E0,-1.E0,0.E0));
#3156=DIRECTION('',(0.E0,0.E0,-1.E0));
#3157=AXIS2_PLACEMENT_3D('',#3154,#3155,#3156);
#3158=PLANE('',#3157);
#3160=ORIENTED_EDGE('',*,*,#3159,.F.);
#3162=ORIENTED_EDGE('',*,*,#3161,.F.);
#3163=EDGE_LOOP('',(#3160,#3162));
#3164=FACE_OUTER_BOUND('',#3163,.F.);
#3165=ORIENTED_EDGE('',*,*,#3136,.F.);
#3166=ORIENTED_EDGE('',*,*,#3146,.F.);
#3167=EDGE_LOOP('',(#3165,#3166));
#3168=FACE_BOUND('',#3167,.F.);
#3170=CARTESIAN_POINT('',(0.E0,5.75E0,0.E0));
#3171=DIRECTION('',(0.E0,1.E0,0.E0));
#3172=DIRECTION('',(0.E0,0.E0,1.E0));
#3173=AXIS2_PLACEMENT_3D('',#3170,#3171,#3172);
#3174=TOROIDAL_SURFACE('',#3173,3.65E0,2.E-1);
#3176=ORIENTED_EDGE('',*,*,#3175,.F.);
#3177=ORIENTED_EDGE('',*,*,#3159,.T.);
#3179=ORIENTED_EDGE('',*,*,#3178,.T.);
#3180=ORIENTED_EDGE('',*,*,#2931,.F.);
#3181=EDGE_LOOP('',(#3176,#3177,#3179,#3180));
#3182=FACE_OUTER_BOUND('',#3181,.F.);
#3184=CARTESIAN_POINT('',(0.E0,5.75E0,0.E0));
#3185=DIRECTION('',(0.E0,1.E0,0.E0));
#3186=DIRECTION('',(0.E0,0.E0,1.E0));
#3187=AXIS2_PLACEMENT_3D('',#3184,#3185,#3186);
#3188=TOROIDAL_SURFACE('',#3187,3.65E0,2.E-1);
#3189=ORIENTED_EDGE('',*,*,#2947,.F.);
#3190=ORIENTED_EDGE('',*,*,#3178,.F.);
#3191=ORIENTED_EDGE('',*,*,#3161,.T.);
#3192=ORIENTED_EDGE('',*,*,#3175,.T.);
#3193=EDGE_LOOP('',(#3189,#3190,#3191,#3192));
#3194=FACE_OUTER_BOUND('',#3193,.F.);
#3196=CLOSED_SHELL('',(#2923,#2938,#2952,#2965,#2981,#2996,#3009,#3025,#3040,
#3053,#3068,#3081,#3096,#3109,#3125,#3140,#3153,#3169,#3183,#3195));
#3197=MANIFOLD_SOLID_BREP('',#3196);
#3199=DIMENSIONAL_EXPONENTS(0.E0,0.E0,0.E0,0.E0,0.E0,0.E0,0.E0);
#3201=PLANE_ANGLE_MEASURE_WITH_UNIT(PLANE_ANGLE_MEASURE(1.745329251994E-2),
#3200);
#3202=(CONVERSION_BASED_UNIT('DEGREE',#3201)NAMED_UNIT(*)PLANE_ANGLE_UNIT());
#3204=UNCERTAINTY_MEASURE_WITH_UNIT(LENGTH_MEASURE(1.433937430171E-3),#3198,
'closure',
'Maximum model space distance between geometric entities at asserted connectivities');
#3206=CARTESIAN_POINT('',(0.E0,0.E0,0.E0));
#3207=DIRECTION('',(0.E0,0.E0,1.E0));
#3208=DIRECTION('',(1.E0,0.E0,0.E0));
#3211=MECHANICAL_CONTEXT('',#251,'mechanical');
#3212=PRODUCT('90640-CAP_ANY','90640-CAP_ANY','NOT SPECIFIED',(#3211));
#3213=PRODUCT_DEFINITION_FORMATION_WITH_SPECIFIED_SOURCE('','LAST_VERSION',
#3212,.MADE.);
#3219=CARTESIAN_POINT('',(-1.007088853543E0,6.425421087873E0,
-8.747149073110E0));
#3220=DIRECTION('',(0.E0,0.E0,1.E0));
#3221=DIRECTION('',(1.E0,0.E0,0.E0));
#3222=AXIS2_PLACEMENT_3D('',#3219,#3220,#3221);
#3223=ITEM_DEFINED_TRANSFORMATION('','',#3209,#3222);
#3224=CARTESIAN_POINT('',(0.E0,0.E0,0.E0));
#3225=DIRECTION('',(0.E0,0.E0,1.E0));
#3226=DIRECTION('',(1.E0,0.E0,0.E0));
#3228=(REPRESENTATION_RELATIONSHIP('','',#3210,#1606)REPRESENTATION_RELATIONSHIP_WITH_TRANSFORMATION(#3223)SHAPE_REPRESENTATION_RELATIONSHIP());
#3229=CONTEXT_DEPENDENT_SHAPE_REPRESENTATION(#3228,#3218);
#3231=DIMENSIONAL_EXPONENTS(0.E0,0.E0,0.E0,0.E0,0.E0,0.E0,0.E0);
#3233=PLANE_ANGLE_MEASURE_WITH_UNIT(PLANE_ANGLE_MEASURE(1.745329251994E-2),
#3232);
#3234=(CONVERSION_BASED_UNIT('DEGREE',#3233)NAMED_UNIT(*)PLANE_ANGLE_UNIT());
#3236=UNCERTAINTY_MEASURE_WITH_UNIT(LENGTH_MEASURE(2.304468061937E-3),#3230,
'closure',
'Maximum model space distance between geometric entities at asserted connectivities');
#3238=CARTESIAN_POINT('',(0.E0,0.E0,0.E0));
#3239=DIRECTION('',(0.E0,0.E0,1.E0));
#3240=DIRECTION('',(1.E0,0.E0,0.E0));
#3242=DESIGN_CONTEXT('',#251,'design');
#3243=MECHANICAL_CONTEXT('',#251,'mechanical');
#3244=PRODUCT('MLX90640-FOV60_BF1_ANY_ASM','MLX90640-FOV60_BF1_ANY_ASM',
'NOT SPECIFIED',(#3243));
#3245=PRODUCT_DEFINITION_FORMATION_WITH_SPECIFIED_SOURCE('','LAST_VERSION',
#3244,.MADE.);
#3252=CARTESIAN_POINT('',(0.E0,0.E0,0.E0));
#3253=DIRECTION('',(0.E0,0.E0,1.E0));
#3254=DIRECTION('',(1.E0,0.E0,0.E0));
#3255=AXIS2_PLACEMENT_3D('',#3252,#3253,#3254);
#3256=ITEM_DEFINED_TRANSFORMATION('','',#1617,#3255);
#3257=(REPRESENTATION_RELATIONSHIP('','',#1606,#3249)REPRESENTATION_RELATIONSHIP_WITH_TRANSFORMATION(#3256)SHAPE_REPRESENTATION_RELATIONSHIP());
#3258=CONTEXT_DEPENDENT_SHAPE_REPRESENTATION(#3257,#3251);
#3260=DIMENSIONAL_EXPONENTS(0.E0,0.E0,0.E0,0.E0,0.E0,0.E0,0.E0);
#3262=PLANE_ANGLE_MEASURE_WITH_UNIT(PLANE_ANGLE_MEASURE(1.745329251994E-2),
#3261);
#3263=(CONVERSION_BASED_UNIT('DEGREE',#3262)NAMED_UNIT(*)PLANE_ANGLE_UNIT());
#3265=UNCERTAINTY_MEASURE_WITH_UNIT(LENGTH_MEASURE(9.978639419235E-4),#3259,
'closure',
'Maximum model space distance between geometric entities at asserted connectivities');
#3267=CARTESIAN_POINT('',(0.E0,0.E0,0.E0));
#3268=DIRECTION('',(0.E0,0.E0,1.E0));
#3269=DIRECTION('',(1.E0,0.E0,0.E0));
#3272=MECHANICAL_CONTEXT('',#251,'mechanical');
#3273=PRODUCT('_MLX90640-FOV60_BF1','_MLX90640-FOV60_BF1','NOT SPECIFIED',
(#3272));
#3274=PRODUCT_DEFINITION_FORMATION_WITH_SPECIFIED_SOURCE('','LAST_VERSION',
#3273,.MADE.);
#3280=CARTESIAN_POINT('',(0.E0,0.E0,0.E0));
#3281=DIRECTION('',(0.E0,0.E0,1.E0));
#3282=DIRECTION('',(1.E0,0.E0,0.E0));
#3283=AXIS2_PLACEMENT_3D('',#3280,#3281,#3282);
#3284=ITEM_DEFINED_TRANSFORMATION('','',#3270,#3283);
#3285=(REPRESENTATION_RELATIONSHIP('','',#3271,#3249)REPRESENTATION_RELATIONSHIP_WITH_TRANSFORMATION(#3284)SHAPE_REPRESENTATION_RELATIONSHIP());
#3286=CONTEXT_DEPENDENT_SHAPE_REPRESENTATION(#3285,#3279);
#3288=DIMENSIONAL_EXPONENTS(0.E0,0.E0,0.E0,0.E0,0.E0,0.E0,0.E0);
#3290=PLANE_ANGLE_MEASURE_WITH_UNIT(PLANE_ANGLE_MEASURE(1.745329251994E-2),
#3289);
#3291=(CONVERSION_BASED_UNIT('DEGREE',#3290)NAMED_UNIT(*)PLANE_ANGLE_UNIT());
#3293=UNCERTAINTY_MEASURE_WITH_UNIT(LENGTH_MEASURE(2.304468061937E-3),#3287,
'closure',
'Maximum model space distance between geometric entities at asserted connectivities');
#3295=CARTESIAN_POINT('',(0.E0,0.E0,0.E0));
#3296=DIRECTION('',(0.E0,0.E0,1.E0));
#3297=DIRECTION('',(1.E0,0.E0,0.E0));
#3299=DESIGN_CONTEXT('',#251,'design');
#3300=MECHANICAL_CONTEXT('',#251,'mechanical');
#3301=PRODUCT('MLX90640-FOV60_BF1_ASM','MLX90640-FOV60_BF1_ASM','NOT SPECIFIED',
(#3300));
#3302=PRODUCT_DEFINITION_FORMATION_WITH_SPECIFIED_SOURCE('','LAST_VERSION',
#3301,.MADE.);
#3304=PRODUCT_CATEGORY('part','');
#3305=PRODUCT_RELATED_PRODUCT_CATEGORY('assembly','',(#1601,#3244,#3301));
#3306=PRODUCT_CATEGORY_RELATIONSHIP('','',#3304,#3305);
#3307=PRODUCT_CATEGORY('part','');
#3308=PRODUCT_RELATED_PRODUCT_CATEGORY('detail','',(#255,#379,#1355,#1569,#2481,
#2649,#3212,#3273));
#3309=PRODUCT_CATEGORY_RELATIONSHIP('','',#3307,#3308);
#3310=SECURITY_CLASSIFICATION_LEVEL('unclassified');
#3311=SECURITY_CLASSIFICATION('','',#3310);
#3312=CC_DESIGN_SECURITY_CLASSIFICATION(#3311,(#256,#380,#1356,#1570,#1602,
#2482,#2650,#3213,#3245,#3274,#3302,#263,#384,#397,#410,#423,#1360,#1373,#1574,
#1607,#2486,#2654,#3217,#3250,#3278));
#3313=APPROVAL_STATUS('approved');
#3314=APPROVAL(#3313,'');
#3315=CC_DESIGN_APPROVAL(#3314,(#3311,#256,#380,#1356,#1570,#1602,#2482,#2650,
#3213,#3245,#3274,#3302,#257,#381,#1357,#1571,#1603,#2483,#2651,#3214,#3246,
#3275,#3303));
#3316=CALENDAR_DATE(118,16,3);
#3317=COORDINATED_UNIVERSAL_TIME_OFFSET(1,0,.AHEAD.);
#3318=LOCAL_TIME(11,14,6.E0,#3317);
#3319=DATE_AND_TIME(#3316,#3318);
#3320=APPROVAL_DATE_TIME(#3319,#3314);
#3321=DATE_TIME_ROLE('creation_date');
#3322=CC_DESIGN_DATE_AND_TIME_ASSIGNMENT(#3319,#3321,(#257,#381,#1357,#1571,
#1603,#2483,#2651,#3214,#3246,#3275,#3303));
#3323=DATE_TIME_ROLE('classification_date');
#3324=CC_DESIGN_DATE_AND_TIME_ASSIGNMENT(#3319,#3323,(#3311));
#3325=PERSON('UNSPECIFIED','UNSPECIFIED',$,$,$,$);
#3326=ORGANIZATION('UNSPECIFIED','UNSPECIFIED','UNSPECIFIED');
#3327=PERSON_AND_ORGANIZATION(#3325,#3326);
#3328=APPROVAL_ROLE('approver');
#3329=APPROVAL_PERSON_ORGANIZATION(#3327,#3314,#3328);
#3330=PERSON_AND_ORGANIZATION_ROLE('creator');
#3331=CC_DESIGN_PERSON_AND_ORGANIZATION_ASSIGNMENT(#3327,#3330,(#256,#380,#1356,
#1570,#1602,#2482,#2650,#3213,#3245,#3274,#3302,#257,#381,#1357,#1571,#1603,
#2483,#2651,#3214,#3246,#3275,#3303));
#3332=PERSON_AND_ORGANIZATION_ROLE('design_supplier');
#3333=CC_DESIGN_PERSON_AND_ORGANIZATION_ASSIGNMENT(#3327,#3332,(#256,#380,#1356,
#1570,#1602,#2482,#2650,#3213,#3245,#3274,#3302));
#3334=PERSON_AND_ORGANIZATION_ROLE('classification_officer');
#3335=CC_DESIGN_PERSON_AND_ORGANIZATION_ASSIGNMENT(#3327,#3334,(#3311));
#3336=PERSON_AND_ORGANIZATION_ROLE('design_owner');
#3337=CC_DESIGN_PERSON_AND_ORGANIZATION_ASSIGNMENT(#3327,#3336,(#1601,#3244,
#3301,#255,#379,#1355,#1569,#2481,#2649,#3212,#3273));
#6=CIRCLE('',#5,5.6E-1);
#11=CIRCLE('',#10,5.6E-1);
#16=CIRCLE('',#15,4.E-1);
#21=CIRCLE('',#20,4.E-1);
#34=CIRCLE('',#33,2.25E-1);
#39=CIRCLE('',#38,2.368807716975E-1);
#44=CIRCLE('',#43,5.6E-1);
#53=CIRCLE('',#52,2.03125E-1);
#58=CIRCLE('',#57,2.25E-1);
#63=CIRCLE('',#62,2.03125E-1);
#68=CIRCLE('',#67,2.25E-1);
#77=CIRCLE('',#76,2.368807716975E-1);
#82=CIRCLE('',#81,5.6E-1);
#87=CIRCLE('',#86,2.25E-1);
#113=EDGE_CURVE('',#104,#105,#6,.T.);
#115=EDGE_CURVE('',#105,#104,#11,.T.);
#119=EDGE_CURVE('',#107,#91,#16,.T.);
#121=EDGE_CURVE('',#91,#107,#21,.T.);
#125=ADVANCED_FACE('',(#118,#124),#112,.T.);
#132=EDGE_CURVE('',#100,#105,#25,.T.);
#134=EDGE_CURVE('',#100,#96,#82,.T.);
#136=EDGE_CURVE('',#96,#104,#29,.T.);
#140=ADVANCED_FACE('',(#139),#130,.T.);
#147=EDGE_CURVE('',#96,#100,#44,.T.);
#153=ADVANCED_FACE('',(#152),#145,.T.);
#159=EDGE_CURVE('',#101,#97,#34,.T.);
#161=EDGE_CURVE('',#100,#101,#39,.T.);
#164=EDGE_CURVE('',#96,#97,#77,.T.);
#168=ADVANCED_FACE('',(#167),#158,.F.);
#174=EDGE_CURVE('',#90,#93,#58,.T.);
#176=EDGE_CURVE('',#101,#93,#48,.T.);
#179=EDGE_CURVE('',#97,#90,#72,.T.);
#183=ADVANCED_FACE('',(#182),#173,.F.);
#190=EDGE_CURVE('',#93,#107,#53,.T.);
#193=EDGE_CURVE('',#90,#91,#63,.T.);
#197=ADVANCED_FACE('',(#196),#188,.F.);
#204=EDGE_CURVE('',#93,#90,#68,.T.);
#210=ADVANCED_FACE('',(#209),#202,.F.);
#217=EDGE_CURVE('',#97,#101,#87,.T.);
#223=ADVANCED_FACE('',(#222),#215,.F.);
#235=ADVANCED_FACE('',(#234),#228,.F.);
#238=(LENGTH_UNIT()NAMED_UNIT(*)SI_UNIT(.MILLI.,.METRE.));
#240=(NAMED_UNIT(*)PLANE_ANGLE_UNIT()SI_UNIT($,.RADIAN.));
#243=(NAMED_UNIT(*)SI_UNIT($,.STERADIAN.)SOLID_ANGLE_UNIT());
#245=(GEOMETRIC_REPRESENTATION_CONTEXT(3)GLOBAL_UNCERTAINTY_ASSIGNED_CONTEXT((
#244))GLOBAL_UNIT_ASSIGNED_CONTEXT((#238,#242,#243))REPRESENTATION_CONTEXT
('ID1','3'));
#249=AXIS2_PLACEMENT_3D('',#246,#247,#248);
#250=ADVANCED_BREP_SHAPE_REPRESENTATION('',(#249,#237),#245);
#257=PRODUCT_DEFINITION('design','',#256,#253);
#258=PRODUCT_DEFINITION_SHAPE('','SHAPE FOR 90640-GLASS_ANY.',#257);
#259=SHAPE_DEFINITION_REPRESENTATION(#258,#250);
#260=SHAPE_DEFINITION_REPRESENTATION(#261,#262);
#261=PRODUCT_DEFINITION_SHAPE('','SHAPE FOR MLX9064X_HEADER_ASSY_ANY_ASM.',
#1603);
#262=SHAPE_REPRESENTATION('',(#273,#268,#394,#389,#407,#402,#420,#415,#433,#428,
#1370,#1365,#1383,#1378,#1584,#1579,#1598),#1594);
#263=NEXT_ASSEMBLY_USAGE_OCCURRENCE('0','Next assembly relationship',
'90640-GLASS_ANY',#1603,#257,$);
#264=PRODUCT_DEFINITION_SHAPE('Placement #0',
'Placement of 90640-GLASS_ANY with respect to MLX9064X_HEADER_ASSY_ANY_ASM',
#263);
#273=AXIS2_PLACEMENT_3D('',#270,#271,#272);
#281=CIRCLE('',#280,2.25E-1);
#286=CIRCLE('',#285,2.25E-1);
#299=CIRCLE('',#298,2.25E-1);
#304=CIRCLE('',#303,2.25E-1);
#318=EDGE_CURVE('',#307,#311,#281,.T.);
#320=EDGE_CURVE('',#311,#307,#286,.T.);
#324=ADVANCED_FACE('',(#323),#317,.F.);
#330=EDGE_CURVE('',#307,#308,#290,.T.);
#333=EDGE_CURVE('',#311,#312,#294,.T.);
#335=EDGE_CURVE('',#312,#308,#299,.T.);
#339=ADVANCED_FACE('',(#338),#329,.T.);
#345=EDGE_CURVE('',#308,#312,#304,.T.);
#352=ADVANCED_FACE('',(#351),#344,.T.);
#362=ADVANCED_FACE('',(#361),#357,.T.);
#365=(LENGTH_UNIT()NAMED_UNIT(*)SI_UNIT(.MILLI.,.METRE.));
#367=(NAMED_UNIT(*)PLANE_ANGLE_UNIT()SI_UNIT($,.RADIAN.));
#370=(NAMED_UNIT(*)SI_UNIT($,.STERADIAN.)SOLID_ANGLE_UNIT());
#372=(GEOMETRIC_REPRESENTATION_CONTEXT(3)GLOBAL_UNCERTAINTY_ASSIGNED_CONTEXT((
#371))GLOBAL_UNIT_ASSIGNED_CONTEXT((#365,#369,#370))REPRESENTATION_CONTEXT
('ID2','3'));
#376=AXIS2_PLACEMENT_3D('',#373,#374,#375);
#377=ADVANCED_BREP_SHAPE_REPRESENTATION('',(#376,#364),#372);
#381=PRODUCT_DEFINITION('design','',#380,#253);
#382=PRODUCT_DEFINITION_SHAPE('','SHAPE FOR 90640PIN_ANY.',#381);
#383=SHAPE_DEFINITION_REPRESENTATION(#382,#377);
#384=NEXT_ASSEMBLY_USAGE_OCCURRENCE('1','Next assembly relationship',
'90640PIN_ANY',#1603,#381,$);
#385=PRODUCT_DEFINITION_SHAPE('Placement #1',
'Placement of 90640PIN_ANY with respect to MLX9064X_HEADER_ASSY_ANY_ASM',#384);
#394=AXIS2_PLACEMENT_3D('',#391,#392,#393);
#397=NEXT_ASSEMBLY_USAGE_OCCURRENCE('2','Next assembly relationship',
'90640PIN_ANY',#1603,#381,$);
#398=PRODUCT_DEFINITION_SHAPE('Placement #2',
'Placement of 90640PIN_ANY with respect to MLX9064X_HEADER_ASSY_ANY_ASM',#397);
#407=AXIS2_PLACEMENT_3D('',#404,#405,#406);
#410=NEXT_ASSEMBLY_USAGE_OCCURRENCE('3','Next assembly relationship',
'90640PIN_ANY',#1603,#381,$);
#411=PRODUCT_DEFINITION_SHAPE('Placement #3',
'Placement of 90640PIN_ANY with respect to MLX9064X_HEADER_ASSY_ANY_ASM',#410);
#420=AXIS2_PLACEMENT_3D('',#417,#418,#419);
#423=NEXT_ASSEMBLY_USAGE_OCCURRENCE('4','Next assembly relationship',
'90640-GLASS_ANY',#1603,#257,$);
#424=PRODUCT_DEFINITION_SHAPE('Placement #4',
'Placement of 90640-GLASS_ANY with respect to MLX9064X_HEADER_ASSY_ANY_ASM',
#423);
#433=AXIS2_PLACEMENT_3D('',#430,#431,#432);
#449=CIRCLE('',#448,2.E-1);
#454=CIRCLE('',#453,4.01E0);
#459=CIRCLE('',#458,4.01E0);
#464=CIRCLE('',#463,2.E-1);
#469=CIRCLE('',#468,4.57E0);
#474=CIRCLE('',#473,2.E-1);
#483=CIRCLE('',#482,2.E-1);
#492=CIRCLE('',#491,2.E-1);
#497=CIRCLE('',#496,2.E-1);
#506=CIRCLE('',#505,2.E-1);
#511=CIRCLE('',#510,2.E-1);
#516=CIRCLE('',#515,4.57E0);
#521=CIRCLE('',#520,4.57E0);
#526=CIRCLE('',#525,4.21E0);
#531=CIRCLE('',#530,4.21E0);
#536=CIRCLE('',#535,4.57E0);
#541=CIRCLE('',#540,4.57E0);
#546=CIRCLE('',#545,4.57E0);
#551=CIRCLE('',#550,2.E-1);
#556=CIRCLE('',#555,2.E-1);
#565=CIRCLE('',#564,2.E-1);
#570=CIRCLE('',#569,2.E-1);
#579=CIRCLE('',#578,2.E-1);
#588=CIRCLE('',#587,2.E-1);
#593=CIRCLE('',#592,5.6E-1);
#598=CIRCLE('',#597,5.6E-1);
#603=CIRCLE('',#602,5.6E-1);
#608=CIRCLE('',#607,5.6E-1);
#613=CIRCLE('',#612,3.5E-1);
#618=CIRCLE('',#617,3.5E-1);
#623=CIRCLE('',#622,5.6E-1);
#628=CIRCLE('',#627,5.6E-1);
#685=CIRCLE('',#684,3.81E0);
#690=CIRCLE('',#689,3.81E0);
#695=CIRCLE('',#694,5.6E-1);
#700=CIRCLE('',#699,5.6E-1);
#705=CIRCLE('',#704,5.6E-1);
#710=CIRCLE('',#709,5.6E-1);
#715=CIRCLE('',#714,5.6E-1);
#720=CIRCLE('',#719,5.6E-1);
#725=CIRCLE('',#724,4.01E0);
#730=CIRCLE('',#729,2.E-1);
#735=CIRCLE('',#734,2.E-1);
#740=CIRCLE('',#739,4.01E0);
#769=CIRCLE('',#768,3.5E-1);
#774=CIRCLE('',#773,3.5E-1);
#876=EDGE_CURVE('',#777,#778,#440,.T.);
#878=EDGE_CURVE('',#777,#850,#740,.T.);
#880=EDGE_CURVE('',#850,#812,#444,.T.);
#882=EDGE_CURVE('',#812,#778,#459,.T.);
#886=ADVANCED_FACE('',(#885),#875,.T.);
#892=EDGE_CURVE('',#778,#812,#454,.T.);
#895=EDGE_CURVE('',#850,#777,#725,.T.);
#900=ADVANCED_FACE('',(#899),#891,.T.);
#906=EDGE_CURVE('',#781,#778,#449,.T.);
#908=EDGE_CURVE('',#781,#782,#526,.T.);
#910=EDGE_CURVE('',#782,#812,#464,.T.);
#915=ADVANCED_FACE('',(#914),#905,.F.);
#923=EDGE_CURVE('',#782,#781,#531,.T.);
#928=ADVANCED_FACE('',(#927),#920,.F.);
#934=EDGE_CURVE('',#790,#805,#469,.T.);
#936=EDGE_CURVE('',#837,#790,#474,.T.);
#938=EDGE_CURVE('',#866,#837,#478,.T.);
#940=EDGE_CURVE('',#830,#866,#483,.T.);
#942=EDGE_CURVE('',#802,#830,#487,.T.);
#944=EDGE_CURVE('',#801,#802,#492,.T.);
#946=EDGE_CURVE('',#848,#801,#497,.T.);
#948=EDGE_CURVE('',#847,#848,#501,.T.);
#950=EDGE_CURVE('',#870,#847,#506,.T.);
#952=EDGE_CURVE('',#840,#870,#511,.T.);
#954=EDGE_CURVE('',#806,#840,#516,.T.);
#956=EDGE_CURVE('',#805,#806,#521,.T.);
#964=ADVANCED_FACE('',(#959,#963),#933,.T.);
#970=EDGE_CURVE('',#854,#789,#536,.T.);
#972=EDGE_CURVE('',#789,#790,#672,.T.);
#975=EDGE_CURVE('',#805,#854,#632,.T.);
#979=ADVANCED_FACE('',(#978),#969,.T.);
#986=EDGE_CURVE('',#798,#854,#541,.T.);
#988=EDGE_CURVE('',#797,#798,#546,.T.);
#990=EDGE_CURVE('',#810,#797,#551,.T.);
#992=EDGE_CURVE('',#809,#810,#556,.T.);
#994=EDGE_CURVE('',#852,#809,#560,.T.);
#996=EDGE_CURVE('',#858,#852,#565,.T.);
#998=EDGE_CURVE('',#824,#858,#570,.T.);
#1000=EDGE_CURVE('',#823,#824,#574,.T.);
#1002=EDGE_CURVE('',#860,#823,#579,.T.);
#1004=EDGE_CURVE('',#838,#860,#583,.T.);
#1006=EDGE_CURVE('',#789,#838,#588,.T.);
#1010=EDGE_CURVE('',#868,#856,#593,.T.);
#1012=EDGE_CURVE('',#856,#868,#598,.T.);
#1016=EDGE_CURVE('',#785,#844,#603,.T.);
#1018=EDGE_CURVE('',#844,#785,#608,.T.);
#1022=EDGE_CURVE('',#834,#833,#613,.T.);
#1024=EDGE_CURVE('',#833,#834,#618,.T.);
#1028=EDGE_CURVE('',#816,#815,#623,.T.);
#1030=EDGE_CURVE('',#815,#816,#628,.T.);
#1034=ADVANCED_FACE('',(#1009,#1015,#1021,#1027,#1033),#984,.T.);
#1043=EDGE_CURVE('',#806,#798,#636,.T.);
#1047=ADVANCED_FACE('',(#1046),#1039,.T.);
#1055=EDGE_CURVE('',#797,#840,#640,.T.);
#1060=ADVANCED_FACE('',(#1059),#1052,.T.);
#1070=EDGE_CURVE('',#809,#847,#644,.T.);
#1075=ADVANCED_FACE('',(#1074),#1065,.F.);
#1084=EDGE_CURVE('',#848,#852,#652,.T.);
#1088=ADVANCED_FACE('',(#1087),#1080,.T.);
#1094=EDGE_CURVE('',#858,#801,#648,.T.);
#1101=ADVANCED_FACE('',(#1100),#1093,.T.);
#1108=EDGE_CURVE('',#824,#802,#656,.T.);
#1114=ADVANCED_FACE('',(#1113),#1106,.T.);
#1123=EDGE_CURVE('',#830,#823,#660,.T.);
#1127=ADVANCED_FACE('',(#1126),#1119,.T.);
#1136=EDGE_CURVE('',#860,#866,#664,.T.);
#1140=ADVANCED_FACE('',(#1139),#1132,.T.);
#1149=EDGE_CURVE('',#837,#838,#668,.T.);
#1153=ADVANCED_FACE('',(#1152),#1145,.F.);
#1165=ADVANCED_FACE('',(#1164),#1158,.F.);
#1171=EDGE_CURVE('',#828,#856,#676,.T.);
#1173=EDGE_CURVE('',#828,#827,#695,.T.);
#1175=EDGE_CURVE('',#827,#868,#680,.T.);
#1180=ADVANCED_FACE('',(#1179),#1170,.F.);
#1188=EDGE_CURVE('',#827,#828,#700,.T.);
#1193=ADVANCED_FACE('',(#1192),#1185,.F.);
#1199=EDGE_CURVE('',#793,#794,#685,.T.);
#1201=EDGE_CURVE('',#794,#793,#690,.T.);
#1209=EDGE_CURVE('',#842,#786,#705,.T.);
#1211=EDGE_CURVE('',#786,#842,#710,.T.);
#1215=EDGE_CURVE('',#819,#820,#715,.T.);
#1217=EDGE_CURVE('',#820,#819,#720,.T.);
#1221=ADVANCED_FACE('',(#1204,#1208,#1214,#1220),#1198,.T.);
#1228=EDGE_CURVE('',#793,#850,#730,.T.);
#1231=EDGE_CURVE('',#794,#777,#735,.T.);
#1235=ADVANCED_FACE('',(#1234),#1226,.T.);
#1247=ADVANCED_FACE('',(#1246),#1240,.T.);
#1253=EDGE_CURVE('',#785,#786,#744,.T.);
#1256=EDGE_CURVE('',#844,#842,#748,.T.);
#1261=ADVANCED_FACE('',(#1260),#1252,.F.);
#1273=ADVANCED_FACE('',(#1272),#1266,.F.);
#1279=EDGE_CURVE('',#819,#815,#752,.T.);
#1282=EDGE_CURVE('',#820,#816,#756,.T.);
#1287=ADVANCED_FACE('',(#1286),#1278,.F.);
#1299=ADVANCED_FACE('',(#1298),#1292,.F.);
#1305=EDGE_CURVE('',#834,#862,#760,.T.);
#1308=EDGE_CURVE('',#833,#864,#764,.T.);
#1310=EDGE_CURVE('',#864,#862,#769,.T.);
#1314=ADVANCED_FACE('',(#1313),#1304,.F.);
#1320=EDGE_CURVE('',#862,#864,#774,.T.);
#1327=ADVANCED_FACE('',(#1326),#1319,.F.);
#1337=ADVANCED_FACE('',(#1336),#1332,.T.);
#1340=(LENGTH_UNIT()NAMED_UNIT(*)SI_UNIT(.MILLI.,.METRE.));
#1342=(NAMED_UNIT(*)PLANE_ANGLE_UNIT()SI_UNIT($,.RADIAN.));
#1345=(NAMED_UNIT(*)SI_UNIT($,.STERADIAN.)SOLID_ANGLE_UNIT());
#1347=(GEOMETRIC_REPRESENTATION_CONTEXT(3)GLOBAL_UNCERTAINTY_ASSIGNED_CONTEXT((
#1346))GLOBAL_UNIT_ASSIGNED_CONTEXT((#1340,#1344,#1345))REPRESENTATION_CONTEXT(
'ID3','3'));
#1351=AXIS2_PLACEMENT_3D('',#1348,#1349,#1350);
#1352=ADVANCED_BREP_SHAPE_REPRESENTATION('',(#1351,#1339),#1347);
#1357=PRODUCT_DEFINITION('design','',#1356,#1353);
#1358=PRODUCT_DEFINITION_SHAPE('','SHAPE FOR 90640-BASE_ANY.',#1357);
#1359=SHAPE_DEFINITION_REPRESENTATION(#1358,#1352);
#1360=NEXT_ASSEMBLY_USAGE_OCCURRENCE('5','Next assembly relationship',
'90640-BASE_ANY',#1603,#1357,$);
#1361=PRODUCT_DEFINITION_SHAPE('Placement #5',
'Placement of 90640-BASE_ANY with respect to MLX9064X_HEADER_ASSY_ANY_ASM',
#1360);
#1370=AXIS2_PLACEMENT_3D('',#1367,#1368,#1369);
#1373=NEXT_ASSEMBLY_USAGE_OCCURRENCE('6','Next assembly relationship',
'90640-GLASS_ANY',#1603,#257,$);
#1374=PRODUCT_DEFINITION_SHAPE('Placement #6',
'Placement of 90640-GLASS_ANY with respect to MLX9064X_HEADER_ASSY_ANY_ASM',
#1373);
#1383=AXIS2_PLACEMENT_3D('',#1380,#1381,#1382);
#1391=CIRCLE('',#1390,2.25E-1);
#1396=CIRCLE('',#1395,2.25E-1);
#1409=CIRCLE('',#1408,3.5E-1);
#1414=CIRCLE('',#1413,3.5E-1);
#1419=CIRCLE('',#1418,2.25E-1);
#1424=CIRCLE('',#1423,2.25E-1);
#1437=CIRCLE('',#1436,3.5E-1);
#1442=CIRCLE('',#1441,3.5E-1);
#1464=EDGE_CURVE('',#1456,#1455,#1391,.T.);
#1466=EDGE_CURVE('',#1455,#1456,#1396,.T.);
#1470=ADVANCED_FACE('',(#1469),#1463,.T.);
#1477=EDGE_CURVE('',#1445,#1455,#1400,.T.);
#1479=EDGE_CURVE('',#1445,#1446,#1419,.T.);
#1481=EDGE_CURVE('',#1446,#1456,#1404,.T.);
#1485=ADVANCED_FACE('',(#1484),#1475,.T.);
#1492=EDGE_CURVE('',#1446,#1445,#1424,.T.);
#1498=ADVANCED_FACE('',(#1497),#1490,.T.);
#1504=EDGE_CURVE('',#1449,#1450,#1409,.T.);
#1506=EDGE_CURVE('',#1450,#1449,#1414,.T.);
#1514=ADVANCED_FACE('',(#1509,#1513),#1503,.T.);
#1521=EDGE_CURVE('',#1452,#1450,#1428,.T.);
#1523=EDGE_CURVE('',#1452,#1458,#1437,.T.);
#1525=EDGE_CURVE('',#1458,#1449,#1432,.T.);
#1529=ADVANCED_FACE('',(#1528),#1519,.T.);
#1536=EDGE_CURVE('',#1458,#1452,#1442,.T.);
#1542=ADVANCED_FACE('',(#1541),#1534,.T.);
#1552=ADVANCED_FACE('',(#1551),#1547,.T.);
#1555=(LENGTH_UNIT()NAMED_UNIT(*)SI_UNIT(.MILLI.,.METRE.));
#1557=(NAMED_UNIT(*)PLANE_ANGLE_UNIT()SI_UNIT($,.RADIAN.));
#1560=(NAMED_UNIT(*)SI_UNIT($,.STERADIAN.)SOLID_ANGLE_UNIT());
#1562=(GEOMETRIC_REPRESENTATION_CONTEXT(3)GLOBAL_UNCERTAINTY_ASSIGNED_CONTEXT((
#1561))GLOBAL_UNIT_ASSIGNED_CONTEXT((#1555,#1559,#1560))REPRESENTATION_CONTEXT(
'ID4','3'));
#1566=AXIS2_PLACEMENT_3D('',#1563,#1564,#1565);
#1567=ADVANCED_BREP_SHAPE_REPRESENTATION('',(#1566,#1554),#1562);
#1571=PRODUCT_DEFINITION('design','',#1570,#1353);
#1572=PRODUCT_DEFINITION_SHAPE('','SHAPE FOR 90640-BRAZED-PIN_ANY.',#1571);
#1573=SHAPE_DEFINITION_REPRESENTATION(#1572,#1567);
#1574=NEXT_ASSEMBLY_USAGE_OCCURRENCE('7','Next assembly relationship',
'90640-BRAZED-PIN_ANY',#1603,#1571,$);
#1575=PRODUCT_DEFINITION_SHAPE('Placement #7',
'Placement of 90640-BRAZED-PIN_ANY with respect to MLX9064X_HEADER_ASSY_ANY_ASM'
,#1574);
#1584=AXIS2_PLACEMENT_3D('',#1581,#1582,#1583);
#1587=(LENGTH_UNIT()NAMED_UNIT(*)SI_UNIT(.MILLI.,.METRE.));
#1589=(NAMED_UNIT(*)PLANE_ANGLE_UNIT()SI_UNIT($,.RADIAN.));
#1592=(NAMED_UNIT(*)SI_UNIT($,.STERADIAN.)SOLID_ANGLE_UNIT());
#1594=(GEOMETRIC_REPRESENTATION_CONTEXT(3)GLOBAL_UNCERTAINTY_ASSIGNED_CONTEXT((
#1593))GLOBAL_UNIT_ASSIGNED_CONTEXT((#1587,#1591,#1592))REPRESENTATION_CONTEXT(
'ID5','3'));
#1598=AXIS2_PLACEMENT_3D('',#1595,#1596,#1597);
#1603=PRODUCT_DEFINITION('design','',#1602,#1599);
#1604=SHAPE_DEFINITION_REPRESENTATION(#1605,#1606);
#1605=PRODUCT_DEFINITION_SHAPE('','SHAPE FOR MLX90640-FOV60_BF1_ANY_ASM.',
#3246);
#1606=SHAPE_REPRESENTATION('',(#1617,#1612,#2496,#2491,#2664,#2659,#3227,#3222,
#3241),#3237);
#1607=NEXT_ASSEMBLY_USAGE_OCCURRENCE('8','Next assembly relationship',
'MLX9064X_HEADER_ASSY_ANY',#3246,#1603,$);
#1608=PRODUCT_DEFINITION_SHAPE('Placement #8',
'Placement of MLX9064X_HEADER_ASSY_ANY_ASM with respect to MLX90640-FOV60_BF1_ANY_ASM',#1607);
#1617=AXIS2_PLACEMENT_3D('',#1614,#1615,#1616);
#1625=CIRCLE('',#1624,2.997507567207E0);
#1634=CIRCLE('',#1633,2.5E0);
#1647=CIRCLE('',#1646,2.9E0);
#1656=CIRCLE('',#1655,2.9E0);
#1665=CIRCLE('',#1664,2.5E0);
#1670=CIRCLE('',#1669,2.5E0);
#1683=CIRCLE('',#1682,2.9E0);
#1692=CIRCLE('',#1691,2.9E0);
#1701=CIRCLE('',#1700,2.5E0);
#1706=CIRCLE('',#1705,2.5E0);
#1719=CIRCLE('',#1718,2.9E0);
#1728=CIRCLE('',#1727,2.9E0);
#1737=CIRCLE('',#1736,2.5E0);
#1742=CIRCLE('',#1741,2.5E0);
#1759=CIRCLE('',#1758,4.145E0);
#1764=CIRCLE('',#1763,4.145E0);
#1769=CIRCLE('',#1768,2.836100015630E0);
#1774=CIRCLE('',#1773,2.836100015630E0);
#1787=CIRCLE('',#1786,4.65E0);
#1792=CIRCLE('',#1791,4.65E0);
#1797=CIRCLE('',#1796,4.145E0);
#1802=CIRCLE('',#1801,4.145E0);
#1815=CIRCLE('',#1814,4.093011618615E0);
#1820=CIRCLE('',#1819,7.469883813846E-1);
#1825=CIRCLE('',#1824,4.619582096178E0);
#1830=CIRCLE('',#1829,4.641680300178E0);
#1835=CIRCLE('',#1834,7.469883813846E-1);
#1840=CIRCLE('',#1839,4.641680300178E0);
#1845=CIRCLE('',#1844,7.469883813846E-1);
#1854=CIRCLE('',#1853,4.640977122702E0);
#1859=CIRCLE('',#1858,4.640977122702E0);
#1872=CIRCLE('',#1871,4.14E0);
#1877=CIRCLE('',#1876,4.14E0);
#1882=CIRCLE('',#1881,3.397507567207E0);
#1887=CIRCLE('',#1886,3.397507567207E0);
#1900=CIRCLE('',#1899,2.997507567207E0);
#1909=CIRCLE('',#1908,2.5E0);
#1914=CIRCLE('',#1913,4.093011618615E0);
#1919=CIRCLE('',#1918,7.469883813846E-1);
#1924=CIRCLE('',#1923,4.619582096178E0);
#2002=EDGE_CURVE('',#1947,#1948,#1625,.T.);
#2004=EDGE_CURVE('',#1979,#1947,#1629,.T.);
#2006=EDGE_CURVE('',#1979,#1980,#1887,.T.);
#2008=EDGE_CURVE('',#1980,#1948,#1895,.T.);
#2012=ADVANCED_FACE('',(#2011),#2001,.F.);
#2018=EDGE_CURVE('',#1970,#1940,#1634,.T.);
#2020=EDGE_CURVE('',#1947,#1970,#1638,.T.);
#2023=EDGE_CURVE('',#1948,#1940,#1904,.T.);
#2027=ADVANCED_FACE('',(#2026),#2017,.F.);
#2034=EDGE_CURVE('',#1939,#1940,#1642,.T.);
#2036=EDGE_CURVE('',#1958,#1939,#1647,.T.);
#2038=EDGE_CURVE('',#1958,#1970,#1651,.T.);
#2042=ADVANCED_FACE('',(#2041),#2032,.F.);
#2049=EDGE_CURVE('',#1939,#1958,#1656,.T.);
#2052=EDGE_CURVE('',#1940,#1970,#1909,.T.);
#2056=ADVANCED_FACE('',(#2055),#2047,.F.);
#2062=EDGE_CURVE('',#1939,#1956,#1660,.T.);
#2065=EDGE_CURVE('',#1958,#1955,#1674,.T.);
#2067=EDGE_CURVE('',#1956,#1955,#1665,.T.);
#2071=ADVANCED_FACE('',(#2070),#2061,.F.);
#2077=EDGE_CURVE('',#1955,#1956,#1670,.T.);
#2084=ADVANCED_FACE('',(#2083),#2076,.F.);
#2091=EDGE_CURVE('',#1931,#1956,#1678,.T.);
#2093=EDGE_CURVE('',#1932,#1931,#1683,.T.);
#2095=EDGE_CURVE('',#1932,#1955,#1687,.T.);
#2099=ADVANCED_FACE('',(#2098),#2089,.F.);
#2106=EDGE_CURVE('',#1931,#1932,#1692,.T.);
#2112=ADVANCED_FACE('',(#2111),#2104,.F.);
#2118=EDGE_CURVE('',#1931,#1965,#1696,.T.);
#2121=EDGE_CURVE('',#1932,#1966,#1710,.T.);
#2123=EDGE_CURVE('',#1965,#1966,#1701,.T.);
#2127=ADVANCED_FACE('',(#2126),#2117,.F.);
#2133=EDGE_CURVE('',#1966,#1965,#1706,.T.);
#2140=ADVANCED_FACE('',(#2139),#2132,.F.);
#2147=EDGE_CURVE('',#1951,#1965,#1714,.T.);
#2149=EDGE_CURVE('',#1994,#1951,#1719,.T.);
#2151=EDGE_CURVE('',#1994,#1966,#1723,.T.);
#2155=ADVANCED_FACE('',(#2154),#2145,.F.);
#2162=EDGE_CURVE('',#1951,#1994,#1728,.T.);
#2168=ADVANCED_FACE('',(#2167),#2160,.F.);
#2174=EDGE_CURVE('',#1951,#1952,#1732,.T.);
#2177=EDGE_CURVE('',#1994,#1960,#1746,.T.);
#2179=EDGE_CURVE('',#1952,#1960,#1737,.T.);
#2183=ADVANCED_FACE('',(#2182),#2173,.F.);
#2189=EDGE_CURVE('',#1960,#1952,#1742,.T.);
#2196=ADVANCED_FACE('',(#2195),#2188,.F.);
#2203=EDGE_CURVE('',#1968,#1952,#1750,.T.);
#2205=EDGE_CURVE('',#1968,#1992,#1769,.T.);
#2207=EDGE_CURVE('',#1992,#1960,#1754,.T.);
#2211=ADVANCED_FACE('',(#2210),#2201,.F.);
#2218=EDGE_CURVE('',#1992,#1968,#1774,.T.);
#2224=ADVANCED_FACE('',(#2223),#2216,.F.);
#2230=EDGE_CURVE('',#1986,#1985,#1759,.T.);
#2232=EDGE_CURVE('',#1985,#1986,#1764,.T.);
#2240=ADVANCED_FACE('',(#2235,#2239),#2229,.T.);
#2246=EDGE_CURVE('',#1986,#1988,#1778,.T.);
#2249=EDGE_CURVE('',#1985,#1996,#1782,.T.);
#2251=EDGE_CURVE('',#1996,#1988,#1797,.T.);
#2255=ADVANCED_FACE('',(#2254),#2245,.F.);
#2261=EDGE_CURVE('',#1988,#1996,#1802,.T.);
#2268=ADVANCED_FACE('',(#2267),#2260,.F.);
#2274=EDGE_CURVE('',#1927,#1990,#1787,.T.);
#2276=EDGE_CURVE('',#1990,#1927,#1792,.T.);
#2284=ADVANCED_FACE('',(#2279,#2283),#2273,.T.);
#2290=EDGE_CURVE('',#1927,#1928,#1806,.T.);
#2293=EDGE_CURVE('',#1990,#1962,#1810,.T.);
#2295=EDGE_CURVE('',#1962,#1928,#1924,.T.);
#2299=ADVANCED_FACE('',(#2298),#2289,.T.);
#2305=EDGE_CURVE('',#1928,#1962,#1825,.T.);
#2312=ADVANCED_FACE('',(#2311),#2304,.T.);
#2318=EDGE_CURVE('',#1943,#1944,#1815,.T.);
#2320=EDGE_CURVE('',#1962,#1943,#1820,.T.);
#2323=EDGE_CURVE('',#1928,#1944,#1919,.T.);
#2327=ADVANCED_FACE('',(#2326),#2317,.F.);
#2333=EDGE_CURVE('',#1944,#1935,#1845,.T.);
#2335=EDGE_CURVE('',#1976,#1935,#1830,.T.);
#2337=EDGE_CURVE('',#1943,#1976,#1835,.T.);
#2342=ADVANCED_FACE('',(#2341),#2332,.F.);
#2349=EDGE_CURVE('',#1935,#1976,#1840,.T.);
#2352=EDGE_CURVE('',#1944,#1943,#1914,.T.);
#2356=ADVANCED_FACE('',(#2355),#2347,.F.);
#2362=EDGE_CURVE('',#1935,#1936,#1849,.T.);
#2365=EDGE_CURVE('',#1976,#1982,#1863,.T.);
#2367=EDGE_CURVE('',#1936,#1982,#1854,.T.);
#2371=ADVANCED_FACE('',(#2370),#2361,.T.);
#2377=EDGE_CURVE('',#1982,#1936,#1859,.T.);
#2384=ADVANCED_FACE('',(#2383),#2376,.T.);
#2390=EDGE_CURVE('',#1973,#1974,#1877,.T.);
#2392=EDGE_CURVE('',#1982,#1974,#1867,.T.);
#2395=EDGE_CURVE('',#1936,#1973,#1891,.T.);
#2399=ADVANCED_FACE('',(#2398),#2389,.T.);
#2405=EDGE_CURVE('',#1974,#1973,#1872,.T.);
#2410=EDGE_CURVE('',#1980,#1979,#1882,.T.);
#2415=ADVANCED_FACE('',(#2409,#2414),#2404,.T.);
#2427=ADVANCED_FACE('',(#2426),#2420,.T.);
#2436=EDGE_CURVE('',#1948,#1947,#1900,.T.);
#2440=ADVANCED_FACE('',(#2439),#2432,.F.);
#2452=ADVANCED_FACE('',(#2451),#2445,.F.);
#2464=ADVANCED_FACE('',(#2463),#2457,.F.);
#2467=(LENGTH_UNIT()NAMED_UNIT(*)SI_UNIT(.MILLI.,.METRE.));
#2469=(NAMED_UNIT(*)PLANE_ANGLE_UNIT()SI_UNIT($,.RADIAN.));
#2472=(NAMED_UNIT(*)SI_UNIT($,.STERADIAN.)SOLID_ANGLE_UNIT());
#2474=(GEOMETRIC_REPRESENTATION_CONTEXT(3)GLOBAL_UNCERTAINTY_ASSIGNED_CONTEXT((
#2473))GLOBAL_UNIT_ASSIGNED_CONTEXT((#2467,#2471,#2472))REPRESENTATION_CONTEXT(
'ID6','3'));
#2478=AXIS2_PLACEMENT_3D('',#2475,#2476,#2477);
#2479=ADVANCED_BREP_SHAPE_REPRESENTATION('',(#2478,#2466),#2474);
#2483=PRODUCT_DEFINITION('design','',#2482,#1599);
#2484=PRODUCT_DEFINITION_SHAPE('','SHAPE FOR 90640-60X15-APPERTURE_ANY.',#2483);
#2485=SHAPE_DEFINITION_REPRESENTATION(#2484,#2479);
#2486=NEXT_ASSEMBLY_USAGE_OCCURRENCE('9','Next assembly relationship',
'90640-60X15-APPERTURE_ANY',#3246,#2483,$);
#2487=PRODUCT_DEFINITION_SHAPE('Placement #9',
'Placement of 90640-60X15-APPERTURE_ANY with respect to MLX90640-FOV60_BF1_ANY_ASM',#2486);
#2496=AXIS2_PLACEMENT_3D('',#2493,#2494,#2495);
#2512=CIRCLE('',#2511,3.325E0);
#2517=CIRCLE('',#2516,3.325E0);
#2522=CIRCLE('',#2521,3.325E0);
#2527=CIRCLE('',#2526,1.857604166667E1);
#2532=CIRCLE('',#2531,3.325E0);
#2537=CIRCLE('',#2536,1.857604166667E1);
#2542=CIRCLE('',#2541,3.325E0);
#2547=CIRCLE('',#2546,3.325E0);
#2567=EDGE_CURVE('',#2560,#2553,#2503,.T.);
#2569=EDGE_CURVE('',#2560,#2561,#2542,.T.);
#2571=EDGE_CURVE('',#2561,#2550,#2522,.T.);
#2573=EDGE_CURVE('',#2550,#2551,#2507,.T.);
#2575=EDGE_CURVE('',#2551,#2553,#2517,.T.);
#2579=ADVANCED_FACE('',(#2578),#2566,.T.);
#2585=EDGE_CURVE('',#2553,#2551,#2512,.T.);
#2588=EDGE_CURVE('',#2550,#2557,#2532,.T.);
#2590=EDGE_CURVE('',#2557,#2560,#2547,.T.);
#2595=ADVANCED_FACE('',(#2594),#2584,.T.);
#2605=ADVANCED_FACE('',(#2604),#2600,.T.);
#2612=EDGE_CURVE('',#2556,#2561,#2527,.T.);
#2614=EDGE_CURVE('',#2556,#2557,#2537,.T.);
#2619=ADVANCED_FACE('',(#2618),#2610,.T.);
#2631=ADVANCED_FACE('',(#2630),#2624,.T.);
#2634=(LENGTH_UNIT()NAMED_UNIT(*)SI_UNIT(.MILLI.,.METRE.));
#2636=(NAMED_UNIT(*)PLANE_ANGLE_UNIT()SI_UNIT($,.RADIAN.));
#2639=(NAMED_UNIT(*)SI_UNIT($,.STERADIAN.)SOLID_ANGLE_UNIT());
#2641=(GEOMETRIC_REPRESENTATION_CONTEXT(3)GLOBAL_UNCERTAINTY_ASSIGNED_CONTEXT((
#2640))GLOBAL_UNIT_ASSIGNED_CONTEXT((#2634,#2638,#2639))REPRESENTATION_CONTEXT(
'ID7','3'));
#2645=AXIS2_PLACEMENT_3D('',#2642,#2643,#2644);
#2646=ADVANCED_BREP_SHAPE_REPRESENTATION('',(#2645,#2633),#2641);
#2651=PRODUCT_DEFINITION('design','',#2650,#2647);
#2652=PRODUCT_DEFINITION_SHAPE('','SHAPE FOR 90640-LENSE_ANY.',#2651);
#2653=SHAPE_DEFINITION_REPRESENTATION(#2652,#2646);
#2654=NEXT_ASSEMBLY_USAGE_OCCURRENCE('10','Next assembly relationship',
'90640-LENSE_ANY',#3246,#2651,$);
#2655=PRODUCT_DEFINITION_SHAPE('Placement #10',
'Placement of 90640-LENSE_ANY with respect to MLX90640-FOV60_BF1_ANY_ASM',
#2654);
#2664=AXIS2_PLACEMENT_3D('',#2661,#2662,#2663);
#2672=CIRCLE('',#2671,3.85E0);
#2677=CIRCLE('',#2676,4.E-1);
#2690=CIRCLE('',#2689,4.E-1);
#2695=CIRCLE('',#2694,3.85E0);
#2700=CIRCLE('',#2699,4.57E0);
#2705=CIRCLE('',#2704,4.57E0);
#2710=CIRCLE('',#2709,4.25E0);
#2715=CIRCLE('',#2714,4.25E0);
#2728=CIRCLE('',#2727,4.57E0);
#2733=CIRCLE('',#2732,4.57E0);
#2738=CIRCLE('',#2737,4.3E0);
#2743=CIRCLE('',#2742,4.3E0);
#2748=CIRCLE('',#2747,2.E-1);
#2753=CIRCLE('',#2752,4.1E0);
#2758=CIRCLE('',#2757,4.1E0);
#2763=CIRCLE('',#2762,2.E-1);
#2776=CIRCLE('',#2775,4.1E0);
#2781=CIRCLE('',#2780,4.E-1);
#2786=CIRCLE('',#2785,4.E-1);
#2791=CIRCLE('',#2790,4.1E0);
#2796=CIRCLE('',#2795,3.7E0);
#2801=CIRCLE('',#2800,3.7E0);
#2806=CIRCLE('',#2805,1.95E0);
#2811=CIRCLE('',#2810,1.95E0);
#2824=CIRCLE('',#2823,3.65E0);
#2829=CIRCLE('',#2828,3.65E0);
#2834=CIRCLE('',#2833,1.95E0);
#2839=CIRCLE('',#2838,1.95E0);
#2844=CIRCLE('',#2843,2.E-1);
#2849=CIRCLE('',#2848,3.85E0);
#2854=CIRCLE('',#2853,3.85E0);
#2859=CIRCLE('',#2858,2.E-1);
#2913=EDGE_CURVE('',#2897,#2863,#2672,.T.);
#2915=EDGE_CURVE('',#2895,#2897,#2677,.T.);
#2917=EDGE_CURVE('',#2895,#2894,#2710,.T.);
#2919=EDGE_CURVE('',#2894,#2863,#2690,.T.);
#2923=ADVANCED_FACE('',(#2922),#2912,.T.);
#2929=EDGE_CURVE('',#2862,#2863,#2681,.T.);
#2931=EDGE_CURVE('',#2862,#2903,#2849,.T.);
#2933=EDGE_CURVE('',#2903,#2897,#2685,.T.);
#2938=ADVANCED_FACE('',(#2937),#2928,.F.);
#2944=EDGE_CURVE('',#2863,#2897,#2695,.T.);
#2947=EDGE_CURVE('',#2903,#2862,#2854,.T.);
#2952=ADVANCED_FACE('',(#2951),#2943,.F.);
#2959=EDGE_CURVE('',#2894,#2895,#2715,.T.);
#2965=ADVANCED_FACE('',(#2964),#2957,.T.);
#2971=EDGE_CURVE('',#2887,#2891,#2700,.T.);
#2973=EDGE_CURVE('',#2891,#2887,#2705,.T.);
#2981=ADVANCED_FACE('',(#2976,#2980),#2970,.T.);
#2988=EDGE_CURVE('',#2890,#2891,#2719,.T.);
#2990=EDGE_CURVE('',#2890,#2886,#2728,.T.);
#2992=EDGE_CURVE('',#2886,#2887,#2723,.T.);
#2996=ADVANCED_FACE('',(#2995),#2986,.T.);
#3003=EDGE_CURVE('',#2886,#2890,#2733,.T.);
#3009=ADVANCED_FACE('',(#3008),#3001,.T.);
#3019=EDGE_CURVE('',#2907,#2876,#2738,.T.);
#3021=EDGE_CURVE('',#2876,#2907,#2743,.T.);
#3025=ADVANCED_FACE('',(#3018,#3024),#3014,.T.);
#3031=EDGE_CURVE('',#2907,#2883,#2748,.T.);
#3034=EDGE_CURVE('',#2876,#2877,#2763,.T.);
#3036=EDGE_CURVE('',#2883,#2877,#2753,.T.);
#3040=ADVANCED_FACE('',(#3039),#3030,.F.);
#3046=EDGE_CURVE('',#2877,#2883,#2758,.T.);
#3053=ADVANCED_FACE('',(#3052),#3045,.F.);
#3059=EDGE_CURVE('',#2870,#2883,#2767,.T.);
#3061=EDGE_CURVE('',#2870,#2871,#2791,.T.);
#3063=EDGE_CURVE('',#2871,#2877,#2771,.T.);
#3068=ADVANCED_FACE('',(#3067),#3058,.T.);
#3076=EDGE_CURVE('',#2871,#2870,#2776,.T.);
#3081=ADVANCED_FACE('',(#3080),#3073,.T.);
#3088=EDGE_CURVE('',#2901,#2871,#2781,.T.);
#3090=EDGE_CURVE('',#2901,#2899,#2796,.T.);
#3092=EDGE_CURVE('',#2899,#2870,#2786,.T.);
#3096=ADVANCED_FACE('',(#3095),#3086,.T.);
#3103=EDGE_CURVE('',#2899,#2901,#2801,.T.);
#3109=ADVANCED_FACE('',(#3108),#3101,.T.);
#3119=EDGE_CURVE('',#2905,#2873,#2806,.T.);
#3121=EDGE_CURVE('',#2873,#2905,#2811,.T.);
#3125=ADVANCED_FACE('',(#3118,#3124),#3114,.T.);
#3131=EDGE_CURVE('',#2905,#2867,#2815,.T.);
#3134=EDGE_CURVE('',#2873,#2866,#2819,.T.);
#3136=EDGE_CURVE('',#2866,#2867,#2834,.T.);
#3140=ADVANCED_FACE('',(#3139),#3130,.F.);
#3146=EDGE_CURVE('',#2867,#2866,#2839,.T.);
#3153=ADVANCED_FACE('',(#3152),#3145,.F.);
#3159=EDGE_CURVE('',#2881,#2880,#2824,.T.);
#3161=EDGE_CURVE('',#2880,#2881,#2829,.T.);
#3169=ADVANCED_FACE('',(#3164,#3168),#3158,.T.);
#3175=EDGE_CURVE('',#2881,#2862,#2844,.T.);
#3178=EDGE_CURVE('',#2880,#2903,#2859,.T.);
#3183=ADVANCED_FACE('',(#3182),#3174,.F.);
#3195=ADVANCED_FACE('',(#3194),#3188,.F.);
#3198=(LENGTH_UNIT()NAMED_UNIT(*)SI_UNIT(.MILLI.,.METRE.));
#3200=(NAMED_UNIT(*)PLANE_ANGLE_UNIT()SI_UNIT($,.RADIAN.));
#3203=(NAMED_UNIT(*)SI_UNIT($,.STERADIAN.)SOLID_ANGLE_UNIT());
#3205=(GEOMETRIC_REPRESENTATION_CONTEXT(3)GLOBAL_UNCERTAINTY_ASSIGNED_CONTEXT((
#3204))GLOBAL_UNIT_ASSIGNED_CONTEXT((#3198,#3202,#3203))REPRESENTATION_CONTEXT(
'ID8','3'));
#3209=AXIS2_PLACEMENT_3D('',#3206,#3207,#3208);
#3210=ADVANCED_BREP_SHAPE_REPRESENTATION('',(#3209,#3197),#3205);
#3214=PRODUCT_DEFINITION('design','',#3213,#2647);
#3215=PRODUCT_DEFINITION_SHAPE('','SHAPE FOR 90640-CAP_ANY.',#3214);
#3216=SHAPE_DEFINITION_REPRESENTATION(#3215,#3210);
#3217=NEXT_ASSEMBLY_USAGE_OCCURRENCE('11','Next assembly relationship',
'90640-CAP_ANY',#3246,#3214,$);
#3218=PRODUCT_DEFINITION_SHAPE('Placement #11',
'Placement of 90640-CAP_ANY with respect to MLX90640-FOV60_BF1_ANY_ASM',#3217);
#3227=AXIS2_PLACEMENT_3D('',#3224,#3225,#3226);
#3230=(LENGTH_UNIT()NAMED_UNIT(*)SI_UNIT(.MILLI.,.METRE.));
#3232=(NAMED_UNIT(*)PLANE_ANGLE_UNIT()SI_UNIT($,.RADIAN.));
#3235=(NAMED_UNIT(*)SI_UNIT($,.STERADIAN.)SOLID_ANGLE_UNIT());
#3237=(GEOMETRIC_REPRESENTATION_CONTEXT(3)GLOBAL_UNCERTAINTY_ASSIGNED_CONTEXT((
#3236))GLOBAL_UNIT_ASSIGNED_CONTEXT((#3230,#3234,#3235))REPRESENTATION_CONTEXT(
'ID9','3'));
#3241=AXIS2_PLACEMENT_3D('',#3238,#3239,#3240);
#3246=PRODUCT_DEFINITION('design','',#3245,#3242);
#3247=SHAPE_DEFINITION_REPRESENTATION(#3248,#3249);
#3248=PRODUCT_DEFINITION_SHAPE('','SHAPE FOR MLX90640-FOV60_BF1_ASM.',#3303);
#3249=SHAPE_REPRESENTATION('',(#3255,#3283,#3298),#3294);
#3250=NEXT_ASSEMBLY_USAGE_OCCURRENCE('12','Next assembly relationship',
'MLX90640-FOV60_BF1_ANY',#3303,#3246,$);
#3251=PRODUCT_DEFINITION_SHAPE('Placement #12',
'Placement of MLX90640-FOV60_BF1_ANY_ASM with respect to MLX90640-FOV60_BF1_ASM'
,#3250);
#3259=(LENGTH_UNIT()NAMED_UNIT(*)SI_UNIT(.MILLI.,.METRE.));
#3261=(NAMED_UNIT(*)PLANE_ANGLE_UNIT()SI_UNIT($,.RADIAN.));
#3264=(NAMED_UNIT(*)SI_UNIT($,.STERADIAN.)SOLID_ANGLE_UNIT());
#3266=(GEOMETRIC_REPRESENTATION_CONTEXT(3)GLOBAL_UNCERTAINTY_ASSIGNED_CONTEXT((
#3265))GLOBAL_UNIT_ASSIGNED_CONTEXT((#3259,#3263,#3264))REPRESENTATION_CONTEXT(
'ID10','3'));
#3270=AXIS2_PLACEMENT_3D('',#3267,#3268,#3269);
#3271=SHAPE_REPRESENTATION('',(#3270),#3266);
#3275=PRODUCT_DEFINITION('design','',#3274,#3242);
#3276=PRODUCT_DEFINITION_SHAPE('','SHAPE FOR _MLX90640-FOV60_BF1.',#3275);
#3277=SHAPE_DEFINITION_REPRESENTATION(#3276,#3271);
#3278=NEXT_ASSEMBLY_USAGE_OCCURRENCE('13','Next assembly relationship',
'_MLX90640-FOV60_BF1',#3303,#3275,$);
#3279=PRODUCT_DEFINITION_SHAPE('Placement #13',
'Placement of _MLX90640-FOV60_BF1 with respect to MLX90640-FOV60_BF1_ASM',
#3278);
#3287=(LENGTH_UNIT()NAMED_UNIT(*)SI_UNIT(.MILLI.,.METRE.));
#3289=(NAMED_UNIT(*)PLANE_ANGLE_UNIT()SI_UNIT($,.RADIAN.));
#3292=(NAMED_UNIT(*)SI_UNIT($,.STERADIAN.)SOLID_ANGLE_UNIT());
#3294=(GEOMETRIC_REPRESENTATION_CONTEXT(3)GLOBAL_UNCERTAINTY_ASSIGNED_CONTEXT((
#3293))GLOBAL_UNIT_ASSIGNED_CONTEXT((#3287,#3291,#3292))REPRESENTATION_CONTEXT(
'ID11','3'));
#3298=AXIS2_PLACEMENT_3D('',#3295,#3296,#3297);
#3303=PRODUCT_DEFINITION('design','',#3302,#3299);
ENDSEC;
END-ISO-10303-21;
